[0.090s] DEBUG:colcon:Command line arguments: ['/usr/bin/colcon', 'build', '--symlink-install']
[0.090s] DEBUG:colcon:Parsed command line arguments: Namespace(log_base=None, log_level=None, verb_name='build', build_base='build', install_base='install', merge_install=False, symlink_install=True, test_result_base=None, continue_on_error=False, executor='parallel', parallel_workers=8, event_handlers=None, ignore_user_meta=False, metas=['./colcon.meta'], base_paths=['.'], packages_ignore=None, packages_ignore_regex=None, paths=None, packages_up_to=None, packages_up_to_regex=None, packages_above=None, packages_above_and_dependencies=None, packages_above_depth=None, packages_select_by_dep=None, packages_skip_by_dep=None, packages_skip_up_to=None, packages_select_build_failed=False, packages_skip_build_finished=False, packages_select_test_failures=False, packages_skip_test_passed=False, packages_select=None, packages_skip=None, packages_select_regex=None, packages_skip_regex=None, packages_start=None, packages_end=None, allow_overriding=[], cmake_args=None, cmake_target=None, cmake_target_skip_unavailable=False, cmake_clean_cache=False, cmake_clean_first=False, cmake_force_configure=False, ament_cmake_args=None, catkin_cmake_args=None, catkin_skip_building_tests=False, mixin_files=None, mixin=None, verb_parser=<colcon_mixin.mixin.mixin_argument.MixinArgumentDecorator object at 0x760ed04a72e0>, verb_extension=<colcon_core.verb.build.BuildVerb object at 0x760ed04a66e0>, main=<bound method BuildVerb.main of <colcon_core.verb.build.BuildVerb object at 0x760ed04a66e0>>, mixin_verb=('build',))
[0.224s] Level 1:colcon.colcon_core.package_discovery:discover_packages(colcon_meta) check parameters
[0.224s] Level 1:colcon.colcon_core.package_discovery:discover_packages(recursive) check parameters
[0.224s] Level 1:colcon.colcon_core.package_discovery:discover_packages(ignore) check parameters
[0.224s] Level 1:colcon.colcon_core.package_discovery:discover_packages(path) check parameters
[0.224s] Level 1:colcon.colcon_core.package_discovery:discover_packages(colcon_meta) discover
[0.224s] Level 1:colcon.colcon_core.package_discovery:discover_packages(recursive) discover
[0.224s] INFO:colcon.colcon_core.package_discovery:Crawling recursively for packages in '/home/dbot2/dbot_vda5050_ilmatar'
[0.224s] Level 1:colcon.colcon_core.package_identification:_identify(.) by extensions ['ignore', 'ignore_ament_install']
[0.224s] Level 1:colcon.colcon_core.package_identification:_identify(.) by extension 'ignore'
[0.224s] Level 1:colcon.colcon_core.package_identification:_identify(.) by extension 'ignore_ament_install'
[0.224s] Level 1:colcon.colcon_core.package_identification:_identify(.) by extensions ['colcon_pkg']
[0.224s] Level 1:colcon.colcon_core.package_identification:_identify(.) by extension 'colcon_pkg'
[0.224s] Level 1:colcon.colcon_core.package_identification:_identify(.) by extensions ['colcon_meta']
[0.224s] Level 1:colcon.colcon_core.package_identification:_identify(.) by extension 'colcon_meta'
[0.225s] Level 1:colcon.colcon_core.package_identification:_identify(.) by extensions ['ros']
[0.225s] Level 1:colcon.colcon_core.package_identification:_identify(.) by extension 'ros'
[0.238s] Level 1:colcon.colcon_core.package_identification:_identify(.) by extensions ['cmake', 'python']
[0.238s] Level 1:colcon.colcon_core.package_identification:_identify(.) by extension 'cmake'
[0.238s] Level 1:colcon.colcon_core.package_identification:_identify(.) by extension 'python'
[0.238s] Level 1:colcon.colcon_core.package_identification:_identify(.) by extensions ['python_setup_py']
[0.238s] Level 1:colcon.colcon_core.package_identification:_identify(.) by extension 'python_setup_py'
[0.238s] Level 1:colcon.colcon_core.package_identification:_identify(build) by extensions ['ignore', 'ignore_ament_install']
[0.238s] Level 1:colcon.colcon_core.package_identification:_identify(build) by extension 'ignore'
[0.238s] Level 1:colcon.colcon_core.package_identification:_identify(build) ignored
[0.238s] Level 1:colcon.colcon_core.package_identification:_identify(install) by extensions ['ignore', 'ignore_ament_install']
[0.238s] Level 1:colcon.colcon_core.package_identification:_identify(install) by extension 'ignore'
[0.238s] Level 1:colcon.colcon_core.package_identification:_identify(install) ignored
[0.238s] Level 1:colcon.colcon_core.package_identification:_identify(log) by extensions ['ignore', 'ignore_ament_install']
[0.238s] Level 1:colcon.colcon_core.package_identification:_identify(log) by extension 'ignore'
[0.238s] Level 1:colcon.colcon_core.package_identification:_identify(log) ignored
[0.238s] Level 1:colcon.colcon_core.package_identification:_identify(src) by extensions ['ignore', 'ignore_ament_install']
[0.238s] Level 1:colcon.colcon_core.package_identification:_identify(src) by extension 'ignore'
[0.238s] Level 1:colcon.colcon_core.package_identification:_identify(src) by extension 'ignore_ament_install'
[0.238s] Level 1:colcon.colcon_core.package_identification:_identify(src) by extensions ['colcon_pkg']
[0.238s] Level 1:colcon.colcon_core.package_identification:_identify(src) by extension 'colcon_pkg'
[0.238s] Level 1:colcon.colcon_core.package_identification:_identify(src) by extensions ['colcon_meta']
[0.238s] Level 1:colcon.colcon_core.package_identification:_identify(src) by extension 'colcon_meta'
[0.238s] Level 1:colcon.colcon_core.package_identification:_identify(src) by extensions ['ros']
[0.238s] Level 1:colcon.colcon_core.package_identification:_identify(src) by extension 'ros'
[0.238s] Level 1:colcon.colcon_core.package_identification:_identify(src) by extensions ['cmake', 'python']
[0.238s] Level 1:colcon.colcon_core.package_identification:_identify(src) by extension 'cmake'
[0.238s] Level 1:colcon.colcon_core.package_identification:_identify(src) by extension 'python'
[0.238s] Level 1:colcon.colcon_core.package_identification:_identify(src) by extensions ['python_setup_py']
[0.238s] Level 1:colcon.colcon_core.package_identification:_identify(src) by extension 'python_setup_py'
[0.239s] Level 1:colcon.colcon_core.package_identification:_identify(src/build) by extensions ['ignore', 'ignore_ament_install']
[0.239s] Level 1:colcon.colcon_core.package_identification:_identify(src/build) by extension 'ignore'
[0.239s] Level 1:colcon.colcon_core.package_identification:_identify(src/build) ignored
[0.239s] Level 1:colcon.colcon_core.package_identification:_identify(src/dbot) by extensions ['ignore', 'ignore_ament_install']
[0.239s] Level 1:colcon.colcon_core.package_identification:_identify(src/dbot) by extension 'ignore'
[0.239s] Level 1:colcon.colcon_core.package_identification:_identify(src/dbot) by extension 'ignore_ament_install'
[0.239s] Level 1:colcon.colcon_core.package_identification:_identify(src/dbot) by extensions ['colcon_pkg']
[0.239s] Level 1:colcon.colcon_core.package_identification:_identify(src/dbot) by extension 'colcon_pkg'
[0.239s] Level 1:colcon.colcon_core.package_identification:_identify(src/dbot) by extensions ['colcon_meta']
[0.239s] Level 1:colcon.colcon_core.package_identification:_identify(src/dbot) by extension 'colcon_meta'
[0.239s] Level 1:colcon.colcon_core.package_identification:_identify(src/dbot) by extensions ['ros']
[0.239s] Level 1:colcon.colcon_core.package_identification:_identify(src/dbot) by extension 'ros'
[0.240s] DEBUG:colcon.colcon_core.package_identification:Package 'src/dbot' with type 'ros.ament_python' and name 'dbot'
[0.240s] Level 1:colcon.colcon_core.package_identification:_identify(src/dbot_bridge) by extensions ['ignore', 'ignore_ament_install']
[0.240s] Level 1:colcon.colcon_core.package_identification:_identify(src/dbot_bridge) by extension 'ignore'
[0.240s] Level 1:colcon.colcon_core.package_identification:_identify(src/dbot_bridge) by extension 'ignore_ament_install'
[0.240s] Level 1:colcon.colcon_core.package_identification:_identify(src/dbot_bridge) by extensions ['colcon_pkg']
[0.240s] Level 1:colcon.colcon_core.package_identification:_identify(src/dbot_bridge) by extension 'colcon_pkg'
[0.241s] Level 1:colcon.colcon_core.package_identification:_identify(src/dbot_bridge) by extensions ['colcon_meta']
[0.241s] Level 1:colcon.colcon_core.package_identification:_identify(src/dbot_bridge) by extension 'colcon_meta'
[0.241s] Level 1:colcon.colcon_core.package_identification:_identify(src/dbot_bridge) by extensions ['ros']
[0.241s] Level 1:colcon.colcon_core.package_identification:_identify(src/dbot_bridge) by extension 'ros'
[0.241s] DEBUG:colcon.colcon_core.package_identification:Package 'src/dbot_bridge' with type 'ros.ament_python' and name 'dbot_bridge'
[0.241s] Level 1:colcon.colcon_core.package_identification:_identify(src/dbot_custom_msgs) by extensions ['ignore', 'ignore_ament_install']
[0.241s] Level 1:colcon.colcon_core.package_identification:_identify(src/dbot_custom_msgs) by extension 'ignore'
[0.241s] Level 1:colcon.colcon_core.package_identification:_identify(src/dbot_custom_msgs) by extension 'ignore_ament_install'
[0.241s] Level 1:colcon.colcon_core.package_identification:_identify(src/dbot_custom_msgs) by extensions ['colcon_pkg']
[0.241s] Level 1:colcon.colcon_core.package_identification:_identify(src/dbot_custom_msgs) by extension 'colcon_pkg'
[0.241s] Level 1:colcon.colcon_core.package_identification:_identify(src/dbot_custom_msgs) by extensions ['colcon_meta']
[0.241s] Level 1:colcon.colcon_core.package_identification:_identify(src/dbot_custom_msgs) by extension 'colcon_meta'
[0.241s] Level 1:colcon.colcon_core.package_identification:_identify(src/dbot_custom_msgs) by extensions ['ros']
[0.241s] Level 1:colcon.colcon_core.package_identification:_identify(src/dbot_custom_msgs) by extension 'ros'
[0.241s] DEBUG:colcon.colcon_core.package_identification:Package 'src/dbot_custom_msgs' with type 'ros.ament_cmake' and name 'dbot_custom_msgs'
[0.242s] Level 1:colcon.colcon_core.package_identification:_identify(src/dbot_nav_slam) by extensions ['ignore', 'ignore_ament_install']
[0.242s] Level 1:colcon.colcon_core.package_identification:_identify(src/dbot_nav_slam) by extension 'ignore'
[0.242s] Level 1:colcon.colcon_core.package_identification:_identify(src/dbot_nav_slam) by extension 'ignore_ament_install'
[0.242s] Level 1:colcon.colcon_core.package_identification:_identify(src/dbot_nav_slam) by extensions ['colcon_pkg']
[0.242s] Level 1:colcon.colcon_core.package_identification:_identify(src/dbot_nav_slam) by extension 'colcon_pkg'
[0.242s] Level 1:colcon.colcon_core.package_identification:_identify(src/dbot_nav_slam) by extensions ['colcon_meta']
[0.242s] Level 1:colcon.colcon_core.package_identification:_identify(src/dbot_nav_slam) by extension 'colcon_meta'
[0.242s] Level 1:colcon.colcon_core.package_identification:_identify(src/dbot_nav_slam) by extensions ['ros']
[0.242s] Level 1:colcon.colcon_core.package_identification:_identify(src/dbot_nav_slam) by extension 'ros'
[0.242s] DEBUG:colcon.colcon_core.package_identification:Package 'src/dbot_nav_slam' with type 'ros.ament_cmake' and name 'dbot_nav_slam'
[0.242s] Level 1:colcon.colcon_core.package_identification:_identify(src/gesturecontrol) by extensions ['ignore', 'ignore_ament_install']
[0.242s] Level 1:colcon.colcon_core.package_identification:_identify(src/gesturecontrol) by extension 'ignore'
[0.242s] Level 1:colcon.colcon_core.package_identification:_identify(src/gesturecontrol) by extension 'ignore_ament_install'
[0.242s] Level 1:colcon.colcon_core.package_identification:_identify(src/gesturecontrol) by extensions ['colcon_pkg']
[0.242s] Level 1:colcon.colcon_core.package_identification:_identify(src/gesturecontrol) by extension 'colcon_pkg'
[0.242s] Level 1:colcon.colcon_core.package_identification:_identify(src/gesturecontrol) by extensions ['colcon_meta']
[0.242s] Level 1:colcon.colcon_core.package_identification:_identify(src/gesturecontrol) by extension 'colcon_meta'
[0.242s] Level 1:colcon.colcon_core.package_identification:_identify(src/gesturecontrol) by extensions ['ros']
[0.242s] Level 1:colcon.colcon_core.package_identification:_identify(src/gesturecontrol) by extension 'ros'
[0.243s] DEBUG:colcon.colcon_core.package_identification:Package 'src/gesturecontrol' with type 'ros.ament_python' and name 'gesturecontrol'
[0.243s] Level 1:colcon.colcon_core.package_identification:_identify(src/install) by extensions ['ignore', 'ignore_ament_install']
[0.243s] Level 1:colcon.colcon_core.package_identification:_identify(src/install) by extension 'ignore'
[0.243s] Level 1:colcon.colcon_core.package_identification:_identify(src/install) ignored
[0.243s] Level 1:colcon.colcon_core.package_identification:_identify(src/joycontrol) by extensions ['ignore', 'ignore_ament_install']
[0.243s] Level 1:colcon.colcon_core.package_identification:_identify(src/joycontrol) by extension 'ignore'
[0.243s] Level 1:colcon.colcon_core.package_identification:_identify(src/joycontrol) by extension 'ignore_ament_install'
[0.243s] Level 1:colcon.colcon_core.package_identification:_identify(src/joycontrol) by extensions ['colcon_pkg']
[0.243s] Level 1:colcon.colcon_core.package_identification:_identify(src/joycontrol) by extension 'colcon_pkg'
[0.243s] Level 1:colcon.colcon_core.package_identification:_identify(src/joycontrol) by extensions ['colcon_meta']
[0.243s] Level 1:colcon.colcon_core.package_identification:_identify(src/joycontrol) by extension 'colcon_meta'
[0.243s] Level 1:colcon.colcon_core.package_identification:_identify(src/joycontrol) by extensions ['ros']
[0.243s] Level 1:colcon.colcon_core.package_identification:_identify(src/joycontrol) by extension 'ros'
[0.243s] DEBUG:colcon.colcon_core.package_identification:Package 'src/joycontrol' with type 'ros.ament_python' and name 'joycontrol'
[0.243s] Level 1:colcon.colcon_core.package_identification:_identify(src/log) by extensions ['ignore', 'ignore_ament_install']
[0.243s] Level 1:colcon.colcon_core.package_identification:_identify(src/log) by extension 'ignore'
[0.243s] Level 1:colcon.colcon_core.package_identification:_identify(src/log) ignored
[0.243s] Level 1:colcon.colcon_core.package_identification:_identify(src/motor_driver) by extensions ['ignore', 'ignore_ament_install']
[0.244s] Level 1:colcon.colcon_core.package_identification:_identify(src/motor_driver) by extension 'ignore'
[0.244s] Level 1:colcon.colcon_core.package_identification:_identify(src/motor_driver) by extension 'ignore_ament_install'
[0.244s] Level 1:colcon.colcon_core.package_identification:_identify(src/motor_driver) by extensions ['colcon_pkg']
[0.244s] Level 1:colcon.colcon_core.package_identification:_identify(src/motor_driver) by extension 'colcon_pkg'
[0.244s] Level 1:colcon.colcon_core.package_identification:_identify(src/motor_driver) by extensions ['colcon_meta']
[0.244s] Level 1:colcon.colcon_core.package_identification:_identify(src/motor_driver) by extension 'colcon_meta'
[0.244s] Level 1:colcon.colcon_core.package_identification:_identify(src/motor_driver) by extensions ['ros']
[0.244s] Level 1:colcon.colcon_core.package_identification:_identify(src/motor_driver) by extension 'ros'
[0.244s] DEBUG:colcon.colcon_core.package_identification:Package 'src/motor_driver' with type 'ros.ament_python' and name 'motor_driver'
[0.244s] Level 1:colcon.colcon_core.package_identification:_identify(src/odom_motion_model) by extensions ['ignore', 'ignore_ament_install']
[0.244s] Level 1:colcon.colcon_core.package_identification:_identify(src/odom_motion_model) by extension 'ignore'
[0.244s] Level 1:colcon.colcon_core.package_identification:_identify(src/odom_motion_model) by extension 'ignore_ament_install'
[0.244s] Level 1:colcon.colcon_core.package_identification:_identify(src/odom_motion_model) by extensions ['colcon_pkg']
[0.244s] Level 1:colcon.colcon_core.package_identification:_identify(src/odom_motion_model) by extension 'colcon_pkg'
[0.244s] Level 1:colcon.colcon_core.package_identification:_identify(src/odom_motion_model) by extensions ['colcon_meta']
[0.244s] Level 1:colcon.colcon_core.package_identification:_identify(src/odom_motion_model) by extension 'colcon_meta'
[0.244s] Level 1:colcon.colcon_core.package_identification:_identify(src/odom_motion_model) by extensions ['ros']
[0.244s] Level 1:colcon.colcon_core.package_identification:_identify(src/odom_motion_model) by extension 'ros'
[0.245s] DEBUG:colcon.colcon_core.package_identification:Package 'src/odom_motion_model' with type 'ros.ament_python' and name 'odom_motion_model'
[0.245s] Level 1:colcon.colcon_core.package_identification:_identify(src/ros2_odometry_estimation) by extensions ['ignore', 'ignore_ament_install']
[0.245s] Level 1:colcon.colcon_core.package_identification:_identify(src/ros2_odometry_estimation) by extension 'ignore'
[0.245s] Level 1:colcon.colcon_core.package_identification:_identify(src/ros2_odometry_estimation) by extension 'ignore_ament_install'
[0.245s] Level 1:colcon.colcon_core.package_identification:_identify(src/ros2_odometry_estimation) by extensions ['colcon_pkg']
[0.245s] Level 1:colcon.colcon_core.package_identification:_identify(src/ros2_odometry_estimation) by extension 'colcon_pkg'
[0.245s] Level 1:colcon.colcon_core.package_identification:_identify(src/ros2_odometry_estimation) by extensions ['colcon_meta']
[0.245s] Level 1:colcon.colcon_core.package_identification:_identify(src/ros2_odometry_estimation) by extension 'colcon_meta'
[0.245s] Level 1:colcon.colcon_core.package_identification:_identify(src/ros2_odometry_estimation) by extensions ['ros']
[0.245s] Level 1:colcon.colcon_core.package_identification:_identify(src/ros2_odometry_estimation) by extension 'ros'
[0.245s] DEBUG:colcon.colcon_core.package_identification:Package 'src/ros2_odometry_estimation' with type 'ros.ament_cmake' and name 'odometry_estimator'
[0.245s] Level 1:colcon.colcon_core.package_identification:_identify(src/tf2_dbot) by extensions ['ignore', 'ignore_ament_install']
[0.245s] Level 1:colcon.colcon_core.package_identification:_identify(src/tf2_dbot) by extension 'ignore'
[0.245s] Level 1:colcon.colcon_core.package_identification:_identify(src/tf2_dbot) by extension 'ignore_ament_install'
[0.245s] Level 1:colcon.colcon_core.package_identification:_identify(src/tf2_dbot) by extensions ['colcon_pkg']
[0.245s] Level 1:colcon.colcon_core.package_identification:_identify(src/tf2_dbot) by extension 'colcon_pkg'
[0.246s] Level 1:colcon.colcon_core.package_identification:_identify(src/tf2_dbot) by extensions ['colcon_meta']
[0.246s] Level 1:colcon.colcon_core.package_identification:_identify(src/tf2_dbot) by extension 'colcon_meta'
[0.246s] Level 1:colcon.colcon_core.package_identification:_identify(src/tf2_dbot) by extensions ['ros']
[0.246s] Level 1:colcon.colcon_core.package_identification:_identify(src/tf2_dbot) by extension 'ros'
[0.246s] DEBUG:colcon.colcon_core.package_identification:Package 'src/tf2_dbot' with type 'ros.ament_python' and name 'tf2_dbot'
[0.246s] Level 1:colcon.colcon_core.package_identification:_identify(src/vda5050_connector) by extensions ['ignore', 'ignore_ament_install']
[0.246s] Level 1:colcon.colcon_core.package_identification:_identify(src/vda5050_connector) by extension 'ignore'
[0.246s] Level 1:colcon.colcon_core.package_identification:_identify(src/vda5050_connector) by extension 'ignore_ament_install'
[0.246s] Level 1:colcon.colcon_core.package_identification:_identify(src/vda5050_connector) by extensions ['colcon_pkg']
[0.246s] Level 1:colcon.colcon_core.package_identification:_identify(src/vda5050_connector) by extension 'colcon_pkg'
[0.246s] Level 1:colcon.colcon_core.package_identification:_identify(src/vda5050_connector) by extensions ['colcon_meta']
[0.246s] Level 1:colcon.colcon_core.package_identification:_identify(src/vda5050_connector) by extension 'colcon_meta'
[0.246s] Level 1:colcon.colcon_core.package_identification:_identify(src/vda5050_connector) by extensions ['ros']
[0.246s] Level 1:colcon.colcon_core.package_identification:_identify(src/vda5050_connector) by extension 'ros'
[0.247s] DEBUG:colcon.colcon_core.package_identification:Package 'src/vda5050_connector' with type 'ros.ament_cmake' and name 'vda5050_connector'
[0.247s] Level 1:colcon.colcon_core.package_identification:_identify(src/vda5050_msgs) by extensions ['ignore', 'ignore_ament_install']
[0.247s] Level 1:colcon.colcon_core.package_identification:_identify(src/vda5050_msgs) by extension 'ignore'
[0.247s] Level 1:colcon.colcon_core.package_identification:_identify(src/vda5050_msgs) by extension 'ignore_ament_install'
[0.247s] Level 1:colcon.colcon_core.package_identification:_identify(src/vda5050_msgs) by extensions ['colcon_pkg']
[0.247s] Level 1:colcon.colcon_core.package_identification:_identify(src/vda5050_msgs) by extension 'colcon_pkg'
[0.247s] Level 1:colcon.colcon_core.package_identification:_identify(src/vda5050_msgs) by extensions ['colcon_meta']
[0.247s] Level 1:colcon.colcon_core.package_identification:_identify(src/vda5050_msgs) by extension 'colcon_meta'
[0.247s] Level 1:colcon.colcon_core.package_identification:_identify(src/vda5050_msgs) by extensions ['ros']
[0.247s] Level 1:colcon.colcon_core.package_identification:_identify(src/vda5050_msgs) by extension 'ros'
[0.248s] DEBUG:colcon.colcon_core.package_identification:Package 'src/vda5050_msgs' with type 'ros.ament_cmake' and name 'vda5050_msgs'
[0.248s] Level 1:colcon.colcon_core.package_identification:_identify(src/vda5050_tb3_adapter) by extensions ['ignore', 'ignore_ament_install']
[0.248s] Level 1:colcon.colcon_core.package_identification:_identify(src/vda5050_tb3_adapter) by extension 'ignore'
[0.248s] Level 1:colcon.colcon_core.package_identification:_identify(src/vda5050_tb3_adapter) by extension 'ignore_ament_install'
[0.248s] Level 1:colcon.colcon_core.package_identification:_identify(src/vda5050_tb3_adapter) by extensions ['colcon_pkg']
[0.248s] Level 1:colcon.colcon_core.package_identification:_identify(src/vda5050_tb3_adapter) by extension 'colcon_pkg'
[0.248s] Level 1:colcon.colcon_core.package_identification:_identify(src/vda5050_tb3_adapter) by extensions ['colcon_meta']
[0.248s] Level 1:colcon.colcon_core.package_identification:_identify(src/vda5050_tb3_adapter) by extension 'colcon_meta'
[0.248s] Level 1:colcon.colcon_core.package_identification:_identify(src/vda5050_tb3_adapter) by extensions ['ros']
[0.248s] Level 1:colcon.colcon_core.package_identification:_identify(src/vda5050_tb3_adapter) by extension 'ros'
[0.248s] DEBUG:colcon.colcon_core.package_identification:Package 'src/vda5050_tb3_adapter' with type 'ros.ament_python' and name 'vda5050_tb3_adapter'
[0.248s] Level 1:colcon.colcon_core.package_identification:_identify(src/vda_dbot_nav_slam) by extensions ['ignore', 'ignore_ament_install']
[0.248s] Level 1:colcon.colcon_core.package_identification:_identify(src/vda_dbot_nav_slam) by extension 'ignore'
[0.248s] Level 1:colcon.colcon_core.package_identification:_identify(src/vda_dbot_nav_slam) by extension 'ignore_ament_install'
[0.248s] Level 1:colcon.colcon_core.package_identification:_identify(src/vda_dbot_nav_slam) by extensions ['colcon_pkg']
[0.248s] Level 1:colcon.colcon_core.package_identification:_identify(src/vda_dbot_nav_slam) by extension 'colcon_pkg'
[0.248s] Level 1:colcon.colcon_core.package_identification:_identify(src/vda_dbot_nav_slam) by extensions ['colcon_meta']
[0.249s] Level 1:colcon.colcon_core.package_identification:_identify(src/vda_dbot_nav_slam) by extension 'colcon_meta'
[0.249s] Level 1:colcon.colcon_core.package_identification:_identify(src/vda_dbot_nav_slam) by extensions ['ros']
[0.249s] Level 1:colcon.colcon_core.package_identification:_identify(src/vda_dbot_nav_slam) by extension 'ros'
[0.249s] DEBUG:colcon.colcon_core.package_identification:Package 'src/vda_dbot_nav_slam' with type 'ros.ament_cmake' and name 'vda_dbot_nav_slam'
[0.249s] Level 1:colcon.colcon_core.package_discovery:discover_packages(recursive) using defaults
[0.249s] Level 1:colcon.colcon_core.package_discovery:discover_packages(ignore) discover
[0.249s] Level 1:colcon.colcon_core.package_discovery:discover_packages(ignore) using defaults
[0.249s] Level 1:colcon.colcon_core.package_discovery:discover_packages(path) discover
[0.249s] Level 1:colcon.colcon_core.package_discovery:discover_packages(path) using defaults
[0.266s] Level 1:colcon.colcon_core.package_discovery:discover_packages(prefix_path) check parameters
[0.266s] Level 1:colcon.colcon_core.package_discovery:discover_packages(prefix_path) discover
[0.266s] WARNING:colcon.colcon_ros.prefix_path.ament:The path '/home/dbot2/dbot_vda5050_ilmatar/install/vda_dbot_nav_slam' in the environment variable AMENT_PREFIX_PATH doesn't exist
[0.266s] WARNING:colcon.colcon_ros.prefix_path.ament:The path '/home/dbot2/dbot_vda5050_ilmatar/install/vda5050_tb3_adapter' in the environment variable AMENT_PREFIX_PATH doesn't exist
[0.266s] WARNING:colcon.colcon_ros.prefix_path.ament:The path '/home/dbot2/dbot_vda5050_ilmatar/install/vda5050_adapter' in the environment variable AMENT_PREFIX_PATH doesn't exist
[0.266s] WARNING:colcon.colcon_ros.prefix_path.ament:The path '/home/dbot2/dbot_vda5050_ilmatar/install/vda5050_connector' in the environment variable AMENT_PREFIX_PATH doesn't exist
[0.266s] WARNING:colcon.colcon_ros.prefix_path.ament:The path '/home/dbot2/dbot_vda5050_ilmatar/install/vda5050_msgs' in the environment variable AMENT_PREFIX_PATH doesn't exist
[0.266s] WARNING:colcon.colcon_ros.prefix_path.ament:The path '/home/dbot2/dbot_vda5050_ilmatar/install/tf2_dbot' in the environment variable AMENT_PREFIX_PATH doesn't exist
[0.266s] WARNING:colcon.colcon_ros.prefix_path.ament:The path '/home/dbot2/dbot_vda5050_ilmatar/install/odom_motion_model' in the environment variable AMENT_PREFIX_PATH doesn't exist
[0.266s] WARNING:colcon.colcon_ros.prefix_path.ament:The path '/home/dbot2/dbot_vda5050_ilmatar/install/odometry_estimator' in the environment variable AMENT_PREFIX_PATH doesn't exist
[0.266s] WARNING:colcon.colcon_ros.prefix_path.ament:The path '/home/dbot2/dbot_vda5050_ilmatar/install/motor_driver' in the environment variable AMENT_PREFIX_PATH doesn't exist
[0.266s] WARNING:colcon.colcon_ros.prefix_path.ament:The path '/home/dbot2/dbot_vda5050_ilmatar/install/joycontrol' in the environment variable AMENT_PREFIX_PATH doesn't exist
[0.266s] WARNING:colcon.colcon_ros.prefix_path.ament:The path '/home/dbot2/dbot_vda5050_ilmatar/install/gesturecontrol' in the environment variable AMENT_PREFIX_PATH doesn't exist
[0.266s] WARNING:colcon.colcon_ros.prefix_path.ament:The path '/home/dbot2/dbot_vda5050_ilmatar/install/dbot_nav_slam' in the environment variable AMENT_PREFIX_PATH doesn't exist
[0.266s] WARNING:colcon.colcon_ros.prefix_path.ament:The path '/home/dbot2/dbot_vda5050_ilmatar/install/dbot_custom_msgs' in the environment variable AMENT_PREFIX_PATH doesn't exist
[0.266s] WARNING:colcon.colcon_ros.prefix_path.ament:The path '/home/dbot2/dbot_vda5050_ilmatar/install/dbot_bridge' in the environment variable AMENT_PREFIX_PATH doesn't exist
[0.266s] WARNING:colcon.colcon_ros.prefix_path.ament:The path '/home/dbot2/dbot_vda5050_ilmatar/install/dbot' in the environment variable AMENT_PREFIX_PATH doesn't exist
[0.267s] WARNING:colcon.colcon_ros.prefix_path.ament:The path '/home/dbot2/dbot_vda5050_ilmatar/install/crane_dbot' in the environment variable AMENT_PREFIX_PATH doesn't exist
[0.267s] WARNING:colcon.colcon_ros.prefix_path.catkin:The path '/home/dbot2/dbot_vda5050_ilmatar/install/vda_dbot_nav_slam' in the environment variable CMAKE_PREFIX_PATH doesn't exist
[0.267s] WARNING:colcon.colcon_ros.prefix_path.catkin:The path '/home/dbot2/dbot_vda5050_ilmatar/install/vda5050_connector' in the environment variable CMAKE_PREFIX_PATH doesn't exist
[0.267s] WARNING:colcon.colcon_ros.prefix_path.catkin:The path '/home/dbot2/dbot_vda5050_ilmatar/install/vda5050_msgs' in the environment variable CMAKE_PREFIX_PATH doesn't exist
[0.267s] WARNING:colcon.colcon_ros.prefix_path.catkin:The path '/home/dbot2/dbot_vda5050_ilmatar/install/odometry_estimator' in the environment variable CMAKE_PREFIX_PATH doesn't exist
[0.267s] WARNING:colcon.colcon_ros.prefix_path.catkin:The path '/home/dbot2/dbot_vda5050_ilmatar/install/dbot_nav_slam' in the environment variable CMAKE_PREFIX_PATH doesn't exist
[0.267s] WARNING:colcon.colcon_ros.prefix_path.catkin:The path '/home/dbot2/dbot_vda5050_ilmatar/install/dbot_custom_msgs' in the environment variable CMAKE_PREFIX_PATH doesn't exist
[0.267s] WARNING:colcon.colcon_ros.prefix_path.catkin:The path '/home/dbot2/dbot_vda5050_ilmatar/install/crane_dbot' in the environment variable CMAKE_PREFIX_PATH doesn't exist
[0.268s] DEBUG:colcon.colcon_installed_package_information.package_discovery:Found 0 installed packages in /home/dbot2/dbot_vda5050_ilmatar/install
[0.268s] DEBUG:colcon.colcon_installed_package_information.package_discovery:Found 7 installed packages in /home/dbot2/dbot_src/install
[0.268s] DEBUG:colcon.colcon_installed_package_information.package_discovery:Found 2 installed packages in /home/dbot2/dbot_remote/install
[0.269s] DEBUG:colcon.colcon_installed_package_information.package_discovery:Found 3 installed packages in /home/dbot2/circus_demo/install
[0.269s] DEBUG:colcon.colcon_installed_package_information.package_discovery:Found 41 installed packages in /home/dbot2/ros2_ws/install
[0.270s] DEBUG:colcon.colcon_installed_package_information.package_discovery:Found 413 installed packages in /opt/ros/humble
[0.272s] Level 1:colcon.colcon_core.package_discovery:discover_packages(prefix_path) using defaults
[0.309s] Level 5:colcon.colcon_core.verb:set package 'dbot' build argument 'cmake_args' from command line to 'None'
[0.309s] Level 5:colcon.colcon_core.verb:set package 'dbot' build argument 'cmake_target' from command line to 'None'
[0.309s] Level 5:colcon.colcon_core.verb:set package 'dbot' build argument 'cmake_target_skip_unavailable' from command line to 'False'
[0.309s] Level 5:colcon.colcon_core.verb:set package 'dbot' build argument 'cmake_clean_cache' from command line to 'False'
[0.309s] Level 5:colcon.colcon_core.verb:set package 'dbot' build argument 'cmake_clean_first' from command line to 'False'
[0.309s] Level 5:colcon.colcon_core.verb:set package 'dbot' build argument 'cmake_force_configure' from command line to 'False'
[0.309s] Level 5:colcon.colcon_core.verb:set package 'dbot' build argument 'ament_cmake_args' from command line to 'None'
[0.309s] Level 5:colcon.colcon_core.verb:set package 'dbot' build argument 'catkin_cmake_args' from command line to 'None'
[0.309s] Level 5:colcon.colcon_core.verb:set package 'dbot' build argument 'catkin_skip_building_tests' from command line to 'False'
[0.309s] DEBUG:colcon.colcon_core.verb:Building package 'dbot' with the following arguments: {'ament_cmake_args': None, 'build_base': '/home/dbot2/dbot_vda5050_ilmatar/build/dbot', 'catkin_cmake_args': None, 'catkin_skip_building_tests': False, 'cmake_args': None, 'cmake_clean_cache': False, 'cmake_clean_first': False, 'cmake_force_configure': False, 'cmake_target': None, 'cmake_target_skip_unavailable': False, 'install_base': '/home/dbot2/dbot_vda5050_ilmatar/install/dbot', 'merge_install': False, 'path': '/home/dbot2/dbot_vda5050_ilmatar/src/dbot', 'symlink_install': True, 'test_result_base': None}
[0.309s] Level 5:colcon.colcon_core.verb:set package 'dbot_bridge' build argument 'cmake_args' from command line to 'None'
[0.309s] Level 5:colcon.colcon_core.verb:set package 'dbot_bridge' build argument 'cmake_target' from command line to 'None'
[0.309s] Level 5:colcon.colcon_core.verb:set package 'dbot_bridge' build argument 'cmake_target_skip_unavailable' from command line to 'False'
[0.309s] Level 5:colcon.colcon_core.verb:set package 'dbot_bridge' build argument 'cmake_clean_cache' from command line to 'False'
[0.309s] Level 5:colcon.colcon_core.verb:set package 'dbot_bridge' build argument 'cmake_clean_first' from command line to 'False'
[0.309s] Level 5:colcon.colcon_core.verb:set package 'dbot_bridge' build argument 'cmake_force_configure' from command line to 'False'
[0.309s] Level 5:colcon.colcon_core.verb:set package 'dbot_bridge' build argument 'ament_cmake_args' from command line to 'None'
[0.309s] Level 5:colcon.colcon_core.verb:set package 'dbot_bridge' build argument 'catkin_cmake_args' from command line to 'None'
[0.309s] Level 5:colcon.colcon_core.verb:set package 'dbot_bridge' build argument 'catkin_skip_building_tests' from command line to 'False'
[0.309s] DEBUG:colcon.colcon_core.verb:Building package 'dbot_bridge' with the following arguments: {'ament_cmake_args': None, 'build_base': '/home/dbot2/dbot_vda5050_ilmatar/build/dbot_bridge', 'catkin_cmake_args': None, 'catkin_skip_building_tests': False, 'cmake_args': None, 'cmake_clean_cache': False, 'cmake_clean_first': False, 'cmake_force_configure': False, 'cmake_target': None, 'cmake_target_skip_unavailable': False, 'install_base': '/home/dbot2/dbot_vda5050_ilmatar/install/dbot_bridge', 'merge_install': False, 'path': '/home/dbot2/dbot_vda5050_ilmatar/src/dbot_bridge', 'symlink_install': True, 'test_result_base': None}
[0.309s] Level 5:colcon.colcon_core.verb:set package 'dbot_custom_msgs' build argument 'cmake_args' from command line to 'None'
[0.309s] Level 5:colcon.colcon_core.verb:set package 'dbot_custom_msgs' build argument 'cmake_target' from command line to 'None'
[0.309s] Level 5:colcon.colcon_core.verb:set package 'dbot_custom_msgs' build argument 'cmake_target_skip_unavailable' from command line to 'False'
[0.309s] Level 5:colcon.colcon_core.verb:set package 'dbot_custom_msgs' build argument 'cmake_clean_cache' from command line to 'False'
[0.309s] Level 5:colcon.colcon_core.verb:set package 'dbot_custom_msgs' build argument 'cmake_clean_first' from command line to 'False'
[0.309s] Level 5:colcon.colcon_core.verb:set package 'dbot_custom_msgs' build argument 'cmake_force_configure' from command line to 'False'
[0.309s] Level 5:colcon.colcon_core.verb:set package 'dbot_custom_msgs' build argument 'ament_cmake_args' from command line to 'None'
[0.309s] Level 5:colcon.colcon_core.verb:set package 'dbot_custom_msgs' build argument 'catkin_cmake_args' from command line to 'None'
[0.309s] Level 5:colcon.colcon_core.verb:set package 'dbot_custom_msgs' build argument 'catkin_skip_building_tests' from command line to 'False'
[0.309s] DEBUG:colcon.colcon_core.verb:Building package 'dbot_custom_msgs' with the following arguments: {'ament_cmake_args': None, 'build_base': '/home/dbot2/dbot_vda5050_ilmatar/build/dbot_custom_msgs', 'catkin_cmake_args': None, 'catkin_skip_building_tests': False, 'cmake_args': None, 'cmake_clean_cache': False, 'cmake_clean_first': False, 'cmake_force_configure': False, 'cmake_target': None, 'cmake_target_skip_unavailable': False, 'install_base': '/home/dbot2/dbot_vda5050_ilmatar/install/dbot_custom_msgs', 'merge_install': False, 'path': '/home/dbot2/dbot_vda5050_ilmatar/src/dbot_custom_msgs', 'symlink_install': True, 'test_result_base': None}
[0.310s] Level 5:colcon.colcon_core.verb:set package 'dbot_nav_slam' build argument 'cmake_args' from command line to 'None'
[0.310s] Level 5:colcon.colcon_core.verb:set package 'dbot_nav_slam' build argument 'cmake_target' from command line to 'None'
[0.310s] Level 5:colcon.colcon_core.verb:set package 'dbot_nav_slam' build argument 'cmake_target_skip_unavailable' from command line to 'False'
[0.310s] Level 5:colcon.colcon_core.verb:set package 'dbot_nav_slam' build argument 'cmake_clean_cache' from command line to 'False'
[0.310s] Level 5:colcon.colcon_core.verb:set package 'dbot_nav_slam' build argument 'cmake_clean_first' from command line to 'False'
[0.310s] Level 5:colcon.colcon_core.verb:set package 'dbot_nav_slam' build argument 'cmake_force_configure' from command line to 'False'
[0.310s] Level 5:colcon.colcon_core.verb:set package 'dbot_nav_slam' build argument 'ament_cmake_args' from command line to 'None'
[0.310s] Level 5:colcon.colcon_core.verb:set package 'dbot_nav_slam' build argument 'catkin_cmake_args' from command line to 'None'
[0.310s] Level 5:colcon.colcon_core.verb:set package 'dbot_nav_slam' build argument 'catkin_skip_building_tests' from command line to 'False'
[0.310s] DEBUG:colcon.colcon_core.verb:Building package 'dbot_nav_slam' with the following arguments: {'ament_cmake_args': None, 'build_base': '/home/dbot2/dbot_vda5050_ilmatar/build/dbot_nav_slam', 'catkin_cmake_args': None, 'catkin_skip_building_tests': False, 'cmake_args': None, 'cmake_clean_cache': False, 'cmake_clean_first': False, 'cmake_force_configure': False, 'cmake_target': None, 'cmake_target_skip_unavailable': False, 'install_base': '/home/dbot2/dbot_vda5050_ilmatar/install/dbot_nav_slam', 'merge_install': False, 'path': '/home/dbot2/dbot_vda5050_ilmatar/src/dbot_nav_slam', 'symlink_install': True, 'test_result_base': None}
[0.310s] Level 5:colcon.colcon_core.verb:set package 'gesturecontrol' build argument 'cmake_args' from command line to 'None'
[0.310s] Level 5:colcon.colcon_core.verb:set package 'gesturecontrol' build argument 'cmake_target' from command line to 'None'
[0.310s] Level 5:colcon.colcon_core.verb:set package 'gesturecontrol' build argument 'cmake_target_skip_unavailable' from command line to 'False'
[0.310s] Level 5:colcon.colcon_core.verb:set package 'gesturecontrol' build argument 'cmake_clean_cache' from command line to 'False'
[0.310s] Level 5:colcon.colcon_core.verb:set package 'gesturecontrol' build argument 'cmake_clean_first' from command line to 'False'
[0.310s] Level 5:colcon.colcon_core.verb:set package 'gesturecontrol' build argument 'cmake_force_configure' from command line to 'False'
[0.310s] Level 5:colcon.colcon_core.verb:set package 'gesturecontrol' build argument 'ament_cmake_args' from command line to 'None'
[0.310s] Level 5:colcon.colcon_core.verb:set package 'gesturecontrol' build argument 'catkin_cmake_args' from command line to 'None'
[0.310s] Level 5:colcon.colcon_core.verb:set package 'gesturecontrol' build argument 'catkin_skip_building_tests' from command line to 'False'
[0.310s] DEBUG:colcon.colcon_core.verb:Building package 'gesturecontrol' with the following arguments: {'ament_cmake_args': None, 'build_base': '/home/dbot2/dbot_vda5050_ilmatar/build/gesturecontrol', 'catkin_cmake_args': None, 'catkin_skip_building_tests': False, 'cmake_args': None, 'cmake_clean_cache': False, 'cmake_clean_first': False, 'cmake_force_configure': False, 'cmake_target': None, 'cmake_target_skip_unavailable': False, 'install_base': '/home/dbot2/dbot_vda5050_ilmatar/install/gesturecontrol', 'merge_install': False, 'path': '/home/dbot2/dbot_vda5050_ilmatar/src/gesturecontrol', 'symlink_install': True, 'test_result_base': None}
[0.310s] Level 5:colcon.colcon_core.verb:set package 'joycontrol' build argument 'cmake_args' from command line to 'None'
[0.310s] Level 5:colcon.colcon_core.verb:set package 'joycontrol' build argument 'cmake_target' from command line to 'None'
[0.310s] Level 5:colcon.colcon_core.verb:set package 'joycontrol' build argument 'cmake_target_skip_unavailable' from command line to 'False'
[0.310s] Level 5:colcon.colcon_core.verb:set package 'joycontrol' build argument 'cmake_clean_cache' from command line to 'False'
[0.310s] Level 5:colcon.colcon_core.verb:set package 'joycontrol' build argument 'cmake_clean_first' from command line to 'False'
[0.310s] Level 5:colcon.colcon_core.verb:set package 'joycontrol' build argument 'cmake_force_configure' from command line to 'False'
[0.310s] Level 5:colcon.colcon_core.verb:set package 'joycontrol' build argument 'ament_cmake_args' from command line to 'None'
[0.310s] Level 5:colcon.colcon_core.verb:set package 'joycontrol' build argument 'catkin_cmake_args' from command line to 'None'
[0.310s] Level 5:colcon.colcon_core.verb:set package 'joycontrol' build argument 'catkin_skip_building_tests' from command line to 'False'
[0.311s] DEBUG:colcon.colcon_core.verb:Building package 'joycontrol' with the following arguments: {'ament_cmake_args': None, 'build_base': '/home/dbot2/dbot_vda5050_ilmatar/build/joycontrol', 'catkin_cmake_args': None, 'catkin_skip_building_tests': False, 'cmake_args': None, 'cmake_clean_cache': False, 'cmake_clean_first': False, 'cmake_force_configure': False, 'cmake_target': None, 'cmake_target_skip_unavailable': False, 'install_base': '/home/dbot2/dbot_vda5050_ilmatar/install/joycontrol', 'merge_install': False, 'path': '/home/dbot2/dbot_vda5050_ilmatar/src/joycontrol', 'symlink_install': True, 'test_result_base': None}
[0.311s] Level 5:colcon.colcon_core.verb:set package 'tf2_dbot' build argument 'cmake_args' from command line to 'None'
[0.311s] Level 5:colcon.colcon_core.verb:set package 'tf2_dbot' build argument 'cmake_target' from command line to 'None'
[0.311s] Level 5:colcon.colcon_core.verb:set package 'tf2_dbot' build argument 'cmake_target_skip_unavailable' from command line to 'False'
[0.311s] Level 5:colcon.colcon_core.verb:set package 'tf2_dbot' build argument 'cmake_clean_cache' from command line to 'False'
[0.311s] Level 5:colcon.colcon_core.verb:set package 'tf2_dbot' build argument 'cmake_clean_first' from command line to 'False'
[0.311s] Level 5:colcon.colcon_core.verb:set package 'tf2_dbot' build argument 'cmake_force_configure' from command line to 'False'
[0.311s] Level 5:colcon.colcon_core.verb:set package 'tf2_dbot' build argument 'ament_cmake_args' from command line to 'None'
[0.311s] Level 5:colcon.colcon_core.verb:set package 'tf2_dbot' build argument 'catkin_cmake_args' from command line to 'None'
[0.311s] Level 5:colcon.colcon_core.verb:set package 'tf2_dbot' build argument 'catkin_skip_building_tests' from command line to 'False'
[0.311s] DEBUG:colcon.colcon_core.verb:Building package 'tf2_dbot' with the following arguments: {'ament_cmake_args': None, 'build_base': '/home/dbot2/dbot_vda5050_ilmatar/build/tf2_dbot', 'catkin_cmake_args': None, 'catkin_skip_building_tests': False, 'cmake_args': None, 'cmake_clean_cache': False, 'cmake_clean_first': False, 'cmake_force_configure': False, 'cmake_target': None, 'cmake_target_skip_unavailable': False, 'install_base': '/home/dbot2/dbot_vda5050_ilmatar/install/tf2_dbot', 'merge_install': False, 'path': '/home/dbot2/dbot_vda5050_ilmatar/src/tf2_dbot', 'symlink_install': True, 'test_result_base': None}
[0.311s] Level 5:colcon.colcon_core.verb:set package 'vda5050_msgs' build argument 'cmake_args' from command line to 'None'
[0.311s] Level 5:colcon.colcon_core.verb:set package 'vda5050_msgs' build argument 'cmake_target' from command line to 'None'
[0.311s] Level 5:colcon.colcon_core.verb:set package 'vda5050_msgs' build argument 'cmake_target_skip_unavailable' from command line to 'False'
[0.311s] Level 5:colcon.colcon_core.verb:set package 'vda5050_msgs' build argument 'cmake_clean_cache' from command line to 'False'
[0.311s] Level 5:colcon.colcon_core.verb:set package 'vda5050_msgs' build argument 'cmake_clean_first' from command line to 'False'
[0.311s] Level 5:colcon.colcon_core.verb:set package 'vda5050_msgs' build argument 'cmake_force_configure' from command line to 'False'
[0.311s] Level 5:colcon.colcon_core.verb:set package 'vda5050_msgs' build argument 'ament_cmake_args' from command line to 'None'
[0.311s] Level 5:colcon.colcon_core.verb:set package 'vda5050_msgs' build argument 'catkin_cmake_args' from command line to 'None'
[0.311s] Level 5:colcon.colcon_core.verb:set package 'vda5050_msgs' build argument 'catkin_skip_building_tests' from command line to 'False'
[0.312s] DEBUG:colcon.colcon_core.verb:Building package 'vda5050_msgs' with the following arguments: {'ament_cmake_args': None, 'build_base': '/home/dbot2/dbot_vda5050_ilmatar/build/vda5050_msgs', 'catkin_cmake_args': None, 'catkin_skip_building_tests': False, 'cmake_args': None, 'cmake_clean_cache': False, 'cmake_clean_first': False, 'cmake_force_configure': False, 'cmake_target': None, 'cmake_target_skip_unavailable': False, 'install_base': '/home/dbot2/dbot_vda5050_ilmatar/install/vda5050_msgs', 'merge_install': False, 'path': '/home/dbot2/dbot_vda5050_ilmatar/src/vda5050_msgs', 'symlink_install': True, 'test_result_base': None}
[0.312s] Level 5:colcon.colcon_core.verb:set package 'vda_dbot_nav_slam' build argument 'cmake_args' from command line to 'None'
[0.312s] Level 5:colcon.colcon_core.verb:set package 'vda_dbot_nav_slam' build argument 'cmake_target' from command line to 'None'
[0.312s] Level 5:colcon.colcon_core.verb:set package 'vda_dbot_nav_slam' build argument 'cmake_target_skip_unavailable' from command line to 'False'
[0.312s] Level 5:colcon.colcon_core.verb:set package 'vda_dbot_nav_slam' build argument 'cmake_clean_cache' from command line to 'False'
[0.312s] Level 5:colcon.colcon_core.verb:set package 'vda_dbot_nav_slam' build argument 'cmake_clean_first' from command line to 'False'
[0.312s] Level 5:colcon.colcon_core.verb:set package 'vda_dbot_nav_slam' build argument 'cmake_force_configure' from command line to 'False'
[0.312s] Level 5:colcon.colcon_core.verb:set package 'vda_dbot_nav_slam' build argument 'ament_cmake_args' from command line to 'None'
[0.312s] Level 5:colcon.colcon_core.verb:set package 'vda_dbot_nav_slam' build argument 'catkin_cmake_args' from command line to 'None'
[0.312s] Level 5:colcon.colcon_core.verb:set package 'vda_dbot_nav_slam' build argument 'catkin_skip_building_tests' from command line to 'False'
[0.312s] DEBUG:colcon.colcon_core.verb:Building package 'vda_dbot_nav_slam' with the following arguments: {'ament_cmake_args': None, 'build_base': '/home/dbot2/dbot_vda5050_ilmatar/build/vda_dbot_nav_slam', 'catkin_cmake_args': None, 'catkin_skip_building_tests': False, 'cmake_args': None, 'cmake_clean_cache': False, 'cmake_clean_first': False, 'cmake_force_configure': False, 'cmake_target': None, 'cmake_target_skip_unavailable': False, 'install_base': '/home/dbot2/dbot_vda5050_ilmatar/install/vda_dbot_nav_slam', 'merge_install': False, 'path': '/home/dbot2/dbot_vda5050_ilmatar/src/vda_dbot_nav_slam', 'symlink_install': True, 'test_result_base': None}
[0.312s] Level 5:colcon.colcon_core.verb:set package 'motor_driver' build argument 'cmake_args' from command line to 'None'
[0.312s] Level 5:colcon.colcon_core.verb:set package 'motor_driver' build argument 'cmake_target' from command line to 'None'
[0.312s] Level 5:colcon.colcon_core.verb:set package 'motor_driver' build argument 'cmake_target_skip_unavailable' from command line to 'False'
[0.312s] Level 5:colcon.colcon_core.verb:set package 'motor_driver' build argument 'cmake_clean_cache' from command line to 'False'
[0.312s] Level 5:colcon.colcon_core.verb:set package 'motor_driver' build argument 'cmake_clean_first' from command line to 'False'
[0.312s] Level 5:colcon.colcon_core.verb:set package 'motor_driver' build argument 'cmake_force_configure' from command line to 'False'
[0.312s] Level 5:colcon.colcon_core.verb:set package 'motor_driver' build argument 'ament_cmake_args' from command line to 'None'
[0.312s] Level 5:colcon.colcon_core.verb:set package 'motor_driver' build argument 'catkin_cmake_args' from command line to 'None'
[0.312s] Level 5:colcon.colcon_core.verb:set package 'motor_driver' build argument 'catkin_skip_building_tests' from command line to 'False'
[0.312s] DEBUG:colcon.colcon_core.verb:Building package 'motor_driver' with the following arguments: {'ament_cmake_args': None, 'build_base': '/home/dbot2/dbot_vda5050_ilmatar/build/motor_driver', 'catkin_cmake_args': None, 'catkin_skip_building_tests': False, 'cmake_args': None, 'cmake_clean_cache': False, 'cmake_clean_first': False, 'cmake_force_configure': False, 'cmake_target': None, 'cmake_target_skip_unavailable': False, 'install_base': '/home/dbot2/dbot_vda5050_ilmatar/install/motor_driver', 'merge_install': False, 'path': '/home/dbot2/dbot_vda5050_ilmatar/src/motor_driver', 'symlink_install': True, 'test_result_base': None}
[0.312s] Level 5:colcon.colcon_core.verb:set package 'odometry_estimator' build argument 'cmake_args' from command line to 'None'
[0.312s] Level 5:colcon.colcon_core.verb:set package 'odometry_estimator' build argument 'cmake_target' from command line to 'None'
[0.312s] Level 5:colcon.colcon_core.verb:set package 'odometry_estimator' build argument 'cmake_target_skip_unavailable' from command line to 'False'
[0.313s] Level 5:colcon.colcon_core.verb:set package 'odometry_estimator' build argument 'cmake_clean_cache' from command line to 'False'
[0.313s] Level 5:colcon.colcon_core.verb:set package 'odometry_estimator' build argument 'cmake_clean_first' from command line to 'False'
[0.313s] Level 5:colcon.colcon_core.verb:set package 'odometry_estimator' build argument 'cmake_force_configure' from command line to 'False'
[0.313s] Level 5:colcon.colcon_core.verb:set package 'odometry_estimator' build argument 'ament_cmake_args' from command line to 'None'
[0.313s] Level 5:colcon.colcon_core.verb:set package 'odometry_estimator' build argument 'catkin_cmake_args' from command line to 'None'
[0.313s] Level 5:colcon.colcon_core.verb:set package 'odometry_estimator' build argument 'catkin_skip_building_tests' from command line to 'False'
[0.313s] DEBUG:colcon.colcon_core.verb:Building package 'odometry_estimator' with the following arguments: {'ament_cmake_args': None, 'build_base': '/home/dbot2/dbot_vda5050_ilmatar/build/odometry_estimator', 'catkin_cmake_args': None, 'catkin_skip_building_tests': False, 'cmake_args': None, 'cmake_clean_cache': False, 'cmake_clean_first': False, 'cmake_force_configure': False, 'cmake_target': None, 'cmake_target_skip_unavailable': False, 'install_base': '/home/dbot2/dbot_vda5050_ilmatar/install/odometry_estimator', 'merge_install': False, 'path': '/home/dbot2/dbot_vda5050_ilmatar/src/ros2_odometry_estimation', 'symlink_install': True, 'test_result_base': None}
[0.313s] Level 5:colcon.colcon_core.verb:set package 'vda5050_connector' build argument 'cmake_args' from command line to 'None'
[0.313s] Level 5:colcon.colcon_core.verb:set package 'vda5050_connector' build argument 'cmake_target' from command line to 'None'
[0.313s] Level 5:colcon.colcon_core.verb:set package 'vda5050_connector' build argument 'cmake_target_skip_unavailable' from command line to 'False'
[0.313s] Level 5:colcon.colcon_core.verb:set package 'vda5050_connector' build argument 'cmake_clean_cache' from command line to 'False'
[0.313s] Level 5:colcon.colcon_core.verb:set package 'vda5050_connector' build argument 'cmake_clean_first' from command line to 'False'
[0.313s] Level 5:colcon.colcon_core.verb:set package 'vda5050_connector' build argument 'cmake_force_configure' from command line to 'False'
[0.313s] Level 5:colcon.colcon_core.verb:set package 'vda5050_connector' build argument 'ament_cmake_args' from command line to 'None'
[0.313s] Level 5:colcon.colcon_core.verb:set package 'vda5050_connector' build argument 'catkin_cmake_args' from command line to 'None'
[0.313s] Level 5:colcon.colcon_core.verb:set package 'vda5050_connector' build argument 'catkin_skip_building_tests' from command line to 'False'
[0.313s] DEBUG:colcon.colcon_core.verb:Building package 'vda5050_connector' with the following arguments: {'ament_cmake_args': None, 'build_base': '/home/dbot2/dbot_vda5050_ilmatar/build/vda5050_connector', 'catkin_cmake_args': None, 'catkin_skip_building_tests': False, 'cmake_args': None, 'cmake_clean_cache': False, 'cmake_clean_first': False, 'cmake_force_configure': False, 'cmake_target': None, 'cmake_target_skip_unavailable': False, 'install_base': '/home/dbot2/dbot_vda5050_ilmatar/install/vda5050_connector', 'merge_install': False, 'path': '/home/dbot2/dbot_vda5050_ilmatar/src/vda5050_connector', 'symlink_install': True, 'test_result_base': None}
[0.313s] Level 5:colcon.colcon_core.verb:set package 'odom_motion_model' build argument 'cmake_args' from command line to 'None'
[0.313s] Level 5:colcon.colcon_core.verb:set package 'odom_motion_model' build argument 'cmake_target' from command line to 'None'
[0.313s] Level 5:colcon.colcon_core.verb:set package 'odom_motion_model' build argument 'cmake_target_skip_unavailable' from command line to 'False'
[0.313s] Level 5:colcon.colcon_core.verb:set package 'odom_motion_model' build argument 'cmake_clean_cache' from command line to 'False'
[0.313s] Level 5:colcon.colcon_core.verb:set package 'odom_motion_model' build argument 'cmake_clean_first' from command line to 'False'
[0.313s] Level 5:colcon.colcon_core.verb:set package 'odom_motion_model' build argument 'cmake_force_configure' from command line to 'False'
[0.313s] Level 5:colcon.colcon_core.verb:set package 'odom_motion_model' build argument 'ament_cmake_args' from command line to 'None'
[0.313s] Level 5:colcon.colcon_core.verb:set package 'odom_motion_model' build argument 'catkin_cmake_args' from command line to 'None'
[0.313s] Level 5:colcon.colcon_core.verb:set package 'odom_motion_model' build argument 'catkin_skip_building_tests' from command line to 'False'
[0.313s] DEBUG:colcon.colcon_core.verb:Building package 'odom_motion_model' with the following arguments: {'ament_cmake_args': None, 'build_base': '/home/dbot2/dbot_vda5050_ilmatar/build/odom_motion_model', 'catkin_cmake_args': None, 'catkin_skip_building_tests': False, 'cmake_args': None, 'cmake_clean_cache': False, 'cmake_clean_first': False, 'cmake_force_configure': False, 'cmake_target': None, 'cmake_target_skip_unavailable': False, 'install_base': '/home/dbot2/dbot_vda5050_ilmatar/install/odom_motion_model', 'merge_install': False, 'path': '/home/dbot2/dbot_vda5050_ilmatar/src/odom_motion_model', 'symlink_install': True, 'test_result_base': None}
[0.313s] Level 5:colcon.colcon_core.verb:set package 'vda5050_tb3_adapter' build argument 'cmake_args' from command line to 'None'
[0.313s] Level 5:colcon.colcon_core.verb:set package 'vda5050_tb3_adapter' build argument 'cmake_target' from command line to 'None'
[0.313s] Level 5:colcon.colcon_core.verb:set package 'vda5050_tb3_adapter' build argument 'cmake_target_skip_unavailable' from command line to 'False'
[0.313s] Level 5:colcon.colcon_core.verb:set package 'vda5050_tb3_adapter' build argument 'cmake_clean_cache' from command line to 'False'
[0.313s] Level 5:colcon.colcon_core.verb:set package 'vda5050_tb3_adapter' build argument 'cmake_clean_first' from command line to 'False'
[0.313s] Level 5:colcon.colcon_core.verb:set package 'vda5050_tb3_adapter' build argument 'cmake_force_configure' from command line to 'False'
[0.313s] Level 5:colcon.colcon_core.verb:set package 'vda5050_tb3_adapter' build argument 'ament_cmake_args' from command line to 'None'
[0.313s] Level 5:colcon.colcon_core.verb:set package 'vda5050_tb3_adapter' build argument 'catkin_cmake_args' from command line to 'None'
[0.313s] Level 5:colcon.colcon_core.verb:set package 'vda5050_tb3_adapter' build argument 'catkin_skip_building_tests' from command line to 'False'
[0.313s] DEBUG:colcon.colcon_core.verb:Building package 'vda5050_tb3_adapter' with the following arguments: {'ament_cmake_args': None, 'build_base': '/home/dbot2/dbot_vda5050_ilmatar/build/vda5050_tb3_adapter', 'catkin_cmake_args': None, 'catkin_skip_building_tests': False, 'cmake_args': None, 'cmake_clean_cache': False, 'cmake_clean_first': False, 'cmake_force_configure': False, 'cmake_target': None, 'cmake_target_skip_unavailable': False, 'install_base': '/home/dbot2/dbot_vda5050_ilmatar/install/vda5050_tb3_adapter', 'merge_install': False, 'path': '/home/dbot2/dbot_vda5050_ilmatar/src/vda5050_tb3_adapter', 'symlink_install': True, 'test_result_base': None}
[0.314s] INFO:colcon.colcon_core.executor:Executing jobs using 'parallel' executor
[0.314s] DEBUG:colcon.colcon_parallel_executor.executor.parallel:run_until_complete
[0.315s] INFO:colcon.colcon_ros.task.ament_cmake.build:Building ROS package in '/home/dbot2/dbot_vda5050_ilmatar/src/dbot_custom_msgs' with build type 'ament_cmake'
[0.315s] INFO:colcon.colcon_cmake.task.cmake.build:Building CMake package in '/home/dbot2/dbot_vda5050_ilmatar/src/dbot_custom_msgs'
[0.317s] INFO:colcon.colcon_core.plugin_system:Skipping extension 'colcon_core.shell.bat': Not used on non-Windows systems
[0.317s] INFO:colcon.colcon_core.shell:Skip shell extension 'powershell' for command environment: Not usable outside of PowerShell
[0.317s] DEBUG:colcon.colcon_core.shell:Skip shell extension 'dsv' for command environment
[0.321s] INFO:colcon.colcon_ros.task.ament_cmake.build:Building ROS package in '/home/dbot2/dbot_vda5050_ilmatar/src/vda5050_msgs' with build type 'ament_cmake'
[0.321s] INFO:colcon.colcon_cmake.task.cmake.build:Building CMake package in '/home/dbot2/dbot_vda5050_ilmatar/src/vda5050_msgs'
[0.322s] INFO:colcon.colcon_core.shell:Skip shell extension 'powershell' for command environment: Not usable outside of PowerShell
[0.322s] DEBUG:colcon.colcon_core.shell:Skip shell extension 'dsv' for command environment
[0.333s] INFO:colcon.colcon_ros.task.ament_python.build:Building ROS package in '/home/dbot2/dbot_vda5050_ilmatar/src/dbot' with build type 'ament_python'
[0.333s] Level 1:colcon.colcon_core.shell:create_environment_hook('dbot', 'ament_prefix_path')
[0.334s] INFO:colcon.colcon_core.shell:Creating environment hook '/home/dbot2/dbot_vda5050_ilmatar/install/dbot/share/dbot/hook/ament_prefix_path.ps1'
[0.336s] INFO:colcon.colcon_core.shell:Creating environment descriptor '/home/dbot2/dbot_vda5050_ilmatar/install/dbot/share/dbot/hook/ament_prefix_path.dsv'
[0.336s] INFO:colcon.colcon_core.shell:Creating environment hook '/home/dbot2/dbot_vda5050_ilmatar/install/dbot/share/dbot/hook/ament_prefix_path.sh'
[0.336s] INFO:colcon.colcon_core.shell:Skip shell extension 'powershell' for command environment: Not usable outside of PowerShell
[0.336s] DEBUG:colcon.colcon_core.shell:Skip shell extension 'dsv' for command environment
[0.342s] INFO:colcon.colcon_ros.task.ament_python.build:Building ROS package in '/home/dbot2/dbot_vda5050_ilmatar/src/dbot_bridge' with build type 'ament_python'
[0.342s] Level 1:colcon.colcon_core.shell:create_environment_hook('dbot_bridge', 'ament_prefix_path')
[0.342s] INFO:colcon.colcon_core.shell:Creating environment hook '/home/dbot2/dbot_vda5050_ilmatar/install/dbot_bridge/share/dbot_bridge/hook/ament_prefix_path.ps1'
[0.342s] INFO:colcon.colcon_core.shell:Creating environment descriptor '/home/dbot2/dbot_vda5050_ilmatar/install/dbot_bridge/share/dbot_bridge/hook/ament_prefix_path.dsv'
[0.343s] INFO:colcon.colcon_core.shell:Creating environment hook '/home/dbot2/dbot_vda5050_ilmatar/install/dbot_bridge/share/dbot_bridge/hook/ament_prefix_path.sh'
[0.343s] INFO:colcon.colcon_core.shell:Skip shell extension 'powershell' for command environment: Not usable outside of PowerShell
[0.343s] DEBUG:colcon.colcon_core.shell:Skip shell extension 'dsv' for command environment
[0.350s] INFO:colcon.colcon_ros.task.ament_cmake.build:Building ROS package in '/home/dbot2/dbot_vda5050_ilmatar/src/dbot_nav_slam' with build type 'ament_cmake'
[0.350s] INFO:colcon.colcon_cmake.task.cmake.build:Building CMake package in '/home/dbot2/dbot_vda5050_ilmatar/src/dbot_nav_slam'
[0.351s] INFO:colcon.colcon_core.shell:Skip shell extension 'powershell' for command environment: Not usable outside of PowerShell
[0.351s] DEBUG:colcon.colcon_core.shell:Skip shell extension 'dsv' for command environment
[0.356s] INFO:colcon.colcon_ros.task.ament_python.build:Building ROS package in '/home/dbot2/dbot_vda5050_ilmatar/src/gesturecontrol' with build type 'ament_python'
[0.356s] Level 1:colcon.colcon_core.shell:create_environment_hook('gesturecontrol', 'ament_prefix_path')
[0.356s] INFO:colcon.colcon_core.shell:Creating environment hook '/home/dbot2/dbot_vda5050_ilmatar/install/gesturecontrol/share/gesturecontrol/hook/ament_prefix_path.ps1'
[0.356s] INFO:colcon.colcon_core.shell:Creating environment descriptor '/home/dbot2/dbot_vda5050_ilmatar/install/gesturecontrol/share/gesturecontrol/hook/ament_prefix_path.dsv'
[0.357s] INFO:colcon.colcon_core.shell:Creating environment hook '/home/dbot2/dbot_vda5050_ilmatar/install/gesturecontrol/share/gesturecontrol/hook/ament_prefix_path.sh'
[0.357s] INFO:colcon.colcon_core.shell:Skip shell extension 'powershell' for command environment: Not usable outside of PowerShell
[0.357s] DEBUG:colcon.colcon_core.shell:Skip shell extension 'dsv' for command environment
[0.362s] INFO:colcon.colcon_ros.task.ament_python.build:Building ROS package in '/home/dbot2/dbot_vda5050_ilmatar/src/joycontrol' with build type 'ament_python'
[0.362s] Level 1:colcon.colcon_core.shell:create_environment_hook('joycontrol', 'ament_prefix_path')
[0.362s] INFO:colcon.colcon_core.shell:Creating environment hook '/home/dbot2/dbot_vda5050_ilmatar/install/joycontrol/share/joycontrol/hook/ament_prefix_path.ps1'
[0.363s] INFO:colcon.colcon_core.shell:Creating environment descriptor '/home/dbot2/dbot_vda5050_ilmatar/install/joycontrol/share/joycontrol/hook/ament_prefix_path.dsv'
[0.363s] INFO:colcon.colcon_core.shell:Creating environment hook '/home/dbot2/dbot_vda5050_ilmatar/install/joycontrol/share/joycontrol/hook/ament_prefix_path.sh'
[0.363s] INFO:colcon.colcon_core.shell:Skip shell extension 'powershell' for command environment: Not usable outside of PowerShell
[0.363s] DEBUG:colcon.colcon_core.shell:Skip shell extension 'dsv' for command environment
[0.367s] INFO:colcon.colcon_ros.task.ament_python.build:Building ROS package in '/home/dbot2/dbot_vda5050_ilmatar/src/tf2_dbot' with build type 'ament_python'
[0.367s] Level 1:colcon.colcon_core.shell:create_environment_hook('tf2_dbot', 'ament_prefix_path')
[0.368s] INFO:colcon.colcon_core.shell:Creating environment hook '/home/dbot2/dbot_vda5050_ilmatar/install/tf2_dbot/share/tf2_dbot/hook/ament_prefix_path.ps1'
[0.368s] INFO:colcon.colcon_core.shell:Creating environment descriptor '/home/dbot2/dbot_vda5050_ilmatar/install/tf2_dbot/share/tf2_dbot/hook/ament_prefix_path.dsv'
[0.368s] INFO:colcon.colcon_core.shell:Creating environment hook '/home/dbot2/dbot_vda5050_ilmatar/install/tf2_dbot/share/tf2_dbot/hook/ament_prefix_path.sh'
[0.368s] INFO:colcon.colcon_core.shell:Skip shell extension 'powershell' for command environment: Not usable outside of PowerShell
[0.368s] DEBUG:colcon.colcon_core.shell:Skip shell extension 'dsv' for command environment
[0.378s] DEBUG:colcon.colcon_core.event_handler.log_command:Invoking command in '/home/dbot2/dbot_vda5050_ilmatar/build/dbot_custom_msgs': CMAKE_PREFIX_PATH=${CMAKE_PREFIX_PATH}:/home/dbot2/dbot_vda5050_ilmatar/install/vda5050_tb3_adapter:/home/dbot2/dbot_vda5050_ilmatar/install/vda5050_adapter:/home/dbot2/dbot_vda5050_ilmatar/install/tf2_dbot:/home/dbot2/dbot_vda5050_ilmatar/install/odom_motion_model:/home/dbot2/dbot_vda5050_ilmatar/install/motor_driver:/home/dbot2/dbot_vda5050_ilmatar/install/joycontrol:/home/dbot2/dbot_vda5050_ilmatar/install/gesturecontrol:/home/dbot2/dbot_vda5050_ilmatar/install/dbot_bridge:/home/dbot2/dbot_vda5050_ilmatar/install/dbot:/home/dbot2/dbot_src/install/tf2_dbot:/home/dbot2/dbot_src/install/odom_motion_model:/home/dbot2/dbot_src/install/motor_driver:/home/dbot2/dbot_src/install/joycontrol:/home/dbot2/dbot_src/install/dbot:/home/dbot2/dbot_remote/install/pcd_joy_trigger:/home/dbot2/circus_demo/install/circus_demo:/home/dbot2/ros2_ws/install/tf2_dbot:/home/dbot2/ros2_ws/install/odom_motion_model:/home/dbot2/ros2_ws/install/motor_driver:/home/dbot2/ros2_ws/install/joycontrol:/home/dbot2/ros2_ws/install/gesturecontrol:/home/dbot2/ros2_ws/install/dbot_bridge:/home/dbot2/ros2_ws/install/dbot:/home/dbot2/ros2_ws/install/ament_xmllint:/home/dbot2/ros2_ws/install/ament_uncrustify:/home/dbot2/ros2_ws/install/ament_pyflakes:/home/dbot2/ros2_ws/install/ament_pycodestyle:/home/dbot2/ros2_ws/install/ament_pep257:/home/dbot2/ros2_ws/install/ament_pclint:/home/dbot2/ros2_ws/install/ament_mypy:/home/dbot2/ros2_ws/install/ament_lint_cmake:/home/dbot2/ros2_ws/install/ament_flake8:/home/dbot2/ros2_ws/install/ament_copyright:/home/dbot2/ros2_ws/install/ament_lint:/home/dbot2/ros2_ws/install/ament_cpplint:/home/dbot2/ros2_ws/install/ament_cppcheck:/home/dbot2/ros2_ws/install/ament_clang_tidy:/home/dbot2/ros2_ws/install/ament_clang_format:/opt/ros/humble /usr/bin/cmake /home/dbot2/dbot_vda5050_ilmatar/src/dbot_custom_msgs -DAMENT_CMAKE_SYMLINK_INSTALL=1 -DCMAKE_INSTALL_PREFIX=/home/dbot2/dbot_vda5050_ilmatar/install/dbot_custom_msgs
[0.383s] DEBUG:colcon.colcon_core.event_handler.log_command:Invoking command in '/home/dbot2/dbot_vda5050_ilmatar/build/vda5050_msgs': CMAKE_PREFIX_PATH=${CMAKE_PREFIX_PATH}:/home/dbot2/dbot_vda5050_ilmatar/install/vda5050_tb3_adapter:/home/dbot2/dbot_vda5050_ilmatar/install/vda5050_adapter:/home/dbot2/dbot_vda5050_ilmatar/install/tf2_dbot:/home/dbot2/dbot_vda5050_ilmatar/install/odom_motion_model:/home/dbot2/dbot_vda5050_ilmatar/install/motor_driver:/home/dbot2/dbot_vda5050_ilmatar/install/joycontrol:/home/dbot2/dbot_vda5050_ilmatar/install/gesturecontrol:/home/dbot2/dbot_vda5050_ilmatar/install/dbot_bridge:/home/dbot2/dbot_vda5050_ilmatar/install/dbot:/home/dbot2/dbot_src/install/tf2_dbot:/home/dbot2/dbot_src/install/odom_motion_model:/home/dbot2/dbot_src/install/motor_driver:/home/dbot2/dbot_src/install/joycontrol:/home/dbot2/dbot_src/install/dbot:/home/dbot2/dbot_remote/install/pcd_joy_trigger:/home/dbot2/circus_demo/install/circus_demo:/home/dbot2/ros2_ws/install/tf2_dbot:/home/dbot2/ros2_ws/install/odom_motion_model:/home/dbot2/ros2_ws/install/motor_driver:/home/dbot2/ros2_ws/install/joycontrol:/home/dbot2/ros2_ws/install/gesturecontrol:/home/dbot2/ros2_ws/install/dbot_bridge:/home/dbot2/ros2_ws/install/dbot:/home/dbot2/ros2_ws/install/ament_xmllint:/home/dbot2/ros2_ws/install/ament_uncrustify:/home/dbot2/ros2_ws/install/ament_pyflakes:/home/dbot2/ros2_ws/install/ament_pycodestyle:/home/dbot2/ros2_ws/install/ament_pep257:/home/dbot2/ros2_ws/install/ament_pclint:/home/dbot2/ros2_ws/install/ament_mypy:/home/dbot2/ros2_ws/install/ament_lint_cmake:/home/dbot2/ros2_ws/install/ament_flake8:/home/dbot2/ros2_ws/install/ament_copyright:/home/dbot2/ros2_ws/install/ament_lint:/home/dbot2/ros2_ws/install/ament_cpplint:/home/dbot2/ros2_ws/install/ament_cppcheck:/home/dbot2/ros2_ws/install/ament_clang_tidy:/home/dbot2/ros2_ws/install/ament_clang_format:/opt/ros/humble /usr/bin/cmake /home/dbot2/dbot_vda5050_ilmatar/src/vda5050_msgs -DAMENT_CMAKE_SYMLINK_INSTALL=1 -DCMAKE_INSTALL_PREFIX=/home/dbot2/dbot_vda5050_ilmatar/install/vda5050_msgs
[0.643s] WARNING:colcon.colcon_ros.task.ament_python.build:Package 'dbot' doesn't explicitly install a marker in the package index (colcon-ros currently does it implicitly but that fallback will be removed in the future)
[0.644s] WARNING:colcon.colcon_ros.task.ament_python.build:Package 'dbot' doesn't explicitly install the 'package.xml' file (colcon-ros currently does it implicitly but that fallback will be removed in the future)
[0.644s] INFO:colcon.colcon_core.task.python.build:Building Python package in '/home/dbot2/dbot_vda5050_ilmatar/src/dbot'
[0.644s] INFO:colcon.colcon_core.shell:Skip shell extension 'powershell' for command environment: Not usable outside of PowerShell
[0.644s] DEBUG:colcon.colcon_core.shell:Skip shell extension 'dsv' for command environment
[0.913s] INFO:colcon.colcon_core.task.python.build:Building Python package in '/home/dbot2/dbot_vda5050_ilmatar/src/dbot_bridge'
[0.913s] INFO:colcon.colcon_core.shell:Skip shell extension 'powershell' for command environment: Not usable outside of PowerShell
[0.913s] DEBUG:colcon.colcon_core.shell:Skip shell extension 'dsv' for command environment
[0.920s] DEBUG:colcon.colcon_core.event_handler.log_command:Invoking command in '/home/dbot2/dbot_vda5050_ilmatar/build/dbot_nav_slam': CMAKE_PREFIX_PATH=${CMAKE_PREFIX_PATH}:/home/dbot2/dbot_vda5050_ilmatar/install/vda5050_tb3_adapter:/home/dbot2/dbot_vda5050_ilmatar/install/vda5050_adapter:/home/dbot2/dbot_vda5050_ilmatar/install/tf2_dbot:/home/dbot2/dbot_vda5050_ilmatar/install/odom_motion_model:/home/dbot2/dbot_vda5050_ilmatar/install/motor_driver:/home/dbot2/dbot_vda5050_ilmatar/install/joycontrol:/home/dbot2/dbot_vda5050_ilmatar/install/gesturecontrol:/home/dbot2/dbot_vda5050_ilmatar/install/dbot_bridge:/home/dbot2/dbot_vda5050_ilmatar/install/dbot:/home/dbot2/dbot_src/install/tf2_dbot:/home/dbot2/dbot_src/install/odom_motion_model:/home/dbot2/dbot_src/install/motor_driver:/home/dbot2/dbot_src/install/joycontrol:/home/dbot2/dbot_src/install/dbot:/home/dbot2/dbot_remote/install/pcd_joy_trigger:/home/dbot2/circus_demo/install/circus_demo:/home/dbot2/ros2_ws/install/tf2_dbot:/home/dbot2/ros2_ws/install/odom_motion_model:/home/dbot2/ros2_ws/install/motor_driver:/home/dbot2/ros2_ws/install/joycontrol:/home/dbot2/ros2_ws/install/gesturecontrol:/home/dbot2/ros2_ws/install/dbot_bridge:/home/dbot2/ros2_ws/install/dbot:/home/dbot2/ros2_ws/install/ament_xmllint:/home/dbot2/ros2_ws/install/ament_uncrustify:/home/dbot2/ros2_ws/install/ament_pyflakes:/home/dbot2/ros2_ws/install/ament_pycodestyle:/home/dbot2/ros2_ws/install/ament_pep257:/home/dbot2/ros2_ws/install/ament_pclint:/home/dbot2/ros2_ws/install/ament_mypy:/home/dbot2/ros2_ws/install/ament_lint_cmake:/home/dbot2/ros2_ws/install/ament_flake8:/home/dbot2/ros2_ws/install/ament_copyright:/home/dbot2/ros2_ws/install/ament_lint:/home/dbot2/ros2_ws/install/ament_cpplint:/home/dbot2/ros2_ws/install/ament_cppcheck:/home/dbot2/ros2_ws/install/ament_clang_tidy:/home/dbot2/ros2_ws/install/ament_clang_format:/opt/ros/humble /usr/bin/cmake /home/dbot2/dbot_vda5050_ilmatar/src/dbot_nav_slam -DAMENT_CMAKE_SYMLINK_INSTALL=1 -DCMAKE_INSTALL_PREFIX=/home/dbot2/dbot_vda5050_ilmatar/install/dbot_nav_slam
[1.185s] INFO:colcon.colcon_core.task.python.build:Building Python package in '/home/dbot2/dbot_vda5050_ilmatar/src/gesturecontrol'
[1.185s] INFO:colcon.colcon_core.shell:Skip shell extension 'powershell' for command environment: Not usable outside of PowerShell
[1.185s] DEBUG:colcon.colcon_core.shell:Skip shell extension 'dsv' for command environment
[1.483s] INFO:colcon.colcon_core.task.python.build:Building Python package in '/home/dbot2/dbot_vda5050_ilmatar/src/joycontrol'
[1.483s] INFO:colcon.colcon_core.shell:Skip shell extension 'powershell' for command environment: Not usable outside of PowerShell
[1.484s] DEBUG:colcon.colcon_core.shell:Skip shell extension 'dsv' for command environment
[1.768s] INFO:colcon.colcon_core.task.python.build:Building Python package in '/home/dbot2/dbot_vda5050_ilmatar/src/tf2_dbot'
[1.768s] INFO:colcon.colcon_core.shell:Skip shell extension 'powershell' for command environment: Not usable outside of PowerShell
[1.768s] DEBUG:colcon.colcon_core.shell:Skip shell extension 'dsv' for command environment
[2.369s] DEBUG:colcon.colcon_core.event_handler.log_command:Invoking command in '/home/dbot2/dbot_vda5050_ilmatar/build/dbot_bridge': PYTHONPATH=/home/dbot2/dbot_vda5050_ilmatar/build/dbot_bridge/prefix_override:/usr/lib/python3/dist-packages/colcon_core/task/python/colcon_distutils_commands:/home/dbot2/dbot_vda5050_ilmatar/install/dbot_bridge/lib/python3.10/site-packages:${PYTHONPATH} /usr/bin/python3 -W ignore:setup.py install is deprecated -W ignore:easy_install command is deprecated setup.py develop --editable --build-directory /home/dbot2/dbot_vda5050_ilmatar/build/dbot_bridge/build --no-deps symlink_data
[2.383s] DEBUG:colcon.colcon_core.event_handler.log_command:Invoking command in '/home/dbot2/dbot_vda5050_ilmatar/build/dbot': PYTHONPATH=/home/dbot2/dbot_vda5050_ilmatar/build/dbot/prefix_override:/usr/lib/python3/dist-packages/colcon_core/task/python/colcon_distutils_commands:/home/dbot2/dbot_vda5050_ilmatar/install/dbot/lib/python3.10/site-packages:${PYTHONPATH} /usr/bin/python3 -W ignore:setup.py install is deprecated -W ignore:easy_install command is deprecated setup.py develop --editable --build-directory /home/dbot2/dbot_vda5050_ilmatar/build/dbot/build --no-deps symlink_data
[2.395s] DEBUG:colcon.colcon_core.event_handler.log_command:Invoking command in '/home/dbot2/dbot_vda5050_ilmatar/build/tf2_dbot': PYTHONPATH=/home/dbot2/dbot_vda5050_ilmatar/build/tf2_dbot/prefix_override:/usr/lib/python3/dist-packages/colcon_core/task/python/colcon_distutils_commands:/home/dbot2/dbot_vda5050_ilmatar/install/tf2_dbot/lib/python3.10/site-packages:${PYTHONPATH} /usr/bin/python3 -W ignore:setup.py install is deprecated -W ignore:easy_install command is deprecated setup.py develop --editable --build-directory /home/dbot2/dbot_vda5050_ilmatar/build/tf2_dbot/build --no-deps symlink_data
[2.401s] DEBUG:colcon.colcon_core.event_handler.log_command:Invoking command in '/home/dbot2/dbot_vda5050_ilmatar/build/joycontrol': PYTHONPATH=/home/dbot2/dbot_vda5050_ilmatar/build/joycontrol/prefix_override:/usr/lib/python3/dist-packages/colcon_core/task/python/colcon_distutils_commands:/home/dbot2/dbot_vda5050_ilmatar/install/joycontrol/lib/python3.10/site-packages:${PYTHONPATH} /usr/bin/python3 -W ignore:setup.py install is deprecated -W ignore:easy_install command is deprecated setup.py develop --editable --build-directory /home/dbot2/dbot_vda5050_ilmatar/build/joycontrol/build --no-deps symlink_data
[2.422s] DEBUG:colcon.colcon_core.event_handler.log_command:Invoking command in '/home/dbot2/dbot_vda5050_ilmatar/build/gesturecontrol': PYTHONPATH=/home/dbot2/dbot_vda5050_ilmatar/build/gesturecontrol/prefix_override:/usr/lib/python3/dist-packages/colcon_core/task/python/colcon_distutils_commands:/home/dbot2/dbot_vda5050_ilmatar/install/gesturecontrol/lib/python3.10/site-packages:${PYTHONPATH} /usr/bin/python3 -W ignore:setup.py install is deprecated -W ignore:easy_install command is deprecated setup.py develop --editable --build-directory /home/dbot2/dbot_vda5050_ilmatar/build/gesturecontrol/build --no-deps symlink_data
[2.448s] DEBUG:colcon.colcon_core.event_handler.log_command:Invoked command in '/home/dbot2/dbot_vda5050_ilmatar/build/dbot_nav_slam' returned '0': CMAKE_PREFIX_PATH=${CMAKE_PREFIX_PATH}:/home/dbot2/dbot_vda5050_ilmatar/install/vda5050_tb3_adapter:/home/dbot2/dbot_vda5050_ilmatar/install/vda5050_adapter:/home/dbot2/dbot_vda5050_ilmatar/install/tf2_dbot:/home/dbot2/dbot_vda5050_ilmatar/install/odom_motion_model:/home/dbot2/dbot_vda5050_ilmatar/install/motor_driver:/home/dbot2/dbot_vda5050_ilmatar/install/joycontrol:/home/dbot2/dbot_vda5050_ilmatar/install/gesturecontrol:/home/dbot2/dbot_vda5050_ilmatar/install/dbot_bridge:/home/dbot2/dbot_vda5050_ilmatar/install/dbot:/home/dbot2/dbot_src/install/tf2_dbot:/home/dbot2/dbot_src/install/odom_motion_model:/home/dbot2/dbot_src/install/motor_driver:/home/dbot2/dbot_src/install/joycontrol:/home/dbot2/dbot_src/install/dbot:/home/dbot2/dbot_remote/install/pcd_joy_trigger:/home/dbot2/circus_demo/install/circus_demo:/home/dbot2/ros2_ws/install/tf2_dbot:/home/dbot2/ros2_ws/install/odom_motion_model:/home/dbot2/ros2_ws/install/motor_driver:/home/dbot2/ros2_ws/install/joycontrol:/home/dbot2/ros2_ws/install/gesturecontrol:/home/dbot2/ros2_ws/install/dbot_bridge:/home/dbot2/ros2_ws/install/dbot:/home/dbot2/ros2_ws/install/ament_xmllint:/home/dbot2/ros2_ws/install/ament_uncrustify:/home/dbot2/ros2_ws/install/ament_pyflakes:/home/dbot2/ros2_ws/install/ament_pycodestyle:/home/dbot2/ros2_ws/install/ament_pep257:/home/dbot2/ros2_ws/install/ament_pclint:/home/dbot2/ros2_ws/install/ament_mypy:/home/dbot2/ros2_ws/install/ament_lint_cmake:/home/dbot2/ros2_ws/install/ament_flake8:/home/dbot2/ros2_ws/install/ament_copyright:/home/dbot2/ros2_ws/install/ament_lint:/home/dbot2/ros2_ws/install/ament_cpplint:/home/dbot2/ros2_ws/install/ament_cppcheck:/home/dbot2/ros2_ws/install/ament_clang_tidy:/home/dbot2/ros2_ws/install/ament_clang_format:/opt/ros/humble /usr/bin/cmake /home/dbot2/dbot_vda5050_ilmatar/src/dbot_nav_slam -DAMENT_CMAKE_SYMLINK_INSTALL=1 -DCMAKE_INSTALL_PREFIX=/home/dbot2/dbot_vda5050_ilmatar/install/dbot_nav_slam
[2.449s] DEBUG:colcon.colcon_core.event_handler.log_command:Invoking command in '/home/dbot2/dbot_vda5050_ilmatar/build/dbot_nav_slam': CMAKE_PREFIX_PATH=${CMAKE_PREFIX_PATH}:/home/dbot2/dbot_vda5050_ilmatar/install/vda5050_tb3_adapter:/home/dbot2/dbot_vda5050_ilmatar/install/vda5050_adapter:/home/dbot2/dbot_vda5050_ilmatar/install/tf2_dbot:/home/dbot2/dbot_vda5050_ilmatar/install/odom_motion_model:/home/dbot2/dbot_vda5050_ilmatar/install/motor_driver:/home/dbot2/dbot_vda5050_ilmatar/install/joycontrol:/home/dbot2/dbot_vda5050_ilmatar/install/gesturecontrol:/home/dbot2/dbot_vda5050_ilmatar/install/dbot_bridge:/home/dbot2/dbot_vda5050_ilmatar/install/dbot:/home/dbot2/dbot_src/install/tf2_dbot:/home/dbot2/dbot_src/install/odom_motion_model:/home/dbot2/dbot_src/install/motor_driver:/home/dbot2/dbot_src/install/joycontrol:/home/dbot2/dbot_src/install/dbot:/home/dbot2/dbot_remote/install/pcd_joy_trigger:/home/dbot2/circus_demo/install/circus_demo:/home/dbot2/ros2_ws/install/tf2_dbot:/home/dbot2/ros2_ws/install/odom_motion_model:/home/dbot2/ros2_ws/install/motor_driver:/home/dbot2/ros2_ws/install/joycontrol:/home/dbot2/ros2_ws/install/gesturecontrol:/home/dbot2/ros2_ws/install/dbot_bridge:/home/dbot2/ros2_ws/install/dbot:/home/dbot2/ros2_ws/install/ament_xmllint:/home/dbot2/ros2_ws/install/ament_uncrustify:/home/dbot2/ros2_ws/install/ament_pyflakes:/home/dbot2/ros2_ws/install/ament_pycodestyle:/home/dbot2/ros2_ws/install/ament_pep257:/home/dbot2/ros2_ws/install/ament_pclint:/home/dbot2/ros2_ws/install/ament_mypy:/home/dbot2/ros2_ws/install/ament_lint_cmake:/home/dbot2/ros2_ws/install/ament_flake8:/home/dbot2/ros2_ws/install/ament_copyright:/home/dbot2/ros2_ws/install/ament_lint:/home/dbot2/ros2_ws/install/ament_cpplint:/home/dbot2/ros2_ws/install/ament_cppcheck:/home/dbot2/ros2_ws/install/ament_clang_tidy:/home/dbot2/ros2_ws/install/ament_clang_format:/opt/ros/humble /usr/bin/cmake --build /home/dbot2/dbot_vda5050_ilmatar/build/dbot_nav_slam -- -j8 -l8
[2.524s] DEBUG:colcon.colcon_core.event_handler.log_command:Invoked command in '/home/dbot2/dbot_vda5050_ilmatar/build/dbot_custom_msgs' returned '0': CMAKE_PREFIX_PATH=${CMAKE_PREFIX_PATH}:/home/dbot2/dbot_vda5050_ilmatar/install/vda5050_tb3_adapter:/home/dbot2/dbot_vda5050_ilmatar/install/vda5050_adapter:/home/dbot2/dbot_vda5050_ilmatar/install/tf2_dbot:/home/dbot2/dbot_vda5050_ilmatar/install/odom_motion_model:/home/dbot2/dbot_vda5050_ilmatar/install/motor_driver:/home/dbot2/dbot_vda5050_ilmatar/install/joycontrol:/home/dbot2/dbot_vda5050_ilmatar/install/gesturecontrol:/home/dbot2/dbot_vda5050_ilmatar/install/dbot_bridge:/home/dbot2/dbot_vda5050_ilmatar/install/dbot:/home/dbot2/dbot_src/install/tf2_dbot:/home/dbot2/dbot_src/install/odom_motion_model:/home/dbot2/dbot_src/install/motor_driver:/home/dbot2/dbot_src/install/joycontrol:/home/dbot2/dbot_src/install/dbot:/home/dbot2/dbot_remote/install/pcd_joy_trigger:/home/dbot2/circus_demo/install/circus_demo:/home/dbot2/ros2_ws/install/tf2_dbot:/home/dbot2/ros2_ws/install/odom_motion_model:/home/dbot2/ros2_ws/install/motor_driver:/home/dbot2/ros2_ws/install/joycontrol:/home/dbot2/ros2_ws/install/gesturecontrol:/home/dbot2/ros2_ws/install/dbot_bridge:/home/dbot2/ros2_ws/install/dbot:/home/dbot2/ros2_ws/install/ament_xmllint:/home/dbot2/ros2_ws/install/ament_uncrustify:/home/dbot2/ros2_ws/install/ament_pyflakes:/home/dbot2/ros2_ws/install/ament_pycodestyle:/home/dbot2/ros2_ws/install/ament_pep257:/home/dbot2/ros2_ws/install/ament_pclint:/home/dbot2/ros2_ws/install/ament_mypy:/home/dbot2/ros2_ws/install/ament_lint_cmake:/home/dbot2/ros2_ws/install/ament_flake8:/home/dbot2/ros2_ws/install/ament_copyright:/home/dbot2/ros2_ws/install/ament_lint:/home/dbot2/ros2_ws/install/ament_cpplint:/home/dbot2/ros2_ws/install/ament_cppcheck:/home/dbot2/ros2_ws/install/ament_clang_tidy:/home/dbot2/ros2_ws/install/ament_clang_format:/opt/ros/humble /usr/bin/cmake /home/dbot2/dbot_vda5050_ilmatar/src/dbot_custom_msgs -DAMENT_CMAKE_SYMLINK_INSTALL=1 -DCMAKE_INSTALL_PREFIX=/home/dbot2/dbot_vda5050_ilmatar/install/dbot_custom_msgs
[2.525s] DEBUG:colcon.colcon_core.event_handler.log_command:Invoking command in '/home/dbot2/dbot_vda5050_ilmatar/build/dbot_custom_msgs': CMAKE_PREFIX_PATH=${CMAKE_PREFIX_PATH}:/home/dbot2/dbot_vda5050_ilmatar/install/vda5050_tb3_adapter:/home/dbot2/dbot_vda5050_ilmatar/install/vda5050_adapter:/home/dbot2/dbot_vda5050_ilmatar/install/tf2_dbot:/home/dbot2/dbot_vda5050_ilmatar/install/odom_motion_model:/home/dbot2/dbot_vda5050_ilmatar/install/motor_driver:/home/dbot2/dbot_vda5050_ilmatar/install/joycontrol:/home/dbot2/dbot_vda5050_ilmatar/install/gesturecontrol:/home/dbot2/dbot_vda5050_ilmatar/install/dbot_bridge:/home/dbot2/dbot_vda5050_ilmatar/install/dbot:/home/dbot2/dbot_src/install/tf2_dbot:/home/dbot2/dbot_src/install/odom_motion_model:/home/dbot2/dbot_src/install/motor_driver:/home/dbot2/dbot_src/install/joycontrol:/home/dbot2/dbot_src/install/dbot:/home/dbot2/dbot_remote/install/pcd_joy_trigger:/home/dbot2/circus_demo/install/circus_demo:/home/dbot2/ros2_ws/install/tf2_dbot:/home/dbot2/ros2_ws/install/odom_motion_model:/home/dbot2/ros2_ws/install/motor_driver:/home/dbot2/ros2_ws/install/joycontrol:/home/dbot2/ros2_ws/install/gesturecontrol:/home/dbot2/ros2_ws/install/dbot_bridge:/home/dbot2/ros2_ws/install/dbot:/home/dbot2/ros2_ws/install/ament_xmllint:/home/dbot2/ros2_ws/install/ament_uncrustify:/home/dbot2/ros2_ws/install/ament_pyflakes:/home/dbot2/ros2_ws/install/ament_pycodestyle:/home/dbot2/ros2_ws/install/ament_pep257:/home/dbot2/ros2_ws/install/ament_pclint:/home/dbot2/ros2_ws/install/ament_mypy:/home/dbot2/ros2_ws/install/ament_lint_cmake:/home/dbot2/ros2_ws/install/ament_flake8:/home/dbot2/ros2_ws/install/ament_copyright:/home/dbot2/ros2_ws/install/ament_lint:/home/dbot2/ros2_ws/install/ament_cpplint:/home/dbot2/ros2_ws/install/ament_cppcheck:/home/dbot2/ros2_ws/install/ament_clang_tidy:/home/dbot2/ros2_ws/install/ament_clang_format:/opt/ros/humble /usr/bin/cmake --build /home/dbot2/dbot_vda5050_ilmatar/build/dbot_custom_msgs -- -j8 -l8
[3.155s] DEBUG:colcon.colcon_core.event_handler.log_command:Invoked command in '/home/dbot2/dbot_vda5050_ilmatar/build/dbot_nav_slam' returned '0': CMAKE_PREFIX_PATH=${CMAKE_PREFIX_PATH}:/home/dbot2/dbot_vda5050_ilmatar/install/vda5050_tb3_adapter:/home/dbot2/dbot_vda5050_ilmatar/install/vda5050_adapter:/home/dbot2/dbot_vda5050_ilmatar/install/tf2_dbot:/home/dbot2/dbot_vda5050_ilmatar/install/odom_motion_model:/home/dbot2/dbot_vda5050_ilmatar/install/motor_driver:/home/dbot2/dbot_vda5050_ilmatar/install/joycontrol:/home/dbot2/dbot_vda5050_ilmatar/install/gesturecontrol:/home/dbot2/dbot_vda5050_ilmatar/install/dbot_bridge:/home/dbot2/dbot_vda5050_ilmatar/install/dbot:/home/dbot2/dbot_src/install/tf2_dbot:/home/dbot2/dbot_src/install/odom_motion_model:/home/dbot2/dbot_src/install/motor_driver:/home/dbot2/dbot_src/install/joycontrol:/home/dbot2/dbot_src/install/dbot:/home/dbot2/dbot_remote/install/pcd_joy_trigger:/home/dbot2/circus_demo/install/circus_demo:/home/dbot2/ros2_ws/install/tf2_dbot:/home/dbot2/ros2_ws/install/odom_motion_model:/home/dbot2/ros2_ws/install/motor_driver:/home/dbot2/ros2_ws/install/joycontrol:/home/dbot2/ros2_ws/install/gesturecontrol:/home/dbot2/ros2_ws/install/dbot_bridge:/home/dbot2/ros2_ws/install/dbot:/home/dbot2/ros2_ws/install/ament_xmllint:/home/dbot2/ros2_ws/install/ament_uncrustify:/home/dbot2/ros2_ws/install/ament_pyflakes:/home/dbot2/ros2_ws/install/ament_pycodestyle:/home/dbot2/ros2_ws/install/ament_pep257:/home/dbot2/ros2_ws/install/ament_pclint:/home/dbot2/ros2_ws/install/ament_mypy:/home/dbot2/ros2_ws/install/ament_lint_cmake:/home/dbot2/ros2_ws/install/ament_flake8:/home/dbot2/ros2_ws/install/ament_copyright:/home/dbot2/ros2_ws/install/ament_lint:/home/dbot2/ros2_ws/install/ament_cpplint:/home/dbot2/ros2_ws/install/ament_cppcheck:/home/dbot2/ros2_ws/install/ament_clang_tidy:/home/dbot2/ros2_ws/install/ament_clang_format:/opt/ros/humble /usr/bin/cmake --build /home/dbot2/dbot_vda5050_ilmatar/build/dbot_nav_slam -- -j8 -l8
[3.171s] DEBUG:colcon.colcon_core.event_handler.log_command:Invoking command in '/home/dbot2/dbot_vda5050_ilmatar/build/dbot_nav_slam': CMAKE_PREFIX_PATH=${CMAKE_PREFIX_PATH}:/home/dbot2/dbot_vda5050_ilmatar/install/vda5050_tb3_adapter:/home/dbot2/dbot_vda5050_ilmatar/install/vda5050_adapter:/home/dbot2/dbot_vda5050_ilmatar/install/tf2_dbot:/home/dbot2/dbot_vda5050_ilmatar/install/odom_motion_model:/home/dbot2/dbot_vda5050_ilmatar/install/motor_driver:/home/dbot2/dbot_vda5050_ilmatar/install/joycontrol:/home/dbot2/dbot_vda5050_ilmatar/install/gesturecontrol:/home/dbot2/dbot_vda5050_ilmatar/install/dbot_bridge:/home/dbot2/dbot_vda5050_ilmatar/install/dbot:/home/dbot2/dbot_src/install/tf2_dbot:/home/dbot2/dbot_src/install/odom_motion_model:/home/dbot2/dbot_src/install/motor_driver:/home/dbot2/dbot_src/install/joycontrol:/home/dbot2/dbot_src/install/dbot:/home/dbot2/dbot_remote/install/pcd_joy_trigger:/home/dbot2/circus_demo/install/circus_demo:/home/dbot2/ros2_ws/install/tf2_dbot:/home/dbot2/ros2_ws/install/odom_motion_model:/home/dbot2/ros2_ws/install/motor_driver:/home/dbot2/ros2_ws/install/joycontrol:/home/dbot2/ros2_ws/install/gesturecontrol:/home/dbot2/ros2_ws/install/dbot_bridge:/home/dbot2/ros2_ws/install/dbot:/home/dbot2/ros2_ws/install/ament_xmllint:/home/dbot2/ros2_ws/install/ament_uncrustify:/home/dbot2/ros2_ws/install/ament_pyflakes:/home/dbot2/ros2_ws/install/ament_pycodestyle:/home/dbot2/ros2_ws/install/ament_pep257:/home/dbot2/ros2_ws/install/ament_pclint:/home/dbot2/ros2_ws/install/ament_mypy:/home/dbot2/ros2_ws/install/ament_lint_cmake:/home/dbot2/ros2_ws/install/ament_flake8:/home/dbot2/ros2_ws/install/ament_copyright:/home/dbot2/ros2_ws/install/ament_lint:/home/dbot2/ros2_ws/install/ament_cpplint:/home/dbot2/ros2_ws/install/ament_cppcheck:/home/dbot2/ros2_ws/install/ament_clang_tidy:/home/dbot2/ros2_ws/install/ament_clang_format:/opt/ros/humble /usr/bin/cmake --install /home/dbot2/dbot_vda5050_ilmatar/build/dbot_nav_slam
[3.172s] DEBUG:colcon.colcon_core.event_handler.log_command:Invoked command in '/home/dbot2/dbot_vda5050_ilmatar/build/vda5050_msgs' returned '0': CMAKE_PREFIX_PATH=${CMAKE_PREFIX_PATH}:/home/dbot2/dbot_vda5050_ilmatar/install/vda5050_tb3_adapter:/home/dbot2/dbot_vda5050_ilmatar/install/vda5050_adapter:/home/dbot2/dbot_vda5050_ilmatar/install/tf2_dbot:/home/dbot2/dbot_vda5050_ilmatar/install/odom_motion_model:/home/dbot2/dbot_vda5050_ilmatar/install/motor_driver:/home/dbot2/dbot_vda5050_ilmatar/install/joycontrol:/home/dbot2/dbot_vda5050_ilmatar/install/gesturecontrol:/home/dbot2/dbot_vda5050_ilmatar/install/dbot_bridge:/home/dbot2/dbot_vda5050_ilmatar/install/dbot:/home/dbot2/dbot_src/install/tf2_dbot:/home/dbot2/dbot_src/install/odom_motion_model:/home/dbot2/dbot_src/install/motor_driver:/home/dbot2/dbot_src/install/joycontrol:/home/dbot2/dbot_src/install/dbot:/home/dbot2/dbot_remote/install/pcd_joy_trigger:/home/dbot2/circus_demo/install/circus_demo:/home/dbot2/ros2_ws/install/tf2_dbot:/home/dbot2/ros2_ws/install/odom_motion_model:/home/dbot2/ros2_ws/install/motor_driver:/home/dbot2/ros2_ws/install/joycontrol:/home/dbot2/ros2_ws/install/gesturecontrol:/home/dbot2/ros2_ws/install/dbot_bridge:/home/dbot2/ros2_ws/install/dbot:/home/dbot2/ros2_ws/install/ament_xmllint:/home/dbot2/ros2_ws/install/ament_uncrustify:/home/dbot2/ros2_ws/install/ament_pyflakes:/home/dbot2/ros2_ws/install/ament_pycodestyle:/home/dbot2/ros2_ws/install/ament_pep257:/home/dbot2/ros2_ws/install/ament_pclint:/home/dbot2/ros2_ws/install/ament_mypy:/home/dbot2/ros2_ws/install/ament_lint_cmake:/home/dbot2/ros2_ws/install/ament_flake8:/home/dbot2/ros2_ws/install/ament_copyright:/home/dbot2/ros2_ws/install/ament_lint:/home/dbot2/ros2_ws/install/ament_cpplint:/home/dbot2/ros2_ws/install/ament_cppcheck:/home/dbot2/ros2_ws/install/ament_clang_tidy:/home/dbot2/ros2_ws/install/ament_clang_format:/opt/ros/humble /usr/bin/cmake /home/dbot2/dbot_vda5050_ilmatar/src/vda5050_msgs -DAMENT_CMAKE_SYMLINK_INSTALL=1 -DCMAKE_INSTALL_PREFIX=/home/dbot2/dbot_vda5050_ilmatar/install/vda5050_msgs
[3.172s] DEBUG:colcon.colcon_core.event_handler.log_command:Invoking command in '/home/dbot2/dbot_vda5050_ilmatar/build/vda5050_msgs': CMAKE_PREFIX_PATH=${CMAKE_PREFIX_PATH}:/home/dbot2/dbot_vda5050_ilmatar/install/vda5050_tb3_adapter:/home/dbot2/dbot_vda5050_ilmatar/install/vda5050_adapter:/home/dbot2/dbot_vda5050_ilmatar/install/tf2_dbot:/home/dbot2/dbot_vda5050_ilmatar/install/odom_motion_model:/home/dbot2/dbot_vda5050_ilmatar/install/motor_driver:/home/dbot2/dbot_vda5050_ilmatar/install/joycontrol:/home/dbot2/dbot_vda5050_ilmatar/install/gesturecontrol:/home/dbot2/dbot_vda5050_ilmatar/install/dbot_bridge:/home/dbot2/dbot_vda5050_ilmatar/install/dbot:/home/dbot2/dbot_src/install/tf2_dbot:/home/dbot2/dbot_src/install/odom_motion_model:/home/dbot2/dbot_src/install/motor_driver:/home/dbot2/dbot_src/install/joycontrol:/home/dbot2/dbot_src/install/dbot:/home/dbot2/dbot_remote/install/pcd_joy_trigger:/home/dbot2/circus_demo/install/circus_demo:/home/dbot2/ros2_ws/install/tf2_dbot:/home/dbot2/ros2_ws/install/odom_motion_model:/home/dbot2/ros2_ws/install/motor_driver:/home/dbot2/ros2_ws/install/joycontrol:/home/dbot2/ros2_ws/install/gesturecontrol:/home/dbot2/ros2_ws/install/dbot_bridge:/home/dbot2/ros2_ws/install/dbot:/home/dbot2/ros2_ws/install/ament_xmllint:/home/dbot2/ros2_ws/install/ament_uncrustify:/home/dbot2/ros2_ws/install/ament_pyflakes:/home/dbot2/ros2_ws/install/ament_pycodestyle:/home/dbot2/ros2_ws/install/ament_pep257:/home/dbot2/ros2_ws/install/ament_pclint:/home/dbot2/ros2_ws/install/ament_mypy:/home/dbot2/ros2_ws/install/ament_lint_cmake:/home/dbot2/ros2_ws/install/ament_flake8:/home/dbot2/ros2_ws/install/ament_copyright:/home/dbot2/ros2_ws/install/ament_lint:/home/dbot2/ros2_ws/install/ament_cpplint:/home/dbot2/ros2_ws/install/ament_cppcheck:/home/dbot2/ros2_ws/install/ament_clang_tidy:/home/dbot2/ros2_ws/install/ament_clang_format:/opt/ros/humble /usr/bin/cmake --build /home/dbot2/dbot_vda5050_ilmatar/build/vda5050_msgs -- -j8 -l8
[3.196s] Level 1:colcon.colcon_core.shell:create_environment_hook('dbot_bridge', 'pythonpath_develop')
[3.197s] DEBUG:colcon.colcon_core.event_handler.log_command:Invoked command in '/home/dbot2/dbot_vda5050_ilmatar/build/dbot_bridge' returned '0': PYTHONPATH=/home/dbot2/dbot_vda5050_ilmatar/build/dbot_bridge/prefix_override:/usr/lib/python3/dist-packages/colcon_core/task/python/colcon_distutils_commands:/home/dbot2/dbot_vda5050_ilmatar/install/dbot_bridge/lib/python3.10/site-packages:${PYTHONPATH} /usr/bin/python3 -W ignore:setup.py install is deprecated -W ignore:easy_install command is deprecated setup.py develop --editable --build-directory /home/dbot2/dbot_vda5050_ilmatar/build/dbot_bridge/build --no-deps symlink_data
[3.197s] INFO:colcon.colcon_core.shell:Creating environment hook '/home/dbot2/dbot_vda5050_ilmatar/build/dbot_bridge/share/dbot_bridge/hook/pythonpath_develop.ps1'
[3.202s] INFO:colcon.colcon_core.shell:Creating environment descriptor '/home/dbot2/dbot_vda5050_ilmatar/build/dbot_bridge/share/dbot_bridge/hook/pythonpath_develop.dsv'
[3.202s] INFO:colcon.colcon_core.shell:Creating environment hook '/home/dbot2/dbot_vda5050_ilmatar/build/dbot_bridge/share/dbot_bridge/hook/pythonpath_develop.sh'
[3.211s] Level 1:colcon.colcon_core.environment:checking '/home/dbot2/dbot_vda5050_ilmatar/install/dbot_bridge' for CMake module files
[3.212s] Level 1:colcon.colcon_core.environment:checking '/home/dbot2/dbot_vda5050_ilmatar/install/dbot_bridge' for CMake config files
[3.212s] Level 1:colcon.colcon_core.environment:checking '/home/dbot2/dbot_vda5050_ilmatar/install/dbot_bridge/lib'
[3.213s] Level 1:colcon.colcon_core.environment:checking '/home/dbot2/dbot_vda5050_ilmatar/install/dbot_bridge/bin'
[3.217s] Level 1:colcon.colcon_core.environment:checking '/home/dbot2/dbot_vda5050_ilmatar/install/dbot_bridge/lib/pkgconfig/dbot_bridge.pc'
[3.217s] Level 1:colcon.colcon_core.environment:checking '/home/dbot2/dbot_vda5050_ilmatar/install/dbot_bridge/lib/python3.10/site-packages'
[3.217s] Level 1:colcon.colcon_core.shell:create_environment_hook('dbot_bridge', 'pythonpath')
[3.217s] INFO:colcon.colcon_core.shell:Creating environment hook '/home/dbot2/dbot_vda5050_ilmatar/install/dbot_bridge/share/dbot_bridge/hook/pythonpath.ps1'
[3.218s] INFO:colcon.colcon_core.shell:Creating environment descriptor '/home/dbot2/dbot_vda5050_ilmatar/install/dbot_bridge/share/dbot_bridge/hook/pythonpath.dsv'
[3.218s] INFO:colcon.colcon_core.shell:Creating environment hook '/home/dbot2/dbot_vda5050_ilmatar/install/dbot_bridge/share/dbot_bridge/hook/pythonpath.sh'
[3.219s] Level 1:colcon.colcon_core.environment:checking '/home/dbot2/dbot_vda5050_ilmatar/install/dbot_bridge/bin'
[3.219s] Level 1:colcon.colcon_core.environment:create_environment_scripts_only(dbot_bridge)
[3.219s] INFO:colcon.colcon_core.shell:Creating package script '/home/dbot2/dbot_vda5050_ilmatar/install/dbot_bridge/share/dbot_bridge/package.ps1'
[3.225s] INFO:colcon.colcon_core.shell:Creating package descriptor '/home/dbot2/dbot_vda5050_ilmatar/install/dbot_bridge/share/dbot_bridge/package.dsv'
[3.226s] INFO:colcon.colcon_core.shell:Creating package script '/home/dbot2/dbot_vda5050_ilmatar/install/dbot_bridge/share/dbot_bridge/package.sh'
[3.231s] INFO:colcon.colcon_core.shell:Creating package script '/home/dbot2/dbot_vda5050_ilmatar/install/dbot_bridge/share/dbot_bridge/package.bash'
[3.233s] INFO:colcon.colcon_core.shell:Creating package script '/home/dbot2/dbot_vda5050_ilmatar/install/dbot_bridge/share/dbot_bridge/package.zsh'
[3.233s] Level 1:colcon.colcon_core.environment:create_file_with_runtime_dependencies(/home/dbot2/dbot_vda5050_ilmatar/install/dbot_bridge/share/colcon-core/packages/dbot_bridge)
[3.234s] INFO:colcon.colcon_ros.task.ament_cmake.build:Building ROS package in '/home/dbot2/dbot_vda5050_ilmatar/src/vda_dbot_nav_slam' with build type 'ament_cmake'
[3.234s] INFO:colcon.colcon_cmake.task.cmake.build:Building CMake package in '/home/dbot2/dbot_vda5050_ilmatar/src/vda_dbot_nav_slam'
[3.234s] INFO:colcon.colcon_core.shell:Skip shell extension 'powershell' for command environment: Not usable outside of PowerShell
[3.235s] DEBUG:colcon.colcon_core.shell:Skip shell extension 'dsv' for command environment
[3.254s] Level 1:colcon.colcon_core.shell:create_environment_hook('tf2_dbot', 'pythonpath_develop')
[3.255s] DEBUG:colcon.colcon_core.event_handler.log_command:Invoked command in '/home/dbot2/dbot_vda5050_ilmatar/build/tf2_dbot' returned '0': PYTHONPATH=/home/dbot2/dbot_vda5050_ilmatar/build/tf2_dbot/prefix_override:/usr/lib/python3/dist-packages/colcon_core/task/python/colcon_distutils_commands:/home/dbot2/dbot_vda5050_ilmatar/install/tf2_dbot/lib/python3.10/site-packages:${PYTHONPATH} /usr/bin/python3 -W ignore:setup.py install is deprecated -W ignore:easy_install command is deprecated setup.py develop --editable --build-directory /home/dbot2/dbot_vda5050_ilmatar/build/tf2_dbot/build --no-deps symlink_data
[3.255s] INFO:colcon.colcon_core.shell:Creating environment hook '/home/dbot2/dbot_vda5050_ilmatar/build/tf2_dbot/share/tf2_dbot/hook/pythonpath_develop.ps1'
[3.257s] INFO:colcon.colcon_core.shell:Creating environment descriptor '/home/dbot2/dbot_vda5050_ilmatar/build/tf2_dbot/share/tf2_dbot/hook/pythonpath_develop.dsv'
[3.258s] INFO:colcon.colcon_core.shell:Creating environment hook '/home/dbot2/dbot_vda5050_ilmatar/build/tf2_dbot/share/tf2_dbot/hook/pythonpath_develop.sh'
[3.258s] Level 1:colcon.colcon_core.environment:checking '/home/dbot2/dbot_vda5050_ilmatar/install/tf2_dbot' for CMake module files
[3.259s] Level 1:colcon.colcon_core.environment:checking '/home/dbot2/dbot_vda5050_ilmatar/install/tf2_dbot' for CMake config files
[3.259s] Level 1:colcon.colcon_core.environment:checking '/home/dbot2/dbot_vda5050_ilmatar/install/tf2_dbot/lib'
[3.259s] Level 1:colcon.colcon_core.environment:checking '/home/dbot2/dbot_vda5050_ilmatar/install/tf2_dbot/bin'
[3.260s] Level 1:colcon.colcon_core.environment:checking '/home/dbot2/dbot_vda5050_ilmatar/install/tf2_dbot/lib/pkgconfig/tf2_dbot.pc'
[3.261s] Level 1:colcon.colcon_core.environment:checking '/home/dbot2/dbot_vda5050_ilmatar/install/tf2_dbot/lib/python3.10/site-packages'
[3.262s] Level 1:colcon.colcon_core.shell:create_environment_hook('tf2_dbot', 'pythonpath')
[3.263s] INFO:colcon.colcon_core.shell:Creating environment hook '/home/dbot2/dbot_vda5050_ilmatar/install/tf2_dbot/share/tf2_dbot/hook/pythonpath.ps1'
[3.264s] INFO:colcon.colcon_core.shell:Creating environment descriptor '/home/dbot2/dbot_vda5050_ilmatar/install/tf2_dbot/share/tf2_dbot/hook/pythonpath.dsv'
[3.264s] INFO:colcon.colcon_core.shell:Creating environment hook '/home/dbot2/dbot_vda5050_ilmatar/install/tf2_dbot/share/tf2_dbot/hook/pythonpath.sh'
[3.264s] Level 1:colcon.colcon_core.environment:checking '/home/dbot2/dbot_vda5050_ilmatar/install/tf2_dbot/bin'
[3.264s] Level 1:colcon.colcon_core.environment:create_environment_scripts_only(tf2_dbot)
[3.265s] INFO:colcon.colcon_core.shell:Creating package script '/home/dbot2/dbot_vda5050_ilmatar/install/tf2_dbot/share/tf2_dbot/package.ps1'
[3.265s] INFO:colcon.colcon_core.shell:Creating package descriptor '/home/dbot2/dbot_vda5050_ilmatar/install/tf2_dbot/share/tf2_dbot/package.dsv'
[3.266s] INFO:colcon.colcon_core.shell:Creating package script '/home/dbot2/dbot_vda5050_ilmatar/install/tf2_dbot/share/tf2_dbot/package.sh'
[3.266s] INFO:colcon.colcon_core.shell:Creating package script '/home/dbot2/dbot_vda5050_ilmatar/install/tf2_dbot/share/tf2_dbot/package.bash'
[3.267s] INFO:colcon.colcon_core.shell:Creating package script '/home/dbot2/dbot_vda5050_ilmatar/install/tf2_dbot/share/tf2_dbot/package.zsh'
[3.267s] Level 1:colcon.colcon_core.environment:create_file_with_runtime_dependencies(/home/dbot2/dbot_vda5050_ilmatar/install/tf2_dbot/share/colcon-core/packages/tf2_dbot)
[3.270s] DEBUG:colcon.colcon_core.event_handler.log_command:Invoking command in '/home/dbot2/dbot_vda5050_ilmatar/build/vda_dbot_nav_slam': CMAKE_PREFIX_PATH=${CMAKE_PREFIX_PATH}:/home/dbot2/dbot_vda5050_ilmatar/install/vda5050_tb3_adapter:/home/dbot2/dbot_vda5050_ilmatar/install/vda5050_adapter:/home/dbot2/dbot_vda5050_ilmatar/install/tf2_dbot:/home/dbot2/dbot_vda5050_ilmatar/install/odom_motion_model:/home/dbot2/dbot_vda5050_ilmatar/install/motor_driver:/home/dbot2/dbot_vda5050_ilmatar/install/joycontrol:/home/dbot2/dbot_vda5050_ilmatar/install/gesturecontrol:/home/dbot2/dbot_vda5050_ilmatar/install/dbot_bridge:/home/dbot2/dbot_vda5050_ilmatar/install/dbot:/home/dbot2/dbot_src/install/tf2_dbot:/home/dbot2/dbot_src/install/odom_motion_model:/home/dbot2/dbot_src/install/motor_driver:/home/dbot2/dbot_src/install/joycontrol:/home/dbot2/dbot_src/install/dbot:/home/dbot2/dbot_remote/install/pcd_joy_trigger:/home/dbot2/circus_demo/install/circus_demo:/home/dbot2/ros2_ws/install/tf2_dbot:/home/dbot2/ros2_ws/install/odom_motion_model:/home/dbot2/ros2_ws/install/motor_driver:/home/dbot2/ros2_ws/install/joycontrol:/home/dbot2/ros2_ws/install/gesturecontrol:/home/dbot2/ros2_ws/install/dbot_bridge:/home/dbot2/ros2_ws/install/dbot:/home/dbot2/ros2_ws/install/ament_xmllint:/home/dbot2/ros2_ws/install/ament_uncrustify:/home/dbot2/ros2_ws/install/ament_pyflakes:/home/dbot2/ros2_ws/install/ament_pycodestyle:/home/dbot2/ros2_ws/install/ament_pep257:/home/dbot2/ros2_ws/install/ament_pclint:/home/dbot2/ros2_ws/install/ament_mypy:/home/dbot2/ros2_ws/install/ament_lint_cmake:/home/dbot2/ros2_ws/install/ament_flake8:/home/dbot2/ros2_ws/install/ament_copyright:/home/dbot2/ros2_ws/install/ament_lint:/home/dbot2/ros2_ws/install/ament_cpplint:/home/dbot2/ros2_ws/install/ament_cppcheck:/home/dbot2/ros2_ws/install/ament_clang_tidy:/home/dbot2/ros2_ws/install/ament_clang_format:/opt/ros/humble /usr/bin/cmake /home/dbot2/dbot_vda5050_ilmatar/src/vda_dbot_nav_slam -DAMENT_CMAKE_SYMLINK_INSTALL=1 -DCMAKE_INSTALL_PREFIX=/home/dbot2/dbot_vda5050_ilmatar/install/vda_dbot_nav_slam
[3.289s] Level 1:colcon.colcon_core.shell:create_environment_hook('dbot', 'pythonpath_develop')
[3.289s] INFO:colcon.colcon_core.shell:Creating environment hook '/home/dbot2/dbot_vda5050_ilmatar/build/dbot/share/dbot/hook/pythonpath_develop.ps1'
[3.290s] DEBUG:colcon.colcon_core.event_handler.log_command:Invoked command in '/home/dbot2/dbot_vda5050_ilmatar/build/dbot' returned '0': PYTHONPATH=/home/dbot2/dbot_vda5050_ilmatar/build/dbot/prefix_override:/usr/lib/python3/dist-packages/colcon_core/task/python/colcon_distutils_commands:/home/dbot2/dbot_vda5050_ilmatar/install/dbot/lib/python3.10/site-packages:${PYTHONPATH} /usr/bin/python3 -W ignore:setup.py install is deprecated -W ignore:easy_install command is deprecated setup.py develop --editable --build-directory /home/dbot2/dbot_vda5050_ilmatar/build/dbot/build --no-deps symlink_data
[3.290s] INFO:colcon.colcon_core.shell:Creating environment descriptor '/home/dbot2/dbot_vda5050_ilmatar/build/dbot/share/dbot/hook/pythonpath_develop.dsv'
[3.291s] INFO:colcon.colcon_core.shell:Creating environment hook '/home/dbot2/dbot_vda5050_ilmatar/build/dbot/share/dbot/hook/pythonpath_develop.sh'
[3.291s] Level 1:colcon.colcon_core.environment:checking '/home/dbot2/dbot_vda5050_ilmatar/install/dbot' for CMake module files
[3.293s] Level 1:colcon.colcon_core.environment:checking '/home/dbot2/dbot_vda5050_ilmatar/install/dbot' for CMake config files
[3.293s] Level 1:colcon.colcon_core.environment:checking '/home/dbot2/dbot_vda5050_ilmatar/install/dbot/lib'
[3.294s] Level 1:colcon.colcon_core.environment:checking '/home/dbot2/dbot_vda5050_ilmatar/install/dbot/bin'
[3.294s] Level 1:colcon.colcon_core.environment:checking '/home/dbot2/dbot_vda5050_ilmatar/install/dbot/lib/pkgconfig/dbot.pc'
[3.294s] Level 1:colcon.colcon_core.environment:checking '/home/dbot2/dbot_vda5050_ilmatar/install/dbot/lib/python3.10/site-packages'
[3.294s] Level 1:colcon.colcon_core.shell:create_environment_hook('dbot', 'pythonpath')
[3.294s] INFO:colcon.colcon_core.shell:Creating environment hook '/home/dbot2/dbot_vda5050_ilmatar/install/dbot/share/dbot/hook/pythonpath.ps1'
[3.299s] INFO:colcon.colcon_core.shell:Creating environment descriptor '/home/dbot2/dbot_vda5050_ilmatar/install/dbot/share/dbot/hook/pythonpath.dsv'
[3.301s] INFO:colcon.colcon_core.shell:Creating environment hook '/home/dbot2/dbot_vda5050_ilmatar/install/dbot/share/dbot/hook/pythonpath.sh'
[3.302s] Level 1:colcon.colcon_core.environment:checking '/home/dbot2/dbot_vda5050_ilmatar/install/dbot/bin'
[3.302s] Level 1:colcon.colcon_core.environment:create_environment_scripts_only(dbot)
[3.302s] INFO:colcon.colcon_core.shell:Creating package script '/home/dbot2/dbot_vda5050_ilmatar/install/dbot/share/dbot/package.ps1'
[3.303s] INFO:colcon.colcon_core.shell:Creating package descriptor '/home/dbot2/dbot_vda5050_ilmatar/install/dbot/share/dbot/package.dsv'
[3.303s] INFO:colcon.colcon_core.shell:Creating package script '/home/dbot2/dbot_vda5050_ilmatar/install/dbot/share/dbot/package.sh'
[3.304s] INFO:colcon.colcon_core.shell:Creating package script '/home/dbot2/dbot_vda5050_ilmatar/install/dbot/share/dbot/package.bash'
[3.304s] INFO:colcon.colcon_core.shell:Creating package script '/home/dbot2/dbot_vda5050_ilmatar/install/dbot/share/dbot/package.zsh'
[3.304s] Level 1:colcon.colcon_core.environment:create_file_with_runtime_dependencies(/home/dbot2/dbot_vda5050_ilmatar/install/dbot/share/colcon-core/packages/dbot)
[3.364s] Level 1:colcon.colcon_core.shell:create_environment_hook('gesturecontrol', 'pythonpath_develop')
[3.364s] INFO:colcon.colcon_core.shell:Creating environment hook '/home/dbot2/dbot_vda5050_ilmatar/build/gesturecontrol/share/gesturecontrol/hook/pythonpath_develop.ps1'
[3.365s] DEBUG:colcon.colcon_core.event_handler.log_command:Invoked command in '/home/dbot2/dbot_vda5050_ilmatar/build/gesturecontrol' returned '0': PYTHONPATH=/home/dbot2/dbot_vda5050_ilmatar/build/gesturecontrol/prefix_override:/usr/lib/python3/dist-packages/colcon_core/task/python/colcon_distutils_commands:/home/dbot2/dbot_vda5050_ilmatar/install/gesturecontrol/lib/python3.10/site-packages:${PYTHONPATH} /usr/bin/python3 -W ignore:setup.py install is deprecated -W ignore:easy_install command is deprecated setup.py develop --editable --build-directory /home/dbot2/dbot_vda5050_ilmatar/build/gesturecontrol/build --no-deps symlink_data
[3.366s] INFO:colcon.colcon_core.shell:Creating environment descriptor '/home/dbot2/dbot_vda5050_ilmatar/build/gesturecontrol/share/gesturecontrol/hook/pythonpath_develop.dsv'
[3.366s] INFO:colcon.colcon_core.shell:Creating environment hook '/home/dbot2/dbot_vda5050_ilmatar/build/gesturecontrol/share/gesturecontrol/hook/pythonpath_develop.sh'
[3.367s] Level 1:colcon.colcon_core.environment:checking '/home/dbot2/dbot_vda5050_ilmatar/install/gesturecontrol' for CMake module files
[3.367s] Level 1:colcon.colcon_core.environment:checking '/home/dbot2/dbot_vda5050_ilmatar/install/gesturecontrol' for CMake config files
[3.368s] Level 1:colcon.colcon_core.environment:checking '/home/dbot2/dbot_vda5050_ilmatar/install/gesturecontrol/lib'
[3.368s] Level 1:colcon.colcon_core.environment:checking '/home/dbot2/dbot_vda5050_ilmatar/install/gesturecontrol/bin'
[3.368s] Level 1:colcon.colcon_core.environment:checking '/home/dbot2/dbot_vda5050_ilmatar/install/gesturecontrol/lib/pkgconfig/gesturecontrol.pc'
[3.368s] Level 1:colcon.colcon_core.environment:checking '/home/dbot2/dbot_vda5050_ilmatar/install/gesturecontrol/lib/python3.10/site-packages'
[3.368s] Level 1:colcon.colcon_core.shell:create_environment_hook('gesturecontrol', 'pythonpath')
[3.368s] INFO:colcon.colcon_core.shell:Creating environment hook '/home/dbot2/dbot_vda5050_ilmatar/install/gesturecontrol/share/gesturecontrol/hook/pythonpath.ps1'
[3.369s] INFO:colcon.colcon_core.shell:Creating environment descriptor '/home/dbot2/dbot_vda5050_ilmatar/install/gesturecontrol/share/gesturecontrol/hook/pythonpath.dsv'
[3.369s] INFO:colcon.colcon_core.shell:Creating environment hook '/home/dbot2/dbot_vda5050_ilmatar/install/gesturecontrol/share/gesturecontrol/hook/pythonpath.sh'
[3.376s] Level 1:colcon.colcon_core.environment:checking '/home/dbot2/dbot_vda5050_ilmatar/install/gesturecontrol/bin'
[3.376s] Level 1:colcon.colcon_core.environment:create_environment_scripts_only(gesturecontrol)
[3.376s] INFO:colcon.colcon_core.shell:Creating package script '/home/dbot2/dbot_vda5050_ilmatar/install/gesturecontrol/share/gesturecontrol/package.ps1'
[3.377s] INFO:colcon.colcon_core.shell:Creating package descriptor '/home/dbot2/dbot_vda5050_ilmatar/install/gesturecontrol/share/gesturecontrol/package.dsv'
[3.378s] INFO:colcon.colcon_core.shell:Creating package script '/home/dbot2/dbot_vda5050_ilmatar/install/gesturecontrol/share/gesturecontrol/package.sh'
[3.378s] INFO:colcon.colcon_core.shell:Creating package script '/home/dbot2/dbot_vda5050_ilmatar/install/gesturecontrol/share/gesturecontrol/package.bash'
[3.378s] INFO:colcon.colcon_core.shell:Creating package script '/home/dbot2/dbot_vda5050_ilmatar/install/gesturecontrol/share/gesturecontrol/package.zsh'
[3.383s] Level 1:colcon.colcon_core.environment:create_file_with_runtime_dependencies(/home/dbot2/dbot_vda5050_ilmatar/install/gesturecontrol/share/colcon-core/packages/gesturecontrol)
[3.384s] Level 1:colcon.colcon_core.shell:create_environment_hook('joycontrol', 'pythonpath_develop')
[3.385s] INFO:colcon.colcon_core.shell:Creating environment hook '/home/dbot2/dbot_vda5050_ilmatar/build/joycontrol/share/joycontrol/hook/pythonpath_develop.ps1'
[3.385s] INFO:colcon.colcon_core.shell:Creating environment descriptor '/home/dbot2/dbot_vda5050_ilmatar/build/joycontrol/share/joycontrol/hook/pythonpath_develop.dsv'
[3.386s] INFO:colcon.colcon_core.shell:Creating environment hook '/home/dbot2/dbot_vda5050_ilmatar/build/joycontrol/share/joycontrol/hook/pythonpath_develop.sh'
[3.386s] Level 1:colcon.colcon_core.environment:checking '/home/dbot2/dbot_vda5050_ilmatar/install/joycontrol' for CMake module files
[3.387s] Level 1:colcon.colcon_core.environment:checking '/home/dbot2/dbot_vda5050_ilmatar/install/joycontrol' for CMake config files
[3.387s] Level 1:colcon.colcon_core.environment:checking '/home/dbot2/dbot_vda5050_ilmatar/install/joycontrol/lib'
[3.387s] Level 1:colcon.colcon_core.environment:checking '/home/dbot2/dbot_vda5050_ilmatar/install/joycontrol/bin'
[3.389s] DEBUG:colcon.colcon_core.event_handler.log_command:Invoked command in '/home/dbot2/dbot_vda5050_ilmatar/build/joycontrol' returned '0': PYTHONPATH=/home/dbot2/dbot_vda5050_ilmatar/build/joycontrol/prefix_override:/usr/lib/python3/dist-packages/colcon_core/task/python/colcon_distutils_commands:/home/dbot2/dbot_vda5050_ilmatar/install/joycontrol/lib/python3.10/site-packages:${PYTHONPATH} /usr/bin/python3 -W ignore:setup.py install is deprecated -W ignore:easy_install command is deprecated setup.py develop --editable --build-directory /home/dbot2/dbot_vda5050_ilmatar/build/joycontrol/build --no-deps symlink_data
[3.390s] Level 1:colcon.colcon_core.environment:checking '/home/dbot2/dbot_vda5050_ilmatar/install/joycontrol/lib/pkgconfig/joycontrol.pc'
[3.390s] Level 1:colcon.colcon_core.environment:checking '/home/dbot2/dbot_vda5050_ilmatar/install/joycontrol/lib/python3.10/site-packages'
[3.390s] Level 1:colcon.colcon_core.shell:create_environment_hook('joycontrol', 'pythonpath')
[3.390s] INFO:colcon.colcon_core.shell:Creating environment hook '/home/dbot2/dbot_vda5050_ilmatar/install/joycontrol/share/joycontrol/hook/pythonpath.ps1'
[3.396s] INFO:colcon.colcon_core.shell:Creating environment descriptor '/home/dbot2/dbot_vda5050_ilmatar/install/joycontrol/share/joycontrol/hook/pythonpath.dsv'
[3.396s] INFO:colcon.colcon_core.shell:Creating environment hook '/home/dbot2/dbot_vda5050_ilmatar/install/joycontrol/share/joycontrol/hook/pythonpath.sh'
[3.397s] Level 1:colcon.colcon_core.environment:checking '/home/dbot2/dbot_vda5050_ilmatar/install/joycontrol/bin'
[3.397s] Level 1:colcon.colcon_core.environment:create_environment_scripts_only(joycontrol)
[3.397s] INFO:colcon.colcon_core.shell:Creating package script '/home/dbot2/dbot_vda5050_ilmatar/install/joycontrol/share/joycontrol/package.ps1'
[3.398s] INFO:colcon.colcon_core.shell:Creating package descriptor '/home/dbot2/dbot_vda5050_ilmatar/install/joycontrol/share/joycontrol/package.dsv'
[3.398s] INFO:colcon.colcon_core.shell:Creating package script '/home/dbot2/dbot_vda5050_ilmatar/install/joycontrol/share/joycontrol/package.sh'
[3.399s] INFO:colcon.colcon_core.shell:Creating package script '/home/dbot2/dbot_vda5050_ilmatar/install/joycontrol/share/joycontrol/package.bash'
[3.399s] INFO:colcon.colcon_core.shell:Creating package script '/home/dbot2/dbot_vda5050_ilmatar/install/joycontrol/share/joycontrol/package.zsh'
[3.399s] Level 1:colcon.colcon_core.environment:create_file_with_runtime_dependencies(/home/dbot2/dbot_vda5050_ilmatar/install/joycontrol/share/colcon-core/packages/joycontrol)
[4.306s] Level 1:colcon.colcon_core.environment:create_environment_scripts_only(dbot_nav_slam)
[4.306s] Level 1:colcon.colcon_core.environment:checking '/home/dbot2/dbot_vda5050_ilmatar/install/dbot_nav_slam' for CMake module files
[4.307s] DEBUG:colcon.colcon_core.event_handler.log_command:Invoked command in '/home/dbot2/dbot_vda5050_ilmatar/build/dbot_nav_slam' returned '0': CMAKE_PREFIX_PATH=${CMAKE_PREFIX_PATH}:/home/dbot2/dbot_vda5050_ilmatar/install/vda5050_tb3_adapter:/home/dbot2/dbot_vda5050_ilmatar/install/vda5050_adapter:/home/dbot2/dbot_vda5050_ilmatar/install/tf2_dbot:/home/dbot2/dbot_vda5050_ilmatar/install/odom_motion_model:/home/dbot2/dbot_vda5050_ilmatar/install/motor_driver:/home/dbot2/dbot_vda5050_ilmatar/install/joycontrol:/home/dbot2/dbot_vda5050_ilmatar/install/gesturecontrol:/home/dbot2/dbot_vda5050_ilmatar/install/dbot_bridge:/home/dbot2/dbot_vda5050_ilmatar/install/dbot:/home/dbot2/dbot_src/install/tf2_dbot:/home/dbot2/dbot_src/install/odom_motion_model:/home/dbot2/dbot_src/install/motor_driver:/home/dbot2/dbot_src/install/joycontrol:/home/dbot2/dbot_src/install/dbot:/home/dbot2/dbot_remote/install/pcd_joy_trigger:/home/dbot2/circus_demo/install/circus_demo:/home/dbot2/ros2_ws/install/tf2_dbot:/home/dbot2/ros2_ws/install/odom_motion_model:/home/dbot2/ros2_ws/install/motor_driver:/home/dbot2/ros2_ws/install/joycontrol:/home/dbot2/ros2_ws/install/gesturecontrol:/home/dbot2/ros2_ws/install/dbot_bridge:/home/dbot2/ros2_ws/install/dbot:/home/dbot2/ros2_ws/install/ament_xmllint:/home/dbot2/ros2_ws/install/ament_uncrustify:/home/dbot2/ros2_ws/install/ament_pyflakes:/home/dbot2/ros2_ws/install/ament_pycodestyle:/home/dbot2/ros2_ws/install/ament_pep257:/home/dbot2/ros2_ws/install/ament_pclint:/home/dbot2/ros2_ws/install/ament_mypy:/home/dbot2/ros2_ws/install/ament_lint_cmake:/home/dbot2/ros2_ws/install/ament_flake8:/home/dbot2/ros2_ws/install/ament_copyright:/home/dbot2/ros2_ws/install/ament_lint:/home/dbot2/ros2_ws/install/ament_cpplint:/home/dbot2/ros2_ws/install/ament_cppcheck:/home/dbot2/ros2_ws/install/ament_clang_tidy:/home/dbot2/ros2_ws/install/ament_clang_format:/opt/ros/humble /usr/bin/cmake --install /home/dbot2/dbot_vda5050_ilmatar/build/dbot_nav_slam
[4.307s] Level 1:colcon.colcon_core.environment:checking '/home/dbot2/dbot_vda5050_ilmatar/install/dbot_nav_slam' for CMake config files
[4.308s] Level 1:colcon.colcon_core.shell:create_environment_hook('dbot_nav_slam', 'cmake_prefix_path')
[4.308s] INFO:colcon.colcon_core.shell:Creating environment hook '/home/dbot2/dbot_vda5050_ilmatar/install/dbot_nav_slam/share/dbot_nav_slam/hook/cmake_prefix_path.ps1'
[4.308s] INFO:colcon.colcon_core.shell:Creating environment descriptor '/home/dbot2/dbot_vda5050_ilmatar/install/dbot_nav_slam/share/dbot_nav_slam/hook/cmake_prefix_path.dsv'
[4.309s] INFO:colcon.colcon_core.shell:Creating environment hook '/home/dbot2/dbot_vda5050_ilmatar/install/dbot_nav_slam/share/dbot_nav_slam/hook/cmake_prefix_path.sh'
[4.309s] Level 1:colcon.colcon_core.environment:checking '/home/dbot2/dbot_vda5050_ilmatar/install/dbot_nav_slam/lib'
[4.309s] Level 1:colcon.colcon_core.environment:checking '/home/dbot2/dbot_vda5050_ilmatar/install/dbot_nav_slam/bin'
[4.309s] Level 1:colcon.colcon_core.environment:checking '/home/dbot2/dbot_vda5050_ilmatar/install/dbot_nav_slam/lib/pkgconfig/dbot_nav_slam.pc'
[4.310s] Level 1:colcon.colcon_core.environment:checking '/home/dbot2/dbot_vda5050_ilmatar/install/dbot_nav_slam/lib/python3.10/site-packages'
[4.310s] Level 1:colcon.colcon_core.environment:checking '/home/dbot2/dbot_vda5050_ilmatar/install/dbot_nav_slam/bin'
[4.310s] INFO:colcon.colcon_core.shell:Creating package script '/home/dbot2/dbot_vda5050_ilmatar/install/dbot_nav_slam/share/dbot_nav_slam/package.ps1'
[4.310s] INFO:colcon.colcon_core.shell:Creating package descriptor '/home/dbot2/dbot_vda5050_ilmatar/install/dbot_nav_slam/share/dbot_nav_slam/package.dsv'
[4.311s] INFO:colcon.colcon_core.shell:Creating package script '/home/dbot2/dbot_vda5050_ilmatar/install/dbot_nav_slam/share/dbot_nav_slam/package.sh'
[4.311s] INFO:colcon.colcon_core.shell:Creating package script '/home/dbot2/dbot_vda5050_ilmatar/install/dbot_nav_slam/share/dbot_nav_slam/package.bash'
[4.312s] INFO:colcon.colcon_core.shell:Creating package script '/home/dbot2/dbot_vda5050_ilmatar/install/dbot_nav_slam/share/dbot_nav_slam/package.zsh'
[4.312s] Level 1:colcon.colcon_core.environment:create_file_with_runtime_dependencies(/home/dbot2/dbot_vda5050_ilmatar/install/dbot_nav_slam/share/colcon-core/packages/dbot_nav_slam)
[4.312s] Level 1:colcon.colcon_core.environment:create_environment_scripts_only(dbot_nav_slam)
[4.313s] Level 1:colcon.colcon_core.environment:checking '/home/dbot2/dbot_vda5050_ilmatar/install/dbot_nav_slam' for CMake module files
[4.313s] Level 1:colcon.colcon_core.environment:checking '/home/dbot2/dbot_vda5050_ilmatar/install/dbot_nav_slam' for CMake config files
[4.314s] Level 1:colcon.colcon_core.shell:create_environment_hook('dbot_nav_slam', 'cmake_prefix_path')
[4.314s] INFO:colcon.colcon_core.shell:Creating environment hook '/home/dbot2/dbot_vda5050_ilmatar/install/dbot_nav_slam/share/dbot_nav_slam/hook/cmake_prefix_path.ps1'
[4.314s] INFO:colcon.colcon_core.shell:Creating environment descriptor '/home/dbot2/dbot_vda5050_ilmatar/install/dbot_nav_slam/share/dbot_nav_slam/hook/cmake_prefix_path.dsv'
[4.315s] INFO:colcon.colcon_core.shell:Creating environment hook '/home/dbot2/dbot_vda5050_ilmatar/install/dbot_nav_slam/share/dbot_nav_slam/hook/cmake_prefix_path.sh'
[4.315s] Level 1:colcon.colcon_core.environment:checking '/home/dbot2/dbot_vda5050_ilmatar/install/dbot_nav_slam/lib'
[4.315s] Level 1:colcon.colcon_core.environment:checking '/home/dbot2/dbot_vda5050_ilmatar/install/dbot_nav_slam/bin'
[4.315s] Level 1:colcon.colcon_core.environment:checking '/home/dbot2/dbot_vda5050_ilmatar/install/dbot_nav_slam/lib/pkgconfig/dbot_nav_slam.pc'
[4.315s] Level 1:colcon.colcon_core.environment:checking '/home/dbot2/dbot_vda5050_ilmatar/install/dbot_nav_slam/lib/python3.10/site-packages'
[4.315s] Level 1:colcon.colcon_core.environment:checking '/home/dbot2/dbot_vda5050_ilmatar/install/dbot_nav_slam/bin'
[4.316s] INFO:colcon.colcon_core.shell:Creating package script '/home/dbot2/dbot_vda5050_ilmatar/install/dbot_nav_slam/share/dbot_nav_slam/package.ps1'
[4.316s] INFO:colcon.colcon_core.shell:Creating package descriptor '/home/dbot2/dbot_vda5050_ilmatar/install/dbot_nav_slam/share/dbot_nav_slam/package.dsv'
[4.316s] INFO:colcon.colcon_core.shell:Creating package script '/home/dbot2/dbot_vda5050_ilmatar/install/dbot_nav_slam/share/dbot_nav_slam/package.sh'
[4.317s] INFO:colcon.colcon_core.shell:Creating package script '/home/dbot2/dbot_vda5050_ilmatar/install/dbot_nav_slam/share/dbot_nav_slam/package.bash'
[4.317s] INFO:colcon.colcon_core.shell:Creating package script '/home/dbot2/dbot_vda5050_ilmatar/install/dbot_nav_slam/share/dbot_nav_slam/package.zsh'
[4.317s] Level 1:colcon.colcon_core.environment:create_file_with_runtime_dependencies(/home/dbot2/dbot_vda5050_ilmatar/install/dbot_nav_slam/share/colcon-core/packages/dbot_nav_slam)
[4.910s] DEBUG:colcon.colcon_core.event_handler.log_command:Invoked command in '/home/dbot2/dbot_vda5050_ilmatar/build/dbot_custom_msgs' returned '0': CMAKE_PREFIX_PATH=${CMAKE_PREFIX_PATH}:/home/dbot2/dbot_vda5050_ilmatar/install/vda5050_tb3_adapter:/home/dbot2/dbot_vda5050_ilmatar/install/vda5050_adapter:/home/dbot2/dbot_vda5050_ilmatar/install/tf2_dbot:/home/dbot2/dbot_vda5050_ilmatar/install/odom_motion_model:/home/dbot2/dbot_vda5050_ilmatar/install/motor_driver:/home/dbot2/dbot_vda5050_ilmatar/install/joycontrol:/home/dbot2/dbot_vda5050_ilmatar/install/gesturecontrol:/home/dbot2/dbot_vda5050_ilmatar/install/dbot_bridge:/home/dbot2/dbot_vda5050_ilmatar/install/dbot:/home/dbot2/dbot_src/install/tf2_dbot:/home/dbot2/dbot_src/install/odom_motion_model:/home/dbot2/dbot_src/install/motor_driver:/home/dbot2/dbot_src/install/joycontrol:/home/dbot2/dbot_src/install/dbot:/home/dbot2/dbot_remote/install/pcd_joy_trigger:/home/dbot2/circus_demo/install/circus_demo:/home/dbot2/ros2_ws/install/tf2_dbot:/home/dbot2/ros2_ws/install/odom_motion_model:/home/dbot2/ros2_ws/install/motor_driver:/home/dbot2/ros2_ws/install/joycontrol:/home/dbot2/ros2_ws/install/gesturecontrol:/home/dbot2/ros2_ws/install/dbot_bridge:/home/dbot2/ros2_ws/install/dbot:/home/dbot2/ros2_ws/install/ament_xmllint:/home/dbot2/ros2_ws/install/ament_uncrustify:/home/dbot2/ros2_ws/install/ament_pyflakes:/home/dbot2/ros2_ws/install/ament_pycodestyle:/home/dbot2/ros2_ws/install/ament_pep257:/home/dbot2/ros2_ws/install/ament_pclint:/home/dbot2/ros2_ws/install/ament_mypy:/home/dbot2/ros2_ws/install/ament_lint_cmake:/home/dbot2/ros2_ws/install/ament_flake8:/home/dbot2/ros2_ws/install/ament_copyright:/home/dbot2/ros2_ws/install/ament_lint:/home/dbot2/ros2_ws/install/ament_cpplint:/home/dbot2/ros2_ws/install/ament_cppcheck:/home/dbot2/ros2_ws/install/ament_clang_tidy:/home/dbot2/ros2_ws/install/ament_clang_format:/opt/ros/humble /usr/bin/cmake --build /home/dbot2/dbot_vda5050_ilmatar/build/dbot_custom_msgs -- -j8 -l8
[4.912s] DEBUG:colcon.colcon_core.event_handler.log_command:Invoking command in '/home/dbot2/dbot_vda5050_ilmatar/build/dbot_custom_msgs': CMAKE_PREFIX_PATH=${CMAKE_PREFIX_PATH}:/home/dbot2/dbot_vda5050_ilmatar/install/vda5050_tb3_adapter:/home/dbot2/dbot_vda5050_ilmatar/install/vda5050_adapter:/home/dbot2/dbot_vda5050_ilmatar/install/tf2_dbot:/home/dbot2/dbot_vda5050_ilmatar/install/odom_motion_model:/home/dbot2/dbot_vda5050_ilmatar/install/motor_driver:/home/dbot2/dbot_vda5050_ilmatar/install/joycontrol:/home/dbot2/dbot_vda5050_ilmatar/install/gesturecontrol:/home/dbot2/dbot_vda5050_ilmatar/install/dbot_bridge:/home/dbot2/dbot_vda5050_ilmatar/install/dbot:/home/dbot2/dbot_src/install/tf2_dbot:/home/dbot2/dbot_src/install/odom_motion_model:/home/dbot2/dbot_src/install/motor_driver:/home/dbot2/dbot_src/install/joycontrol:/home/dbot2/dbot_src/install/dbot:/home/dbot2/dbot_remote/install/pcd_joy_trigger:/home/dbot2/circus_demo/install/circus_demo:/home/dbot2/ros2_ws/install/tf2_dbot:/home/dbot2/ros2_ws/install/odom_motion_model:/home/dbot2/ros2_ws/install/motor_driver:/home/dbot2/ros2_ws/install/joycontrol:/home/dbot2/ros2_ws/install/gesturecontrol:/home/dbot2/ros2_ws/install/dbot_bridge:/home/dbot2/ros2_ws/install/dbot:/home/dbot2/ros2_ws/install/ament_xmllint:/home/dbot2/ros2_ws/install/ament_uncrustify:/home/dbot2/ros2_ws/install/ament_pyflakes:/home/dbot2/ros2_ws/install/ament_pycodestyle:/home/dbot2/ros2_ws/install/ament_pep257:/home/dbot2/ros2_ws/install/ament_pclint:/home/dbot2/ros2_ws/install/ament_mypy:/home/dbot2/ros2_ws/install/ament_lint_cmake:/home/dbot2/ros2_ws/install/ament_flake8:/home/dbot2/ros2_ws/install/ament_copyright:/home/dbot2/ros2_ws/install/ament_lint:/home/dbot2/ros2_ws/install/ament_cpplint:/home/dbot2/ros2_ws/install/ament_cppcheck:/home/dbot2/ros2_ws/install/ament_clang_tidy:/home/dbot2/ros2_ws/install/ament_clang_format:/opt/ros/humble /usr/bin/cmake --install /home/dbot2/dbot_vda5050_ilmatar/build/dbot_custom_msgs
[5.114s] DEBUG:colcon.colcon_core.event_handler.log_command:Invoked command in '/home/dbot2/dbot_vda5050_ilmatar/build/vda_dbot_nav_slam' returned '0': CMAKE_PREFIX_PATH=${CMAKE_PREFIX_PATH}:/home/dbot2/dbot_vda5050_ilmatar/install/vda5050_tb3_adapter:/home/dbot2/dbot_vda5050_ilmatar/install/vda5050_adapter:/home/dbot2/dbot_vda5050_ilmatar/install/tf2_dbot:/home/dbot2/dbot_vda5050_ilmatar/install/odom_motion_model:/home/dbot2/dbot_vda5050_ilmatar/install/motor_driver:/home/dbot2/dbot_vda5050_ilmatar/install/joycontrol:/home/dbot2/dbot_vda5050_ilmatar/install/gesturecontrol:/home/dbot2/dbot_vda5050_ilmatar/install/dbot_bridge:/home/dbot2/dbot_vda5050_ilmatar/install/dbot:/home/dbot2/dbot_src/install/tf2_dbot:/home/dbot2/dbot_src/install/odom_motion_model:/home/dbot2/dbot_src/install/motor_driver:/home/dbot2/dbot_src/install/joycontrol:/home/dbot2/dbot_src/install/dbot:/home/dbot2/dbot_remote/install/pcd_joy_trigger:/home/dbot2/circus_demo/install/circus_demo:/home/dbot2/ros2_ws/install/tf2_dbot:/home/dbot2/ros2_ws/install/odom_motion_model:/home/dbot2/ros2_ws/install/motor_driver:/home/dbot2/ros2_ws/install/joycontrol:/home/dbot2/ros2_ws/install/gesturecontrol:/home/dbot2/ros2_ws/install/dbot_bridge:/home/dbot2/ros2_ws/install/dbot:/home/dbot2/ros2_ws/install/ament_xmllint:/home/dbot2/ros2_ws/install/ament_uncrustify:/home/dbot2/ros2_ws/install/ament_pyflakes:/home/dbot2/ros2_ws/install/ament_pycodestyle:/home/dbot2/ros2_ws/install/ament_pep257:/home/dbot2/ros2_ws/install/ament_pclint:/home/dbot2/ros2_ws/install/ament_mypy:/home/dbot2/ros2_ws/install/ament_lint_cmake:/home/dbot2/ros2_ws/install/ament_flake8:/home/dbot2/ros2_ws/install/ament_copyright:/home/dbot2/ros2_ws/install/ament_lint:/home/dbot2/ros2_ws/install/ament_cpplint:/home/dbot2/ros2_ws/install/ament_cppcheck:/home/dbot2/ros2_ws/install/ament_clang_tidy:/home/dbot2/ros2_ws/install/ament_clang_format:/opt/ros/humble /usr/bin/cmake /home/dbot2/dbot_vda5050_ilmatar/src/vda_dbot_nav_slam -DAMENT_CMAKE_SYMLINK_INSTALL=1 -DCMAKE_INSTALL_PREFIX=/home/dbot2/dbot_vda5050_ilmatar/install/vda_dbot_nav_slam
[5.116s] DEBUG:colcon.colcon_core.event_handler.log_command:Invoking command in '/home/dbot2/dbot_vda5050_ilmatar/build/vda_dbot_nav_slam': CMAKE_PREFIX_PATH=${CMAKE_PREFIX_PATH}:/home/dbot2/dbot_vda5050_ilmatar/install/vda5050_tb3_adapter:/home/dbot2/dbot_vda5050_ilmatar/install/vda5050_adapter:/home/dbot2/dbot_vda5050_ilmatar/install/tf2_dbot:/home/dbot2/dbot_vda5050_ilmatar/install/odom_motion_model:/home/dbot2/dbot_vda5050_ilmatar/install/motor_driver:/home/dbot2/dbot_vda5050_ilmatar/install/joycontrol:/home/dbot2/dbot_vda5050_ilmatar/install/gesturecontrol:/home/dbot2/dbot_vda5050_ilmatar/install/dbot_bridge:/home/dbot2/dbot_vda5050_ilmatar/install/dbot:/home/dbot2/dbot_src/install/tf2_dbot:/home/dbot2/dbot_src/install/odom_motion_model:/home/dbot2/dbot_src/install/motor_driver:/home/dbot2/dbot_src/install/joycontrol:/home/dbot2/dbot_src/install/dbot:/home/dbot2/dbot_remote/install/pcd_joy_trigger:/home/dbot2/circus_demo/install/circus_demo:/home/dbot2/ros2_ws/install/tf2_dbot:/home/dbot2/ros2_ws/install/odom_motion_model:/home/dbot2/ros2_ws/install/motor_driver:/home/dbot2/ros2_ws/install/joycontrol:/home/dbot2/ros2_ws/install/gesturecontrol:/home/dbot2/ros2_ws/install/dbot_bridge:/home/dbot2/ros2_ws/install/dbot:/home/dbot2/ros2_ws/install/ament_xmllint:/home/dbot2/ros2_ws/install/ament_uncrustify:/home/dbot2/ros2_ws/install/ament_pyflakes:/home/dbot2/ros2_ws/install/ament_pycodestyle:/home/dbot2/ros2_ws/install/ament_pep257:/home/dbot2/ros2_ws/install/ament_pclint:/home/dbot2/ros2_ws/install/ament_mypy:/home/dbot2/ros2_ws/install/ament_lint_cmake:/home/dbot2/ros2_ws/install/ament_flake8:/home/dbot2/ros2_ws/install/ament_copyright:/home/dbot2/ros2_ws/install/ament_lint:/home/dbot2/ros2_ws/install/ament_cpplint:/home/dbot2/ros2_ws/install/ament_cppcheck:/home/dbot2/ros2_ws/install/ament_clang_tidy:/home/dbot2/ros2_ws/install/ament_clang_format:/opt/ros/humble /usr/bin/cmake --build /home/dbot2/dbot_vda5050_ilmatar/build/vda_dbot_nav_slam -- -j8 -l8
[5.330s] Level 1:colcon.colcon_core.environment:create_environment_scripts_only(dbot_custom_msgs)
[5.330s] Level 1:colcon.colcon_core.environment:checking '/home/dbot2/dbot_vda5050_ilmatar/install/dbot_custom_msgs' for CMake module files
[5.331s] DEBUG:colcon.colcon_core.event_handler.log_command:Invoked command in '/home/dbot2/dbot_vda5050_ilmatar/build/dbot_custom_msgs' returned '0': CMAKE_PREFIX_PATH=${CMAKE_PREFIX_PATH}:/home/dbot2/dbot_vda5050_ilmatar/install/vda5050_tb3_adapter:/home/dbot2/dbot_vda5050_ilmatar/install/vda5050_adapter:/home/dbot2/dbot_vda5050_ilmatar/install/tf2_dbot:/home/dbot2/dbot_vda5050_ilmatar/install/odom_motion_model:/home/dbot2/dbot_vda5050_ilmatar/install/motor_driver:/home/dbot2/dbot_vda5050_ilmatar/install/joycontrol:/home/dbot2/dbot_vda5050_ilmatar/install/gesturecontrol:/home/dbot2/dbot_vda5050_ilmatar/install/dbot_bridge:/home/dbot2/dbot_vda5050_ilmatar/install/dbot:/home/dbot2/dbot_src/install/tf2_dbot:/home/dbot2/dbot_src/install/odom_motion_model:/home/dbot2/dbot_src/install/motor_driver:/home/dbot2/dbot_src/install/joycontrol:/home/dbot2/dbot_src/install/dbot:/home/dbot2/dbot_remote/install/pcd_joy_trigger:/home/dbot2/circus_demo/install/circus_demo:/home/dbot2/ros2_ws/install/tf2_dbot:/home/dbot2/ros2_ws/install/odom_motion_model:/home/dbot2/ros2_ws/install/motor_driver:/home/dbot2/ros2_ws/install/joycontrol:/home/dbot2/ros2_ws/install/gesturecontrol:/home/dbot2/ros2_ws/install/dbot_bridge:/home/dbot2/ros2_ws/install/dbot:/home/dbot2/ros2_ws/install/ament_xmllint:/home/dbot2/ros2_ws/install/ament_uncrustify:/home/dbot2/ros2_ws/install/ament_pyflakes:/home/dbot2/ros2_ws/install/ament_pycodestyle:/home/dbot2/ros2_ws/install/ament_pep257:/home/dbot2/ros2_ws/install/ament_pclint:/home/dbot2/ros2_ws/install/ament_mypy:/home/dbot2/ros2_ws/install/ament_lint_cmake:/home/dbot2/ros2_ws/install/ament_flake8:/home/dbot2/ros2_ws/install/ament_copyright:/home/dbot2/ros2_ws/install/ament_lint:/home/dbot2/ros2_ws/install/ament_cpplint:/home/dbot2/ros2_ws/install/ament_cppcheck:/home/dbot2/ros2_ws/install/ament_clang_tidy:/home/dbot2/ros2_ws/install/ament_clang_format:/opt/ros/humble /usr/bin/cmake --install /home/dbot2/dbot_vda5050_ilmatar/build/dbot_custom_msgs
[5.331s] Level 1:colcon.colcon_core.environment:checking '/home/dbot2/dbot_vda5050_ilmatar/install/dbot_custom_msgs' for CMake config files
[5.331s] Level 1:colcon.colcon_core.shell:create_environment_hook('dbot_custom_msgs', 'cmake_prefix_path')
[5.332s] INFO:colcon.colcon_core.shell:Creating environment hook '/home/dbot2/dbot_vda5050_ilmatar/install/dbot_custom_msgs/share/dbot_custom_msgs/hook/cmake_prefix_path.ps1'
[5.332s] INFO:colcon.colcon_core.shell:Creating environment descriptor '/home/dbot2/dbot_vda5050_ilmatar/install/dbot_custom_msgs/share/dbot_custom_msgs/hook/cmake_prefix_path.dsv'
[5.332s] INFO:colcon.colcon_core.shell:Creating environment hook '/home/dbot2/dbot_vda5050_ilmatar/install/dbot_custom_msgs/share/dbot_custom_msgs/hook/cmake_prefix_path.sh'
[5.332s] Level 1:colcon.colcon_core.environment:checking '/home/dbot2/dbot_vda5050_ilmatar/install/dbot_custom_msgs/lib'
[5.333s] Level 1:colcon.colcon_core.shell:create_environment_hook('dbot_custom_msgs', 'ld_library_path_lib')
[5.333s] INFO:colcon.colcon_core.shell:Creating environment hook '/home/dbot2/dbot_vda5050_ilmatar/install/dbot_custom_msgs/share/dbot_custom_msgs/hook/ld_library_path_lib.ps1'
[5.333s] INFO:colcon.colcon_core.shell:Creating environment descriptor '/home/dbot2/dbot_vda5050_ilmatar/install/dbot_custom_msgs/share/dbot_custom_msgs/hook/ld_library_path_lib.dsv'
[5.333s] INFO:colcon.colcon_core.shell:Creating environment hook '/home/dbot2/dbot_vda5050_ilmatar/install/dbot_custom_msgs/share/dbot_custom_msgs/hook/ld_library_path_lib.sh'
[5.333s] Level 1:colcon.colcon_core.environment:checking '/home/dbot2/dbot_vda5050_ilmatar/install/dbot_custom_msgs/bin'
[5.333s] Level 1:colcon.colcon_core.environment:checking '/home/dbot2/dbot_vda5050_ilmatar/install/dbot_custom_msgs/lib/pkgconfig/dbot_custom_msgs.pc'
[5.333s] Level 1:colcon.colcon_core.environment:checking '/home/dbot2/dbot_vda5050_ilmatar/install/dbot_custom_msgs/lib/python3.10/site-packages'
[5.334s] Level 1:colcon.colcon_core.environment:checking '/home/dbot2/dbot_vda5050_ilmatar/install/dbot_custom_msgs/bin'
[5.334s] INFO:colcon.colcon_core.shell:Creating package script '/home/dbot2/dbot_vda5050_ilmatar/install/dbot_custom_msgs/share/dbot_custom_msgs/package.ps1'
[5.334s] INFO:colcon.colcon_core.shell:Creating package descriptor '/home/dbot2/dbot_vda5050_ilmatar/install/dbot_custom_msgs/share/dbot_custom_msgs/package.dsv'
[5.334s] INFO:colcon.colcon_core.shell:Creating package script '/home/dbot2/dbot_vda5050_ilmatar/install/dbot_custom_msgs/share/dbot_custom_msgs/package.sh'
[5.335s] INFO:colcon.colcon_core.shell:Creating package script '/home/dbot2/dbot_vda5050_ilmatar/install/dbot_custom_msgs/share/dbot_custom_msgs/package.bash'
[5.335s] INFO:colcon.colcon_core.shell:Creating package script '/home/dbot2/dbot_vda5050_ilmatar/install/dbot_custom_msgs/share/dbot_custom_msgs/package.zsh'
[5.335s] Level 1:colcon.colcon_core.environment:create_file_with_runtime_dependencies(/home/dbot2/dbot_vda5050_ilmatar/install/dbot_custom_msgs/share/colcon-core/packages/dbot_custom_msgs)
[5.335s] Level 1:colcon.colcon_core.environment:create_environment_scripts_only(dbot_custom_msgs)
[5.335s] Level 1:colcon.colcon_core.environment:checking '/home/dbot2/dbot_vda5050_ilmatar/install/dbot_custom_msgs' for CMake module files
[5.336s] Level 1:colcon.colcon_core.environment:checking '/home/dbot2/dbot_vda5050_ilmatar/install/dbot_custom_msgs' for CMake config files
[5.336s] Level 1:colcon.colcon_core.shell:create_environment_hook('dbot_custom_msgs', 'cmake_prefix_path')
[5.336s] INFO:colcon.colcon_core.shell:Creating environment hook '/home/dbot2/dbot_vda5050_ilmatar/install/dbot_custom_msgs/share/dbot_custom_msgs/hook/cmake_prefix_path.ps1'
[5.336s] INFO:colcon.colcon_core.shell:Creating environment descriptor '/home/dbot2/dbot_vda5050_ilmatar/install/dbot_custom_msgs/share/dbot_custom_msgs/hook/cmake_prefix_path.dsv'
[5.337s] INFO:colcon.colcon_core.shell:Creating environment hook '/home/dbot2/dbot_vda5050_ilmatar/install/dbot_custom_msgs/share/dbot_custom_msgs/hook/cmake_prefix_path.sh'
[5.337s] Level 1:colcon.colcon_core.environment:checking '/home/dbot2/dbot_vda5050_ilmatar/install/dbot_custom_msgs/lib'
[5.337s] Level 1:colcon.colcon_core.shell:create_environment_hook('dbot_custom_msgs', 'ld_library_path_lib')
[5.337s] INFO:colcon.colcon_core.shell:Creating environment hook '/home/dbot2/dbot_vda5050_ilmatar/install/dbot_custom_msgs/share/dbot_custom_msgs/hook/ld_library_path_lib.ps1'
[5.337s] INFO:colcon.colcon_core.shell:Creating environment descriptor '/home/dbot2/dbot_vda5050_ilmatar/install/dbot_custom_msgs/share/dbot_custom_msgs/hook/ld_library_path_lib.dsv'
[5.337s] INFO:colcon.colcon_core.shell:Creating environment hook '/home/dbot2/dbot_vda5050_ilmatar/install/dbot_custom_msgs/share/dbot_custom_msgs/hook/ld_library_path_lib.sh'
[5.338s] Level 1:colcon.colcon_core.environment:checking '/home/dbot2/dbot_vda5050_ilmatar/install/dbot_custom_msgs/bin'
[5.338s] Level 1:colcon.colcon_core.environment:checking '/home/dbot2/dbot_vda5050_ilmatar/install/dbot_custom_msgs/lib/pkgconfig/dbot_custom_msgs.pc'
[5.338s] Level 1:colcon.colcon_core.environment:checking '/home/dbot2/dbot_vda5050_ilmatar/install/dbot_custom_msgs/lib/python3.10/site-packages'
[5.338s] Level 1:colcon.colcon_core.environment:checking '/home/dbot2/dbot_vda5050_ilmatar/install/dbot_custom_msgs/bin'
[5.338s] INFO:colcon.colcon_core.shell:Creating package script '/home/dbot2/dbot_vda5050_ilmatar/install/dbot_custom_msgs/share/dbot_custom_msgs/package.ps1'
[5.338s] INFO:colcon.colcon_core.shell:Creating package descriptor '/home/dbot2/dbot_vda5050_ilmatar/install/dbot_custom_msgs/share/dbot_custom_msgs/package.dsv'
[5.339s] INFO:colcon.colcon_core.shell:Creating package script '/home/dbot2/dbot_vda5050_ilmatar/install/dbot_custom_msgs/share/dbot_custom_msgs/package.sh'
[5.339s] INFO:colcon.colcon_core.shell:Creating package script '/home/dbot2/dbot_vda5050_ilmatar/install/dbot_custom_msgs/share/dbot_custom_msgs/package.bash'
[5.339s] INFO:colcon.colcon_core.shell:Creating package script '/home/dbot2/dbot_vda5050_ilmatar/install/dbot_custom_msgs/share/dbot_custom_msgs/package.zsh'
[5.339s] Level 1:colcon.colcon_core.environment:create_file_with_runtime_dependencies(/home/dbot2/dbot_vda5050_ilmatar/install/dbot_custom_msgs/share/colcon-core/packages/dbot_custom_msgs)
[5.340s] INFO:colcon.colcon_ros.task.ament_cmake.build:Building ROS package in '/home/dbot2/dbot_vda5050_ilmatar/src/ros2_odometry_estimation' with build type 'ament_cmake'
[5.340s] INFO:colcon.colcon_cmake.task.cmake.build:Building CMake package in '/home/dbot2/dbot_vda5050_ilmatar/src/ros2_odometry_estimation'
[5.340s] INFO:colcon.colcon_core.shell:Skip shell extension 'powershell' for command environment: Not usable outside of PowerShell
[5.340s] DEBUG:colcon.colcon_core.shell:Skip shell extension 'dsv' for command environment
[5.345s] INFO:colcon.colcon_ros.task.ament_python.build:Building ROS package in '/home/dbot2/dbot_vda5050_ilmatar/src/motor_driver' with build type 'ament_python'
[5.345s] Level 1:colcon.colcon_core.shell:create_environment_hook('motor_driver', 'ament_prefix_path')
[5.345s] INFO:colcon.colcon_core.shell:Creating environment hook '/home/dbot2/dbot_vda5050_ilmatar/install/motor_driver/share/motor_driver/hook/ament_prefix_path.ps1'
[5.346s] INFO:colcon.colcon_core.shell:Creating environment descriptor '/home/dbot2/dbot_vda5050_ilmatar/install/motor_driver/share/motor_driver/hook/ament_prefix_path.dsv'
[5.346s] INFO:colcon.colcon_core.shell:Creating environment hook '/home/dbot2/dbot_vda5050_ilmatar/install/motor_driver/share/motor_driver/hook/ament_prefix_path.sh'
[5.347s] INFO:colcon.colcon_core.shell:Skip shell extension 'powershell' for command environment: Not usable outside of PowerShell
[5.347s] DEBUG:colcon.colcon_core.shell:Skip shell extension 'dsv' for command environment
[5.354s] DEBUG:colcon.colcon_core.event_handler.log_command:Invoking command in '/home/dbot2/dbot_vda5050_ilmatar/build/odometry_estimator': CMAKE_PREFIX_PATH=/home/dbot2/dbot_vda5050_ilmatar/install/dbot_custom_msgs:/home/dbot2/dbot_vda5050_ilmatar/install/vda_dbot_nav_slam:/home/dbot2/dbot_vda5050_ilmatar/install/vda5050_connector:/home/dbot2/dbot_vda5050_ilmatar/install/vda5050_msgs:/home/dbot2/dbot_vda5050_ilmatar/install/odometry_estimator:/home/dbot2/dbot_vda5050_ilmatar/install/dbot_nav_slam:/home/dbot2/dbot_vda5050_ilmatar/install/crane_dbot:/home/dbot2/dbot_src/install/odometry_estimator:/home/dbot2/dbot_src/install/dbot_custom_msgs:/home/dbot2/dbot_remote/install/pointcloud_saver:/home/dbot2/circus_demo/install/pcl_localization_ros2:/home/dbot2/circus_demo/install/ndt_omp_ros2:/home/dbot2/ros2_ws/install/odometry_estimator:/home/dbot2/ros2_ws/install/dbot_nav_slam:/home/dbot2/ros2_ws/install/dbot_custom_msgs:/home/dbot2/ros2_ws/install/ament_lint_common:/home/dbot2/ros2_ws/install/ament_cmake_xmllint:/home/dbot2/ros2_ws/install/ament_cmake_uncrustify:/home/dbot2/ros2_ws/install/ament_cmake_pyflakes:/home/dbot2/ros2_ws/install/ament_cmake_pycodestyle:/home/dbot2/ros2_ws/install/ament_cmake_pep257:/home/dbot2/ros2_ws/install/ament_cmake_pclint:/home/dbot2/ros2_ws/install/ament_cmake_mypy:/home/dbot2/ros2_ws/install/ament_cmake_lint_cmake:/home/dbot2/ros2_ws/install/ament_lint_auto:/home/dbot2/ros2_ws/install/ament_cmake_flake8:/home/dbot2/ros2_ws/install/ament_cmake_copyright:/home/dbot2/ros2_ws/install/ament_cmake_cpplint:/home/dbot2/ros2_ws/install/ament_cmake_cppcheck:/home/dbot2/ros2_ws/install/ament_cmake_clang_tidy:/home/dbot2/ros2_ws/install/ament_cmake_clang_format:/home/dbot2/dbot_vda5050_ilmatar/install/vda5050_tb3_adapter:/home/dbot2/dbot_vda5050_ilmatar/install/vda5050_adapter:/home/dbot2/dbot_vda5050_ilmatar/install/tf2_dbot:/home/dbot2/dbot_vda5050_ilmatar/install/odom_motion_model:/home/dbot2/dbot_vda5050_ilmatar/install/motor_driver:/home/dbot2/dbot_vda5050_ilmatar/install/joycontrol:/home/dbot2/dbot_vda5050_ilmatar/install/gesturecontrol:/home/dbot2/dbot_vda5050_ilmatar/install/dbot_bridge:/home/dbot2/dbot_vda5050_ilmatar/install/dbot:/home/dbot2/dbot_src/install/tf2_dbot:/home/dbot2/dbot_src/install/odom_motion_model:/home/dbot2/dbot_src/install/motor_driver:/home/dbot2/dbot_src/install/joycontrol:/home/dbot2/dbot_src/install/dbot:/home/dbot2/dbot_remote/install/pcd_joy_trigger:/home/dbot2/circus_demo/install/circus_demo:/home/dbot2/ros2_ws/install/tf2_dbot:/home/dbot2/ros2_ws/install/odom_motion_model:/home/dbot2/ros2_ws/install/motor_driver:/home/dbot2/ros2_ws/install/joycontrol:/home/dbot2/ros2_ws/install/gesturecontrol:/home/dbot2/ros2_ws/install/dbot_bridge:/home/dbot2/ros2_ws/install/dbot:/home/dbot2/ros2_ws/install/ament_xmllint:/home/dbot2/ros2_ws/install/ament_uncrustify:/home/dbot2/ros2_ws/install/ament_pyflakes:/home/dbot2/ros2_ws/install/ament_pycodestyle:/home/dbot2/ros2_ws/install/ament_pep257:/home/dbot2/ros2_ws/install/ament_pclint:/home/dbot2/ros2_ws/install/ament_mypy:/home/dbot2/ros2_ws/install/ament_lint_cmake:/home/dbot2/ros2_ws/install/ament_flake8:/home/dbot2/ros2_ws/install/ament_copyright:/home/dbot2/ros2_ws/install/ament_lint:/home/dbot2/ros2_ws/install/ament_cpplint:/home/dbot2/ros2_ws/install/ament_cppcheck:/home/dbot2/ros2_ws/install/ament_clang_tidy:/home/dbot2/ros2_ws/install/ament_clang_format:/opt/ros/humble LD_LIBRARY_PATH=/home/dbot2/dbot_vda5050_ilmatar/install/dbot_custom_msgs/lib:/home/dbot2/dbot_vda5050_ilmatar/install/vda5050_connector/lib:/home/dbot2/dbot_vda5050_ilmatar/install/vda5050_msgs/lib:/home/dbot2/dbot_src/install/dbot_custom_msgs/lib:/home/dbot2/circus_demo/install/pcl_localization_ros2/lib:/home/dbot2/ros2_ws/install/dbot_custom_msgs/lib:/opt/ros/humble/opt/rviz_ogre_vendor/lib:/opt/ros/humble/lib/x86_64-linux-gnu:/opt/ros/humble/lib /usr/bin/cmake /home/dbot2/dbot_vda5050_ilmatar/src/ros2_odometry_estimation -DAMENT_CMAKE_SYMLINK_INSTALL=1 -DCMAKE_INSTALL_PREFIX=/home/dbot2/dbot_vda5050_ilmatar/install/odometry_estimator
[5.650s] INFO:colcon.colcon_core.task.python.build:Building Python package in '/home/dbot2/dbot_vda5050_ilmatar/src/motor_driver'
[5.651s] INFO:colcon.colcon_core.shell:Skip shell extension 'powershell' for command environment: Not usable outside of PowerShell
[5.651s] DEBUG:colcon.colcon_core.shell:Skip shell extension 'dsv' for command environment
[5.661s] DEBUG:colcon.colcon_core.event_handler.log_command:Invoked command in '/home/dbot2/dbot_vda5050_ilmatar/build/vda_dbot_nav_slam' returned '0': CMAKE_PREFIX_PATH=${CMAKE_PREFIX_PATH}:/home/dbot2/dbot_vda5050_ilmatar/install/vda5050_tb3_adapter:/home/dbot2/dbot_vda5050_ilmatar/install/vda5050_adapter:/home/dbot2/dbot_vda5050_ilmatar/install/tf2_dbot:/home/dbot2/dbot_vda5050_ilmatar/install/odom_motion_model:/home/dbot2/dbot_vda5050_ilmatar/install/motor_driver:/home/dbot2/dbot_vda5050_ilmatar/install/joycontrol:/home/dbot2/dbot_vda5050_ilmatar/install/gesturecontrol:/home/dbot2/dbot_vda5050_ilmatar/install/dbot_bridge:/home/dbot2/dbot_vda5050_ilmatar/install/dbot:/home/dbot2/dbot_src/install/tf2_dbot:/home/dbot2/dbot_src/install/odom_motion_model:/home/dbot2/dbot_src/install/motor_driver:/home/dbot2/dbot_src/install/joycontrol:/home/dbot2/dbot_src/install/dbot:/home/dbot2/dbot_remote/install/pcd_joy_trigger:/home/dbot2/circus_demo/install/circus_demo:/home/dbot2/ros2_ws/install/tf2_dbot:/home/dbot2/ros2_ws/install/odom_motion_model:/home/dbot2/ros2_ws/install/motor_driver:/home/dbot2/ros2_ws/install/joycontrol:/home/dbot2/ros2_ws/install/gesturecontrol:/home/dbot2/ros2_ws/install/dbot_bridge:/home/dbot2/ros2_ws/install/dbot:/home/dbot2/ros2_ws/install/ament_xmllint:/home/dbot2/ros2_ws/install/ament_uncrustify:/home/dbot2/ros2_ws/install/ament_pyflakes:/home/dbot2/ros2_ws/install/ament_pycodestyle:/home/dbot2/ros2_ws/install/ament_pep257:/home/dbot2/ros2_ws/install/ament_pclint:/home/dbot2/ros2_ws/install/ament_mypy:/home/dbot2/ros2_ws/install/ament_lint_cmake:/home/dbot2/ros2_ws/install/ament_flake8:/home/dbot2/ros2_ws/install/ament_copyright:/home/dbot2/ros2_ws/install/ament_lint:/home/dbot2/ros2_ws/install/ament_cpplint:/home/dbot2/ros2_ws/install/ament_cppcheck:/home/dbot2/ros2_ws/install/ament_clang_tidy:/home/dbot2/ros2_ws/install/ament_clang_format:/opt/ros/humble /usr/bin/cmake --build /home/dbot2/dbot_vda5050_ilmatar/build/vda_dbot_nav_slam -- -j8 -l8
[5.663s] DEBUG:colcon.colcon_core.event_handler.log_command:Invoking command in '/home/dbot2/dbot_vda5050_ilmatar/build/vda_dbot_nav_slam': CMAKE_PREFIX_PATH=${CMAKE_PREFIX_PATH}:/home/dbot2/dbot_vda5050_ilmatar/install/vda5050_tb3_adapter:/home/dbot2/dbot_vda5050_ilmatar/install/vda5050_adapter:/home/dbot2/dbot_vda5050_ilmatar/install/tf2_dbot:/home/dbot2/dbot_vda5050_ilmatar/install/odom_motion_model:/home/dbot2/dbot_vda5050_ilmatar/install/motor_driver:/home/dbot2/dbot_vda5050_ilmatar/install/joycontrol:/home/dbot2/dbot_vda5050_ilmatar/install/gesturecontrol:/home/dbot2/dbot_vda5050_ilmatar/install/dbot_bridge:/home/dbot2/dbot_vda5050_ilmatar/install/dbot:/home/dbot2/dbot_src/install/tf2_dbot:/home/dbot2/dbot_src/install/odom_motion_model:/home/dbot2/dbot_src/install/motor_driver:/home/dbot2/dbot_src/install/joycontrol:/home/dbot2/dbot_src/install/dbot:/home/dbot2/dbot_remote/install/pcd_joy_trigger:/home/dbot2/circus_demo/install/circus_demo:/home/dbot2/ros2_ws/install/tf2_dbot:/home/dbot2/ros2_ws/install/odom_motion_model:/home/dbot2/ros2_ws/install/motor_driver:/home/dbot2/ros2_ws/install/joycontrol:/home/dbot2/ros2_ws/install/gesturecontrol:/home/dbot2/ros2_ws/install/dbot_bridge:/home/dbot2/ros2_ws/install/dbot:/home/dbot2/ros2_ws/install/ament_xmllint:/home/dbot2/ros2_ws/install/ament_uncrustify:/home/dbot2/ros2_ws/install/ament_pyflakes:/home/dbot2/ros2_ws/install/ament_pycodestyle:/home/dbot2/ros2_ws/install/ament_pep257:/home/dbot2/ros2_ws/install/ament_pclint:/home/dbot2/ros2_ws/install/ament_mypy:/home/dbot2/ros2_ws/install/ament_lint_cmake:/home/dbot2/ros2_ws/install/ament_flake8:/home/dbot2/ros2_ws/install/ament_copyright:/home/dbot2/ros2_ws/install/ament_lint:/home/dbot2/ros2_ws/install/ament_cpplint:/home/dbot2/ros2_ws/install/ament_cppcheck:/home/dbot2/ros2_ws/install/ament_clang_tidy:/home/dbot2/ros2_ws/install/ament_clang_format:/opt/ros/humble /usr/bin/cmake --install /home/dbot2/dbot_vda5050_ilmatar/build/vda_dbot_nav_slam
[6.060s] DEBUG:colcon.colcon_core.event_handler.log_command:Invoking command in '/home/dbot2/dbot_vda5050_ilmatar/build/motor_driver': CMAKE_PREFIX_PATH=/home/dbot2/dbot_vda5050_ilmatar/install/dbot_custom_msgs:/home/dbot2/dbot_vda5050_ilmatar/install/vda_dbot_nav_slam:/home/dbot2/dbot_vda5050_ilmatar/install/vda5050_connector:/home/dbot2/dbot_vda5050_ilmatar/install/vda5050_msgs:/home/dbot2/dbot_vda5050_ilmatar/install/odometry_estimator:/home/dbot2/dbot_vda5050_ilmatar/install/dbot_nav_slam:/home/dbot2/dbot_vda5050_ilmatar/install/crane_dbot:/home/dbot2/dbot_src/install/odometry_estimator:/home/dbot2/dbot_src/install/dbot_custom_msgs:/home/dbot2/dbot_remote/install/pointcloud_saver:/home/dbot2/circus_demo/install/pcl_localization_ros2:/home/dbot2/circus_demo/install/ndt_omp_ros2:/home/dbot2/ros2_ws/install/odometry_estimator:/home/dbot2/ros2_ws/install/dbot_nav_slam:/home/dbot2/ros2_ws/install/dbot_custom_msgs:/home/dbot2/ros2_ws/install/ament_lint_common:/home/dbot2/ros2_ws/install/ament_cmake_xmllint:/home/dbot2/ros2_ws/install/ament_cmake_uncrustify:/home/dbot2/ros2_ws/install/ament_cmake_pyflakes:/home/dbot2/ros2_ws/install/ament_cmake_pycodestyle:/home/dbot2/ros2_ws/install/ament_cmake_pep257:/home/dbot2/ros2_ws/install/ament_cmake_pclint:/home/dbot2/ros2_ws/install/ament_cmake_mypy:/home/dbot2/ros2_ws/install/ament_cmake_lint_cmake:/home/dbot2/ros2_ws/install/ament_lint_auto:/home/dbot2/ros2_ws/install/ament_cmake_flake8:/home/dbot2/ros2_ws/install/ament_cmake_copyright:/home/dbot2/ros2_ws/install/ament_cmake_cpplint:/home/dbot2/ros2_ws/install/ament_cmake_cppcheck:/home/dbot2/ros2_ws/install/ament_cmake_clang_tidy:/home/dbot2/ros2_ws/install/ament_cmake_clang_format LD_LIBRARY_PATH=/home/dbot2/dbot_vda5050_ilmatar/install/dbot_custom_msgs/lib:/home/dbot2/dbot_vda5050_ilmatar/install/vda5050_connector/lib:/home/dbot2/dbot_vda5050_ilmatar/install/vda5050_msgs/lib:/home/dbot2/dbot_src/install/dbot_custom_msgs/lib:/home/dbot2/circus_demo/install/pcl_localization_ros2/lib:/home/dbot2/ros2_ws/install/dbot_custom_msgs/lib:/opt/ros/humble/opt/rviz_ogre_vendor/lib:/opt/ros/humble/lib/x86_64-linux-gnu:/opt/ros/humble/lib PYTHONPATH=/home/dbot2/dbot_vda5050_ilmatar/build/motor_driver/prefix_override:/usr/lib/python3/dist-packages/colcon_core/task/python/colcon_distutils_commands:/home/dbot2/dbot_vda5050_ilmatar/install/motor_driver/lib/python3.10/site-packages:${PYTHONPATH} /usr/bin/python3 -W ignore:setup.py install is deprecated -W ignore:easy_install command is deprecated setup.py develop --editable --build-directory /home/dbot2/dbot_vda5050_ilmatar/build/motor_driver/build --no-deps symlink_data
[6.237s] Level 1:colcon.colcon_core.environment:create_environment_scripts_only(vda_dbot_nav_slam)
[6.238s] Level 1:colcon.colcon_core.environment:checking '/home/dbot2/dbot_vda5050_ilmatar/install/vda_dbot_nav_slam' for CMake module files
[6.238s] DEBUG:colcon.colcon_core.event_handler.log_command:Invoked command in '/home/dbot2/dbot_vda5050_ilmatar/build/vda_dbot_nav_slam' returned '0': CMAKE_PREFIX_PATH=${CMAKE_PREFIX_PATH}:/home/dbot2/dbot_vda5050_ilmatar/install/vda5050_tb3_adapter:/home/dbot2/dbot_vda5050_ilmatar/install/vda5050_adapter:/home/dbot2/dbot_vda5050_ilmatar/install/tf2_dbot:/home/dbot2/dbot_vda5050_ilmatar/install/odom_motion_model:/home/dbot2/dbot_vda5050_ilmatar/install/motor_driver:/home/dbot2/dbot_vda5050_ilmatar/install/joycontrol:/home/dbot2/dbot_vda5050_ilmatar/install/gesturecontrol:/home/dbot2/dbot_vda5050_ilmatar/install/dbot_bridge:/home/dbot2/dbot_vda5050_ilmatar/install/dbot:/home/dbot2/dbot_src/install/tf2_dbot:/home/dbot2/dbot_src/install/odom_motion_model:/home/dbot2/dbot_src/install/motor_driver:/home/dbot2/dbot_src/install/joycontrol:/home/dbot2/dbot_src/install/dbot:/home/dbot2/dbot_remote/install/pcd_joy_trigger:/home/dbot2/circus_demo/install/circus_demo:/home/dbot2/ros2_ws/install/tf2_dbot:/home/dbot2/ros2_ws/install/odom_motion_model:/home/dbot2/ros2_ws/install/motor_driver:/home/dbot2/ros2_ws/install/joycontrol:/home/dbot2/ros2_ws/install/gesturecontrol:/home/dbot2/ros2_ws/install/dbot_bridge:/home/dbot2/ros2_ws/install/dbot:/home/dbot2/ros2_ws/install/ament_xmllint:/home/dbot2/ros2_ws/install/ament_uncrustify:/home/dbot2/ros2_ws/install/ament_pyflakes:/home/dbot2/ros2_ws/install/ament_pycodestyle:/home/dbot2/ros2_ws/install/ament_pep257:/home/dbot2/ros2_ws/install/ament_pclint:/home/dbot2/ros2_ws/install/ament_mypy:/home/dbot2/ros2_ws/install/ament_lint_cmake:/home/dbot2/ros2_ws/install/ament_flake8:/home/dbot2/ros2_ws/install/ament_copyright:/home/dbot2/ros2_ws/install/ament_lint:/home/dbot2/ros2_ws/install/ament_cpplint:/home/dbot2/ros2_ws/install/ament_cppcheck:/home/dbot2/ros2_ws/install/ament_clang_tidy:/home/dbot2/ros2_ws/install/ament_clang_format:/opt/ros/humble /usr/bin/cmake --install /home/dbot2/dbot_vda5050_ilmatar/build/vda_dbot_nav_slam
[6.239s] Level 1:colcon.colcon_core.environment:checking '/home/dbot2/dbot_vda5050_ilmatar/install/vda_dbot_nav_slam' for CMake config files
[6.239s] Level 1:colcon.colcon_core.shell:create_environment_hook('vda_dbot_nav_slam', 'cmake_prefix_path')
[6.239s] INFO:colcon.colcon_core.shell:Creating environment hook '/home/dbot2/dbot_vda5050_ilmatar/install/vda_dbot_nav_slam/share/vda_dbot_nav_slam/hook/cmake_prefix_path.ps1'
[6.240s] INFO:colcon.colcon_core.shell:Creating environment descriptor '/home/dbot2/dbot_vda5050_ilmatar/install/vda_dbot_nav_slam/share/vda_dbot_nav_slam/hook/cmake_prefix_path.dsv'
[6.240s] INFO:colcon.colcon_core.shell:Creating environment hook '/home/dbot2/dbot_vda5050_ilmatar/install/vda_dbot_nav_slam/share/vda_dbot_nav_slam/hook/cmake_prefix_path.sh'
[6.241s] Level 1:colcon.colcon_core.environment:checking '/home/dbot2/dbot_vda5050_ilmatar/install/vda_dbot_nav_slam/lib'
[6.241s] Level 1:colcon.colcon_core.environment:checking '/home/dbot2/dbot_vda5050_ilmatar/install/vda_dbot_nav_slam/bin'
[6.241s] Level 1:colcon.colcon_core.environment:checking '/home/dbot2/dbot_vda5050_ilmatar/install/vda_dbot_nav_slam/lib/pkgconfig/vda_dbot_nav_slam.pc'
[6.241s] Level 1:colcon.colcon_core.environment:checking '/home/dbot2/dbot_vda5050_ilmatar/install/vda_dbot_nav_slam/lib/python3.10/site-packages'
[6.241s] Level 1:colcon.colcon_core.environment:checking '/home/dbot2/dbot_vda5050_ilmatar/install/vda_dbot_nav_slam/bin'
[6.242s] INFO:colcon.colcon_core.shell:Creating package script '/home/dbot2/dbot_vda5050_ilmatar/install/vda_dbot_nav_slam/share/vda_dbot_nav_slam/package.ps1'
[6.242s] INFO:colcon.colcon_core.shell:Creating package descriptor '/home/dbot2/dbot_vda5050_ilmatar/install/vda_dbot_nav_slam/share/vda_dbot_nav_slam/package.dsv'
[6.242s] INFO:colcon.colcon_core.shell:Creating package script '/home/dbot2/dbot_vda5050_ilmatar/install/vda_dbot_nav_slam/share/vda_dbot_nav_slam/package.sh'
[6.243s] INFO:colcon.colcon_core.shell:Creating package script '/home/dbot2/dbot_vda5050_ilmatar/install/vda_dbot_nav_slam/share/vda_dbot_nav_slam/package.bash'
[6.243s] INFO:colcon.colcon_core.shell:Creating package script '/home/dbot2/dbot_vda5050_ilmatar/install/vda_dbot_nav_slam/share/vda_dbot_nav_slam/package.zsh'
[6.243s] Level 1:colcon.colcon_core.environment:create_file_with_runtime_dependencies(/home/dbot2/dbot_vda5050_ilmatar/install/vda_dbot_nav_slam/share/colcon-core/packages/vda_dbot_nav_slam)
[6.244s] Level 1:colcon.colcon_core.environment:create_environment_scripts_only(vda_dbot_nav_slam)
[6.244s] Level 1:colcon.colcon_core.environment:checking '/home/dbot2/dbot_vda5050_ilmatar/install/vda_dbot_nav_slam' for CMake module files
[6.245s] Level 1:colcon.colcon_core.environment:checking '/home/dbot2/dbot_vda5050_ilmatar/install/vda_dbot_nav_slam' for CMake config files
[6.245s] Level 1:colcon.colcon_core.shell:create_environment_hook('vda_dbot_nav_slam', 'cmake_prefix_path')
[6.245s] INFO:colcon.colcon_core.shell:Creating environment hook '/home/dbot2/dbot_vda5050_ilmatar/install/vda_dbot_nav_slam/share/vda_dbot_nav_slam/hook/cmake_prefix_path.ps1'
[6.246s] INFO:colcon.colcon_core.shell:Creating environment descriptor '/home/dbot2/dbot_vda5050_ilmatar/install/vda_dbot_nav_slam/share/vda_dbot_nav_slam/hook/cmake_prefix_path.dsv'
[6.246s] INFO:colcon.colcon_core.shell:Creating environment hook '/home/dbot2/dbot_vda5050_ilmatar/install/vda_dbot_nav_slam/share/vda_dbot_nav_slam/hook/cmake_prefix_path.sh'
[6.247s] Level 1:colcon.colcon_core.environment:checking '/home/dbot2/dbot_vda5050_ilmatar/install/vda_dbot_nav_slam/lib'
[6.247s] Level 1:colcon.colcon_core.environment:checking '/home/dbot2/dbot_vda5050_ilmatar/install/vda_dbot_nav_slam/bin'
[6.247s] Level 1:colcon.colcon_core.environment:checking '/home/dbot2/dbot_vda5050_ilmatar/install/vda_dbot_nav_slam/lib/pkgconfig/vda_dbot_nav_slam.pc'
[6.247s] Level 1:colcon.colcon_core.environment:checking '/home/dbot2/dbot_vda5050_ilmatar/install/vda_dbot_nav_slam/lib/python3.10/site-packages'
[6.247s] Level 1:colcon.colcon_core.environment:checking '/home/dbot2/dbot_vda5050_ilmatar/install/vda_dbot_nav_slam/bin'
[6.247s] INFO:colcon.colcon_core.shell:Creating package script '/home/dbot2/dbot_vda5050_ilmatar/install/vda_dbot_nav_slam/share/vda_dbot_nav_slam/package.ps1'
[6.248s] INFO:colcon.colcon_core.shell:Creating package descriptor '/home/dbot2/dbot_vda5050_ilmatar/install/vda_dbot_nav_slam/share/vda_dbot_nav_slam/package.dsv'
[6.248s] INFO:colcon.colcon_core.shell:Creating package script '/home/dbot2/dbot_vda5050_ilmatar/install/vda_dbot_nav_slam/share/vda_dbot_nav_slam/package.sh'
[6.249s] INFO:colcon.colcon_core.shell:Creating package script '/home/dbot2/dbot_vda5050_ilmatar/install/vda_dbot_nav_slam/share/vda_dbot_nav_slam/package.bash'
[6.249s] INFO:colcon.colcon_core.shell:Creating package script '/home/dbot2/dbot_vda5050_ilmatar/install/vda_dbot_nav_slam/share/vda_dbot_nav_slam/package.zsh'
[6.249s] Level 1:colcon.colcon_core.environment:create_file_with_runtime_dependencies(/home/dbot2/dbot_vda5050_ilmatar/install/vda_dbot_nav_slam/share/colcon-core/packages/vda_dbot_nav_slam)
[6.523s] Level 1:colcon.colcon_core.shell:create_environment_hook('motor_driver', 'pythonpath_develop')
[6.523s] INFO:colcon.colcon_core.shell:Creating environment hook '/home/dbot2/dbot_vda5050_ilmatar/build/motor_driver/share/motor_driver/hook/pythonpath_develop.ps1'
[6.523s] DEBUG:colcon.colcon_core.event_handler.log_command:Invoked command in '/home/dbot2/dbot_vda5050_ilmatar/build/motor_driver' returned '0': CMAKE_PREFIX_PATH=/home/dbot2/dbot_vda5050_ilmatar/install/dbot_custom_msgs:/home/dbot2/dbot_vda5050_ilmatar/install/vda_dbot_nav_slam:/home/dbot2/dbot_vda5050_ilmatar/install/vda5050_connector:/home/dbot2/dbot_vda5050_ilmatar/install/vda5050_msgs:/home/dbot2/dbot_vda5050_ilmatar/install/odometry_estimator:/home/dbot2/dbot_vda5050_ilmatar/install/dbot_nav_slam:/home/dbot2/dbot_vda5050_ilmatar/install/crane_dbot:/home/dbot2/dbot_src/install/odometry_estimator:/home/dbot2/dbot_src/install/dbot_custom_msgs:/home/dbot2/dbot_remote/install/pointcloud_saver:/home/dbot2/circus_demo/install/pcl_localization_ros2:/home/dbot2/circus_demo/install/ndt_omp_ros2:/home/dbot2/ros2_ws/install/odometry_estimator:/home/dbot2/ros2_ws/install/dbot_nav_slam:/home/dbot2/ros2_ws/install/dbot_custom_msgs:/home/dbot2/ros2_ws/install/ament_lint_common:/home/dbot2/ros2_ws/install/ament_cmake_xmllint:/home/dbot2/ros2_ws/install/ament_cmake_uncrustify:/home/dbot2/ros2_ws/install/ament_cmake_pyflakes:/home/dbot2/ros2_ws/install/ament_cmake_pycodestyle:/home/dbot2/ros2_ws/install/ament_cmake_pep257:/home/dbot2/ros2_ws/install/ament_cmake_pclint:/home/dbot2/ros2_ws/install/ament_cmake_mypy:/home/dbot2/ros2_ws/install/ament_cmake_lint_cmake:/home/dbot2/ros2_ws/install/ament_lint_auto:/home/dbot2/ros2_ws/install/ament_cmake_flake8:/home/dbot2/ros2_ws/install/ament_cmake_copyright:/home/dbot2/ros2_ws/install/ament_cmake_cpplint:/home/dbot2/ros2_ws/install/ament_cmake_cppcheck:/home/dbot2/ros2_ws/install/ament_cmake_clang_tidy:/home/dbot2/ros2_ws/install/ament_cmake_clang_format LD_LIBRARY_PATH=/home/dbot2/dbot_vda5050_ilmatar/install/dbot_custom_msgs/lib:/home/dbot2/dbot_vda5050_ilmatar/install/vda5050_connector/lib:/home/dbot2/dbot_vda5050_ilmatar/install/vda5050_msgs/lib:/home/dbot2/dbot_src/install/dbot_custom_msgs/lib:/home/dbot2/circus_demo/install/pcl_localization_ros2/lib:/home/dbot2/ros2_ws/install/dbot_custom_msgs/lib:/opt/ros/humble/opt/rviz_ogre_vendor/lib:/opt/ros/humble/lib/x86_64-linux-gnu:/opt/ros/humble/lib PYTHONPATH=/home/dbot2/dbot_vda5050_ilmatar/build/motor_driver/prefix_override:/usr/lib/python3/dist-packages/colcon_core/task/python/colcon_distutils_commands:/home/dbot2/dbot_vda5050_ilmatar/install/motor_driver/lib/python3.10/site-packages:${PYTHONPATH} /usr/bin/python3 -W ignore:setup.py install is deprecated -W ignore:easy_install command is deprecated setup.py develop --editable --build-directory /home/dbot2/dbot_vda5050_ilmatar/build/motor_driver/build --no-deps symlink_data
[6.524s] INFO:colcon.colcon_core.shell:Creating environment descriptor '/home/dbot2/dbot_vda5050_ilmatar/build/motor_driver/share/motor_driver/hook/pythonpath_develop.dsv'
[6.524s] INFO:colcon.colcon_core.shell:Creating environment hook '/home/dbot2/dbot_vda5050_ilmatar/build/motor_driver/share/motor_driver/hook/pythonpath_develop.sh'
[6.524s] Level 1:colcon.colcon_core.environment:checking '/home/dbot2/dbot_vda5050_ilmatar/install/motor_driver' for CMake module files
[6.524s] Level 1:colcon.colcon_core.environment:checking '/home/dbot2/dbot_vda5050_ilmatar/install/motor_driver' for CMake config files
[6.525s] Level 1:colcon.colcon_core.environment:checking '/home/dbot2/dbot_vda5050_ilmatar/install/motor_driver/lib'
[6.525s] Level 1:colcon.colcon_core.environment:checking '/home/dbot2/dbot_vda5050_ilmatar/install/motor_driver/bin'
[6.525s] Level 1:colcon.colcon_core.environment:checking '/home/dbot2/dbot_vda5050_ilmatar/install/motor_driver/lib/pkgconfig/motor_driver.pc'
[6.525s] Level 1:colcon.colcon_core.environment:checking '/home/dbot2/dbot_vda5050_ilmatar/install/motor_driver/lib/python3.10/site-packages'
[6.525s] Level 1:colcon.colcon_core.shell:create_environment_hook('motor_driver', 'pythonpath')
[6.525s] INFO:colcon.colcon_core.shell:Creating environment hook '/home/dbot2/dbot_vda5050_ilmatar/install/motor_driver/share/motor_driver/hook/pythonpath.ps1'
[6.525s] INFO:colcon.colcon_core.shell:Creating environment descriptor '/home/dbot2/dbot_vda5050_ilmatar/install/motor_driver/share/motor_driver/hook/pythonpath.dsv'
[6.526s] INFO:colcon.colcon_core.shell:Creating environment hook '/home/dbot2/dbot_vda5050_ilmatar/install/motor_driver/share/motor_driver/hook/pythonpath.sh'
[6.526s] Level 1:colcon.colcon_core.environment:checking '/home/dbot2/dbot_vda5050_ilmatar/install/motor_driver/bin'
[6.526s] Level 1:colcon.colcon_core.environment:create_environment_scripts_only(motor_driver)
[6.526s] INFO:colcon.colcon_core.shell:Creating package script '/home/dbot2/dbot_vda5050_ilmatar/install/motor_driver/share/motor_driver/package.ps1'
[6.526s] INFO:colcon.colcon_core.shell:Creating package descriptor '/home/dbot2/dbot_vda5050_ilmatar/install/motor_driver/share/motor_driver/package.dsv'
[6.527s] INFO:colcon.colcon_core.shell:Creating package script '/home/dbot2/dbot_vda5050_ilmatar/install/motor_driver/share/motor_driver/package.sh'
[6.527s] INFO:colcon.colcon_core.shell:Creating package script '/home/dbot2/dbot_vda5050_ilmatar/install/motor_driver/share/motor_driver/package.bash'
[6.527s] INFO:colcon.colcon_core.shell:Creating package script '/home/dbot2/dbot_vda5050_ilmatar/install/motor_driver/share/motor_driver/package.zsh'
[6.527s] Level 1:colcon.colcon_core.environment:create_file_with_runtime_dependencies(/home/dbot2/dbot_vda5050_ilmatar/install/motor_driver/share/colcon-core/packages/motor_driver)
[6.795s] DEBUG:colcon.colcon_core.event_handler.log_command:Invoked command in '/home/dbot2/dbot_vda5050_ilmatar/build/odometry_estimator' returned '0': CMAKE_PREFIX_PATH=/home/dbot2/dbot_vda5050_ilmatar/install/dbot_custom_msgs:/home/dbot2/dbot_vda5050_ilmatar/install/vda_dbot_nav_slam:/home/dbot2/dbot_vda5050_ilmatar/install/vda5050_connector:/home/dbot2/dbot_vda5050_ilmatar/install/vda5050_msgs:/home/dbot2/dbot_vda5050_ilmatar/install/odometry_estimator:/home/dbot2/dbot_vda5050_ilmatar/install/dbot_nav_slam:/home/dbot2/dbot_vda5050_ilmatar/install/crane_dbot:/home/dbot2/dbot_src/install/odometry_estimator:/home/dbot2/dbot_src/install/dbot_custom_msgs:/home/dbot2/dbot_remote/install/pointcloud_saver:/home/dbot2/circus_demo/install/pcl_localization_ros2:/home/dbot2/circus_demo/install/ndt_omp_ros2:/home/dbot2/ros2_ws/install/odometry_estimator:/home/dbot2/ros2_ws/install/dbot_nav_slam:/home/dbot2/ros2_ws/install/dbot_custom_msgs:/home/dbot2/ros2_ws/install/ament_lint_common:/home/dbot2/ros2_ws/install/ament_cmake_xmllint:/home/dbot2/ros2_ws/install/ament_cmake_uncrustify:/home/dbot2/ros2_ws/install/ament_cmake_pyflakes:/home/dbot2/ros2_ws/install/ament_cmake_pycodestyle:/home/dbot2/ros2_ws/install/ament_cmake_pep257:/home/dbot2/ros2_ws/install/ament_cmake_pclint:/home/dbot2/ros2_ws/install/ament_cmake_mypy:/home/dbot2/ros2_ws/install/ament_cmake_lint_cmake:/home/dbot2/ros2_ws/install/ament_lint_auto:/home/dbot2/ros2_ws/install/ament_cmake_flake8:/home/dbot2/ros2_ws/install/ament_cmake_copyright:/home/dbot2/ros2_ws/install/ament_cmake_cpplint:/home/dbot2/ros2_ws/install/ament_cmake_cppcheck:/home/dbot2/ros2_ws/install/ament_cmake_clang_tidy:/home/dbot2/ros2_ws/install/ament_cmake_clang_format:/home/dbot2/dbot_vda5050_ilmatar/install/vda5050_tb3_adapter:/home/dbot2/dbot_vda5050_ilmatar/install/vda5050_adapter:/home/dbot2/dbot_vda5050_ilmatar/install/tf2_dbot:/home/dbot2/dbot_vda5050_ilmatar/install/odom_motion_model:/home/dbot2/dbot_vda5050_ilmatar/install/motor_driver:/home/dbot2/dbot_vda5050_ilmatar/install/joycontrol:/home/dbot2/dbot_vda5050_ilmatar/install/gesturecontrol:/home/dbot2/dbot_vda5050_ilmatar/install/dbot_bridge:/home/dbot2/dbot_vda5050_ilmatar/install/dbot:/home/dbot2/dbot_src/install/tf2_dbot:/home/dbot2/dbot_src/install/odom_motion_model:/home/dbot2/dbot_src/install/motor_driver:/home/dbot2/dbot_src/install/joycontrol:/home/dbot2/dbot_src/install/dbot:/home/dbot2/dbot_remote/install/pcd_joy_trigger:/home/dbot2/circus_demo/install/circus_demo:/home/dbot2/ros2_ws/install/tf2_dbot:/home/dbot2/ros2_ws/install/odom_motion_model:/home/dbot2/ros2_ws/install/motor_driver:/home/dbot2/ros2_ws/install/joycontrol:/home/dbot2/ros2_ws/install/gesturecontrol:/home/dbot2/ros2_ws/install/dbot_bridge:/home/dbot2/ros2_ws/install/dbot:/home/dbot2/ros2_ws/install/ament_xmllint:/home/dbot2/ros2_ws/install/ament_uncrustify:/home/dbot2/ros2_ws/install/ament_pyflakes:/home/dbot2/ros2_ws/install/ament_pycodestyle:/home/dbot2/ros2_ws/install/ament_pep257:/home/dbot2/ros2_ws/install/ament_pclint:/home/dbot2/ros2_ws/install/ament_mypy:/home/dbot2/ros2_ws/install/ament_lint_cmake:/home/dbot2/ros2_ws/install/ament_flake8:/home/dbot2/ros2_ws/install/ament_copyright:/home/dbot2/ros2_ws/install/ament_lint:/home/dbot2/ros2_ws/install/ament_cpplint:/home/dbot2/ros2_ws/install/ament_cppcheck:/home/dbot2/ros2_ws/install/ament_clang_tidy:/home/dbot2/ros2_ws/install/ament_clang_format:/opt/ros/humble LD_LIBRARY_PATH=/home/dbot2/dbot_vda5050_ilmatar/install/dbot_custom_msgs/lib:/home/dbot2/dbot_vda5050_ilmatar/install/vda5050_connector/lib:/home/dbot2/dbot_vda5050_ilmatar/install/vda5050_msgs/lib:/home/dbot2/dbot_src/install/dbot_custom_msgs/lib:/home/dbot2/circus_demo/install/pcl_localization_ros2/lib:/home/dbot2/ros2_ws/install/dbot_custom_msgs/lib:/opt/ros/humble/opt/rviz_ogre_vendor/lib:/opt/ros/humble/lib/x86_64-linux-gnu:/opt/ros/humble/lib /usr/bin/cmake /home/dbot2/dbot_vda5050_ilmatar/src/ros2_odometry_estimation -DAMENT_CMAKE_SYMLINK_INSTALL=1 -DCMAKE_INSTALL_PREFIX=/home/dbot2/dbot_vda5050_ilmatar/install/odometry_estimator
[6.796s] DEBUG:colcon.colcon_core.event_handler.log_command:Invoking command in '/home/dbot2/dbot_vda5050_ilmatar/build/odometry_estimator': CMAKE_PREFIX_PATH=/home/dbot2/dbot_vda5050_ilmatar/install/dbot_custom_msgs:/home/dbot2/dbot_vda5050_ilmatar/install/vda_dbot_nav_slam:/home/dbot2/dbot_vda5050_ilmatar/install/vda5050_connector:/home/dbot2/dbot_vda5050_ilmatar/install/vda5050_msgs:/home/dbot2/dbot_vda5050_ilmatar/install/odometry_estimator:/home/dbot2/dbot_vda5050_ilmatar/install/dbot_nav_slam:/home/dbot2/dbot_vda5050_ilmatar/install/crane_dbot:/home/dbot2/dbot_src/install/odometry_estimator:/home/dbot2/dbot_src/install/dbot_custom_msgs:/home/dbot2/dbot_remote/install/pointcloud_saver:/home/dbot2/circus_demo/install/pcl_localization_ros2:/home/dbot2/circus_demo/install/ndt_omp_ros2:/home/dbot2/ros2_ws/install/odometry_estimator:/home/dbot2/ros2_ws/install/dbot_nav_slam:/home/dbot2/ros2_ws/install/dbot_custom_msgs:/home/dbot2/ros2_ws/install/ament_lint_common:/home/dbot2/ros2_ws/install/ament_cmake_xmllint:/home/dbot2/ros2_ws/install/ament_cmake_uncrustify:/home/dbot2/ros2_ws/install/ament_cmake_pyflakes:/home/dbot2/ros2_ws/install/ament_cmake_pycodestyle:/home/dbot2/ros2_ws/install/ament_cmake_pep257:/home/dbot2/ros2_ws/install/ament_cmake_pclint:/home/dbot2/ros2_ws/install/ament_cmake_mypy:/home/dbot2/ros2_ws/install/ament_cmake_lint_cmake:/home/dbot2/ros2_ws/install/ament_lint_auto:/home/dbot2/ros2_ws/install/ament_cmake_flake8:/home/dbot2/ros2_ws/install/ament_cmake_copyright:/home/dbot2/ros2_ws/install/ament_cmake_cpplint:/home/dbot2/ros2_ws/install/ament_cmake_cppcheck:/home/dbot2/ros2_ws/install/ament_cmake_clang_tidy:/home/dbot2/ros2_ws/install/ament_cmake_clang_format:/home/dbot2/dbot_vda5050_ilmatar/install/vda5050_tb3_adapter:/home/dbot2/dbot_vda5050_ilmatar/install/vda5050_adapter:/home/dbot2/dbot_vda5050_ilmatar/install/tf2_dbot:/home/dbot2/dbot_vda5050_ilmatar/install/odom_motion_model:/home/dbot2/dbot_vda5050_ilmatar/install/motor_driver:/home/dbot2/dbot_vda5050_ilmatar/install/joycontrol:/home/dbot2/dbot_vda5050_ilmatar/install/gesturecontrol:/home/dbot2/dbot_vda5050_ilmatar/install/dbot_bridge:/home/dbot2/dbot_vda5050_ilmatar/install/dbot:/home/dbot2/dbot_src/install/tf2_dbot:/home/dbot2/dbot_src/install/odom_motion_model:/home/dbot2/dbot_src/install/motor_driver:/home/dbot2/dbot_src/install/joycontrol:/home/dbot2/dbot_src/install/dbot:/home/dbot2/dbot_remote/install/pcd_joy_trigger:/home/dbot2/circus_demo/install/circus_demo:/home/dbot2/ros2_ws/install/tf2_dbot:/home/dbot2/ros2_ws/install/odom_motion_model:/home/dbot2/ros2_ws/install/motor_driver:/home/dbot2/ros2_ws/install/joycontrol:/home/dbot2/ros2_ws/install/gesturecontrol:/home/dbot2/ros2_ws/install/dbot_bridge:/home/dbot2/ros2_ws/install/dbot:/home/dbot2/ros2_ws/install/ament_xmllint:/home/dbot2/ros2_ws/install/ament_uncrustify:/home/dbot2/ros2_ws/install/ament_pyflakes:/home/dbot2/ros2_ws/install/ament_pycodestyle:/home/dbot2/ros2_ws/install/ament_pep257:/home/dbot2/ros2_ws/install/ament_pclint:/home/dbot2/ros2_ws/install/ament_mypy:/home/dbot2/ros2_ws/install/ament_lint_cmake:/home/dbot2/ros2_ws/install/ament_flake8:/home/dbot2/ros2_ws/install/ament_copyright:/home/dbot2/ros2_ws/install/ament_lint:/home/dbot2/ros2_ws/install/ament_cpplint:/home/dbot2/ros2_ws/install/ament_cppcheck:/home/dbot2/ros2_ws/install/ament_clang_tidy:/home/dbot2/ros2_ws/install/ament_clang_format:/opt/ros/humble LD_LIBRARY_PATH=/home/dbot2/dbot_vda5050_ilmatar/install/dbot_custom_msgs/lib:/home/dbot2/dbot_vda5050_ilmatar/install/vda5050_connector/lib:/home/dbot2/dbot_vda5050_ilmatar/install/vda5050_msgs/lib:/home/dbot2/dbot_src/install/dbot_custom_msgs/lib:/home/dbot2/circus_demo/install/pcl_localization_ros2/lib:/home/dbot2/ros2_ws/install/dbot_custom_msgs/lib:/opt/ros/humble/opt/rviz_ogre_vendor/lib:/opt/ros/humble/lib/x86_64-linux-gnu:/opt/ros/humble/lib /usr/bin/cmake --build /home/dbot2/dbot_vda5050_ilmatar/build/odometry_estimator -- -j8 -l8
[17.565s] DEBUG:colcon.colcon_core.event_handler.log_command:Invoked command in '/home/dbot2/dbot_vda5050_ilmatar/build/odometry_estimator' returned '0': CMAKE_PREFIX_PATH=/home/dbot2/dbot_vda5050_ilmatar/install/dbot_custom_msgs:/home/dbot2/dbot_vda5050_ilmatar/install/vda_dbot_nav_slam:/home/dbot2/dbot_vda5050_ilmatar/install/vda5050_connector:/home/dbot2/dbot_vda5050_ilmatar/install/vda5050_msgs:/home/dbot2/dbot_vda5050_ilmatar/install/odometry_estimator:/home/dbot2/dbot_vda5050_ilmatar/install/dbot_nav_slam:/home/dbot2/dbot_vda5050_ilmatar/install/crane_dbot:/home/dbot2/dbot_src/install/odometry_estimator:/home/dbot2/dbot_src/install/dbot_custom_msgs:/home/dbot2/dbot_remote/install/pointcloud_saver:/home/dbot2/circus_demo/install/pcl_localization_ros2:/home/dbot2/circus_demo/install/ndt_omp_ros2:/home/dbot2/ros2_ws/install/odometry_estimator:/home/dbot2/ros2_ws/install/dbot_nav_slam:/home/dbot2/ros2_ws/install/dbot_custom_msgs:/home/dbot2/ros2_ws/install/ament_lint_common:/home/dbot2/ros2_ws/install/ament_cmake_xmllint:/home/dbot2/ros2_ws/install/ament_cmake_uncrustify:/home/dbot2/ros2_ws/install/ament_cmake_pyflakes:/home/dbot2/ros2_ws/install/ament_cmake_pycodestyle:/home/dbot2/ros2_ws/install/ament_cmake_pep257:/home/dbot2/ros2_ws/install/ament_cmake_pclint:/home/dbot2/ros2_ws/install/ament_cmake_mypy:/home/dbot2/ros2_ws/install/ament_cmake_lint_cmake:/home/dbot2/ros2_ws/install/ament_lint_auto:/home/dbot2/ros2_ws/install/ament_cmake_flake8:/home/dbot2/ros2_ws/install/ament_cmake_copyright:/home/dbot2/ros2_ws/install/ament_cmake_cpplint:/home/dbot2/ros2_ws/install/ament_cmake_cppcheck:/home/dbot2/ros2_ws/install/ament_cmake_clang_tidy:/home/dbot2/ros2_ws/install/ament_cmake_clang_format:/home/dbot2/dbot_vda5050_ilmatar/install/vda5050_tb3_adapter:/home/dbot2/dbot_vda5050_ilmatar/install/vda5050_adapter:/home/dbot2/dbot_vda5050_ilmatar/install/tf2_dbot:/home/dbot2/dbot_vda5050_ilmatar/install/odom_motion_model:/home/dbot2/dbot_vda5050_ilmatar/install/motor_driver:/home/dbot2/dbot_vda5050_ilmatar/install/joycontrol:/home/dbot2/dbot_vda5050_ilmatar/install/gesturecontrol:/home/dbot2/dbot_vda5050_ilmatar/install/dbot_bridge:/home/dbot2/dbot_vda5050_ilmatar/install/dbot:/home/dbot2/dbot_src/install/tf2_dbot:/home/dbot2/dbot_src/install/odom_motion_model:/home/dbot2/dbot_src/install/motor_driver:/home/dbot2/dbot_src/install/joycontrol:/home/dbot2/dbot_src/install/dbot:/home/dbot2/dbot_remote/install/pcd_joy_trigger:/home/dbot2/circus_demo/install/circus_demo:/home/dbot2/ros2_ws/install/tf2_dbot:/home/dbot2/ros2_ws/install/odom_motion_model:/home/dbot2/ros2_ws/install/motor_driver:/home/dbot2/ros2_ws/install/joycontrol:/home/dbot2/ros2_ws/install/gesturecontrol:/home/dbot2/ros2_ws/install/dbot_bridge:/home/dbot2/ros2_ws/install/dbot:/home/dbot2/ros2_ws/install/ament_xmllint:/home/dbot2/ros2_ws/install/ament_uncrustify:/home/dbot2/ros2_ws/install/ament_pyflakes:/home/dbot2/ros2_ws/install/ament_pycodestyle:/home/dbot2/ros2_ws/install/ament_pep257:/home/dbot2/ros2_ws/install/ament_pclint:/home/dbot2/ros2_ws/install/ament_mypy:/home/dbot2/ros2_ws/install/ament_lint_cmake:/home/dbot2/ros2_ws/install/ament_flake8:/home/dbot2/ros2_ws/install/ament_copyright:/home/dbot2/ros2_ws/install/ament_lint:/home/dbot2/ros2_ws/install/ament_cpplint:/home/dbot2/ros2_ws/install/ament_cppcheck:/home/dbot2/ros2_ws/install/ament_clang_tidy:/home/dbot2/ros2_ws/install/ament_clang_format:/opt/ros/humble LD_LIBRARY_PATH=/home/dbot2/dbot_vda5050_ilmatar/install/dbot_custom_msgs/lib:/home/dbot2/dbot_vda5050_ilmatar/install/vda5050_connector/lib:/home/dbot2/dbot_vda5050_ilmatar/install/vda5050_msgs/lib:/home/dbot2/dbot_src/install/dbot_custom_msgs/lib:/home/dbot2/circus_demo/install/pcl_localization_ros2/lib:/home/dbot2/ros2_ws/install/dbot_custom_msgs/lib:/opt/ros/humble/opt/rviz_ogre_vendor/lib:/opt/ros/humble/lib/x86_64-linux-gnu:/opt/ros/humble/lib /usr/bin/cmake --build /home/dbot2/dbot_vda5050_ilmatar/build/odometry_estimator -- -j8 -l8
[17.566s] DEBUG:colcon.colcon_core.event_handler.log_command:Invoking command in '/home/dbot2/dbot_vda5050_ilmatar/build/odometry_estimator': CMAKE_PREFIX_PATH=/home/dbot2/dbot_vda5050_ilmatar/install/dbot_custom_msgs:/home/dbot2/dbot_vda5050_ilmatar/install/vda_dbot_nav_slam:/home/dbot2/dbot_vda5050_ilmatar/install/vda5050_connector:/home/dbot2/dbot_vda5050_ilmatar/install/vda5050_msgs:/home/dbot2/dbot_vda5050_ilmatar/install/odometry_estimator:/home/dbot2/dbot_vda5050_ilmatar/install/dbot_nav_slam:/home/dbot2/dbot_vda5050_ilmatar/install/crane_dbot:/home/dbot2/dbot_src/install/odometry_estimator:/home/dbot2/dbot_src/install/dbot_custom_msgs:/home/dbot2/dbot_remote/install/pointcloud_saver:/home/dbot2/circus_demo/install/pcl_localization_ros2:/home/dbot2/circus_demo/install/ndt_omp_ros2:/home/dbot2/ros2_ws/install/odometry_estimator:/home/dbot2/ros2_ws/install/dbot_nav_slam:/home/dbot2/ros2_ws/install/dbot_custom_msgs:/home/dbot2/ros2_ws/install/ament_lint_common:/home/dbot2/ros2_ws/install/ament_cmake_xmllint:/home/dbot2/ros2_ws/install/ament_cmake_uncrustify:/home/dbot2/ros2_ws/install/ament_cmake_pyflakes:/home/dbot2/ros2_ws/install/ament_cmake_pycodestyle:/home/dbot2/ros2_ws/install/ament_cmake_pep257:/home/dbot2/ros2_ws/install/ament_cmake_pclint:/home/dbot2/ros2_ws/install/ament_cmake_mypy:/home/dbot2/ros2_ws/install/ament_cmake_lint_cmake:/home/dbot2/ros2_ws/install/ament_lint_auto:/home/dbot2/ros2_ws/install/ament_cmake_flake8:/home/dbot2/ros2_ws/install/ament_cmake_copyright:/home/dbot2/ros2_ws/install/ament_cmake_cpplint:/home/dbot2/ros2_ws/install/ament_cmake_cppcheck:/home/dbot2/ros2_ws/install/ament_cmake_clang_tidy:/home/dbot2/ros2_ws/install/ament_cmake_clang_format:/home/dbot2/dbot_vda5050_ilmatar/install/vda5050_tb3_adapter:/home/dbot2/dbot_vda5050_ilmatar/install/vda5050_adapter:/home/dbot2/dbot_vda5050_ilmatar/install/tf2_dbot:/home/dbot2/dbot_vda5050_ilmatar/install/odom_motion_model:/home/dbot2/dbot_vda5050_ilmatar/install/motor_driver:/home/dbot2/dbot_vda5050_ilmatar/install/joycontrol:/home/dbot2/dbot_vda5050_ilmatar/install/gesturecontrol:/home/dbot2/dbot_vda5050_ilmatar/install/dbot_bridge:/home/dbot2/dbot_vda5050_ilmatar/install/dbot:/home/dbot2/dbot_src/install/tf2_dbot:/home/dbot2/dbot_src/install/odom_motion_model:/home/dbot2/dbot_src/install/motor_driver:/home/dbot2/dbot_src/install/joycontrol:/home/dbot2/dbot_src/install/dbot:/home/dbot2/dbot_remote/install/pcd_joy_trigger:/home/dbot2/circus_demo/install/circus_demo:/home/dbot2/ros2_ws/install/tf2_dbot:/home/dbot2/ros2_ws/install/odom_motion_model:/home/dbot2/ros2_ws/install/motor_driver:/home/dbot2/ros2_ws/install/joycontrol:/home/dbot2/ros2_ws/install/gesturecontrol:/home/dbot2/ros2_ws/install/dbot_bridge:/home/dbot2/ros2_ws/install/dbot:/home/dbot2/ros2_ws/install/ament_xmllint:/home/dbot2/ros2_ws/install/ament_uncrustify:/home/dbot2/ros2_ws/install/ament_pyflakes:/home/dbot2/ros2_ws/install/ament_pycodestyle:/home/dbot2/ros2_ws/install/ament_pep257:/home/dbot2/ros2_ws/install/ament_pclint:/home/dbot2/ros2_ws/install/ament_mypy:/home/dbot2/ros2_ws/install/ament_lint_cmake:/home/dbot2/ros2_ws/install/ament_flake8:/home/dbot2/ros2_ws/install/ament_copyright:/home/dbot2/ros2_ws/install/ament_lint:/home/dbot2/ros2_ws/install/ament_cpplint:/home/dbot2/ros2_ws/install/ament_cppcheck:/home/dbot2/ros2_ws/install/ament_clang_tidy:/home/dbot2/ros2_ws/install/ament_clang_format:/opt/ros/humble LD_LIBRARY_PATH=/home/dbot2/dbot_vda5050_ilmatar/install/dbot_custom_msgs/lib:/home/dbot2/dbot_vda5050_ilmatar/install/vda5050_connector/lib:/home/dbot2/dbot_vda5050_ilmatar/install/vda5050_msgs/lib:/home/dbot2/dbot_src/install/dbot_custom_msgs/lib:/home/dbot2/circus_demo/install/pcl_localization_ros2/lib:/home/dbot2/ros2_ws/install/dbot_custom_msgs/lib:/opt/ros/humble/opt/rviz_ogre_vendor/lib:/opt/ros/humble/lib/x86_64-linux-gnu:/opt/ros/humble/lib /usr/bin/cmake --install /home/dbot2/dbot_vda5050_ilmatar/build/odometry_estimator
[17.762s] Level 1:colcon.colcon_core.environment:create_environment_scripts_only(odometry_estimator)
[17.763s] Level 1:colcon.colcon_core.environment:checking '/home/dbot2/dbot_vda5050_ilmatar/install/odometry_estimator' for CMake module files
[17.762s] DEBUG:colcon.colcon_core.event_handler.log_command:Invoked command in '/home/dbot2/dbot_vda5050_ilmatar/build/odometry_estimator' returned '0': CMAKE_PREFIX_PATH=/home/dbot2/dbot_vda5050_ilmatar/install/dbot_custom_msgs:/home/dbot2/dbot_vda5050_ilmatar/install/vda_dbot_nav_slam:/home/dbot2/dbot_vda5050_ilmatar/install/vda5050_connector:/home/dbot2/dbot_vda5050_ilmatar/install/vda5050_msgs:/home/dbot2/dbot_vda5050_ilmatar/install/odometry_estimator:/home/dbot2/dbot_vda5050_ilmatar/install/dbot_nav_slam:/home/dbot2/dbot_vda5050_ilmatar/install/crane_dbot:/home/dbot2/dbot_src/install/odometry_estimator:/home/dbot2/dbot_src/install/dbot_custom_msgs:/home/dbot2/dbot_remote/install/pointcloud_saver:/home/dbot2/circus_demo/install/pcl_localization_ros2:/home/dbot2/circus_demo/install/ndt_omp_ros2:/home/dbot2/ros2_ws/install/odometry_estimator:/home/dbot2/ros2_ws/install/dbot_nav_slam:/home/dbot2/ros2_ws/install/dbot_custom_msgs:/home/dbot2/ros2_ws/install/ament_lint_common:/home/dbot2/ros2_ws/install/ament_cmake_xmllint:/home/dbot2/ros2_ws/install/ament_cmake_uncrustify:/home/dbot2/ros2_ws/install/ament_cmake_pyflakes:/home/dbot2/ros2_ws/install/ament_cmake_pycodestyle:/home/dbot2/ros2_ws/install/ament_cmake_pep257:/home/dbot2/ros2_ws/install/ament_cmake_pclint:/home/dbot2/ros2_ws/install/ament_cmake_mypy:/home/dbot2/ros2_ws/install/ament_cmake_lint_cmake:/home/dbot2/ros2_ws/install/ament_lint_auto:/home/dbot2/ros2_ws/install/ament_cmake_flake8:/home/dbot2/ros2_ws/install/ament_cmake_copyright:/home/dbot2/ros2_ws/install/ament_cmake_cpplint:/home/dbot2/ros2_ws/install/ament_cmake_cppcheck:/home/dbot2/ros2_ws/install/ament_cmake_clang_tidy:/home/dbot2/ros2_ws/install/ament_cmake_clang_format:/home/dbot2/dbot_vda5050_ilmatar/install/vda5050_tb3_adapter:/home/dbot2/dbot_vda5050_ilmatar/install/vda5050_adapter:/home/dbot2/dbot_vda5050_ilmatar/install/tf2_dbot:/home/dbot2/dbot_vda5050_ilmatar/install/odom_motion_model:/home/dbot2/dbot_vda5050_ilmatar/install/motor_driver:/home/dbot2/dbot_vda5050_ilmatar/install/joycontrol:/home/dbot2/dbot_vda5050_ilmatar/install/gesturecontrol:/home/dbot2/dbot_vda5050_ilmatar/install/dbot_bridge:/home/dbot2/dbot_vda5050_ilmatar/install/dbot:/home/dbot2/dbot_src/install/tf2_dbot:/home/dbot2/dbot_src/install/odom_motion_model:/home/dbot2/dbot_src/install/motor_driver:/home/dbot2/dbot_src/install/joycontrol:/home/dbot2/dbot_src/install/dbot:/home/dbot2/dbot_remote/install/pcd_joy_trigger:/home/dbot2/circus_demo/install/circus_demo:/home/dbot2/ros2_ws/install/tf2_dbot:/home/dbot2/ros2_ws/install/odom_motion_model:/home/dbot2/ros2_ws/install/motor_driver:/home/dbot2/ros2_ws/install/joycontrol:/home/dbot2/ros2_ws/install/gesturecontrol:/home/dbot2/ros2_ws/install/dbot_bridge:/home/dbot2/ros2_ws/install/dbot:/home/dbot2/ros2_ws/install/ament_xmllint:/home/dbot2/ros2_ws/install/ament_uncrustify:/home/dbot2/ros2_ws/install/ament_pyflakes:/home/dbot2/ros2_ws/install/ament_pycodestyle:/home/dbot2/ros2_ws/install/ament_pep257:/home/dbot2/ros2_ws/install/ament_pclint:/home/dbot2/ros2_ws/install/ament_mypy:/home/dbot2/ros2_ws/install/ament_lint_cmake:/home/dbot2/ros2_ws/install/ament_flake8:/home/dbot2/ros2_ws/install/ament_copyright:/home/dbot2/ros2_ws/install/ament_lint:/home/dbot2/ros2_ws/install/ament_cpplint:/home/dbot2/ros2_ws/install/ament_cppcheck:/home/dbot2/ros2_ws/install/ament_clang_tidy:/home/dbot2/ros2_ws/install/ament_clang_format:/opt/ros/humble LD_LIBRARY_PATH=/home/dbot2/dbot_vda5050_ilmatar/install/dbot_custom_msgs/lib:/home/dbot2/dbot_vda5050_ilmatar/install/vda5050_connector/lib:/home/dbot2/dbot_vda5050_ilmatar/install/vda5050_msgs/lib:/home/dbot2/dbot_src/install/dbot_custom_msgs/lib:/home/dbot2/circus_demo/install/pcl_localization_ros2/lib:/home/dbot2/ros2_ws/install/dbot_custom_msgs/lib:/opt/ros/humble/opt/rviz_ogre_vendor/lib:/opt/ros/humble/lib/x86_64-linux-gnu:/opt/ros/humble/lib /usr/bin/cmake --install /home/dbot2/dbot_vda5050_ilmatar/build/odometry_estimator
[17.764s] Level 1:colcon.colcon_core.environment:checking '/home/dbot2/dbot_vda5050_ilmatar/install/odometry_estimator' for CMake config files
[17.764s] Level 1:colcon.colcon_core.shell:create_environment_hook('odometry_estimator', 'cmake_prefix_path')
[17.764s] INFO:colcon.colcon_core.shell:Creating environment hook '/home/dbot2/dbot_vda5050_ilmatar/install/odometry_estimator/share/odometry_estimator/hook/cmake_prefix_path.ps1'
[17.765s] INFO:colcon.colcon_core.shell:Creating environment descriptor '/home/dbot2/dbot_vda5050_ilmatar/install/odometry_estimator/share/odometry_estimator/hook/cmake_prefix_path.dsv'
[17.765s] INFO:colcon.colcon_core.shell:Creating environment hook '/home/dbot2/dbot_vda5050_ilmatar/install/odometry_estimator/share/odometry_estimator/hook/cmake_prefix_path.sh'
[17.766s] Level 1:colcon.colcon_core.environment:checking '/home/dbot2/dbot_vda5050_ilmatar/install/odometry_estimator/lib'
[17.766s] Level 1:colcon.colcon_core.environment:checking '/home/dbot2/dbot_vda5050_ilmatar/install/odometry_estimator/bin'
[17.766s] Level 1:colcon.colcon_core.environment:checking '/home/dbot2/dbot_vda5050_ilmatar/install/odometry_estimator/lib/pkgconfig/odometry_estimator.pc'
[17.766s] Level 1:colcon.colcon_core.environment:checking '/home/dbot2/dbot_vda5050_ilmatar/install/odometry_estimator/lib/python3.10/site-packages'
[17.767s] Level 1:colcon.colcon_core.environment:checking '/home/dbot2/dbot_vda5050_ilmatar/install/odometry_estimator/bin'
[17.767s] INFO:colcon.colcon_core.shell:Creating package script '/home/dbot2/dbot_vda5050_ilmatar/install/odometry_estimator/share/odometry_estimator/package.ps1'
[17.768s] INFO:colcon.colcon_core.shell:Creating package descriptor '/home/dbot2/dbot_vda5050_ilmatar/install/odometry_estimator/share/odometry_estimator/package.dsv'
[17.768s] INFO:colcon.colcon_core.shell:Creating package script '/home/dbot2/dbot_vda5050_ilmatar/install/odometry_estimator/share/odometry_estimator/package.sh'
[17.768s] INFO:colcon.colcon_core.shell:Creating package script '/home/dbot2/dbot_vda5050_ilmatar/install/odometry_estimator/share/odometry_estimator/package.bash'
[17.769s] INFO:colcon.colcon_core.shell:Creating package script '/home/dbot2/dbot_vda5050_ilmatar/install/odometry_estimator/share/odometry_estimator/package.zsh'
[17.769s] Level 1:colcon.colcon_core.environment:create_file_with_runtime_dependencies(/home/dbot2/dbot_vda5050_ilmatar/install/odometry_estimator/share/colcon-core/packages/odometry_estimator)
[17.774s] Level 1:colcon.colcon_core.environment:create_environment_scripts_only(odometry_estimator)
[17.774s] Level 1:colcon.colcon_core.environment:checking '/home/dbot2/dbot_vda5050_ilmatar/install/odometry_estimator' for CMake module files
[17.775s] Level 1:colcon.colcon_core.environment:checking '/home/dbot2/dbot_vda5050_ilmatar/install/odometry_estimator' for CMake config files
[17.775s] Level 1:colcon.colcon_core.shell:create_environment_hook('odometry_estimator', 'cmake_prefix_path')
[17.775s] INFO:colcon.colcon_core.shell:Creating environment hook '/home/dbot2/dbot_vda5050_ilmatar/install/odometry_estimator/share/odometry_estimator/hook/cmake_prefix_path.ps1'
[17.776s] INFO:colcon.colcon_core.shell:Creating environment descriptor '/home/dbot2/dbot_vda5050_ilmatar/install/odometry_estimator/share/odometry_estimator/hook/cmake_prefix_path.dsv'
[17.776s] INFO:colcon.colcon_core.shell:Creating environment hook '/home/dbot2/dbot_vda5050_ilmatar/install/odometry_estimator/share/odometry_estimator/hook/cmake_prefix_path.sh'
[17.781s] Level 1:colcon.colcon_core.environment:checking '/home/dbot2/dbot_vda5050_ilmatar/install/odometry_estimator/lib'
[17.781s] Level 1:colcon.colcon_core.environment:checking '/home/dbot2/dbot_vda5050_ilmatar/install/odometry_estimator/bin'
[17.781s] Level 1:colcon.colcon_core.environment:checking '/home/dbot2/dbot_vda5050_ilmatar/install/odometry_estimator/lib/pkgconfig/odometry_estimator.pc'
[17.781s] Level 1:colcon.colcon_core.environment:checking '/home/dbot2/dbot_vda5050_ilmatar/install/odometry_estimator/lib/python3.10/site-packages'
[17.782s] Level 1:colcon.colcon_core.environment:checking '/home/dbot2/dbot_vda5050_ilmatar/install/odometry_estimator/bin'
[17.782s] INFO:colcon.colcon_core.shell:Creating package script '/home/dbot2/dbot_vda5050_ilmatar/install/odometry_estimator/share/odometry_estimator/package.ps1'
[17.783s] INFO:colcon.colcon_core.shell:Creating package descriptor '/home/dbot2/dbot_vda5050_ilmatar/install/odometry_estimator/share/odometry_estimator/package.dsv'
[17.783s] INFO:colcon.colcon_core.shell:Creating package script '/home/dbot2/dbot_vda5050_ilmatar/install/odometry_estimator/share/odometry_estimator/package.sh'
[17.786s] INFO:colcon.colcon_core.shell:Creating package script '/home/dbot2/dbot_vda5050_ilmatar/install/odometry_estimator/share/odometry_estimator/package.bash'
[17.786s] INFO:colcon.colcon_core.shell:Creating package script '/home/dbot2/dbot_vda5050_ilmatar/install/odometry_estimator/share/odometry_estimator/package.zsh'
[17.787s] Level 1:colcon.colcon_core.environment:create_file_with_runtime_dependencies(/home/dbot2/dbot_vda5050_ilmatar/install/odometry_estimator/share/colcon-core/packages/odometry_estimator)
[17.787s] INFO:colcon.colcon_ros.task.ament_python.build:Building ROS package in '/home/dbot2/dbot_vda5050_ilmatar/src/odom_motion_model' with build type 'ament_python'
[17.787s] Level 1:colcon.colcon_core.shell:create_environment_hook('odom_motion_model', 'ament_prefix_path')
[17.788s] INFO:colcon.colcon_core.shell:Creating environment hook '/home/dbot2/dbot_vda5050_ilmatar/install/odom_motion_model/share/odom_motion_model/hook/ament_prefix_path.ps1'
[17.788s] INFO:colcon.colcon_core.shell:Creating environment descriptor '/home/dbot2/dbot_vda5050_ilmatar/install/odom_motion_model/share/odom_motion_model/hook/ament_prefix_path.dsv'
[17.788s] INFO:colcon.colcon_core.shell:Creating environment hook '/home/dbot2/dbot_vda5050_ilmatar/install/odom_motion_model/share/odom_motion_model/hook/ament_prefix_path.sh'
[17.789s] INFO:colcon.colcon_core.shell:Skip shell extension 'powershell' for command environment: Not usable outside of PowerShell
[17.789s] DEBUG:colcon.colcon_core.shell:Skip shell extension 'dsv' for command environment
[18.287s] INFO:colcon.colcon_core.task.python.build:Building Python package in '/home/dbot2/dbot_vda5050_ilmatar/src/odom_motion_model'
[18.288s] INFO:colcon.colcon_core.shell:Skip shell extension 'powershell' for command environment: Not usable outside of PowerShell
[18.288s] DEBUG:colcon.colcon_core.shell:Skip shell extension 'dsv' for command environment
[18.908s] DEBUG:colcon.colcon_core.event_handler.log_command:Invoking command in '/home/dbot2/dbot_vda5050_ilmatar/build/odom_motion_model': CMAKE_PREFIX_PATH=/home/dbot2/dbot_vda5050_ilmatar/install/odometry_estimator:/home/dbot2/dbot_vda5050_ilmatar/install/dbot_custom_msgs:/home/dbot2/dbot_vda5050_ilmatar/install/vda_dbot_nav_slam:/home/dbot2/dbot_vda5050_ilmatar/install/vda5050_connector:/home/dbot2/dbot_vda5050_ilmatar/install/vda5050_msgs:/home/dbot2/dbot_vda5050_ilmatar/install/dbot_nav_slam:/home/dbot2/dbot_vda5050_ilmatar/install/crane_dbot:/home/dbot2/dbot_src/install/odometry_estimator:/home/dbot2/dbot_src/install/dbot_custom_msgs:/home/dbot2/dbot_remote/install/pointcloud_saver:/home/dbot2/circus_demo/install/pcl_localization_ros2:/home/dbot2/circus_demo/install/ndt_omp_ros2:/home/dbot2/ros2_ws/install/odometry_estimator:/home/dbot2/ros2_ws/install/dbot_nav_slam:/home/dbot2/ros2_ws/install/dbot_custom_msgs:/home/dbot2/ros2_ws/install/ament_lint_common:/home/dbot2/ros2_ws/install/ament_cmake_xmllint:/home/dbot2/ros2_ws/install/ament_cmake_uncrustify:/home/dbot2/ros2_ws/install/ament_cmake_pyflakes:/home/dbot2/ros2_ws/install/ament_cmake_pycodestyle:/home/dbot2/ros2_ws/install/ament_cmake_pep257:/home/dbot2/ros2_ws/install/ament_cmake_pclint:/home/dbot2/ros2_ws/install/ament_cmake_mypy:/home/dbot2/ros2_ws/install/ament_cmake_lint_cmake:/home/dbot2/ros2_ws/install/ament_lint_auto:/home/dbot2/ros2_ws/install/ament_cmake_flake8:/home/dbot2/ros2_ws/install/ament_cmake_copyright:/home/dbot2/ros2_ws/install/ament_cmake_cpplint:/home/dbot2/ros2_ws/install/ament_cmake_cppcheck:/home/dbot2/ros2_ws/install/ament_cmake_clang_tidy:/home/dbot2/ros2_ws/install/ament_cmake_clang_format LD_LIBRARY_PATH=/home/dbot2/dbot_vda5050_ilmatar/install/dbot_custom_msgs/lib:/home/dbot2/dbot_vda5050_ilmatar/install/vda5050_connector/lib:/home/dbot2/dbot_vda5050_ilmatar/install/vda5050_msgs/lib:/home/dbot2/dbot_src/install/dbot_custom_msgs/lib:/home/dbot2/circus_demo/install/pcl_localization_ros2/lib:/home/dbot2/ros2_ws/install/dbot_custom_msgs/lib:/opt/ros/humble/opt/rviz_ogre_vendor/lib:/opt/ros/humble/lib/x86_64-linux-gnu:/opt/ros/humble/lib PYTHONPATH=/home/dbot2/dbot_vda5050_ilmatar/build/odom_motion_model/prefix_override:/usr/lib/python3/dist-packages/colcon_core/task/python/colcon_distutils_commands:/home/dbot2/dbot_vda5050_ilmatar/install/odom_motion_model/lib/python3.10/site-packages:${PYTHONPATH} /usr/bin/python3 -W ignore:setup.py install is deprecated -W ignore:easy_install command is deprecated setup.py develop --editable --build-directory /home/dbot2/dbot_vda5050_ilmatar/build/odom_motion_model/build --no-deps symlink_data
[19.718s] Level 1:colcon.colcon_core.shell:create_environment_hook('odom_motion_model', 'pythonpath_develop')
[19.718s] INFO:colcon.colcon_core.shell:Creating environment hook '/home/dbot2/dbot_vda5050_ilmatar/build/odom_motion_model/share/odom_motion_model/hook/pythonpath_develop.ps1'
[19.719s] INFO:colcon.colcon_core.shell:Creating environment descriptor '/home/dbot2/dbot_vda5050_ilmatar/build/odom_motion_model/share/odom_motion_model/hook/pythonpath_develop.dsv'
[19.719s] INFO:colcon.colcon_core.shell:Creating environment hook '/home/dbot2/dbot_vda5050_ilmatar/build/odom_motion_model/share/odom_motion_model/hook/pythonpath_develop.sh'
[19.720s] Level 1:colcon.colcon_core.environment:checking '/home/dbot2/dbot_vda5050_ilmatar/install/odom_motion_model' for CMake module files
[19.720s] Level 1:colcon.colcon_core.environment:checking '/home/dbot2/dbot_vda5050_ilmatar/install/odom_motion_model' for CMake config files
[19.721s] Level 1:colcon.colcon_core.environment:checking '/home/dbot2/dbot_vda5050_ilmatar/install/odom_motion_model/lib'
[19.721s] Level 1:colcon.colcon_core.environment:checking '/home/dbot2/dbot_vda5050_ilmatar/install/odom_motion_model/bin'
[19.721s] Level 1:colcon.colcon_core.environment:checking '/home/dbot2/dbot_vda5050_ilmatar/install/odom_motion_model/lib/pkgconfig/odom_motion_model.pc'
[19.721s] Level 1:colcon.colcon_core.environment:checking '/home/dbot2/dbot_vda5050_ilmatar/install/odom_motion_model/lib/python3.10/site-packages'
[19.721s] Level 1:colcon.colcon_core.shell:create_environment_hook('odom_motion_model', 'pythonpath')
[19.722s] INFO:colcon.colcon_core.shell:Creating environment hook '/home/dbot2/dbot_vda5050_ilmatar/install/odom_motion_model/share/odom_motion_model/hook/pythonpath.ps1'
[19.722s] DEBUG:colcon.colcon_core.event_handler.log_command:Invoked command in '/home/dbot2/dbot_vda5050_ilmatar/build/odom_motion_model' returned '0': CMAKE_PREFIX_PATH=/home/dbot2/dbot_vda5050_ilmatar/install/odometry_estimator:/home/dbot2/dbot_vda5050_ilmatar/install/dbot_custom_msgs:/home/dbot2/dbot_vda5050_ilmatar/install/vda_dbot_nav_slam:/home/dbot2/dbot_vda5050_ilmatar/install/vda5050_connector:/home/dbot2/dbot_vda5050_ilmatar/install/vda5050_msgs:/home/dbot2/dbot_vda5050_ilmatar/install/dbot_nav_slam:/home/dbot2/dbot_vda5050_ilmatar/install/crane_dbot:/home/dbot2/dbot_src/install/odometry_estimator:/home/dbot2/dbot_src/install/dbot_custom_msgs:/home/dbot2/dbot_remote/install/pointcloud_saver:/home/dbot2/circus_demo/install/pcl_localization_ros2:/home/dbot2/circus_demo/install/ndt_omp_ros2:/home/dbot2/ros2_ws/install/odometry_estimator:/home/dbot2/ros2_ws/install/dbot_nav_slam:/home/dbot2/ros2_ws/install/dbot_custom_msgs:/home/dbot2/ros2_ws/install/ament_lint_common:/home/dbot2/ros2_ws/install/ament_cmake_xmllint:/home/dbot2/ros2_ws/install/ament_cmake_uncrustify:/home/dbot2/ros2_ws/install/ament_cmake_pyflakes:/home/dbot2/ros2_ws/install/ament_cmake_pycodestyle:/home/dbot2/ros2_ws/install/ament_cmake_pep257:/home/dbot2/ros2_ws/install/ament_cmake_pclint:/home/dbot2/ros2_ws/install/ament_cmake_mypy:/home/dbot2/ros2_ws/install/ament_cmake_lint_cmake:/home/dbot2/ros2_ws/install/ament_lint_auto:/home/dbot2/ros2_ws/install/ament_cmake_flake8:/home/dbot2/ros2_ws/install/ament_cmake_copyright:/home/dbot2/ros2_ws/install/ament_cmake_cpplint:/home/dbot2/ros2_ws/install/ament_cmake_cppcheck:/home/dbot2/ros2_ws/install/ament_cmake_clang_tidy:/home/dbot2/ros2_ws/install/ament_cmake_clang_format LD_LIBRARY_PATH=/home/dbot2/dbot_vda5050_ilmatar/install/dbot_custom_msgs/lib:/home/dbot2/dbot_vda5050_ilmatar/install/vda5050_connector/lib:/home/dbot2/dbot_vda5050_ilmatar/install/vda5050_msgs/lib:/home/dbot2/dbot_src/install/dbot_custom_msgs/lib:/home/dbot2/circus_demo/install/pcl_localization_ros2/lib:/home/dbot2/ros2_ws/install/dbot_custom_msgs/lib:/opt/ros/humble/opt/rviz_ogre_vendor/lib:/opt/ros/humble/lib/x86_64-linux-gnu:/opt/ros/humble/lib PYTHONPATH=/home/dbot2/dbot_vda5050_ilmatar/build/odom_motion_model/prefix_override:/usr/lib/python3/dist-packages/colcon_core/task/python/colcon_distutils_commands:/home/dbot2/dbot_vda5050_ilmatar/install/odom_motion_model/lib/python3.10/site-packages:${PYTHONPATH} /usr/bin/python3 -W ignore:setup.py install is deprecated -W ignore:easy_install command is deprecated setup.py develop --editable --build-directory /home/dbot2/dbot_vda5050_ilmatar/build/odom_motion_model/build --no-deps symlink_data
[19.723s] INFO:colcon.colcon_core.shell:Creating environment descriptor '/home/dbot2/dbot_vda5050_ilmatar/install/odom_motion_model/share/odom_motion_model/hook/pythonpath.dsv'
[19.723s] INFO:colcon.colcon_core.shell:Creating environment hook '/home/dbot2/dbot_vda5050_ilmatar/install/odom_motion_model/share/odom_motion_model/hook/pythonpath.sh'
[19.724s] Level 1:colcon.colcon_core.environment:checking '/home/dbot2/dbot_vda5050_ilmatar/install/odom_motion_model/bin'
[19.724s] Level 1:colcon.colcon_core.environment:create_environment_scripts_only(odom_motion_model)
[19.724s] INFO:colcon.colcon_core.shell:Creating package script '/home/dbot2/dbot_vda5050_ilmatar/install/odom_motion_model/share/odom_motion_model/package.ps1'
[19.725s] INFO:colcon.colcon_core.shell:Creating package descriptor '/home/dbot2/dbot_vda5050_ilmatar/install/odom_motion_model/share/odom_motion_model/package.dsv'
[19.725s] INFO:colcon.colcon_core.shell:Creating package script '/home/dbot2/dbot_vda5050_ilmatar/install/odom_motion_model/share/odom_motion_model/package.sh'
[19.726s] INFO:colcon.colcon_core.shell:Creating package script '/home/dbot2/dbot_vda5050_ilmatar/install/odom_motion_model/share/odom_motion_model/package.bash'
[19.726s] INFO:colcon.colcon_core.shell:Creating package script '/home/dbot2/dbot_vda5050_ilmatar/install/odom_motion_model/share/odom_motion_model/package.zsh'
[19.726s] Level 1:colcon.colcon_core.environment:create_file_with_runtime_dependencies(/home/dbot2/dbot_vda5050_ilmatar/install/odom_motion_model/share/colcon-core/packages/odom_motion_model)
[33.721s] DEBUG:colcon.colcon_core.event_handler.log_command:Invoked command in '/home/dbot2/dbot_vda5050_ilmatar/build/vda5050_msgs' returned '0': CMAKE_PREFIX_PATH=${CMAKE_PREFIX_PATH}:/home/dbot2/dbot_vda5050_ilmatar/install/vda5050_tb3_adapter:/home/dbot2/dbot_vda5050_ilmatar/install/vda5050_adapter:/home/dbot2/dbot_vda5050_ilmatar/install/tf2_dbot:/home/dbot2/dbot_vda5050_ilmatar/install/odom_motion_model:/home/dbot2/dbot_vda5050_ilmatar/install/motor_driver:/home/dbot2/dbot_vda5050_ilmatar/install/joycontrol:/home/dbot2/dbot_vda5050_ilmatar/install/gesturecontrol:/home/dbot2/dbot_vda5050_ilmatar/install/dbot_bridge:/home/dbot2/dbot_vda5050_ilmatar/install/dbot:/home/dbot2/dbot_src/install/tf2_dbot:/home/dbot2/dbot_src/install/odom_motion_model:/home/dbot2/dbot_src/install/motor_driver:/home/dbot2/dbot_src/install/joycontrol:/home/dbot2/dbot_src/install/dbot:/home/dbot2/dbot_remote/install/pcd_joy_trigger:/home/dbot2/circus_demo/install/circus_demo:/home/dbot2/ros2_ws/install/tf2_dbot:/home/dbot2/ros2_ws/install/odom_motion_model:/home/dbot2/ros2_ws/install/motor_driver:/home/dbot2/ros2_ws/install/joycontrol:/home/dbot2/ros2_ws/install/gesturecontrol:/home/dbot2/ros2_ws/install/dbot_bridge:/home/dbot2/ros2_ws/install/dbot:/home/dbot2/ros2_ws/install/ament_xmllint:/home/dbot2/ros2_ws/install/ament_uncrustify:/home/dbot2/ros2_ws/install/ament_pyflakes:/home/dbot2/ros2_ws/install/ament_pycodestyle:/home/dbot2/ros2_ws/install/ament_pep257:/home/dbot2/ros2_ws/install/ament_pclint:/home/dbot2/ros2_ws/install/ament_mypy:/home/dbot2/ros2_ws/install/ament_lint_cmake:/home/dbot2/ros2_ws/install/ament_flake8:/home/dbot2/ros2_ws/install/ament_copyright:/home/dbot2/ros2_ws/install/ament_lint:/home/dbot2/ros2_ws/install/ament_cpplint:/home/dbot2/ros2_ws/install/ament_cppcheck:/home/dbot2/ros2_ws/install/ament_clang_tidy:/home/dbot2/ros2_ws/install/ament_clang_format:/opt/ros/humble /usr/bin/cmake --build /home/dbot2/dbot_vda5050_ilmatar/build/vda5050_msgs -- -j8 -l8
[33.722s] DEBUG:colcon.colcon_core.event_handler.log_command:Invoking command in '/home/dbot2/dbot_vda5050_ilmatar/build/vda5050_msgs': CMAKE_PREFIX_PATH=${CMAKE_PREFIX_PATH}:/home/dbot2/dbot_vda5050_ilmatar/install/vda5050_tb3_adapter:/home/dbot2/dbot_vda5050_ilmatar/install/vda5050_adapter:/home/dbot2/dbot_vda5050_ilmatar/install/tf2_dbot:/home/dbot2/dbot_vda5050_ilmatar/install/odom_motion_model:/home/dbot2/dbot_vda5050_ilmatar/install/motor_driver:/home/dbot2/dbot_vda5050_ilmatar/install/joycontrol:/home/dbot2/dbot_vda5050_ilmatar/install/gesturecontrol:/home/dbot2/dbot_vda5050_ilmatar/install/dbot_bridge:/home/dbot2/dbot_vda5050_ilmatar/install/dbot:/home/dbot2/dbot_src/install/tf2_dbot:/home/dbot2/dbot_src/install/odom_motion_model:/home/dbot2/dbot_src/install/motor_driver:/home/dbot2/dbot_src/install/joycontrol:/home/dbot2/dbot_src/install/dbot:/home/dbot2/dbot_remote/install/pcd_joy_trigger:/home/dbot2/circus_demo/install/circus_demo:/home/dbot2/ros2_ws/install/tf2_dbot:/home/dbot2/ros2_ws/install/odom_motion_model:/home/dbot2/ros2_ws/install/motor_driver:/home/dbot2/ros2_ws/install/joycontrol:/home/dbot2/ros2_ws/install/gesturecontrol:/home/dbot2/ros2_ws/install/dbot_bridge:/home/dbot2/ros2_ws/install/dbot:/home/dbot2/ros2_ws/install/ament_xmllint:/home/dbot2/ros2_ws/install/ament_uncrustify:/home/dbot2/ros2_ws/install/ament_pyflakes:/home/dbot2/ros2_ws/install/ament_pycodestyle:/home/dbot2/ros2_ws/install/ament_pep257:/home/dbot2/ros2_ws/install/ament_pclint:/home/dbot2/ros2_ws/install/ament_mypy:/home/dbot2/ros2_ws/install/ament_lint_cmake:/home/dbot2/ros2_ws/install/ament_flake8:/home/dbot2/ros2_ws/install/ament_copyright:/home/dbot2/ros2_ws/install/ament_lint:/home/dbot2/ros2_ws/install/ament_cpplint:/home/dbot2/ros2_ws/install/ament_cppcheck:/home/dbot2/ros2_ws/install/ament_clang_tidy:/home/dbot2/ros2_ws/install/ament_clang_format:/opt/ros/humble /usr/bin/cmake --install /home/dbot2/dbot_vda5050_ilmatar/build/vda5050_msgs
[38.088s] Level 1:colcon.colcon_core.environment:create_environment_scripts_only(vda5050_msgs)
[38.088s] DEBUG:colcon.colcon_core.event_handler.log_command:Invoked command in '/home/dbot2/dbot_vda5050_ilmatar/build/vda5050_msgs' returned '0': CMAKE_PREFIX_PATH=${CMAKE_PREFIX_PATH}:/home/dbot2/dbot_vda5050_ilmatar/install/vda5050_tb3_adapter:/home/dbot2/dbot_vda5050_ilmatar/install/vda5050_adapter:/home/dbot2/dbot_vda5050_ilmatar/install/tf2_dbot:/home/dbot2/dbot_vda5050_ilmatar/install/odom_motion_model:/home/dbot2/dbot_vda5050_ilmatar/install/motor_driver:/home/dbot2/dbot_vda5050_ilmatar/install/joycontrol:/home/dbot2/dbot_vda5050_ilmatar/install/gesturecontrol:/home/dbot2/dbot_vda5050_ilmatar/install/dbot_bridge:/home/dbot2/dbot_vda5050_ilmatar/install/dbot:/home/dbot2/dbot_src/install/tf2_dbot:/home/dbot2/dbot_src/install/odom_motion_model:/home/dbot2/dbot_src/install/motor_driver:/home/dbot2/dbot_src/install/joycontrol:/home/dbot2/dbot_src/install/dbot:/home/dbot2/dbot_remote/install/pcd_joy_trigger:/home/dbot2/circus_demo/install/circus_demo:/home/dbot2/ros2_ws/install/tf2_dbot:/home/dbot2/ros2_ws/install/odom_motion_model:/home/dbot2/ros2_ws/install/motor_driver:/home/dbot2/ros2_ws/install/joycontrol:/home/dbot2/ros2_ws/install/gesturecontrol:/home/dbot2/ros2_ws/install/dbot_bridge:/home/dbot2/ros2_ws/install/dbot:/home/dbot2/ros2_ws/install/ament_xmllint:/home/dbot2/ros2_ws/install/ament_uncrustify:/home/dbot2/ros2_ws/install/ament_pyflakes:/home/dbot2/ros2_ws/install/ament_pycodestyle:/home/dbot2/ros2_ws/install/ament_pep257:/home/dbot2/ros2_ws/install/ament_pclint:/home/dbot2/ros2_ws/install/ament_mypy:/home/dbot2/ros2_ws/install/ament_lint_cmake:/home/dbot2/ros2_ws/install/ament_flake8:/home/dbot2/ros2_ws/install/ament_copyright:/home/dbot2/ros2_ws/install/ament_lint:/home/dbot2/ros2_ws/install/ament_cpplint:/home/dbot2/ros2_ws/install/ament_cppcheck:/home/dbot2/ros2_ws/install/ament_clang_tidy:/home/dbot2/ros2_ws/install/ament_clang_format:/opt/ros/humble /usr/bin/cmake --install /home/dbot2/dbot_vda5050_ilmatar/build/vda5050_msgs
[38.088s] Level 1:colcon.colcon_core.environment:checking '/home/dbot2/dbot_vda5050_ilmatar/install/vda5050_msgs' for CMake module files
[38.089s] Level 1:colcon.colcon_core.environment:checking '/home/dbot2/dbot_vda5050_ilmatar/install/vda5050_msgs' for CMake config files
[38.091s] Level 1:colcon.colcon_core.shell:create_environment_hook('vda5050_msgs', 'cmake_prefix_path')
[38.091s] INFO:colcon.colcon_core.shell:Creating environment hook '/home/dbot2/dbot_vda5050_ilmatar/install/vda5050_msgs/share/vda5050_msgs/hook/cmake_prefix_path.ps1'
[38.092s] INFO:colcon.colcon_core.shell:Creating environment descriptor '/home/dbot2/dbot_vda5050_ilmatar/install/vda5050_msgs/share/vda5050_msgs/hook/cmake_prefix_path.dsv'
[38.092s] INFO:colcon.colcon_core.shell:Creating environment hook '/home/dbot2/dbot_vda5050_ilmatar/install/vda5050_msgs/share/vda5050_msgs/hook/cmake_prefix_path.sh'
[38.092s] Level 1:colcon.colcon_core.environment:checking '/home/dbot2/dbot_vda5050_ilmatar/install/vda5050_msgs/lib'
[38.092s] Level 1:colcon.colcon_core.shell:create_environment_hook('vda5050_msgs', 'ld_library_path_lib')
[38.092s] INFO:colcon.colcon_core.shell:Creating environment hook '/home/dbot2/dbot_vda5050_ilmatar/install/vda5050_msgs/share/vda5050_msgs/hook/ld_library_path_lib.ps1'
[38.093s] INFO:colcon.colcon_core.shell:Creating environment descriptor '/home/dbot2/dbot_vda5050_ilmatar/install/vda5050_msgs/share/vda5050_msgs/hook/ld_library_path_lib.dsv'
[38.093s] INFO:colcon.colcon_core.shell:Creating environment hook '/home/dbot2/dbot_vda5050_ilmatar/install/vda5050_msgs/share/vda5050_msgs/hook/ld_library_path_lib.sh'
[38.093s] Level 1:colcon.colcon_core.environment:checking '/home/dbot2/dbot_vda5050_ilmatar/install/vda5050_msgs/bin'
[38.093s] Level 1:colcon.colcon_core.environment:checking '/home/dbot2/dbot_vda5050_ilmatar/install/vda5050_msgs/lib/pkgconfig/vda5050_msgs.pc'
[38.093s] Level 1:colcon.colcon_core.environment:checking '/home/dbot2/dbot_vda5050_ilmatar/install/vda5050_msgs/lib/python3.10/site-packages'
[38.093s] Level 1:colcon.colcon_core.environment:checking '/home/dbot2/dbot_vda5050_ilmatar/install/vda5050_msgs/bin'
[38.093s] INFO:colcon.colcon_core.shell:Creating package script '/home/dbot2/dbot_vda5050_ilmatar/install/vda5050_msgs/share/vda5050_msgs/package.ps1'
[38.094s] INFO:colcon.colcon_core.shell:Creating package descriptor '/home/dbot2/dbot_vda5050_ilmatar/install/vda5050_msgs/share/vda5050_msgs/package.dsv'
[38.094s] INFO:colcon.colcon_core.shell:Creating package script '/home/dbot2/dbot_vda5050_ilmatar/install/vda5050_msgs/share/vda5050_msgs/package.sh'
[38.094s] INFO:colcon.colcon_core.shell:Creating package script '/home/dbot2/dbot_vda5050_ilmatar/install/vda5050_msgs/share/vda5050_msgs/package.bash'
[38.094s] INFO:colcon.colcon_core.shell:Creating package script '/home/dbot2/dbot_vda5050_ilmatar/install/vda5050_msgs/share/vda5050_msgs/package.zsh'
[38.094s] Level 1:colcon.colcon_core.environment:create_file_with_runtime_dependencies(/home/dbot2/dbot_vda5050_ilmatar/install/vda5050_msgs/share/colcon-core/packages/vda5050_msgs)
[38.095s] Level 1:colcon.colcon_core.environment:create_environment_scripts_only(vda5050_msgs)
[38.095s] Level 1:colcon.colcon_core.environment:checking '/home/dbot2/dbot_vda5050_ilmatar/install/vda5050_msgs' for CMake module files
[38.095s] Level 1:colcon.colcon_core.environment:checking '/home/dbot2/dbot_vda5050_ilmatar/install/vda5050_msgs' for CMake config files
[38.097s] Level 1:colcon.colcon_core.shell:create_environment_hook('vda5050_msgs', 'cmake_prefix_path')
[38.097s] INFO:colcon.colcon_core.shell:Creating environment hook '/home/dbot2/dbot_vda5050_ilmatar/install/vda5050_msgs/share/vda5050_msgs/hook/cmake_prefix_path.ps1'
[38.098s] INFO:colcon.colcon_core.shell:Creating environment descriptor '/home/dbot2/dbot_vda5050_ilmatar/install/vda5050_msgs/share/vda5050_msgs/hook/cmake_prefix_path.dsv'
[38.098s] INFO:colcon.colcon_core.shell:Creating environment hook '/home/dbot2/dbot_vda5050_ilmatar/install/vda5050_msgs/share/vda5050_msgs/hook/cmake_prefix_path.sh'
[38.098s] Level 1:colcon.colcon_core.environment:checking '/home/dbot2/dbot_vda5050_ilmatar/install/vda5050_msgs/lib'
[38.098s] Level 1:colcon.colcon_core.shell:create_environment_hook('vda5050_msgs', 'ld_library_path_lib')
[38.098s] INFO:colcon.colcon_core.shell:Creating environment hook '/home/dbot2/dbot_vda5050_ilmatar/install/vda5050_msgs/share/vda5050_msgs/hook/ld_library_path_lib.ps1'
[38.098s] INFO:colcon.colcon_core.shell:Creating environment descriptor '/home/dbot2/dbot_vda5050_ilmatar/install/vda5050_msgs/share/vda5050_msgs/hook/ld_library_path_lib.dsv'
[38.099s] INFO:colcon.colcon_core.shell:Creating environment hook '/home/dbot2/dbot_vda5050_ilmatar/install/vda5050_msgs/share/vda5050_msgs/hook/ld_library_path_lib.sh'
[38.099s] Level 1:colcon.colcon_core.environment:checking '/home/dbot2/dbot_vda5050_ilmatar/install/vda5050_msgs/bin'
[38.099s] Level 1:colcon.colcon_core.environment:checking '/home/dbot2/dbot_vda5050_ilmatar/install/vda5050_msgs/lib/pkgconfig/vda5050_msgs.pc'
[38.099s] Level 1:colcon.colcon_core.environment:checking '/home/dbot2/dbot_vda5050_ilmatar/install/vda5050_msgs/lib/python3.10/site-packages'
[38.099s] Level 1:colcon.colcon_core.environment:checking '/home/dbot2/dbot_vda5050_ilmatar/install/vda5050_msgs/bin'
[38.099s] INFO:colcon.colcon_core.shell:Creating package script '/home/dbot2/dbot_vda5050_ilmatar/install/vda5050_msgs/share/vda5050_msgs/package.ps1'
[38.100s] INFO:colcon.colcon_core.shell:Creating package descriptor '/home/dbot2/dbot_vda5050_ilmatar/install/vda5050_msgs/share/vda5050_msgs/package.dsv'
[38.100s] INFO:colcon.colcon_core.shell:Creating package script '/home/dbot2/dbot_vda5050_ilmatar/install/vda5050_msgs/share/vda5050_msgs/package.sh'
[38.100s] INFO:colcon.colcon_core.shell:Creating package script '/home/dbot2/dbot_vda5050_ilmatar/install/vda5050_msgs/share/vda5050_msgs/package.bash'
[38.100s] INFO:colcon.colcon_core.shell:Creating package script '/home/dbot2/dbot_vda5050_ilmatar/install/vda5050_msgs/share/vda5050_msgs/package.zsh'
[38.101s] Level 1:colcon.colcon_core.environment:create_file_with_runtime_dependencies(/home/dbot2/dbot_vda5050_ilmatar/install/vda5050_msgs/share/colcon-core/packages/vda5050_msgs)
[38.101s] INFO:colcon.colcon_ros.task.ament_cmake.build:Building ROS package in '/home/dbot2/dbot_vda5050_ilmatar/src/vda5050_connector' with build type 'ament_cmake'
[38.101s] INFO:colcon.colcon_cmake.task.cmake.build:Building CMake package in '/home/dbot2/dbot_vda5050_ilmatar/src/vda5050_connector'
[38.101s] INFO:colcon.colcon_core.shell:Skip shell extension 'powershell' for command environment: Not usable outside of PowerShell
[38.101s] DEBUG:colcon.colcon_core.shell:Skip shell extension 'dsv' for command environment
[38.111s] DEBUG:colcon.colcon_core.event_handler.log_command:Invoking command in '/home/dbot2/dbot_vda5050_ilmatar/build/vda5050_connector': CMAKE_PREFIX_PATH=/home/dbot2/dbot_vda5050_ilmatar/install/vda5050_msgs:/home/dbot2/dbot_vda5050_ilmatar/install/vda_dbot_nav_slam:/home/dbot2/dbot_vda5050_ilmatar/install/vda5050_connector:/home/dbot2/dbot_vda5050_ilmatar/install/odometry_estimator:/home/dbot2/dbot_vda5050_ilmatar/install/dbot_nav_slam:/home/dbot2/dbot_vda5050_ilmatar/install/dbot_custom_msgs:/home/dbot2/dbot_vda5050_ilmatar/install/crane_dbot:/home/dbot2/dbot_src/install/odometry_estimator:/home/dbot2/dbot_src/install/dbot_custom_msgs:/home/dbot2/dbot_remote/install/pointcloud_saver:/home/dbot2/circus_demo/install/pcl_localization_ros2:/home/dbot2/circus_demo/install/ndt_omp_ros2:/home/dbot2/ros2_ws/install/odometry_estimator:/home/dbot2/ros2_ws/install/dbot_nav_slam:/home/dbot2/ros2_ws/install/dbot_custom_msgs:/home/dbot2/ros2_ws/install/ament_lint_common:/home/dbot2/ros2_ws/install/ament_cmake_xmllint:/home/dbot2/ros2_ws/install/ament_cmake_uncrustify:/home/dbot2/ros2_ws/install/ament_cmake_pyflakes:/home/dbot2/ros2_ws/install/ament_cmake_pycodestyle:/home/dbot2/ros2_ws/install/ament_cmake_pep257:/home/dbot2/ros2_ws/install/ament_cmake_pclint:/home/dbot2/ros2_ws/install/ament_cmake_mypy:/home/dbot2/ros2_ws/install/ament_cmake_lint_cmake:/home/dbot2/ros2_ws/install/ament_lint_auto:/home/dbot2/ros2_ws/install/ament_cmake_flake8:/home/dbot2/ros2_ws/install/ament_cmake_copyright:/home/dbot2/ros2_ws/install/ament_cmake_cpplint:/home/dbot2/ros2_ws/install/ament_cmake_cppcheck:/home/dbot2/ros2_ws/install/ament_cmake_clang_tidy:/home/dbot2/ros2_ws/install/ament_cmake_clang_format:/home/dbot2/dbot_vda5050_ilmatar/install/vda5050_tb3_adapter:/home/dbot2/dbot_vda5050_ilmatar/install/vda5050_adapter:/home/dbot2/dbot_vda5050_ilmatar/install/tf2_dbot:/home/dbot2/dbot_vda5050_ilmatar/install/odom_motion_model:/home/dbot2/dbot_vda5050_ilmatar/install/motor_driver:/home/dbot2/dbot_vda5050_ilmatar/install/joycontrol:/home/dbot2/dbot_vda5050_ilmatar/install/gesturecontrol:/home/dbot2/dbot_vda5050_ilmatar/install/dbot_bridge:/home/dbot2/dbot_vda5050_ilmatar/install/dbot:/home/dbot2/dbot_src/install/tf2_dbot:/home/dbot2/dbot_src/install/odom_motion_model:/home/dbot2/dbot_src/install/motor_driver:/home/dbot2/dbot_src/install/joycontrol:/home/dbot2/dbot_src/install/dbot:/home/dbot2/dbot_remote/install/pcd_joy_trigger:/home/dbot2/circus_demo/install/circus_demo:/home/dbot2/ros2_ws/install/tf2_dbot:/home/dbot2/ros2_ws/install/odom_motion_model:/home/dbot2/ros2_ws/install/motor_driver:/home/dbot2/ros2_ws/install/joycontrol:/home/dbot2/ros2_ws/install/gesturecontrol:/home/dbot2/ros2_ws/install/dbot_bridge:/home/dbot2/ros2_ws/install/dbot:/home/dbot2/ros2_ws/install/ament_xmllint:/home/dbot2/ros2_ws/install/ament_uncrustify:/home/dbot2/ros2_ws/install/ament_pyflakes:/home/dbot2/ros2_ws/install/ament_pycodestyle:/home/dbot2/ros2_ws/install/ament_pep257:/home/dbot2/ros2_ws/install/ament_pclint:/home/dbot2/ros2_ws/install/ament_mypy:/home/dbot2/ros2_ws/install/ament_lint_cmake:/home/dbot2/ros2_ws/install/ament_flake8:/home/dbot2/ros2_ws/install/ament_copyright:/home/dbot2/ros2_ws/install/ament_lint:/home/dbot2/ros2_ws/install/ament_cpplint:/home/dbot2/ros2_ws/install/ament_cppcheck:/home/dbot2/ros2_ws/install/ament_clang_tidy:/home/dbot2/ros2_ws/install/ament_clang_format:/opt/ros/humble LD_LIBRARY_PATH=/home/dbot2/dbot_vda5050_ilmatar/install/vda5050_msgs/lib:/home/dbot2/dbot_vda5050_ilmatar/install/vda5050_connector/lib:/home/dbot2/dbot_vda5050_ilmatar/install/dbot_custom_msgs/lib:/home/dbot2/dbot_src/install/dbot_custom_msgs/lib:/home/dbot2/circus_demo/install/pcl_localization_ros2/lib:/home/dbot2/ros2_ws/install/dbot_custom_msgs/lib:/opt/ros/humble/opt/rviz_ogre_vendor/lib:/opt/ros/humble/lib/x86_64-linux-gnu:/opt/ros/humble/lib /usr/bin/cmake /home/dbot2/dbot_vda5050_ilmatar/src/vda5050_connector -DAMENT_CMAKE_SYMLINK_INSTALL=1 -DCMAKE_INSTALL_PREFIX=/home/dbot2/dbot_vda5050_ilmatar/install/vda5050_connector
[40.805s] DEBUG:colcon.colcon_core.event_handler.log_command:Invoked command in '/home/dbot2/dbot_vda5050_ilmatar/build/vda5050_connector' returned '0': CMAKE_PREFIX_PATH=/home/dbot2/dbot_vda5050_ilmatar/install/vda5050_msgs:/home/dbot2/dbot_vda5050_ilmatar/install/vda_dbot_nav_slam:/home/dbot2/dbot_vda5050_ilmatar/install/vda5050_connector:/home/dbot2/dbot_vda5050_ilmatar/install/odometry_estimator:/home/dbot2/dbot_vda5050_ilmatar/install/dbot_nav_slam:/home/dbot2/dbot_vda5050_ilmatar/install/dbot_custom_msgs:/home/dbot2/dbot_vda5050_ilmatar/install/crane_dbot:/home/dbot2/dbot_src/install/odometry_estimator:/home/dbot2/dbot_src/install/dbot_custom_msgs:/home/dbot2/dbot_remote/install/pointcloud_saver:/home/dbot2/circus_demo/install/pcl_localization_ros2:/home/dbot2/circus_demo/install/ndt_omp_ros2:/home/dbot2/ros2_ws/install/odometry_estimator:/home/dbot2/ros2_ws/install/dbot_nav_slam:/home/dbot2/ros2_ws/install/dbot_custom_msgs:/home/dbot2/ros2_ws/install/ament_lint_common:/home/dbot2/ros2_ws/install/ament_cmake_xmllint:/home/dbot2/ros2_ws/install/ament_cmake_uncrustify:/home/dbot2/ros2_ws/install/ament_cmake_pyflakes:/home/dbot2/ros2_ws/install/ament_cmake_pycodestyle:/home/dbot2/ros2_ws/install/ament_cmake_pep257:/home/dbot2/ros2_ws/install/ament_cmake_pclint:/home/dbot2/ros2_ws/install/ament_cmake_mypy:/home/dbot2/ros2_ws/install/ament_cmake_lint_cmake:/home/dbot2/ros2_ws/install/ament_lint_auto:/home/dbot2/ros2_ws/install/ament_cmake_flake8:/home/dbot2/ros2_ws/install/ament_cmake_copyright:/home/dbot2/ros2_ws/install/ament_cmake_cpplint:/home/dbot2/ros2_ws/install/ament_cmake_cppcheck:/home/dbot2/ros2_ws/install/ament_cmake_clang_tidy:/home/dbot2/ros2_ws/install/ament_cmake_clang_format:/home/dbot2/dbot_vda5050_ilmatar/install/vda5050_tb3_adapter:/home/dbot2/dbot_vda5050_ilmatar/install/vda5050_adapter:/home/dbot2/dbot_vda5050_ilmatar/install/tf2_dbot:/home/dbot2/dbot_vda5050_ilmatar/install/odom_motion_model:/home/dbot2/dbot_vda5050_ilmatar/install/motor_driver:/home/dbot2/dbot_vda5050_ilmatar/install/joycontrol:/home/dbot2/dbot_vda5050_ilmatar/install/gesturecontrol:/home/dbot2/dbot_vda5050_ilmatar/install/dbot_bridge:/home/dbot2/dbot_vda5050_ilmatar/install/dbot:/home/dbot2/dbot_src/install/tf2_dbot:/home/dbot2/dbot_src/install/odom_motion_model:/home/dbot2/dbot_src/install/motor_driver:/home/dbot2/dbot_src/install/joycontrol:/home/dbot2/dbot_src/install/dbot:/home/dbot2/dbot_remote/install/pcd_joy_trigger:/home/dbot2/circus_demo/install/circus_demo:/home/dbot2/ros2_ws/install/tf2_dbot:/home/dbot2/ros2_ws/install/odom_motion_model:/home/dbot2/ros2_ws/install/motor_driver:/home/dbot2/ros2_ws/install/joycontrol:/home/dbot2/ros2_ws/install/gesturecontrol:/home/dbot2/ros2_ws/install/dbot_bridge:/home/dbot2/ros2_ws/install/dbot:/home/dbot2/ros2_ws/install/ament_xmllint:/home/dbot2/ros2_ws/install/ament_uncrustify:/home/dbot2/ros2_ws/install/ament_pyflakes:/home/dbot2/ros2_ws/install/ament_pycodestyle:/home/dbot2/ros2_ws/install/ament_pep257:/home/dbot2/ros2_ws/install/ament_pclint:/home/dbot2/ros2_ws/install/ament_mypy:/home/dbot2/ros2_ws/install/ament_lint_cmake:/home/dbot2/ros2_ws/install/ament_flake8:/home/dbot2/ros2_ws/install/ament_copyright:/home/dbot2/ros2_ws/install/ament_lint:/home/dbot2/ros2_ws/install/ament_cpplint:/home/dbot2/ros2_ws/install/ament_cppcheck:/home/dbot2/ros2_ws/install/ament_clang_tidy:/home/dbot2/ros2_ws/install/ament_clang_format:/opt/ros/humble LD_LIBRARY_PATH=/home/dbot2/dbot_vda5050_ilmatar/install/vda5050_msgs/lib:/home/dbot2/dbot_vda5050_ilmatar/install/vda5050_connector/lib:/home/dbot2/dbot_vda5050_ilmatar/install/dbot_custom_msgs/lib:/home/dbot2/dbot_src/install/dbot_custom_msgs/lib:/home/dbot2/circus_demo/install/pcl_localization_ros2/lib:/home/dbot2/ros2_ws/install/dbot_custom_msgs/lib:/opt/ros/humble/opt/rviz_ogre_vendor/lib:/opt/ros/humble/lib/x86_64-linux-gnu:/opt/ros/humble/lib /usr/bin/cmake /home/dbot2/dbot_vda5050_ilmatar/src/vda5050_connector -DAMENT_CMAKE_SYMLINK_INSTALL=1 -DCMAKE_INSTALL_PREFIX=/home/dbot2/dbot_vda5050_ilmatar/install/vda5050_connector
[40.806s] DEBUG:colcon.colcon_core.event_handler.log_command:Invoking command in '/home/dbot2/dbot_vda5050_ilmatar/build/vda5050_connector': CMAKE_PREFIX_PATH=/home/dbot2/dbot_vda5050_ilmatar/install/vda5050_msgs:/home/dbot2/dbot_vda5050_ilmatar/install/vda_dbot_nav_slam:/home/dbot2/dbot_vda5050_ilmatar/install/vda5050_connector:/home/dbot2/dbot_vda5050_ilmatar/install/odometry_estimator:/home/dbot2/dbot_vda5050_ilmatar/install/dbot_nav_slam:/home/dbot2/dbot_vda5050_ilmatar/install/dbot_custom_msgs:/home/dbot2/dbot_vda5050_ilmatar/install/crane_dbot:/home/dbot2/dbot_src/install/odometry_estimator:/home/dbot2/dbot_src/install/dbot_custom_msgs:/home/dbot2/dbot_remote/install/pointcloud_saver:/home/dbot2/circus_demo/install/pcl_localization_ros2:/home/dbot2/circus_demo/install/ndt_omp_ros2:/home/dbot2/ros2_ws/install/odometry_estimator:/home/dbot2/ros2_ws/install/dbot_nav_slam:/home/dbot2/ros2_ws/install/dbot_custom_msgs:/home/dbot2/ros2_ws/install/ament_lint_common:/home/dbot2/ros2_ws/install/ament_cmake_xmllint:/home/dbot2/ros2_ws/install/ament_cmake_uncrustify:/home/dbot2/ros2_ws/install/ament_cmake_pyflakes:/home/dbot2/ros2_ws/install/ament_cmake_pycodestyle:/home/dbot2/ros2_ws/install/ament_cmake_pep257:/home/dbot2/ros2_ws/install/ament_cmake_pclint:/home/dbot2/ros2_ws/install/ament_cmake_mypy:/home/dbot2/ros2_ws/install/ament_cmake_lint_cmake:/home/dbot2/ros2_ws/install/ament_lint_auto:/home/dbot2/ros2_ws/install/ament_cmake_flake8:/home/dbot2/ros2_ws/install/ament_cmake_copyright:/home/dbot2/ros2_ws/install/ament_cmake_cpplint:/home/dbot2/ros2_ws/install/ament_cmake_cppcheck:/home/dbot2/ros2_ws/install/ament_cmake_clang_tidy:/home/dbot2/ros2_ws/install/ament_cmake_clang_format:/home/dbot2/dbot_vda5050_ilmatar/install/vda5050_tb3_adapter:/home/dbot2/dbot_vda5050_ilmatar/install/vda5050_adapter:/home/dbot2/dbot_vda5050_ilmatar/install/tf2_dbot:/home/dbot2/dbot_vda5050_ilmatar/install/odom_motion_model:/home/dbot2/dbot_vda5050_ilmatar/install/motor_driver:/home/dbot2/dbot_vda5050_ilmatar/install/joycontrol:/home/dbot2/dbot_vda5050_ilmatar/install/gesturecontrol:/home/dbot2/dbot_vda5050_ilmatar/install/dbot_bridge:/home/dbot2/dbot_vda5050_ilmatar/install/dbot:/home/dbot2/dbot_src/install/tf2_dbot:/home/dbot2/dbot_src/install/odom_motion_model:/home/dbot2/dbot_src/install/motor_driver:/home/dbot2/dbot_src/install/joycontrol:/home/dbot2/dbot_src/install/dbot:/home/dbot2/dbot_remote/install/pcd_joy_trigger:/home/dbot2/circus_demo/install/circus_demo:/home/dbot2/ros2_ws/install/tf2_dbot:/home/dbot2/ros2_ws/install/odom_motion_model:/home/dbot2/ros2_ws/install/motor_driver:/home/dbot2/ros2_ws/install/joycontrol:/home/dbot2/ros2_ws/install/gesturecontrol:/home/dbot2/ros2_ws/install/dbot_bridge:/home/dbot2/ros2_ws/install/dbot:/home/dbot2/ros2_ws/install/ament_xmllint:/home/dbot2/ros2_ws/install/ament_uncrustify:/home/dbot2/ros2_ws/install/ament_pyflakes:/home/dbot2/ros2_ws/install/ament_pycodestyle:/home/dbot2/ros2_ws/install/ament_pep257:/home/dbot2/ros2_ws/install/ament_pclint:/home/dbot2/ros2_ws/install/ament_mypy:/home/dbot2/ros2_ws/install/ament_lint_cmake:/home/dbot2/ros2_ws/install/ament_flake8:/home/dbot2/ros2_ws/install/ament_copyright:/home/dbot2/ros2_ws/install/ament_lint:/home/dbot2/ros2_ws/install/ament_cpplint:/home/dbot2/ros2_ws/install/ament_cppcheck:/home/dbot2/ros2_ws/install/ament_clang_tidy:/home/dbot2/ros2_ws/install/ament_clang_format:/opt/ros/humble LD_LIBRARY_PATH=/home/dbot2/dbot_vda5050_ilmatar/install/vda5050_msgs/lib:/home/dbot2/dbot_vda5050_ilmatar/install/vda5050_connector/lib:/home/dbot2/dbot_vda5050_ilmatar/install/dbot_custom_msgs/lib:/home/dbot2/dbot_src/install/dbot_custom_msgs/lib:/home/dbot2/circus_demo/install/pcl_localization_ros2/lib:/home/dbot2/ros2_ws/install/dbot_custom_msgs/lib:/opt/ros/humble/opt/rviz_ogre_vendor/lib:/opt/ros/humble/lib/x86_64-linux-gnu:/opt/ros/humble/lib /usr/bin/cmake --build /home/dbot2/dbot_vda5050_ilmatar/build/vda5050_connector -- -j8 -l8
[57.542s] DEBUG:colcon.colcon_core.event_handler.log_command:Invoked command in '/home/dbot2/dbot_vda5050_ilmatar/build/vda5050_connector' returned '0': CMAKE_PREFIX_PATH=/home/dbot2/dbot_vda5050_ilmatar/install/vda5050_msgs:/home/dbot2/dbot_vda5050_ilmatar/install/vda_dbot_nav_slam:/home/dbot2/dbot_vda5050_ilmatar/install/vda5050_connector:/home/dbot2/dbot_vda5050_ilmatar/install/odometry_estimator:/home/dbot2/dbot_vda5050_ilmatar/install/dbot_nav_slam:/home/dbot2/dbot_vda5050_ilmatar/install/dbot_custom_msgs:/home/dbot2/dbot_vda5050_ilmatar/install/crane_dbot:/home/dbot2/dbot_src/install/odometry_estimator:/home/dbot2/dbot_src/install/dbot_custom_msgs:/home/dbot2/dbot_remote/install/pointcloud_saver:/home/dbot2/circus_demo/install/pcl_localization_ros2:/home/dbot2/circus_demo/install/ndt_omp_ros2:/home/dbot2/ros2_ws/install/odometry_estimator:/home/dbot2/ros2_ws/install/dbot_nav_slam:/home/dbot2/ros2_ws/install/dbot_custom_msgs:/home/dbot2/ros2_ws/install/ament_lint_common:/home/dbot2/ros2_ws/install/ament_cmake_xmllint:/home/dbot2/ros2_ws/install/ament_cmake_uncrustify:/home/dbot2/ros2_ws/install/ament_cmake_pyflakes:/home/dbot2/ros2_ws/install/ament_cmake_pycodestyle:/home/dbot2/ros2_ws/install/ament_cmake_pep257:/home/dbot2/ros2_ws/install/ament_cmake_pclint:/home/dbot2/ros2_ws/install/ament_cmake_mypy:/home/dbot2/ros2_ws/install/ament_cmake_lint_cmake:/home/dbot2/ros2_ws/install/ament_lint_auto:/home/dbot2/ros2_ws/install/ament_cmake_flake8:/home/dbot2/ros2_ws/install/ament_cmake_copyright:/home/dbot2/ros2_ws/install/ament_cmake_cpplint:/home/dbot2/ros2_ws/install/ament_cmake_cppcheck:/home/dbot2/ros2_ws/install/ament_cmake_clang_tidy:/home/dbot2/ros2_ws/install/ament_cmake_clang_format:/home/dbot2/dbot_vda5050_ilmatar/install/vda5050_tb3_adapter:/home/dbot2/dbot_vda5050_ilmatar/install/vda5050_adapter:/home/dbot2/dbot_vda5050_ilmatar/install/tf2_dbot:/home/dbot2/dbot_vda5050_ilmatar/install/odom_motion_model:/home/dbot2/dbot_vda5050_ilmatar/install/motor_driver:/home/dbot2/dbot_vda5050_ilmatar/install/joycontrol:/home/dbot2/dbot_vda5050_ilmatar/install/gesturecontrol:/home/dbot2/dbot_vda5050_ilmatar/install/dbot_bridge:/home/dbot2/dbot_vda5050_ilmatar/install/dbot:/home/dbot2/dbot_src/install/tf2_dbot:/home/dbot2/dbot_src/install/odom_motion_model:/home/dbot2/dbot_src/install/motor_driver:/home/dbot2/dbot_src/install/joycontrol:/home/dbot2/dbot_src/install/dbot:/home/dbot2/dbot_remote/install/pcd_joy_trigger:/home/dbot2/circus_demo/install/circus_demo:/home/dbot2/ros2_ws/install/tf2_dbot:/home/dbot2/ros2_ws/install/odom_motion_model:/home/dbot2/ros2_ws/install/motor_driver:/home/dbot2/ros2_ws/install/joycontrol:/home/dbot2/ros2_ws/install/gesturecontrol:/home/dbot2/ros2_ws/install/dbot_bridge:/home/dbot2/ros2_ws/install/dbot:/home/dbot2/ros2_ws/install/ament_xmllint:/home/dbot2/ros2_ws/install/ament_uncrustify:/home/dbot2/ros2_ws/install/ament_pyflakes:/home/dbot2/ros2_ws/install/ament_pycodestyle:/home/dbot2/ros2_ws/install/ament_pep257:/home/dbot2/ros2_ws/install/ament_pclint:/home/dbot2/ros2_ws/install/ament_mypy:/home/dbot2/ros2_ws/install/ament_lint_cmake:/home/dbot2/ros2_ws/install/ament_flake8:/home/dbot2/ros2_ws/install/ament_copyright:/home/dbot2/ros2_ws/install/ament_lint:/home/dbot2/ros2_ws/install/ament_cpplint:/home/dbot2/ros2_ws/install/ament_cppcheck:/home/dbot2/ros2_ws/install/ament_clang_tidy:/home/dbot2/ros2_ws/install/ament_clang_format:/opt/ros/humble LD_LIBRARY_PATH=/home/dbot2/dbot_vda5050_ilmatar/install/vda5050_msgs/lib:/home/dbot2/dbot_vda5050_ilmatar/install/vda5050_connector/lib:/home/dbot2/dbot_vda5050_ilmatar/install/dbot_custom_msgs/lib:/home/dbot2/dbot_src/install/dbot_custom_msgs/lib:/home/dbot2/circus_demo/install/pcl_localization_ros2/lib:/home/dbot2/ros2_ws/install/dbot_custom_msgs/lib:/opt/ros/humble/opt/rviz_ogre_vendor/lib:/opt/ros/humble/lib/x86_64-linux-gnu:/opt/ros/humble/lib /usr/bin/cmake --build /home/dbot2/dbot_vda5050_ilmatar/build/vda5050_connector -- -j8 -l8
[57.543s] DEBUG:colcon.colcon_core.event_handler.log_command:Invoking command in '/home/dbot2/dbot_vda5050_ilmatar/build/vda5050_connector': CMAKE_PREFIX_PATH=/home/dbot2/dbot_vda5050_ilmatar/install/vda5050_msgs:/home/dbot2/dbot_vda5050_ilmatar/install/vda_dbot_nav_slam:/home/dbot2/dbot_vda5050_ilmatar/install/vda5050_connector:/home/dbot2/dbot_vda5050_ilmatar/install/odometry_estimator:/home/dbot2/dbot_vda5050_ilmatar/install/dbot_nav_slam:/home/dbot2/dbot_vda5050_ilmatar/install/dbot_custom_msgs:/home/dbot2/dbot_vda5050_ilmatar/install/crane_dbot:/home/dbot2/dbot_src/install/odometry_estimator:/home/dbot2/dbot_src/install/dbot_custom_msgs:/home/dbot2/dbot_remote/install/pointcloud_saver:/home/dbot2/circus_demo/install/pcl_localization_ros2:/home/dbot2/circus_demo/install/ndt_omp_ros2:/home/dbot2/ros2_ws/install/odometry_estimator:/home/dbot2/ros2_ws/install/dbot_nav_slam:/home/dbot2/ros2_ws/install/dbot_custom_msgs:/home/dbot2/ros2_ws/install/ament_lint_common:/home/dbot2/ros2_ws/install/ament_cmake_xmllint:/home/dbot2/ros2_ws/install/ament_cmake_uncrustify:/home/dbot2/ros2_ws/install/ament_cmake_pyflakes:/home/dbot2/ros2_ws/install/ament_cmake_pycodestyle:/home/dbot2/ros2_ws/install/ament_cmake_pep257:/home/dbot2/ros2_ws/install/ament_cmake_pclint:/home/dbot2/ros2_ws/install/ament_cmake_mypy:/home/dbot2/ros2_ws/install/ament_cmake_lint_cmake:/home/dbot2/ros2_ws/install/ament_lint_auto:/home/dbot2/ros2_ws/install/ament_cmake_flake8:/home/dbot2/ros2_ws/install/ament_cmake_copyright:/home/dbot2/ros2_ws/install/ament_cmake_cpplint:/home/dbot2/ros2_ws/install/ament_cmake_cppcheck:/home/dbot2/ros2_ws/install/ament_cmake_clang_tidy:/home/dbot2/ros2_ws/install/ament_cmake_clang_format:/home/dbot2/dbot_vda5050_ilmatar/install/vda5050_tb3_adapter:/home/dbot2/dbot_vda5050_ilmatar/install/vda5050_adapter:/home/dbot2/dbot_vda5050_ilmatar/install/tf2_dbot:/home/dbot2/dbot_vda5050_ilmatar/install/odom_motion_model:/home/dbot2/dbot_vda5050_ilmatar/install/motor_driver:/home/dbot2/dbot_vda5050_ilmatar/install/joycontrol:/home/dbot2/dbot_vda5050_ilmatar/install/gesturecontrol:/home/dbot2/dbot_vda5050_ilmatar/install/dbot_bridge:/home/dbot2/dbot_vda5050_ilmatar/install/dbot:/home/dbot2/dbot_src/install/tf2_dbot:/home/dbot2/dbot_src/install/odom_motion_model:/home/dbot2/dbot_src/install/motor_driver:/home/dbot2/dbot_src/install/joycontrol:/home/dbot2/dbot_src/install/dbot:/home/dbot2/dbot_remote/install/pcd_joy_trigger:/home/dbot2/circus_demo/install/circus_demo:/home/dbot2/ros2_ws/install/tf2_dbot:/home/dbot2/ros2_ws/install/odom_motion_model:/home/dbot2/ros2_ws/install/motor_driver:/home/dbot2/ros2_ws/install/joycontrol:/home/dbot2/ros2_ws/install/gesturecontrol:/home/dbot2/ros2_ws/install/dbot_bridge:/home/dbot2/ros2_ws/install/dbot:/home/dbot2/ros2_ws/install/ament_xmllint:/home/dbot2/ros2_ws/install/ament_uncrustify:/home/dbot2/ros2_ws/install/ament_pyflakes:/home/dbot2/ros2_ws/install/ament_pycodestyle:/home/dbot2/ros2_ws/install/ament_pep257:/home/dbot2/ros2_ws/install/ament_pclint:/home/dbot2/ros2_ws/install/ament_mypy:/home/dbot2/ros2_ws/install/ament_lint_cmake:/home/dbot2/ros2_ws/install/ament_flake8:/home/dbot2/ros2_ws/install/ament_copyright:/home/dbot2/ros2_ws/install/ament_lint:/home/dbot2/ros2_ws/install/ament_cpplint:/home/dbot2/ros2_ws/install/ament_cppcheck:/home/dbot2/ros2_ws/install/ament_clang_tidy:/home/dbot2/ros2_ws/install/ament_clang_format:/opt/ros/humble LD_LIBRARY_PATH=/home/dbot2/dbot_vda5050_ilmatar/install/vda5050_msgs/lib:/home/dbot2/dbot_vda5050_ilmatar/install/vda5050_connector/lib:/home/dbot2/dbot_vda5050_ilmatar/install/dbot_custom_msgs/lib:/home/dbot2/dbot_src/install/dbot_custom_msgs/lib:/home/dbot2/circus_demo/install/pcl_localization_ros2/lib:/home/dbot2/ros2_ws/install/dbot_custom_msgs/lib:/opt/ros/humble/opt/rviz_ogre_vendor/lib:/opt/ros/humble/lib/x86_64-linux-gnu:/opt/ros/humble/lib /usr/bin/cmake --install /home/dbot2/dbot_vda5050_ilmatar/build/vda5050_connector
[58.423s] Level 1:colcon.colcon_core.environment:create_environment_scripts_only(vda5050_connector)
[58.423s] Level 1:colcon.colcon_core.environment:checking '/home/dbot2/dbot_vda5050_ilmatar/install/vda5050_connector' for CMake module files
[58.424s] DEBUG:colcon.colcon_core.event_handler.log_command:Invoked command in '/home/dbot2/dbot_vda5050_ilmatar/build/vda5050_connector' returned '0': CMAKE_PREFIX_PATH=/home/dbot2/dbot_vda5050_ilmatar/install/vda5050_msgs:/home/dbot2/dbot_vda5050_ilmatar/install/vda_dbot_nav_slam:/home/dbot2/dbot_vda5050_ilmatar/install/vda5050_connector:/home/dbot2/dbot_vda5050_ilmatar/install/odometry_estimator:/home/dbot2/dbot_vda5050_ilmatar/install/dbot_nav_slam:/home/dbot2/dbot_vda5050_ilmatar/install/dbot_custom_msgs:/home/dbot2/dbot_vda5050_ilmatar/install/crane_dbot:/home/dbot2/dbot_src/install/odometry_estimator:/home/dbot2/dbot_src/install/dbot_custom_msgs:/home/dbot2/dbot_remote/install/pointcloud_saver:/home/dbot2/circus_demo/install/pcl_localization_ros2:/home/dbot2/circus_demo/install/ndt_omp_ros2:/home/dbot2/ros2_ws/install/odometry_estimator:/home/dbot2/ros2_ws/install/dbot_nav_slam:/home/dbot2/ros2_ws/install/dbot_custom_msgs:/home/dbot2/ros2_ws/install/ament_lint_common:/home/dbot2/ros2_ws/install/ament_cmake_xmllint:/home/dbot2/ros2_ws/install/ament_cmake_uncrustify:/home/dbot2/ros2_ws/install/ament_cmake_pyflakes:/home/dbot2/ros2_ws/install/ament_cmake_pycodestyle:/home/dbot2/ros2_ws/install/ament_cmake_pep257:/home/dbot2/ros2_ws/install/ament_cmake_pclint:/home/dbot2/ros2_ws/install/ament_cmake_mypy:/home/dbot2/ros2_ws/install/ament_cmake_lint_cmake:/home/dbot2/ros2_ws/install/ament_lint_auto:/home/dbot2/ros2_ws/install/ament_cmake_flake8:/home/dbot2/ros2_ws/install/ament_cmake_copyright:/home/dbot2/ros2_ws/install/ament_cmake_cpplint:/home/dbot2/ros2_ws/install/ament_cmake_cppcheck:/home/dbot2/ros2_ws/install/ament_cmake_clang_tidy:/home/dbot2/ros2_ws/install/ament_cmake_clang_format:/home/dbot2/dbot_vda5050_ilmatar/install/vda5050_tb3_adapter:/home/dbot2/dbot_vda5050_ilmatar/install/vda5050_adapter:/home/dbot2/dbot_vda5050_ilmatar/install/tf2_dbot:/home/dbot2/dbot_vda5050_ilmatar/install/odom_motion_model:/home/dbot2/dbot_vda5050_ilmatar/install/motor_driver:/home/dbot2/dbot_vda5050_ilmatar/install/joycontrol:/home/dbot2/dbot_vda5050_ilmatar/install/gesturecontrol:/home/dbot2/dbot_vda5050_ilmatar/install/dbot_bridge:/home/dbot2/dbot_vda5050_ilmatar/install/dbot:/home/dbot2/dbot_src/install/tf2_dbot:/home/dbot2/dbot_src/install/odom_motion_model:/home/dbot2/dbot_src/install/motor_driver:/home/dbot2/dbot_src/install/joycontrol:/home/dbot2/dbot_src/install/dbot:/home/dbot2/dbot_remote/install/pcd_joy_trigger:/home/dbot2/circus_demo/install/circus_demo:/home/dbot2/ros2_ws/install/tf2_dbot:/home/dbot2/ros2_ws/install/odom_motion_model:/home/dbot2/ros2_ws/install/motor_driver:/home/dbot2/ros2_ws/install/joycontrol:/home/dbot2/ros2_ws/install/gesturecontrol:/home/dbot2/ros2_ws/install/dbot_bridge:/home/dbot2/ros2_ws/install/dbot:/home/dbot2/ros2_ws/install/ament_xmllint:/home/dbot2/ros2_ws/install/ament_uncrustify:/home/dbot2/ros2_ws/install/ament_pyflakes:/home/dbot2/ros2_ws/install/ament_pycodestyle:/home/dbot2/ros2_ws/install/ament_pep257:/home/dbot2/ros2_ws/install/ament_pclint:/home/dbot2/ros2_ws/install/ament_mypy:/home/dbot2/ros2_ws/install/ament_lint_cmake:/home/dbot2/ros2_ws/install/ament_flake8:/home/dbot2/ros2_ws/install/ament_copyright:/home/dbot2/ros2_ws/install/ament_lint:/home/dbot2/ros2_ws/install/ament_cpplint:/home/dbot2/ros2_ws/install/ament_cppcheck:/home/dbot2/ros2_ws/install/ament_clang_tidy:/home/dbot2/ros2_ws/install/ament_clang_format:/opt/ros/humble LD_LIBRARY_PATH=/home/dbot2/dbot_vda5050_ilmatar/install/vda5050_msgs/lib:/home/dbot2/dbot_vda5050_ilmatar/install/vda5050_connector/lib:/home/dbot2/dbot_vda5050_ilmatar/install/dbot_custom_msgs/lib:/home/dbot2/dbot_src/install/dbot_custom_msgs/lib:/home/dbot2/circus_demo/install/pcl_localization_ros2/lib:/home/dbot2/ros2_ws/install/dbot_custom_msgs/lib:/opt/ros/humble/opt/rviz_ogre_vendor/lib:/opt/ros/humble/lib/x86_64-linux-gnu:/opt/ros/humble/lib /usr/bin/cmake --install /home/dbot2/dbot_vda5050_ilmatar/build/vda5050_connector
[58.424s] Level 1:colcon.colcon_core.environment:checking '/home/dbot2/dbot_vda5050_ilmatar/install/vda5050_connector' for CMake config files
[58.425s] Level 1:colcon.colcon_core.shell:create_environment_hook('vda5050_connector', 'cmake_prefix_path')
[58.425s] INFO:colcon.colcon_core.shell:Creating environment hook '/home/dbot2/dbot_vda5050_ilmatar/install/vda5050_connector/share/vda5050_connector/hook/cmake_prefix_path.ps1'
[58.425s] INFO:colcon.colcon_core.shell:Creating environment descriptor '/home/dbot2/dbot_vda5050_ilmatar/install/vda5050_connector/share/vda5050_connector/hook/cmake_prefix_path.dsv'
[58.425s] INFO:colcon.colcon_core.shell:Creating environment hook '/home/dbot2/dbot_vda5050_ilmatar/install/vda5050_connector/share/vda5050_connector/hook/cmake_prefix_path.sh'
[58.426s] Level 1:colcon.colcon_core.environment:checking '/home/dbot2/dbot_vda5050_ilmatar/install/vda5050_connector/lib'
[58.426s] Level 1:colcon.colcon_core.shell:create_environment_hook('vda5050_connector', 'ld_library_path_lib')
[58.426s] INFO:colcon.colcon_core.shell:Creating environment hook '/home/dbot2/dbot_vda5050_ilmatar/install/vda5050_connector/share/vda5050_connector/hook/ld_library_path_lib.ps1'
[58.426s] INFO:colcon.colcon_core.shell:Creating environment descriptor '/home/dbot2/dbot_vda5050_ilmatar/install/vda5050_connector/share/vda5050_connector/hook/ld_library_path_lib.dsv'
[58.426s] INFO:colcon.colcon_core.shell:Creating environment hook '/home/dbot2/dbot_vda5050_ilmatar/install/vda5050_connector/share/vda5050_connector/hook/ld_library_path_lib.sh'
[58.426s] Level 1:colcon.colcon_core.environment:checking '/home/dbot2/dbot_vda5050_ilmatar/install/vda5050_connector/bin'
[58.426s] Level 1:colcon.colcon_core.environment:checking '/home/dbot2/dbot_vda5050_ilmatar/install/vda5050_connector/lib/pkgconfig/vda5050_connector.pc'
[58.426s] Level 1:colcon.colcon_core.environment:checking '/home/dbot2/dbot_vda5050_ilmatar/install/vda5050_connector/lib/python3.10/site-packages'
[58.427s] Level 1:colcon.colcon_core.environment:checking '/home/dbot2/dbot_vda5050_ilmatar/install/vda5050_connector/bin'
[58.427s] INFO:colcon.colcon_core.shell:Creating package script '/home/dbot2/dbot_vda5050_ilmatar/install/vda5050_connector/share/vda5050_connector/package.ps1'
[58.427s] INFO:colcon.colcon_core.shell:Creating package descriptor '/home/dbot2/dbot_vda5050_ilmatar/install/vda5050_connector/share/vda5050_connector/package.dsv'
[58.427s] INFO:colcon.colcon_core.shell:Creating package script '/home/dbot2/dbot_vda5050_ilmatar/install/vda5050_connector/share/vda5050_connector/package.sh'
[58.428s] INFO:colcon.colcon_core.shell:Creating package script '/home/dbot2/dbot_vda5050_ilmatar/install/vda5050_connector/share/vda5050_connector/package.bash'
[58.428s] INFO:colcon.colcon_core.shell:Creating package script '/home/dbot2/dbot_vda5050_ilmatar/install/vda5050_connector/share/vda5050_connector/package.zsh'
[58.428s] Level 1:colcon.colcon_core.environment:create_file_with_runtime_dependencies(/home/dbot2/dbot_vda5050_ilmatar/install/vda5050_connector/share/colcon-core/packages/vda5050_connector)
[58.429s] Level 1:colcon.colcon_core.environment:create_environment_scripts_only(vda5050_connector)
[58.429s] Level 1:colcon.colcon_core.environment:checking '/home/dbot2/dbot_vda5050_ilmatar/install/vda5050_connector' for CMake module files
[58.429s] Level 1:colcon.colcon_core.environment:checking '/home/dbot2/dbot_vda5050_ilmatar/install/vda5050_connector' for CMake config files
[58.430s] Level 1:colcon.colcon_core.shell:create_environment_hook('vda5050_connector', 'cmake_prefix_path')
[58.430s] INFO:colcon.colcon_core.shell:Creating environment hook '/home/dbot2/dbot_vda5050_ilmatar/install/vda5050_connector/share/vda5050_connector/hook/cmake_prefix_path.ps1'
[58.430s] INFO:colcon.colcon_core.shell:Creating environment descriptor '/home/dbot2/dbot_vda5050_ilmatar/install/vda5050_connector/share/vda5050_connector/hook/cmake_prefix_path.dsv'
[58.430s] INFO:colcon.colcon_core.shell:Creating environment hook '/home/dbot2/dbot_vda5050_ilmatar/install/vda5050_connector/share/vda5050_connector/hook/cmake_prefix_path.sh'
[58.431s] Level 1:colcon.colcon_core.environment:checking '/home/dbot2/dbot_vda5050_ilmatar/install/vda5050_connector/lib'
[58.431s] Level 1:colcon.colcon_core.shell:create_environment_hook('vda5050_connector', 'ld_library_path_lib')
[58.431s] INFO:colcon.colcon_core.shell:Creating environment hook '/home/dbot2/dbot_vda5050_ilmatar/install/vda5050_connector/share/vda5050_connector/hook/ld_library_path_lib.ps1'
[58.431s] INFO:colcon.colcon_core.shell:Creating environment descriptor '/home/dbot2/dbot_vda5050_ilmatar/install/vda5050_connector/share/vda5050_connector/hook/ld_library_path_lib.dsv'
[58.431s] INFO:colcon.colcon_core.shell:Creating environment hook '/home/dbot2/dbot_vda5050_ilmatar/install/vda5050_connector/share/vda5050_connector/hook/ld_library_path_lib.sh'
[58.431s] Level 1:colcon.colcon_core.environment:checking '/home/dbot2/dbot_vda5050_ilmatar/install/vda5050_connector/bin'
[58.431s] Level 1:colcon.colcon_core.environment:checking '/home/dbot2/dbot_vda5050_ilmatar/install/vda5050_connector/lib/pkgconfig/vda5050_connector.pc'
[58.432s] Level 1:colcon.colcon_core.environment:checking '/home/dbot2/dbot_vda5050_ilmatar/install/vda5050_connector/lib/python3.10/site-packages'
[58.432s] Level 1:colcon.colcon_core.environment:checking '/home/dbot2/dbot_vda5050_ilmatar/install/vda5050_connector/bin'
[58.432s] INFO:colcon.colcon_core.shell:Creating package script '/home/dbot2/dbot_vda5050_ilmatar/install/vda5050_connector/share/vda5050_connector/package.ps1'
[58.432s] INFO:colcon.colcon_core.shell:Creating package descriptor '/home/dbot2/dbot_vda5050_ilmatar/install/vda5050_connector/share/vda5050_connector/package.dsv'
[58.433s] INFO:colcon.colcon_core.shell:Creating package script '/home/dbot2/dbot_vda5050_ilmatar/install/vda5050_connector/share/vda5050_connector/package.sh'
[58.433s] INFO:colcon.colcon_core.shell:Creating package script '/home/dbot2/dbot_vda5050_ilmatar/install/vda5050_connector/share/vda5050_connector/package.bash'
[58.433s] INFO:colcon.colcon_core.shell:Creating package script '/home/dbot2/dbot_vda5050_ilmatar/install/vda5050_connector/share/vda5050_connector/package.zsh'
[58.434s] Level 1:colcon.colcon_core.environment:create_file_with_runtime_dependencies(/home/dbot2/dbot_vda5050_ilmatar/install/vda5050_connector/share/colcon-core/packages/vda5050_connector)
[58.434s] INFO:colcon.colcon_ros.task.ament_python.build:Building ROS package in '/home/dbot2/dbot_vda5050_ilmatar/src/vda5050_tb3_adapter' with build type 'ament_python'
[58.434s] Level 1:colcon.colcon_core.shell:create_environment_hook('vda5050_tb3_adapter', 'ament_prefix_path')
[58.434s] INFO:colcon.colcon_core.shell:Creating environment hook '/home/dbot2/dbot_vda5050_ilmatar/install/vda5050_tb3_adapter/share/vda5050_tb3_adapter/hook/ament_prefix_path.ps1'
[58.435s] INFO:colcon.colcon_core.shell:Creating environment descriptor '/home/dbot2/dbot_vda5050_ilmatar/install/vda5050_tb3_adapter/share/vda5050_tb3_adapter/hook/ament_prefix_path.dsv'
[58.435s] INFO:colcon.colcon_core.shell:Creating environment hook '/home/dbot2/dbot_vda5050_ilmatar/install/vda5050_tb3_adapter/share/vda5050_tb3_adapter/hook/ament_prefix_path.sh'
[58.435s] INFO:colcon.colcon_core.shell:Skip shell extension 'powershell' for command environment: Not usable outside of PowerShell
[58.435s] DEBUG:colcon.colcon_core.shell:Skip shell extension 'dsv' for command environment
[58.679s] INFO:colcon.colcon_core.task.python.build:Building Python package in '/home/dbot2/dbot_vda5050_ilmatar/src/vda5050_tb3_adapter'
[58.679s] INFO:colcon.colcon_core.shell:Skip shell extension 'powershell' for command environment: Not usable outside of PowerShell
[58.679s] DEBUG:colcon.colcon_core.shell:Skip shell extension 'dsv' for command environment
[58.992s] DEBUG:colcon.colcon_core.event_handler.log_command:Invoking command in '/home/dbot2/dbot_vda5050_ilmatar/build/vda5050_tb3_adapter': CMAKE_PREFIX_PATH=/home/dbot2/dbot_vda5050_ilmatar/install/vda5050_connector:/home/dbot2/dbot_vda5050_ilmatar/install/vda5050_msgs:/home/dbot2/dbot_vda5050_ilmatar/install/vda_dbot_nav_slam:/home/dbot2/dbot_vda5050_ilmatar/install/odometry_estimator:/home/dbot2/dbot_vda5050_ilmatar/install/dbot_nav_slam:/home/dbot2/dbot_vda5050_ilmatar/install/dbot_custom_msgs:/home/dbot2/dbot_vda5050_ilmatar/install/crane_dbot:/home/dbot2/dbot_src/install/odometry_estimator:/home/dbot2/dbot_src/install/dbot_custom_msgs:/home/dbot2/dbot_remote/install/pointcloud_saver:/home/dbot2/circus_demo/install/pcl_localization_ros2:/home/dbot2/circus_demo/install/ndt_omp_ros2:/home/dbot2/ros2_ws/install/odometry_estimator:/home/dbot2/ros2_ws/install/dbot_nav_slam:/home/dbot2/ros2_ws/install/dbot_custom_msgs:/home/dbot2/ros2_ws/install/ament_lint_common:/home/dbot2/ros2_ws/install/ament_cmake_xmllint:/home/dbot2/ros2_ws/install/ament_cmake_uncrustify:/home/dbot2/ros2_ws/install/ament_cmake_pyflakes:/home/dbot2/ros2_ws/install/ament_cmake_pycodestyle:/home/dbot2/ros2_ws/install/ament_cmake_pep257:/home/dbot2/ros2_ws/install/ament_cmake_pclint:/home/dbot2/ros2_ws/install/ament_cmake_mypy:/home/dbot2/ros2_ws/install/ament_cmake_lint_cmake:/home/dbot2/ros2_ws/install/ament_lint_auto:/home/dbot2/ros2_ws/install/ament_cmake_flake8:/home/dbot2/ros2_ws/install/ament_cmake_copyright:/home/dbot2/ros2_ws/install/ament_cmake_cpplint:/home/dbot2/ros2_ws/install/ament_cmake_cppcheck:/home/dbot2/ros2_ws/install/ament_cmake_clang_tidy:/home/dbot2/ros2_ws/install/ament_cmake_clang_format PYTHONPATH=/home/dbot2/dbot_vda5050_ilmatar/build/vda5050_tb3_adapter/prefix_override:/usr/lib/python3/dist-packages/colcon_core/task/python/colcon_distutils_commands:/home/dbot2/dbot_vda5050_ilmatar/install/vda5050_tb3_adapter/lib/python3.10/site-packages:${PYTHONPATH} /usr/bin/python3 -W ignore:setup.py install is deprecated -W ignore:easy_install command is deprecated setup.py develop --editable --build-directory /home/dbot2/dbot_vda5050_ilmatar/build/vda5050_tb3_adapter/build --no-deps symlink_data
[59.390s] Level 1:colcon.colcon_core.shell:create_environment_hook('vda5050_tb3_adapter', 'pythonpath_develop')
[59.390s] INFO:colcon.colcon_core.shell:Creating environment hook '/home/dbot2/dbot_vda5050_ilmatar/build/vda5050_tb3_adapter/share/vda5050_tb3_adapter/hook/pythonpath_develop.ps1'
[59.390s] DEBUG:colcon.colcon_core.event_handler.log_command:Invoked command in '/home/dbot2/dbot_vda5050_ilmatar/build/vda5050_tb3_adapter' returned '0': CMAKE_PREFIX_PATH=/home/dbot2/dbot_vda5050_ilmatar/install/vda5050_connector:/home/dbot2/dbot_vda5050_ilmatar/install/vda5050_msgs:/home/dbot2/dbot_vda5050_ilmatar/install/vda_dbot_nav_slam:/home/dbot2/dbot_vda5050_ilmatar/install/odometry_estimator:/home/dbot2/dbot_vda5050_ilmatar/install/dbot_nav_slam:/home/dbot2/dbot_vda5050_ilmatar/install/dbot_custom_msgs:/home/dbot2/dbot_vda5050_ilmatar/install/crane_dbot:/home/dbot2/dbot_src/install/odometry_estimator:/home/dbot2/dbot_src/install/dbot_custom_msgs:/home/dbot2/dbot_remote/install/pointcloud_saver:/home/dbot2/circus_demo/install/pcl_localization_ros2:/home/dbot2/circus_demo/install/ndt_omp_ros2:/home/dbot2/ros2_ws/install/odometry_estimator:/home/dbot2/ros2_ws/install/dbot_nav_slam:/home/dbot2/ros2_ws/install/dbot_custom_msgs:/home/dbot2/ros2_ws/install/ament_lint_common:/home/dbot2/ros2_ws/install/ament_cmake_xmllint:/home/dbot2/ros2_ws/install/ament_cmake_uncrustify:/home/dbot2/ros2_ws/install/ament_cmake_pyflakes:/home/dbot2/ros2_ws/install/ament_cmake_pycodestyle:/home/dbot2/ros2_ws/install/ament_cmake_pep257:/home/dbot2/ros2_ws/install/ament_cmake_pclint:/home/dbot2/ros2_ws/install/ament_cmake_mypy:/home/dbot2/ros2_ws/install/ament_cmake_lint_cmake:/home/dbot2/ros2_ws/install/ament_lint_auto:/home/dbot2/ros2_ws/install/ament_cmake_flake8:/home/dbot2/ros2_ws/install/ament_cmake_copyright:/home/dbot2/ros2_ws/install/ament_cmake_cpplint:/home/dbot2/ros2_ws/install/ament_cmake_cppcheck:/home/dbot2/ros2_ws/install/ament_cmake_clang_tidy:/home/dbot2/ros2_ws/install/ament_cmake_clang_format PYTHONPATH=/home/dbot2/dbot_vda5050_ilmatar/build/vda5050_tb3_adapter/prefix_override:/usr/lib/python3/dist-packages/colcon_core/task/python/colcon_distutils_commands:/home/dbot2/dbot_vda5050_ilmatar/install/vda5050_tb3_adapter/lib/python3.10/site-packages:${PYTHONPATH} /usr/bin/python3 -W ignore:setup.py install is deprecated -W ignore:easy_install command is deprecated setup.py develop --editable --build-directory /home/dbot2/dbot_vda5050_ilmatar/build/vda5050_tb3_adapter/build --no-deps symlink_data
[59.391s] INFO:colcon.colcon_core.shell:Creating environment descriptor '/home/dbot2/dbot_vda5050_ilmatar/build/vda5050_tb3_adapter/share/vda5050_tb3_adapter/hook/pythonpath_develop.dsv'
[59.391s] INFO:colcon.colcon_core.shell:Creating environment hook '/home/dbot2/dbot_vda5050_ilmatar/build/vda5050_tb3_adapter/share/vda5050_tb3_adapter/hook/pythonpath_develop.sh'
[59.391s] Level 1:colcon.colcon_core.environment:checking '/home/dbot2/dbot_vda5050_ilmatar/install/vda5050_tb3_adapter' for CMake module files
[59.392s] Level 1:colcon.colcon_core.environment:checking '/home/dbot2/dbot_vda5050_ilmatar/install/vda5050_tb3_adapter' for CMake config files
[59.392s] Level 1:colcon.colcon_core.environment:checking '/home/dbot2/dbot_vda5050_ilmatar/install/vda5050_tb3_adapter/lib'
[59.392s] Level 1:colcon.colcon_core.environment:checking '/home/dbot2/dbot_vda5050_ilmatar/install/vda5050_tb3_adapter/bin'
[59.392s] Level 1:colcon.colcon_core.environment:checking '/home/dbot2/dbot_vda5050_ilmatar/install/vda5050_tb3_adapter/lib/pkgconfig/vda5050_tb3_adapter.pc'
[59.392s] Level 1:colcon.colcon_core.environment:checking '/home/dbot2/dbot_vda5050_ilmatar/install/vda5050_tb3_adapter/lib/python3.10/site-packages'
[59.392s] Level 1:colcon.colcon_core.shell:create_environment_hook('vda5050_tb3_adapter', 'pythonpath')
[59.392s] INFO:colcon.colcon_core.shell:Creating environment hook '/home/dbot2/dbot_vda5050_ilmatar/install/vda5050_tb3_adapter/share/vda5050_tb3_adapter/hook/pythonpath.ps1'
[59.392s] INFO:colcon.colcon_core.shell:Creating environment descriptor '/home/dbot2/dbot_vda5050_ilmatar/install/vda5050_tb3_adapter/share/vda5050_tb3_adapter/hook/pythonpath.dsv'
[59.393s] INFO:colcon.colcon_core.shell:Creating environment hook '/home/dbot2/dbot_vda5050_ilmatar/install/vda5050_tb3_adapter/share/vda5050_tb3_adapter/hook/pythonpath.sh'
[59.393s] Level 1:colcon.colcon_core.environment:checking '/home/dbot2/dbot_vda5050_ilmatar/install/vda5050_tb3_adapter/bin'
[59.393s] Level 1:colcon.colcon_core.environment:create_environment_scripts_only(vda5050_tb3_adapter)
[59.393s] INFO:colcon.colcon_core.shell:Creating package script '/home/dbot2/dbot_vda5050_ilmatar/install/vda5050_tb3_adapter/share/vda5050_tb3_adapter/package.ps1'
[59.393s] INFO:colcon.colcon_core.shell:Creating package descriptor '/home/dbot2/dbot_vda5050_ilmatar/install/vda5050_tb3_adapter/share/vda5050_tb3_adapter/package.dsv'
[59.394s] INFO:colcon.colcon_core.shell:Creating package script '/home/dbot2/dbot_vda5050_ilmatar/install/vda5050_tb3_adapter/share/vda5050_tb3_adapter/package.sh'
[59.394s] INFO:colcon.colcon_core.shell:Creating package script '/home/dbot2/dbot_vda5050_ilmatar/install/vda5050_tb3_adapter/share/vda5050_tb3_adapter/package.bash'
[59.394s] INFO:colcon.colcon_core.shell:Creating package script '/home/dbot2/dbot_vda5050_ilmatar/install/vda5050_tb3_adapter/share/vda5050_tb3_adapter/package.zsh'
[59.394s] Level 1:colcon.colcon_core.environment:create_file_with_runtime_dependencies(/home/dbot2/dbot_vda5050_ilmatar/install/vda5050_tb3_adapter/share/colcon-core/packages/vda5050_tb3_adapter)
[59.394s] DEBUG:colcon.colcon_parallel_executor.executor.parallel:closing loop
[59.395s] DEBUG:colcon.colcon_parallel_executor.executor.parallel:loop closed
[59.395s] DEBUG:colcon.colcon_parallel_executor.executor.parallel:run_until_complete finished with '0'
[59.395s] DEBUG:colcon.colcon_core.event_reactor:joining thread
[59.399s] INFO:colcon.colcon_core.plugin_system:Skipping extension 'colcon_notification.desktop_notification.terminal_notifier': Not used on non-Darwin systems
[59.399s] INFO:colcon.colcon_core.plugin_system:Skipping extension 'colcon_notification.desktop_notification.win32': Not used on non-Windows systems
[59.399s] INFO:colcon.colcon_notification.desktop_notification:Sending desktop notification using 'notify2'
[59.406s] DEBUG:colcon.colcon_core.event_reactor:joined thread
[59.406s] INFO:colcon.colcon_core.shell:Creating prefix script '/home/dbot2/dbot_vda5050_ilmatar/install/local_setup.ps1'
[59.407s] INFO:colcon.colcon_core.shell:Creating prefix util module '/home/dbot2/dbot_vda5050_ilmatar/install/_local_setup_util_ps1.py'
[59.408s] INFO:colcon.colcon_core.shell:Creating prefix chain script '/home/dbot2/dbot_vda5050_ilmatar/install/setup.ps1'
[59.410s] INFO:colcon.colcon_core.shell:Creating prefix script '/home/dbot2/dbot_vda5050_ilmatar/install/local_setup.sh'
[59.410s] INFO:colcon.colcon_core.shell:Creating prefix util module '/home/dbot2/dbot_vda5050_ilmatar/install/_local_setup_util_sh.py'
[59.411s] INFO:colcon.colcon_core.shell:Creating prefix chain script '/home/dbot2/dbot_vda5050_ilmatar/install/setup.sh'
[59.412s] INFO:colcon.colcon_core.shell:Creating prefix script '/home/dbot2/dbot_vda5050_ilmatar/install/local_setup.bash'
[59.413s] INFO:colcon.colcon_core.shell:Creating prefix chain script '/home/dbot2/dbot_vda5050_ilmatar/install/setup.bash'
[59.414s] INFO:colcon.colcon_core.shell:Creating prefix script '/home/dbot2/dbot_vda5050_ilmatar/install/local_setup.zsh'
[59.415s] INFO:colcon.colcon_core.shell:Creating prefix chain script '/home/dbot2/dbot_vda5050_ilmatar/install/setup.zsh'
