[0.154s] DEBUG:colcon:Command line arguments: ['/usr/bin/colcon', 'build']
[0.154s] DEBUG:colcon:Parsed command line arguments: Namespace(log_base=None, log_level=None, verb_name='build', build_base='build', install_base='install', merge_install=False, symlink_install=False, test_result_base=None, continue_on_error=False, executor='parallel', parallel_workers=8, event_handlers=None, ignore_user_meta=False, metas=['./colcon.meta'], base_paths=['.'], packages_ignore=None, packages_ignore_regex=None, paths=None, packages_up_to=None, packages_up_to_regex=None, packages_above=None, packages_above_and_dependencies=None, packages_above_depth=None, packages_select_by_dep=None, packages_skip_by_dep=None, packages_skip_up_to=None, packages_select_build_failed=False, packages_skip_build_finished=False, packages_select_test_failures=False, packages_skip_test_passed=False, packages_select=None, packages_skip=None, packages_select_regex=None, packages_skip_regex=None, packages_start=None, packages_end=None, allow_overriding=[], cmake_args=None, cmake_target=None, cmake_target_skip_unavailable=False, cmake_clean_cache=False, cmake_clean_first=False, cmake_force_configure=False, ament_cmake_args=None, catkin_cmake_args=None, catkin_skip_building_tests=False, mixin_files=None, mixin=None, verb_parser=<colcon_mixin.mixin.mixin_argument.MixinArgumentDecorator object at 0x7028ca3be200>, verb_extension=<colcon_core.verb.build.BuildVerb object at 0x7028ca3bd600>, main=<bound method BuildVerb.main of <colcon_core.verb.build.BuildVerb object at 0x7028ca3bd600>>, mixin_verb=('build',))
[0.363s] Level 1:colcon.colcon_core.package_discovery:discover_packages(colcon_meta) check parameters
[0.363s] Level 1:colcon.colcon_core.package_discovery:discover_packages(recursive) check parameters
[0.363s] Level 1:colcon.colcon_core.package_discovery:discover_packages(ignore) check parameters
[0.363s] Level 1:colcon.colcon_core.package_discovery:discover_packages(path) check parameters
[0.363s] Level 1:colcon.colcon_core.package_discovery:discover_packages(colcon_meta) discover
[0.363s] Level 1:colcon.colcon_core.package_discovery:discover_packages(recursive) discover
[0.363s] INFO:colcon.colcon_core.package_discovery:Crawling recursively for packages in '/home/dbot2/dbot_vda5050_ilmatar'
[0.363s] Level 1:colcon.colcon_core.package_identification:_identify(.) by extensions ['ignore', 'ignore_ament_install']
[0.363s] Level 1:colcon.colcon_core.package_identification:_identify(.) by extension 'ignore'
[0.363s] Level 1:colcon.colcon_core.package_identification:_identify(.) by extension 'ignore_ament_install'
[0.363s] Level 1:colcon.colcon_core.package_identification:_identify(.) by extensions ['colcon_pkg']
[0.363s] Level 1:colcon.colcon_core.package_identification:_identify(.) by extension 'colcon_pkg'
[0.363s] Level 1:colcon.colcon_core.package_identification:_identify(.) by extensions ['colcon_meta']
[0.363s] Level 1:colcon.colcon_core.package_identification:_identify(.) by extension 'colcon_meta'
[0.364s] Level 1:colcon.colcon_core.package_identification:_identify(.) by extensions ['ros']
[0.364s] Level 1:colcon.colcon_core.package_identification:_identify(.) by extension 'ros'
[0.371s] Level 1:colcon.colcon_core.package_identification:_identify(.) by extensions ['cmake', 'python']
[0.371s] Level 1:colcon.colcon_core.package_identification:_identify(.) by extension 'cmake'
[0.371s] Level 1:colcon.colcon_core.package_identification:_identify(.) by extension 'python'
[0.371s] Level 1:colcon.colcon_core.package_identification:_identify(.) by extensions ['python_setup_py']
[0.371s] Level 1:colcon.colcon_core.package_identification:_identify(.) by extension 'python_setup_py'
[0.371s] Level 1:colcon.colcon_core.package_identification:_identify(build) by extensions ['ignore', 'ignore_ament_install']
[0.371s] Level 1:colcon.colcon_core.package_identification:_identify(build) by extension 'ignore'
[0.371s] Level 1:colcon.colcon_core.package_identification:_identify(build) ignored
[0.371s] Level 1:colcon.colcon_core.package_identification:_identify(install) by extensions ['ignore', 'ignore_ament_install']
[0.371s] Level 1:colcon.colcon_core.package_identification:_identify(install) by extension 'ignore'
[0.371s] Level 1:colcon.colcon_core.package_identification:_identify(install) ignored
[0.371s] Level 1:colcon.colcon_core.package_identification:_identify(log) by extensions ['ignore', 'ignore_ament_install']
[0.371s] Level 1:colcon.colcon_core.package_identification:_identify(log) by extension 'ignore'
[0.371s] Level 1:colcon.colcon_core.package_identification:_identify(log) ignored
[0.372s] Level 1:colcon.colcon_core.package_identification:_identify(src) by extensions ['ignore', 'ignore_ament_install']
[0.372s] Level 1:colcon.colcon_core.package_identification:_identify(src) by extension 'ignore'
[0.372s] Level 1:colcon.colcon_core.package_identification:_identify(src) by extension 'ignore_ament_install'
[0.372s] Level 1:colcon.colcon_core.package_identification:_identify(src) by extensions ['colcon_pkg']
[0.372s] Level 1:colcon.colcon_core.package_identification:_identify(src) by extension 'colcon_pkg'
[0.372s] Level 1:colcon.colcon_core.package_identification:_identify(src) by extensions ['colcon_meta']
[0.372s] Level 1:colcon.colcon_core.package_identification:_identify(src) by extension 'colcon_meta'
[0.372s] Level 1:colcon.colcon_core.package_identification:_identify(src) by extensions ['ros']
[0.372s] Level 1:colcon.colcon_core.package_identification:_identify(src) by extension 'ros'
[0.372s] Level 1:colcon.colcon_core.package_identification:_identify(src) by extensions ['cmake', 'python']
[0.372s] Level 1:colcon.colcon_core.package_identification:_identify(src) by extension 'cmake'
[0.372s] Level 1:colcon.colcon_core.package_identification:_identify(src) by extension 'python'
[0.372s] Level 1:colcon.colcon_core.package_identification:_identify(src) by extensions ['python_setup_py']
[0.372s] Level 1:colcon.colcon_core.package_identification:_identify(src) by extension 'python_setup_py'
[0.372s] Level 1:colcon.colcon_core.package_identification:_identify(src/build) by extensions ['ignore', 'ignore_ament_install']
[0.372s] Level 1:colcon.colcon_core.package_identification:_identify(src/build) by extension 'ignore'
[0.372s] Level 1:colcon.colcon_core.package_identification:_identify(src/build) ignored
[0.372s] Level 1:colcon.colcon_core.package_identification:_identify(src/dbot) by extensions ['ignore', 'ignore_ament_install']
[0.372s] Level 1:colcon.colcon_core.package_identification:_identify(src/dbot) by extension 'ignore'
[0.372s] Level 1:colcon.colcon_core.package_identification:_identify(src/dbot) by extension 'ignore_ament_install'
[0.372s] Level 1:colcon.colcon_core.package_identification:_identify(src/dbot) by extensions ['colcon_pkg']
[0.372s] Level 1:colcon.colcon_core.package_identification:_identify(src/dbot) by extension 'colcon_pkg'
[0.372s] Level 1:colcon.colcon_core.package_identification:_identify(src/dbot) by extensions ['colcon_meta']
[0.372s] Level 1:colcon.colcon_core.package_identification:_identify(src/dbot) by extension 'colcon_meta'
[0.372s] Level 1:colcon.colcon_core.package_identification:_identify(src/dbot) by extensions ['ros']
[0.372s] Level 1:colcon.colcon_core.package_identification:_identify(src/dbot) by extension 'ros'
[0.374s] DEBUG:colcon.colcon_core.package_identification:Package 'src/dbot' with type 'ros.ament_python' and name 'dbot'
[0.374s] Level 1:colcon.colcon_core.package_identification:_identify(src/dbot_bridge) by extensions ['ignore', 'ignore_ament_install']
[0.374s] Level 1:colcon.colcon_core.package_identification:_identify(src/dbot_bridge) by extension 'ignore'
[0.374s] Level 1:colcon.colcon_core.package_identification:_identify(src/dbot_bridge) by extension 'ignore_ament_install'
[0.374s] Level 1:colcon.colcon_core.package_identification:_identify(src/dbot_bridge) by extensions ['colcon_pkg']
[0.374s] Level 1:colcon.colcon_core.package_identification:_identify(src/dbot_bridge) by extension 'colcon_pkg'
[0.375s] Level 1:colcon.colcon_core.package_identification:_identify(src/dbot_bridge) by extensions ['colcon_meta']
[0.375s] Level 1:colcon.colcon_core.package_identification:_identify(src/dbot_bridge) by extension 'colcon_meta'
[0.375s] Level 1:colcon.colcon_core.package_identification:_identify(src/dbot_bridge) by extensions ['ros']
[0.375s] Level 1:colcon.colcon_core.package_identification:_identify(src/dbot_bridge) by extension 'ros'
[0.375s] DEBUG:colcon.colcon_core.package_identification:Package 'src/dbot_bridge' with type 'ros.ament_python' and name 'dbot_bridge'
[0.375s] Level 1:colcon.colcon_core.package_identification:_identify(src/dbot_custom_msgs) by extensions ['ignore', 'ignore_ament_install']
[0.375s] Level 1:colcon.colcon_core.package_identification:_identify(src/dbot_custom_msgs) by extension 'ignore'
[0.375s] Level 1:colcon.colcon_core.package_identification:_identify(src/dbot_custom_msgs) by extension 'ignore_ament_install'
[0.375s] Level 1:colcon.colcon_core.package_identification:_identify(src/dbot_custom_msgs) by extensions ['colcon_pkg']
[0.375s] Level 1:colcon.colcon_core.package_identification:_identify(src/dbot_custom_msgs) by extension 'colcon_pkg'
[0.375s] Level 1:colcon.colcon_core.package_identification:_identify(src/dbot_custom_msgs) by extensions ['colcon_meta']
[0.375s] Level 1:colcon.colcon_core.package_identification:_identify(src/dbot_custom_msgs) by extension 'colcon_meta'
[0.375s] Level 1:colcon.colcon_core.package_identification:_identify(src/dbot_custom_msgs) by extensions ['ros']
[0.375s] Level 1:colcon.colcon_core.package_identification:_identify(src/dbot_custom_msgs) by extension 'ros'
[0.376s] DEBUG:colcon.colcon_core.package_identification:Package 'src/dbot_custom_msgs' with type 'ros.ament_cmake' and name 'dbot_custom_msgs'
[0.376s] Level 1:colcon.colcon_core.package_identification:_identify(src/dbot_nav_slam) by extensions ['ignore', 'ignore_ament_install']
[0.376s] Level 1:colcon.colcon_core.package_identification:_identify(src/dbot_nav_slam) by extension 'ignore'
[0.376s] Level 1:colcon.colcon_core.package_identification:_identify(src/dbot_nav_slam) by extension 'ignore_ament_install'
[0.376s] Level 1:colcon.colcon_core.package_identification:_identify(src/dbot_nav_slam) by extensions ['colcon_pkg']
[0.376s] Level 1:colcon.colcon_core.package_identification:_identify(src/dbot_nav_slam) by extension 'colcon_pkg'
[0.376s] Level 1:colcon.colcon_core.package_identification:_identify(src/dbot_nav_slam) by extensions ['colcon_meta']
[0.376s] Level 1:colcon.colcon_core.package_identification:_identify(src/dbot_nav_slam) by extension 'colcon_meta'
[0.376s] Level 1:colcon.colcon_core.package_identification:_identify(src/dbot_nav_slam) by extensions ['ros']
[0.376s] Level 1:colcon.colcon_core.package_identification:_identify(src/dbot_nav_slam) by extension 'ros'
[0.376s] DEBUG:colcon.colcon_core.package_identification:Package 'src/dbot_nav_slam' with type 'ros.ament_cmake' and name 'dbot_nav_slam'
[0.377s] Level 1:colcon.colcon_core.package_identification:_identify(src/gesturecontrol) by extensions ['ignore', 'ignore_ament_install']
[0.377s] Level 1:colcon.colcon_core.package_identification:_identify(src/gesturecontrol) by extension 'ignore'
[0.377s] Level 1:colcon.colcon_core.package_identification:_identify(src/gesturecontrol) by extension 'ignore_ament_install'
[0.377s] Level 1:colcon.colcon_core.package_identification:_identify(src/gesturecontrol) by extensions ['colcon_pkg']
[0.377s] Level 1:colcon.colcon_core.package_identification:_identify(src/gesturecontrol) by extension 'colcon_pkg'
[0.377s] Level 1:colcon.colcon_core.package_identification:_identify(src/gesturecontrol) by extensions ['colcon_meta']
[0.377s] Level 1:colcon.colcon_core.package_identification:_identify(src/gesturecontrol) by extension 'colcon_meta'
[0.377s] Level 1:colcon.colcon_core.package_identification:_identify(src/gesturecontrol) by extensions ['ros']
[0.377s] Level 1:colcon.colcon_core.package_identification:_identify(src/gesturecontrol) by extension 'ros'
[0.377s] DEBUG:colcon.colcon_core.package_identification:Package 'src/gesturecontrol' with type 'ros.ament_python' and name 'gesturecontrol'
[0.377s] Level 1:colcon.colcon_core.package_identification:_identify(src/install) by extensions ['ignore', 'ignore_ament_install']
[0.377s] Level 1:colcon.colcon_core.package_identification:_identify(src/install) by extension 'ignore'
[0.377s] Level 1:colcon.colcon_core.package_identification:_identify(src/install) ignored
[0.378s] Level 1:colcon.colcon_core.package_identification:_identify(src/joycontrol) by extensions ['ignore', 'ignore_ament_install']
[0.378s] Level 1:colcon.colcon_core.package_identification:_identify(src/joycontrol) by extension 'ignore'
[0.378s] Level 1:colcon.colcon_core.package_identification:_identify(src/joycontrol) by extension 'ignore_ament_install'
[0.378s] Level 1:colcon.colcon_core.package_identification:_identify(src/joycontrol) by extensions ['colcon_pkg']
[0.378s] Level 1:colcon.colcon_core.package_identification:_identify(src/joycontrol) by extension 'colcon_pkg'
[0.378s] Level 1:colcon.colcon_core.package_identification:_identify(src/joycontrol) by extensions ['colcon_meta']
[0.378s] Level 1:colcon.colcon_core.package_identification:_identify(src/joycontrol) by extension 'colcon_meta'
[0.378s] Level 1:colcon.colcon_core.package_identification:_identify(src/joycontrol) by extensions ['ros']
[0.378s] Level 1:colcon.colcon_core.package_identification:_identify(src/joycontrol) by extension 'ros'
[0.378s] DEBUG:colcon.colcon_core.package_identification:Package 'src/joycontrol' with type 'ros.ament_python' and name 'joycontrol'
[0.378s] Level 1:colcon.colcon_core.package_identification:_identify(src/log) by extensions ['ignore', 'ignore_ament_install']
[0.378s] Level 1:colcon.colcon_core.package_identification:_identify(src/log) by extension 'ignore'
[0.378s] Level 1:colcon.colcon_core.package_identification:_identify(src/log) ignored
[0.379s] Level 1:colcon.colcon_core.package_identification:_identify(src/motor_driver) by extensions ['ignore', 'ignore_ament_install']
[0.379s] Level 1:colcon.colcon_core.package_identification:_identify(src/motor_driver) by extension 'ignore'
[0.379s] Level 1:colcon.colcon_core.package_identification:_identify(src/motor_driver) by extension 'ignore_ament_install'
[0.379s] Level 1:colcon.colcon_core.package_identification:_identify(src/motor_driver) by extensions ['colcon_pkg']
[0.379s] Level 1:colcon.colcon_core.package_identification:_identify(src/motor_driver) by extension 'colcon_pkg'
[0.379s] Level 1:colcon.colcon_core.package_identification:_identify(src/motor_driver) by extensions ['colcon_meta']
[0.379s] Level 1:colcon.colcon_core.package_identification:_identify(src/motor_driver) by extension 'colcon_meta'
[0.379s] Level 1:colcon.colcon_core.package_identification:_identify(src/motor_driver) by extensions ['ros']
[0.379s] Level 1:colcon.colcon_core.package_identification:_identify(src/motor_driver) by extension 'ros'
[0.379s] DEBUG:colcon.colcon_core.package_identification:Package 'src/motor_driver' with type 'ros.ament_python' and name 'motor_driver'
[0.379s] Level 1:colcon.colcon_core.package_identification:_identify(src/odom_motion_model) by extensions ['ignore', 'ignore_ament_install']
[0.379s] Level 1:colcon.colcon_core.package_identification:_identify(src/odom_motion_model) by extension 'ignore'
[0.379s] Level 1:colcon.colcon_core.package_identification:_identify(src/odom_motion_model) by extension 'ignore_ament_install'
[0.379s] Level 1:colcon.colcon_core.package_identification:_identify(src/odom_motion_model) by extensions ['colcon_pkg']
[0.379s] Level 1:colcon.colcon_core.package_identification:_identify(src/odom_motion_model) by extension 'colcon_pkg'
[0.379s] Level 1:colcon.colcon_core.package_identification:_identify(src/odom_motion_model) by extensions ['colcon_meta']
[0.379s] Level 1:colcon.colcon_core.package_identification:_identify(src/odom_motion_model) by extension 'colcon_meta'
[0.379s] Level 1:colcon.colcon_core.package_identification:_identify(src/odom_motion_model) by extensions ['ros']
[0.380s] Level 1:colcon.colcon_core.package_identification:_identify(src/odom_motion_model) by extension 'ros'
[0.380s] DEBUG:colcon.colcon_core.package_identification:Package 'src/odom_motion_model' with type 'ros.ament_python' and name 'odom_motion_model'
[0.380s] Level 1:colcon.colcon_core.package_identification:_identify(src/ros2_odometry_estimation) by extensions ['ignore', 'ignore_ament_install']
[0.380s] Level 1:colcon.colcon_core.package_identification:_identify(src/ros2_odometry_estimation) by extension 'ignore'
[0.380s] Level 1:colcon.colcon_core.package_identification:_identify(src/ros2_odometry_estimation) by extension 'ignore_ament_install'
[0.380s] Level 1:colcon.colcon_core.package_identification:_identify(src/ros2_odometry_estimation) by extensions ['colcon_pkg']
[0.380s] Level 1:colcon.colcon_core.package_identification:_identify(src/ros2_odometry_estimation) by extension 'colcon_pkg'
[0.380s] Level 1:colcon.colcon_core.package_identification:_identify(src/ros2_odometry_estimation) by extensions ['colcon_meta']
[0.380s] Level 1:colcon.colcon_core.package_identification:_identify(src/ros2_odometry_estimation) by extension 'colcon_meta'
[0.380s] Level 1:colcon.colcon_core.package_identification:_identify(src/ros2_odometry_estimation) by extensions ['ros']
[0.380s] Level 1:colcon.colcon_core.package_identification:_identify(src/ros2_odometry_estimation) by extension 'ros'
[0.381s] DEBUG:colcon.colcon_core.package_identification:Package 'src/ros2_odometry_estimation' with type 'ros.ament_cmake' and name 'odometry_estimator'
[0.381s] Level 1:colcon.colcon_core.package_identification:_identify(src/tf2_dbot) by extensions ['ignore', 'ignore_ament_install']
[0.381s] Level 1:colcon.colcon_core.package_identification:_identify(src/tf2_dbot) by extension 'ignore'
[0.381s] Level 1:colcon.colcon_core.package_identification:_identify(src/tf2_dbot) by extension 'ignore_ament_install'
[0.381s] Level 1:colcon.colcon_core.package_identification:_identify(src/tf2_dbot) by extensions ['colcon_pkg']
[0.381s] Level 1:colcon.colcon_core.package_identification:_identify(src/tf2_dbot) by extension 'colcon_pkg'
[0.381s] Level 1:colcon.colcon_core.package_identification:_identify(src/tf2_dbot) by extensions ['colcon_meta']
[0.381s] Level 1:colcon.colcon_core.package_identification:_identify(src/tf2_dbot) by extension 'colcon_meta'
[0.381s] Level 1:colcon.colcon_core.package_identification:_identify(src/tf2_dbot) by extensions ['ros']
[0.381s] Level 1:colcon.colcon_core.package_identification:_identify(src/tf2_dbot) by extension 'ros'
[0.382s] DEBUG:colcon.colcon_core.package_identification:Package 'src/tf2_dbot' with type 'ros.ament_python' and name 'tf2_dbot'
[0.382s] Level 1:colcon.colcon_core.package_identification:_identify(src/vda5050_connector) by extensions ['ignore', 'ignore_ament_install']
[0.382s] Level 1:colcon.colcon_core.package_identification:_identify(src/vda5050_connector) by extension 'ignore'
[0.382s] Level 1:colcon.colcon_core.package_identification:_identify(src/vda5050_connector) by extension 'ignore_ament_install'
[0.382s] Level 1:colcon.colcon_core.package_identification:_identify(src/vda5050_connector) by extensions ['colcon_pkg']
[0.382s] Level 1:colcon.colcon_core.package_identification:_identify(src/vda5050_connector) by extension 'colcon_pkg'
[0.382s] Level 1:colcon.colcon_core.package_identification:_identify(src/vda5050_connector) by extensions ['colcon_meta']
[0.382s] Level 1:colcon.colcon_core.package_identification:_identify(src/vda5050_connector) by extension 'colcon_meta'
[0.382s] Level 1:colcon.colcon_core.package_identification:_identify(src/vda5050_connector) by extensions ['ros']
[0.382s] Level 1:colcon.colcon_core.package_identification:_identify(src/vda5050_connector) by extension 'ros'
[0.383s] DEBUG:colcon.colcon_core.package_identification:Package 'src/vda5050_connector' with type 'ros.ament_cmake' and name 'vda5050_connector'
[0.383s] Level 1:colcon.colcon_core.package_identification:_identify(src/vda5050_msgs) by extensions ['ignore', 'ignore_ament_install']
[0.383s] Level 1:colcon.colcon_core.package_identification:_identify(src/vda5050_msgs) by extension 'ignore'
[0.383s] Level 1:colcon.colcon_core.package_identification:_identify(src/vda5050_msgs) by extension 'ignore_ament_install'
[0.383s] Level 1:colcon.colcon_core.package_identification:_identify(src/vda5050_msgs) by extensions ['colcon_pkg']
[0.383s] Level 1:colcon.colcon_core.package_identification:_identify(src/vda5050_msgs) by extension 'colcon_pkg'
[0.383s] Level 1:colcon.colcon_core.package_identification:_identify(src/vda5050_msgs) by extensions ['colcon_meta']
[0.383s] Level 1:colcon.colcon_core.package_identification:_identify(src/vda5050_msgs) by extension 'colcon_meta'
[0.383s] Level 1:colcon.colcon_core.package_identification:_identify(src/vda5050_msgs) by extensions ['ros']
[0.383s] Level 1:colcon.colcon_core.package_identification:_identify(src/vda5050_msgs) by extension 'ros'
[0.384s] DEBUG:colcon.colcon_core.package_identification:Package 'src/vda5050_msgs' with type 'ros.ament_cmake' and name 'vda5050_msgs'
[0.384s] Level 1:colcon.colcon_core.package_identification:_identify(src/vda5050_tb3_adapter) by extensions ['ignore', 'ignore_ament_install']
[0.384s] Level 1:colcon.colcon_core.package_identification:_identify(src/vda5050_tb3_adapter) by extension 'ignore'
[0.384s] Level 1:colcon.colcon_core.package_identification:_identify(src/vda5050_tb3_adapter) by extension 'ignore_ament_install'
[0.384s] Level 1:colcon.colcon_core.package_identification:_identify(src/vda5050_tb3_adapter) by extensions ['colcon_pkg']
[0.384s] Level 1:colcon.colcon_core.package_identification:_identify(src/vda5050_tb3_adapter) by extension 'colcon_pkg'
[0.384s] Level 1:colcon.colcon_core.package_identification:_identify(src/vda5050_tb3_adapter) by extensions ['colcon_meta']
[0.384s] Level 1:colcon.colcon_core.package_identification:_identify(src/vda5050_tb3_adapter) by extension 'colcon_meta'
[0.384s] Level 1:colcon.colcon_core.package_identification:_identify(src/vda5050_tb3_adapter) by extensions ['ros']
[0.384s] Level 1:colcon.colcon_core.package_identification:_identify(src/vda5050_tb3_adapter) by extension 'ros'
[0.385s] DEBUG:colcon.colcon_core.package_identification:Package 'src/vda5050_tb3_adapter' with type 'ros.ament_python' and name 'vda5050_tb3_adapter'
[0.385s] Level 1:colcon.colcon_core.package_identification:_identify(src/vda_dbot_nav_slam) by extensions ['ignore', 'ignore_ament_install']
[0.385s] Level 1:colcon.colcon_core.package_identification:_identify(src/vda_dbot_nav_slam) by extension 'ignore'
[0.385s] Level 1:colcon.colcon_core.package_identification:_identify(src/vda_dbot_nav_slam) by extension 'ignore_ament_install'
[0.385s] Level 1:colcon.colcon_core.package_identification:_identify(src/vda_dbot_nav_slam) by extensions ['colcon_pkg']
[0.385s] Level 1:colcon.colcon_core.package_identification:_identify(src/vda_dbot_nav_slam) by extension 'colcon_pkg'
[0.385s] Level 1:colcon.colcon_core.package_identification:_identify(src/vda_dbot_nav_slam) by extensions ['colcon_meta']
[0.385s] Level 1:colcon.colcon_core.package_identification:_identify(src/vda_dbot_nav_slam) by extension 'colcon_meta'
[0.385s] Level 1:colcon.colcon_core.package_identification:_identify(src/vda_dbot_nav_slam) by extensions ['ros']
[0.385s] Level 1:colcon.colcon_core.package_identification:_identify(src/vda_dbot_nav_slam) by extension 'ros'
[0.385s] DEBUG:colcon.colcon_core.package_identification:Package 'src/vda_dbot_nav_slam' with type 'ros.ament_cmake' and name 'vda_dbot_nav_slam'
[0.386s] Level 1:colcon.colcon_core.package_discovery:discover_packages(recursive) using defaults
[0.386s] Level 1:colcon.colcon_core.package_discovery:discover_packages(ignore) discover
[0.386s] Level 1:colcon.colcon_core.package_discovery:discover_packages(ignore) using defaults
[0.386s] Level 1:colcon.colcon_core.package_discovery:discover_packages(path) discover
[0.386s] Level 1:colcon.colcon_core.package_discovery:discover_packages(path) using defaults
[0.406s] Level 1:colcon.colcon_core.package_discovery:discover_packages(prefix_path) check parameters
[0.406s] Level 1:colcon.colcon_core.package_discovery:discover_packages(prefix_path) discover
[0.409s] DEBUG:colcon.colcon_installed_package_information.package_discovery:Found 14 installed packages in /home/dbot2/dbot_vda5050_ilmatar/install
[0.410s] DEBUG:colcon.colcon_installed_package_information.package_discovery:Found 7 installed packages in /home/dbot2/dbot_src/install
[0.410s] DEBUG:colcon.colcon_installed_package_information.package_discovery:Found 2 installed packages in /home/dbot2/dbot_remote/install
[0.410s] DEBUG:colcon.colcon_installed_package_information.package_discovery:Found 3 installed packages in /home/dbot2/circus_demo/install
[0.411s] DEBUG:colcon.colcon_installed_package_information.package_discovery:Found 41 installed packages in /home/dbot2/ros2_ws/install
[0.413s] DEBUG:colcon.colcon_installed_package_information.package_discovery:Found 414 installed packages in /opt/ros/humble
[0.414s] Level 1:colcon.colcon_core.package_discovery:discover_packages(prefix_path) using defaults
[0.474s] Level 5:colcon.colcon_core.verb:set package 'dbot' build argument 'cmake_args' from command line to 'None'
[0.474s] Level 5:colcon.colcon_core.verb:set package 'dbot' build argument 'cmake_target' from command line to 'None'
[0.474s] Level 5:colcon.colcon_core.verb:set package 'dbot' build argument 'cmake_target_skip_unavailable' from command line to 'False'
[0.474s] Level 5:colcon.colcon_core.verb:set package 'dbot' build argument 'cmake_clean_cache' from command line to 'False'
[0.474s] Level 5:colcon.colcon_core.verb:set package 'dbot' build argument 'cmake_clean_first' from command line to 'False'
[0.474s] Level 5:colcon.colcon_core.verb:set package 'dbot' build argument 'cmake_force_configure' from command line to 'False'
[0.474s] Level 5:colcon.colcon_core.verb:set package 'dbot' build argument 'ament_cmake_args' from command line to 'None'
[0.474s] Level 5:colcon.colcon_core.verb:set package 'dbot' build argument 'catkin_cmake_args' from command line to 'None'
[0.474s] Level 5:colcon.colcon_core.verb:set package 'dbot' build argument 'catkin_skip_building_tests' from command line to 'False'
[0.475s] DEBUG:colcon.colcon_core.verb:Building package 'dbot' with the following arguments: {'ament_cmake_args': None, 'build_base': '/home/dbot2/dbot_vda5050_ilmatar/build/dbot', 'catkin_cmake_args': None, 'catkin_skip_building_tests': False, 'cmake_args': None, 'cmake_clean_cache': False, 'cmake_clean_first': False, 'cmake_force_configure': False, 'cmake_target': None, 'cmake_target_skip_unavailable': False, 'install_base': '/home/dbot2/dbot_vda5050_ilmatar/install/dbot', 'merge_install': False, 'path': '/home/dbot2/dbot_vda5050_ilmatar/src/dbot', 'symlink_install': False, 'test_result_base': None}
[0.475s] Level 5:colcon.colcon_core.verb:set package 'dbot_bridge' build argument 'cmake_args' from command line to 'None'
[0.475s] Level 5:colcon.colcon_core.verb:set package 'dbot_bridge' build argument 'cmake_target' from command line to 'None'
[0.475s] Level 5:colcon.colcon_core.verb:set package 'dbot_bridge' build argument 'cmake_target_skip_unavailable' from command line to 'False'
[0.475s] Level 5:colcon.colcon_core.verb:set package 'dbot_bridge' build argument 'cmake_clean_cache' from command line to 'False'
[0.475s] Level 5:colcon.colcon_core.verb:set package 'dbot_bridge' build argument 'cmake_clean_first' from command line to 'False'
[0.475s] Level 5:colcon.colcon_core.verb:set package 'dbot_bridge' build argument 'cmake_force_configure' from command line to 'False'
[0.475s] Level 5:colcon.colcon_core.verb:set package 'dbot_bridge' build argument 'ament_cmake_args' from command line to 'None'
[0.475s] Level 5:colcon.colcon_core.verb:set package 'dbot_bridge' build argument 'catkin_cmake_args' from command line to 'None'
[0.475s] Level 5:colcon.colcon_core.verb:set package 'dbot_bridge' build argument 'catkin_skip_building_tests' from command line to 'False'
[0.475s] DEBUG:colcon.colcon_core.verb:Building package 'dbot_bridge' with the following arguments: {'ament_cmake_args': None, 'build_base': '/home/dbot2/dbot_vda5050_ilmatar/build/dbot_bridge', 'catkin_cmake_args': None, 'catkin_skip_building_tests': False, 'cmake_args': None, 'cmake_clean_cache': False, 'cmake_clean_first': False, 'cmake_force_configure': False, 'cmake_target': None, 'cmake_target_skip_unavailable': False, 'install_base': '/home/dbot2/dbot_vda5050_ilmatar/install/dbot_bridge', 'merge_install': False, 'path': '/home/dbot2/dbot_vda5050_ilmatar/src/dbot_bridge', 'symlink_install': False, 'test_result_base': None}
[0.475s] Level 5:colcon.colcon_core.verb:set package 'dbot_custom_msgs' build argument 'cmake_args' from command line to 'None'
[0.475s] Level 5:colcon.colcon_core.verb:set package 'dbot_custom_msgs' build argument 'cmake_target' from command line to 'None'
[0.475s] Level 5:colcon.colcon_core.verb:set package 'dbot_custom_msgs' build argument 'cmake_target_skip_unavailable' from command line to 'False'
[0.475s] Level 5:colcon.colcon_core.verb:set package 'dbot_custom_msgs' build argument 'cmake_clean_cache' from command line to 'False'
[0.475s] Level 5:colcon.colcon_core.verb:set package 'dbot_custom_msgs' build argument 'cmake_clean_first' from command line to 'False'
[0.475s] Level 5:colcon.colcon_core.verb:set package 'dbot_custom_msgs' build argument 'cmake_force_configure' from command line to 'False'
[0.475s] Level 5:colcon.colcon_core.verb:set package 'dbot_custom_msgs' build argument 'ament_cmake_args' from command line to 'None'
[0.475s] Level 5:colcon.colcon_core.verb:set package 'dbot_custom_msgs' build argument 'catkin_cmake_args' from command line to 'None'
[0.475s] Level 5:colcon.colcon_core.verb:set package 'dbot_custom_msgs' build argument 'catkin_skip_building_tests' from command line to 'False'
[0.475s] DEBUG:colcon.colcon_core.verb:Building package 'dbot_custom_msgs' with the following arguments: {'ament_cmake_args': None, 'build_base': '/home/dbot2/dbot_vda5050_ilmatar/build/dbot_custom_msgs', 'catkin_cmake_args': None, 'catkin_skip_building_tests': False, 'cmake_args': None, 'cmake_clean_cache': False, 'cmake_clean_first': False, 'cmake_force_configure': False, 'cmake_target': None, 'cmake_target_skip_unavailable': False, 'install_base': '/home/dbot2/dbot_vda5050_ilmatar/install/dbot_custom_msgs', 'merge_install': False, 'path': '/home/dbot2/dbot_vda5050_ilmatar/src/dbot_custom_msgs', 'symlink_install': False, 'test_result_base': None}
[0.475s] Level 5:colcon.colcon_core.verb:set package 'dbot_nav_slam' build argument 'cmake_args' from command line to 'None'
[0.475s] Level 5:colcon.colcon_core.verb:set package 'dbot_nav_slam' build argument 'cmake_target' from command line to 'None'
[0.475s] Level 5:colcon.colcon_core.verb:set package 'dbot_nav_slam' build argument 'cmake_target_skip_unavailable' from command line to 'False'
[0.475s] Level 5:colcon.colcon_core.verb:set package 'dbot_nav_slam' build argument 'cmake_clean_cache' from command line to 'False'
[0.475s] Level 5:colcon.colcon_core.verb:set package 'dbot_nav_slam' build argument 'cmake_clean_first' from command line to 'False'
[0.475s] Level 5:colcon.colcon_core.verb:set package 'dbot_nav_slam' build argument 'cmake_force_configure' from command line to 'False'
[0.475s] Level 5:colcon.colcon_core.verb:set package 'dbot_nav_slam' build argument 'ament_cmake_args' from command line to 'None'
[0.475s] Level 5:colcon.colcon_core.verb:set package 'dbot_nav_slam' build argument 'catkin_cmake_args' from command line to 'None'
[0.475s] Level 5:colcon.colcon_core.verb:set package 'dbot_nav_slam' build argument 'catkin_skip_building_tests' from command line to 'False'
[0.475s] DEBUG:colcon.colcon_core.verb:Building package 'dbot_nav_slam' with the following arguments: {'ament_cmake_args': None, 'build_base': '/home/dbot2/dbot_vda5050_ilmatar/build/dbot_nav_slam', 'catkin_cmake_args': None, 'catkin_skip_building_tests': False, 'cmake_args': None, 'cmake_clean_cache': False, 'cmake_clean_first': False, 'cmake_force_configure': False, 'cmake_target': None, 'cmake_target_skip_unavailable': False, 'install_base': '/home/dbot2/dbot_vda5050_ilmatar/install/dbot_nav_slam', 'merge_install': False, 'path': '/home/dbot2/dbot_vda5050_ilmatar/src/dbot_nav_slam', 'symlink_install': False, 'test_result_base': None}
[0.476s] Level 5:colcon.colcon_core.verb:set package 'gesturecontrol' build argument 'cmake_args' from command line to 'None'
[0.476s] Level 5:colcon.colcon_core.verb:set package 'gesturecontrol' build argument 'cmake_target' from command line to 'None'
[0.476s] Level 5:colcon.colcon_core.verb:set package 'gesturecontrol' build argument 'cmake_target_skip_unavailable' from command line to 'False'
[0.476s] Level 5:colcon.colcon_core.verb:set package 'gesturecontrol' build argument 'cmake_clean_cache' from command line to 'False'
[0.476s] Level 5:colcon.colcon_core.verb:set package 'gesturecontrol' build argument 'cmake_clean_first' from command line to 'False'
[0.476s] Level 5:colcon.colcon_core.verb:set package 'gesturecontrol' build argument 'cmake_force_configure' from command line to 'False'
[0.476s] Level 5:colcon.colcon_core.verb:set package 'gesturecontrol' build argument 'ament_cmake_args' from command line to 'None'
[0.476s] Level 5:colcon.colcon_core.verb:set package 'gesturecontrol' build argument 'catkin_cmake_args' from command line to 'None'
[0.476s] Level 5:colcon.colcon_core.verb:set package 'gesturecontrol' build argument 'catkin_skip_building_tests' from command line to 'False'
[0.476s] DEBUG:colcon.colcon_core.verb:Building package 'gesturecontrol' with the following arguments: {'ament_cmake_args': None, 'build_base': '/home/dbot2/dbot_vda5050_ilmatar/build/gesturecontrol', 'catkin_cmake_args': None, 'catkin_skip_building_tests': False, 'cmake_args': None, 'cmake_clean_cache': False, 'cmake_clean_first': False, 'cmake_force_configure': False, 'cmake_target': None, 'cmake_target_skip_unavailable': False, 'install_base': '/home/dbot2/dbot_vda5050_ilmatar/install/gesturecontrol', 'merge_install': False, 'path': '/home/dbot2/dbot_vda5050_ilmatar/src/gesturecontrol', 'symlink_install': False, 'test_result_base': None}
[0.476s] Level 5:colcon.colcon_core.verb:set package 'joycontrol' build argument 'cmake_args' from command line to 'None'
[0.476s] Level 5:colcon.colcon_core.verb:set package 'joycontrol' build argument 'cmake_target' from command line to 'None'
[0.476s] Level 5:colcon.colcon_core.verb:set package 'joycontrol' build argument 'cmake_target_skip_unavailable' from command line to 'False'
[0.476s] Level 5:colcon.colcon_core.verb:set package 'joycontrol' build argument 'cmake_clean_cache' from command line to 'False'
[0.476s] Level 5:colcon.colcon_core.verb:set package 'joycontrol' build argument 'cmake_clean_first' from command line to 'False'
[0.476s] Level 5:colcon.colcon_core.verb:set package 'joycontrol' build argument 'cmake_force_configure' from command line to 'False'
[0.476s] Level 5:colcon.colcon_core.verb:set package 'joycontrol' build argument 'ament_cmake_args' from command line to 'None'
[0.476s] Level 5:colcon.colcon_core.verb:set package 'joycontrol' build argument 'catkin_cmake_args' from command line to 'None'
[0.476s] Level 5:colcon.colcon_core.verb:set package 'joycontrol' build argument 'catkin_skip_building_tests' from command line to 'False'
[0.476s] DEBUG:colcon.colcon_core.verb:Building package 'joycontrol' with the following arguments: {'ament_cmake_args': None, 'build_base': '/home/dbot2/dbot_vda5050_ilmatar/build/joycontrol', 'catkin_cmake_args': None, 'catkin_skip_building_tests': False, 'cmake_args': None, 'cmake_clean_cache': False, 'cmake_clean_first': False, 'cmake_force_configure': False, 'cmake_target': None, 'cmake_target_skip_unavailable': False, 'install_base': '/home/dbot2/dbot_vda5050_ilmatar/install/joycontrol', 'merge_install': False, 'path': '/home/dbot2/dbot_vda5050_ilmatar/src/joycontrol', 'symlink_install': False, 'test_result_base': None}
[0.476s] Level 5:colcon.colcon_core.verb:set package 'tf2_dbot' build argument 'cmake_args' from command line to 'None'
[0.476s] Level 5:colcon.colcon_core.verb:set package 'tf2_dbot' build argument 'cmake_target' from command line to 'None'
[0.476s] Level 5:colcon.colcon_core.verb:set package 'tf2_dbot' build argument 'cmake_target_skip_unavailable' from command line to 'False'
[0.476s] Level 5:colcon.colcon_core.verb:set package 'tf2_dbot' build argument 'cmake_clean_cache' from command line to 'False'
[0.476s] Level 5:colcon.colcon_core.verb:set package 'tf2_dbot' build argument 'cmake_clean_first' from command line to 'False'
[0.476s] Level 5:colcon.colcon_core.verb:set package 'tf2_dbot' build argument 'cmake_force_configure' from command line to 'False'
[0.476s] Level 5:colcon.colcon_core.verb:set package 'tf2_dbot' build argument 'ament_cmake_args' from command line to 'None'
[0.476s] Level 5:colcon.colcon_core.verb:set package 'tf2_dbot' build argument 'catkin_cmake_args' from command line to 'None'
[0.476s] Level 5:colcon.colcon_core.verb:set package 'tf2_dbot' build argument 'catkin_skip_building_tests' from command line to 'False'
[0.476s] DEBUG:colcon.colcon_core.verb:Building package 'tf2_dbot' with the following arguments: {'ament_cmake_args': None, 'build_base': '/home/dbot2/dbot_vda5050_ilmatar/build/tf2_dbot', 'catkin_cmake_args': None, 'catkin_skip_building_tests': False, 'cmake_args': None, 'cmake_clean_cache': False, 'cmake_clean_first': False, 'cmake_force_configure': False, 'cmake_target': None, 'cmake_target_skip_unavailable': False, 'install_base': '/home/dbot2/dbot_vda5050_ilmatar/install/tf2_dbot', 'merge_install': False, 'path': '/home/dbot2/dbot_vda5050_ilmatar/src/tf2_dbot', 'symlink_install': False, 'test_result_base': None}
[0.476s] Level 5:colcon.colcon_core.verb:set package 'vda5050_msgs' build argument 'cmake_args' from command line to 'None'
[0.477s] Level 5:colcon.colcon_core.verb:set package 'vda5050_msgs' build argument 'cmake_target' from command line to 'None'
[0.477s] Level 5:colcon.colcon_core.verb:set package 'vda5050_msgs' build argument 'cmake_target_skip_unavailable' from command line to 'False'
[0.477s] Level 5:colcon.colcon_core.verb:set package 'vda5050_msgs' build argument 'cmake_clean_cache' from command line to 'False'
[0.477s] Level 5:colcon.colcon_core.verb:set package 'vda5050_msgs' build argument 'cmake_clean_first' from command line to 'False'
[0.477s] Level 5:colcon.colcon_core.verb:set package 'vda5050_msgs' build argument 'cmake_force_configure' from command line to 'False'
[0.477s] Level 5:colcon.colcon_core.verb:set package 'vda5050_msgs' build argument 'ament_cmake_args' from command line to 'None'
[0.477s] Level 5:colcon.colcon_core.verb:set package 'vda5050_msgs' build argument 'catkin_cmake_args' from command line to 'None'
[0.477s] Level 5:colcon.colcon_core.verb:set package 'vda5050_msgs' build argument 'catkin_skip_building_tests' from command line to 'False'
[0.477s] DEBUG:colcon.colcon_core.verb:Building package 'vda5050_msgs' with the following arguments: {'ament_cmake_args': None, 'build_base': '/home/dbot2/dbot_vda5050_ilmatar/build/vda5050_msgs', 'catkin_cmake_args': None, 'catkin_skip_building_tests': False, 'cmake_args': None, 'cmake_clean_cache': False, 'cmake_clean_first': False, 'cmake_force_configure': False, 'cmake_target': None, 'cmake_target_skip_unavailable': False, 'install_base': '/home/dbot2/dbot_vda5050_ilmatar/install/vda5050_msgs', 'merge_install': False, 'path': '/home/dbot2/dbot_vda5050_ilmatar/src/vda5050_msgs', 'symlink_install': False, 'test_result_base': None}
[0.477s] Level 5:colcon.colcon_core.verb:set package 'vda_dbot_nav_slam' build argument 'cmake_args' from command line to 'None'
[0.477s] Level 5:colcon.colcon_core.verb:set package 'vda_dbot_nav_slam' build argument 'cmake_target' from command line to 'None'
[0.477s] Level 5:colcon.colcon_core.verb:set package 'vda_dbot_nav_slam' build argument 'cmake_target_skip_unavailable' from command line to 'False'
[0.477s] Level 5:colcon.colcon_core.verb:set package 'vda_dbot_nav_slam' build argument 'cmake_clean_cache' from command line to 'False'
[0.477s] Level 5:colcon.colcon_core.verb:set package 'vda_dbot_nav_slam' build argument 'cmake_clean_first' from command line to 'False'
[0.477s] Level 5:colcon.colcon_core.verb:set package 'vda_dbot_nav_slam' build argument 'cmake_force_configure' from command line to 'False'
[0.477s] Level 5:colcon.colcon_core.verb:set package 'vda_dbot_nav_slam' build argument 'ament_cmake_args' from command line to 'None'
[0.477s] Level 5:colcon.colcon_core.verb:set package 'vda_dbot_nav_slam' build argument 'catkin_cmake_args' from command line to 'None'
[0.477s] Level 5:colcon.colcon_core.verb:set package 'vda_dbot_nav_slam' build argument 'catkin_skip_building_tests' from command line to 'False'
[0.477s] DEBUG:colcon.colcon_core.verb:Building package 'vda_dbot_nav_slam' with the following arguments: {'ament_cmake_args': None, 'build_base': '/home/dbot2/dbot_vda5050_ilmatar/build/vda_dbot_nav_slam', 'catkin_cmake_args': None, 'catkin_skip_building_tests': False, 'cmake_args': None, 'cmake_clean_cache': False, 'cmake_clean_first': False, 'cmake_force_configure': False, 'cmake_target': None, 'cmake_target_skip_unavailable': False, 'install_base': '/home/dbot2/dbot_vda5050_ilmatar/install/vda_dbot_nav_slam', 'merge_install': False, 'path': '/home/dbot2/dbot_vda5050_ilmatar/src/vda_dbot_nav_slam', 'symlink_install': False, 'test_result_base': None}
[0.477s] Level 5:colcon.colcon_core.verb:set package 'motor_driver' build argument 'cmake_args' from command line to 'None'
[0.477s] Level 5:colcon.colcon_core.verb:set package 'motor_driver' build argument 'cmake_target' from command line to 'None'
[0.477s] Level 5:colcon.colcon_core.verb:set package 'motor_driver' build argument 'cmake_target_skip_unavailable' from command line to 'False'
[0.477s] Level 5:colcon.colcon_core.verb:set package 'motor_driver' build argument 'cmake_clean_cache' from command line to 'False'
[0.477s] Level 5:colcon.colcon_core.verb:set package 'motor_driver' build argument 'cmake_clean_first' from command line to 'False'
[0.477s] Level 5:colcon.colcon_core.verb:set package 'motor_driver' build argument 'cmake_force_configure' from command line to 'False'
[0.477s] Level 5:colcon.colcon_core.verb:set package 'motor_driver' build argument 'ament_cmake_args' from command line to 'None'
[0.477s] Level 5:colcon.colcon_core.verb:set package 'motor_driver' build argument 'catkin_cmake_args' from command line to 'None'
[0.477s] Level 5:colcon.colcon_core.verb:set package 'motor_driver' build argument 'catkin_skip_building_tests' from command line to 'False'
[0.477s] DEBUG:colcon.colcon_core.verb:Building package 'motor_driver' with the following arguments: {'ament_cmake_args': None, 'build_base': '/home/dbot2/dbot_vda5050_ilmatar/build/motor_driver', 'catkin_cmake_args': None, 'catkin_skip_building_tests': False, 'cmake_args': None, 'cmake_clean_cache': False, 'cmake_clean_first': False, 'cmake_force_configure': False, 'cmake_target': None, 'cmake_target_skip_unavailable': False, 'install_base': '/home/dbot2/dbot_vda5050_ilmatar/install/motor_driver', 'merge_install': False, 'path': '/home/dbot2/dbot_vda5050_ilmatar/src/motor_driver', 'symlink_install': False, 'test_result_base': None}
[0.477s] Level 5:colcon.colcon_core.verb:set package 'odometry_estimator' build argument 'cmake_args' from command line to 'None'
[0.477s] Level 5:colcon.colcon_core.verb:set package 'odometry_estimator' build argument 'cmake_target' from command line to 'None'
[0.477s] Level 5:colcon.colcon_core.verb:set package 'odometry_estimator' build argument 'cmake_target_skip_unavailable' from command line to 'False'
[0.477s] Level 5:colcon.colcon_core.verb:set package 'odometry_estimator' build argument 'cmake_clean_cache' from command line to 'False'
[0.477s] Level 5:colcon.colcon_core.verb:set package 'odometry_estimator' build argument 'cmake_clean_first' from command line to 'False'
[0.477s] Level 5:colcon.colcon_core.verb:set package 'odometry_estimator' build argument 'cmake_force_configure' from command line to 'False'
[0.477s] Level 5:colcon.colcon_core.verb:set package 'odometry_estimator' build argument 'ament_cmake_args' from command line to 'None'
[0.477s] Level 5:colcon.colcon_core.verb:set package 'odometry_estimator' build argument 'catkin_cmake_args' from command line to 'None'
[0.477s] Level 5:colcon.colcon_core.verb:set package 'odometry_estimator' build argument 'catkin_skip_building_tests' from command line to 'False'
[0.477s] DEBUG:colcon.colcon_core.verb:Building package 'odometry_estimator' with the following arguments: {'ament_cmake_args': None, 'build_base': '/home/dbot2/dbot_vda5050_ilmatar/build/odometry_estimator', 'catkin_cmake_args': None, 'catkin_skip_building_tests': False, 'cmake_args': None, 'cmake_clean_cache': False, 'cmake_clean_first': False, 'cmake_force_configure': False, 'cmake_target': None, 'cmake_target_skip_unavailable': False, 'install_base': '/home/dbot2/dbot_vda5050_ilmatar/install/odometry_estimator', 'merge_install': False, 'path': '/home/dbot2/dbot_vda5050_ilmatar/src/ros2_odometry_estimation', 'symlink_install': False, 'test_result_base': None}
[0.478s] Level 5:colcon.colcon_core.verb:set package 'vda5050_connector' build argument 'cmake_args' from command line to 'None'
[0.478s] Level 5:colcon.colcon_core.verb:set package 'vda5050_connector' build argument 'cmake_target' from command line to 'None'
[0.478s] Level 5:colcon.colcon_core.verb:set package 'vda5050_connector' build argument 'cmake_target_skip_unavailable' from command line to 'False'
[0.478s] Level 5:colcon.colcon_core.verb:set package 'vda5050_connector' build argument 'cmake_clean_cache' from command line to 'False'
[0.478s] Level 5:colcon.colcon_core.verb:set package 'vda5050_connector' build argument 'cmake_clean_first' from command line to 'False'
[0.478s] Level 5:colcon.colcon_core.verb:set package 'vda5050_connector' build argument 'cmake_force_configure' from command line to 'False'
[0.478s] Level 5:colcon.colcon_core.verb:set package 'vda5050_connector' build argument 'ament_cmake_args' from command line to 'None'
[0.478s] Level 5:colcon.colcon_core.verb:set package 'vda5050_connector' build argument 'catkin_cmake_args' from command line to 'None'
[0.478s] Level 5:colcon.colcon_core.verb:set package 'vda5050_connector' build argument 'catkin_skip_building_tests' from command line to 'False'
[0.478s] DEBUG:colcon.colcon_core.verb:Building package 'vda5050_connector' with the following arguments: {'ament_cmake_args': None, 'build_base': '/home/dbot2/dbot_vda5050_ilmatar/build/vda5050_connector', 'catkin_cmake_args': None, 'catkin_skip_building_tests': False, 'cmake_args': None, 'cmake_clean_cache': False, 'cmake_clean_first': False, 'cmake_force_configure': False, 'cmake_target': None, 'cmake_target_skip_unavailable': False, 'install_base': '/home/dbot2/dbot_vda5050_ilmatar/install/vda5050_connector', 'merge_install': False, 'path': '/home/dbot2/dbot_vda5050_ilmatar/src/vda5050_connector', 'symlink_install': False, 'test_result_base': None}
[0.478s] Level 5:colcon.colcon_core.verb:set package 'odom_motion_model' build argument 'cmake_args' from command line to 'None'
[0.478s] Level 5:colcon.colcon_core.verb:set package 'odom_motion_model' build argument 'cmake_target' from command line to 'None'
[0.478s] Level 5:colcon.colcon_core.verb:set package 'odom_motion_model' build argument 'cmake_target_skip_unavailable' from command line to 'False'
[0.478s] Level 5:colcon.colcon_core.verb:set package 'odom_motion_model' build argument 'cmake_clean_cache' from command line to 'False'
[0.478s] Level 5:colcon.colcon_core.verb:set package 'odom_motion_model' build argument 'cmake_clean_first' from command line to 'False'
[0.478s] Level 5:colcon.colcon_core.verb:set package 'odom_motion_model' build argument 'cmake_force_configure' from command line to 'False'
[0.478s] Level 5:colcon.colcon_core.verb:set package 'odom_motion_model' build argument 'ament_cmake_args' from command line to 'None'
[0.478s] Level 5:colcon.colcon_core.verb:set package 'odom_motion_model' build argument 'catkin_cmake_args' from command line to 'None'
[0.478s] Level 5:colcon.colcon_core.verb:set package 'odom_motion_model' build argument 'catkin_skip_building_tests' from command line to 'False'
[0.478s] DEBUG:colcon.colcon_core.verb:Building package 'odom_motion_model' with the following arguments: {'ament_cmake_args': None, 'build_base': '/home/dbot2/dbot_vda5050_ilmatar/build/odom_motion_model', 'catkin_cmake_args': None, 'catkin_skip_building_tests': False, 'cmake_args': None, 'cmake_clean_cache': False, 'cmake_clean_first': False, 'cmake_force_configure': False, 'cmake_target': None, 'cmake_target_skip_unavailable': False, 'install_base': '/home/dbot2/dbot_vda5050_ilmatar/install/odom_motion_model', 'merge_install': False, 'path': '/home/dbot2/dbot_vda5050_ilmatar/src/odom_motion_model', 'symlink_install': False, 'test_result_base': None}
[0.478s] Level 5:colcon.colcon_core.verb:set package 'vda5050_tb3_adapter' build argument 'cmake_args' from command line to 'None'
[0.478s] Level 5:colcon.colcon_core.verb:set package 'vda5050_tb3_adapter' build argument 'cmake_target' from command line to 'None'
[0.478s] Level 5:colcon.colcon_core.verb:set package 'vda5050_tb3_adapter' build argument 'cmake_target_skip_unavailable' from command line to 'False'
[0.478s] Level 5:colcon.colcon_core.verb:set package 'vda5050_tb3_adapter' build argument 'cmake_clean_cache' from command line to 'False'
[0.478s] Level 5:colcon.colcon_core.verb:set package 'vda5050_tb3_adapter' build argument 'cmake_clean_first' from command line to 'False'
[0.478s] Level 5:colcon.colcon_core.verb:set package 'vda5050_tb3_adapter' build argument 'cmake_force_configure' from command line to 'False'
[0.478s] Level 5:colcon.colcon_core.verb:set package 'vda5050_tb3_adapter' build argument 'ament_cmake_args' from command line to 'None'
[0.478s] Level 5:colcon.colcon_core.verb:set package 'vda5050_tb3_adapter' build argument 'catkin_cmake_args' from command line to 'None'
[0.478s] Level 5:colcon.colcon_core.verb:set package 'vda5050_tb3_adapter' build argument 'catkin_skip_building_tests' from command line to 'False'
[0.478s] DEBUG:colcon.colcon_core.verb:Building package 'vda5050_tb3_adapter' with the following arguments: {'ament_cmake_args': None, 'build_base': '/home/dbot2/dbot_vda5050_ilmatar/build/vda5050_tb3_adapter', 'catkin_cmake_args': None, 'catkin_skip_building_tests': False, 'cmake_args': None, 'cmake_clean_cache': False, 'cmake_clean_first': False, 'cmake_force_configure': False, 'cmake_target': None, 'cmake_target_skip_unavailable': False, 'install_base': '/home/dbot2/dbot_vda5050_ilmatar/install/vda5050_tb3_adapter', 'merge_install': False, 'path': '/home/dbot2/dbot_vda5050_ilmatar/src/vda5050_tb3_adapter', 'symlink_install': False, 'test_result_base': None}
[0.478s] INFO:colcon.colcon_core.executor:Executing jobs using 'parallel' executor
[0.479s] DEBUG:colcon.colcon_parallel_executor.executor.parallel:run_until_complete
[0.479s] INFO:colcon.colcon_ros.task.ament_cmake.build:Building ROS package in '/home/dbot2/dbot_vda5050_ilmatar/src/dbot_custom_msgs' with build type 'ament_cmake'
[0.480s] INFO:colcon.colcon_cmake.task.cmake.build:Building CMake package in '/home/dbot2/dbot_vda5050_ilmatar/src/dbot_custom_msgs'
[0.482s] INFO:colcon.colcon_core.plugin_system:Skipping extension 'colcon_core.shell.bat': Not used on non-Windows systems
[0.482s] INFO:colcon.colcon_core.shell:Skip shell extension 'powershell' for command environment: Not usable outside of PowerShell
[0.482s] DEBUG:colcon.colcon_core.shell:Skip shell extension 'dsv' for command environment
[0.487s] INFO:colcon.colcon_ros.task.ament_cmake.build:Building ROS package in '/home/dbot2/dbot_vda5050_ilmatar/src/vda5050_msgs' with build type 'ament_cmake'
[0.487s] INFO:colcon.colcon_cmake.task.cmake.build:Building CMake package in '/home/dbot2/dbot_vda5050_ilmatar/src/vda5050_msgs'
[0.487s] INFO:colcon.colcon_core.shell:Skip shell extension 'powershell' for command environment: Not usable outside of PowerShell
[0.487s] DEBUG:colcon.colcon_core.shell:Skip shell extension 'dsv' for command environment
[0.492s] INFO:colcon.colcon_ros.task.ament_python.build:Building ROS package in '/home/dbot2/dbot_vda5050_ilmatar/src/dbot' with build type 'ament_python'
[0.492s] Level 1:colcon.colcon_core.shell:create_environment_hook('dbot', 'ament_prefix_path')
[0.492s] INFO:colcon.colcon_core.shell:Creating environment hook '/home/dbot2/dbot_vda5050_ilmatar/install/dbot/share/dbot/hook/ament_prefix_path.ps1'
[0.493s] INFO:colcon.colcon_core.shell:Creating environment descriptor '/home/dbot2/dbot_vda5050_ilmatar/install/dbot/share/dbot/hook/ament_prefix_path.dsv'
[0.493s] INFO:colcon.colcon_core.shell:Creating environment hook '/home/dbot2/dbot_vda5050_ilmatar/install/dbot/share/dbot/hook/ament_prefix_path.sh'
[0.494s] INFO:colcon.colcon_core.shell:Skip shell extension 'powershell' for command environment: Not usable outside of PowerShell
[0.494s] DEBUG:colcon.colcon_core.shell:Skip shell extension 'dsv' for command environment
[0.498s] INFO:colcon.colcon_ros.task.ament_python.build:Building ROS package in '/home/dbot2/dbot_vda5050_ilmatar/src/dbot_bridge' with build type 'ament_python'
[0.498s] Level 1:colcon.colcon_core.shell:create_environment_hook('dbot_bridge', 'ament_prefix_path')
[0.498s] INFO:colcon.colcon_core.shell:Creating environment hook '/home/dbot2/dbot_vda5050_ilmatar/install/dbot_bridge/share/dbot_bridge/hook/ament_prefix_path.ps1'
[0.499s] INFO:colcon.colcon_core.shell:Creating environment descriptor '/home/dbot2/dbot_vda5050_ilmatar/install/dbot_bridge/share/dbot_bridge/hook/ament_prefix_path.dsv'
[0.499s] INFO:colcon.colcon_core.shell:Creating environment hook '/home/dbot2/dbot_vda5050_ilmatar/install/dbot_bridge/share/dbot_bridge/hook/ament_prefix_path.sh'
[0.499s] INFO:colcon.colcon_core.shell:Skip shell extension 'powershell' for command environment: Not usable outside of PowerShell
[0.499s] DEBUG:colcon.colcon_core.shell:Skip shell extension 'dsv' for command environment
[0.504s] INFO:colcon.colcon_ros.task.ament_cmake.build:Building ROS package in '/home/dbot2/dbot_vda5050_ilmatar/src/dbot_nav_slam' with build type 'ament_cmake'
[0.504s] INFO:colcon.colcon_cmake.task.cmake.build:Building CMake package in '/home/dbot2/dbot_vda5050_ilmatar/src/dbot_nav_slam'
[0.504s] INFO:colcon.colcon_core.shell:Skip shell extension 'powershell' for command environment: Not usable outside of PowerShell
[0.504s] DEBUG:colcon.colcon_core.shell:Skip shell extension 'dsv' for command environment
[0.509s] INFO:colcon.colcon_ros.task.ament_python.build:Building ROS package in '/home/dbot2/dbot_vda5050_ilmatar/src/gesturecontrol' with build type 'ament_python'
[0.509s] Level 1:colcon.colcon_core.shell:create_environment_hook('gesturecontrol', 'ament_prefix_path')
[0.509s] INFO:colcon.colcon_core.shell:Creating environment hook '/home/dbot2/dbot_vda5050_ilmatar/install/gesturecontrol/share/gesturecontrol/hook/ament_prefix_path.ps1'
[0.509s] INFO:colcon.colcon_core.shell:Creating environment descriptor '/home/dbot2/dbot_vda5050_ilmatar/install/gesturecontrol/share/gesturecontrol/hook/ament_prefix_path.dsv'
[0.509s] INFO:colcon.colcon_core.shell:Creating environment hook '/home/dbot2/dbot_vda5050_ilmatar/install/gesturecontrol/share/gesturecontrol/hook/ament_prefix_path.sh'
[0.510s] INFO:colcon.colcon_core.shell:Skip shell extension 'powershell' for command environment: Not usable outside of PowerShell
[0.510s] DEBUG:colcon.colcon_core.shell:Skip shell extension 'dsv' for command environment
[0.514s] INFO:colcon.colcon_ros.task.ament_python.build:Building ROS package in '/home/dbot2/dbot_vda5050_ilmatar/src/joycontrol' with build type 'ament_python'
[0.514s] Level 1:colcon.colcon_core.shell:create_environment_hook('joycontrol', 'ament_prefix_path')
[0.515s] INFO:colcon.colcon_core.shell:Creating environment hook '/home/dbot2/dbot_vda5050_ilmatar/install/joycontrol/share/joycontrol/hook/ament_prefix_path.ps1'
[0.515s] INFO:colcon.colcon_core.shell:Creating environment descriptor '/home/dbot2/dbot_vda5050_ilmatar/install/joycontrol/share/joycontrol/hook/ament_prefix_path.dsv'
[0.515s] INFO:colcon.colcon_core.shell:Creating environment hook '/home/dbot2/dbot_vda5050_ilmatar/install/joycontrol/share/joycontrol/hook/ament_prefix_path.sh'
[0.515s] INFO:colcon.colcon_core.shell:Skip shell extension 'powershell' for command environment: Not usable outside of PowerShell
[0.515s] DEBUG:colcon.colcon_core.shell:Skip shell extension 'dsv' for command environment
[0.520s] INFO:colcon.colcon_ros.task.ament_python.build:Building ROS package in '/home/dbot2/dbot_vda5050_ilmatar/src/tf2_dbot' with build type 'ament_python'
[0.520s] Level 1:colcon.colcon_core.shell:create_environment_hook('tf2_dbot', 'ament_prefix_path')
[0.520s] INFO:colcon.colcon_core.shell:Creating environment hook '/home/dbot2/dbot_vda5050_ilmatar/install/tf2_dbot/share/tf2_dbot/hook/ament_prefix_path.ps1'
[0.521s] INFO:colcon.colcon_core.shell:Creating environment descriptor '/home/dbot2/dbot_vda5050_ilmatar/install/tf2_dbot/share/tf2_dbot/hook/ament_prefix_path.dsv'
[0.521s] INFO:colcon.colcon_core.shell:Creating environment hook '/home/dbot2/dbot_vda5050_ilmatar/install/tf2_dbot/share/tf2_dbot/hook/ament_prefix_path.sh'
[0.521s] INFO:colcon.colcon_core.shell:Skip shell extension 'powershell' for command environment: Not usable outside of PowerShell
[0.521s] DEBUG:colcon.colcon_core.shell:Skip shell extension 'dsv' for command environment
[0.529s] DEBUG:colcon.colcon_core.event_handler.log_command:Invoking command in '/home/dbot2/dbot_vda5050_ilmatar/build/dbot_custom_msgs': CMAKE_PREFIX_PATH=${CMAKE_PREFIX_PATH}:/home/dbot2/dbot_vda5050_ilmatar/install/vda5050_tb3_adapter:/home/dbot2/dbot_vda5050_ilmatar/install/tf2_dbot:/home/dbot2/dbot_vda5050_ilmatar/install/odom_motion_model:/home/dbot2/dbot_vda5050_ilmatar/install/motor_driver:/home/dbot2/dbot_vda5050_ilmatar/install/joycontrol:/home/dbot2/dbot_vda5050_ilmatar/install/gesturecontrol:/home/dbot2/dbot_vda5050_ilmatar/install/dbot_bridge:/home/dbot2/dbot_vda5050_ilmatar/install/dbot:/home/dbot2/dbot_src/install/tf2_dbot:/home/dbot2/dbot_src/install/odom_motion_model:/home/dbot2/dbot_src/install/motor_driver:/home/dbot2/dbot_src/install/joycontrol:/home/dbot2/dbot_src/install/dbot:/home/dbot2/dbot_remote/install/pcd_joy_trigger:/home/dbot2/circus_demo/install/circus_demo:/home/dbot2/ros2_ws/install/tf2_dbot:/home/dbot2/ros2_ws/install/odom_motion_model:/home/dbot2/ros2_ws/install/motor_driver:/home/dbot2/ros2_ws/install/joycontrol:/home/dbot2/ros2_ws/install/gesturecontrol:/home/dbot2/ros2_ws/install/dbot_bridge:/home/dbot2/ros2_ws/install/dbot:/home/dbot2/ros2_ws/install/ament_xmllint:/home/dbot2/ros2_ws/install/ament_uncrustify:/home/dbot2/ros2_ws/install/ament_pyflakes:/home/dbot2/ros2_ws/install/ament_pycodestyle:/home/dbot2/ros2_ws/install/ament_pep257:/home/dbot2/ros2_ws/install/ament_pclint:/home/dbot2/ros2_ws/install/ament_mypy:/home/dbot2/ros2_ws/install/ament_lint_cmake:/home/dbot2/ros2_ws/install/ament_flake8:/home/dbot2/ros2_ws/install/ament_copyright:/home/dbot2/ros2_ws/install/ament_lint:/home/dbot2/ros2_ws/install/ament_cpplint:/home/dbot2/ros2_ws/install/ament_cppcheck:/home/dbot2/ros2_ws/install/ament_clang_tidy:/home/dbot2/ros2_ws/install/ament_clang_format:/opt/ros/humble /usr/bin/cmake --build /home/dbot2/dbot_vda5050_ilmatar/build/dbot_custom_msgs -- -j8 -l8
[0.533s] DEBUG:colcon.colcon_core.event_handler.log_command:Invoking command in '/home/dbot2/dbot_vda5050_ilmatar/build/vda5050_msgs': CMAKE_PREFIX_PATH=${CMAKE_PREFIX_PATH}:/home/dbot2/dbot_vda5050_ilmatar/install/vda5050_tb3_adapter:/home/dbot2/dbot_vda5050_ilmatar/install/tf2_dbot:/home/dbot2/dbot_vda5050_ilmatar/install/odom_motion_model:/home/dbot2/dbot_vda5050_ilmatar/install/motor_driver:/home/dbot2/dbot_vda5050_ilmatar/install/joycontrol:/home/dbot2/dbot_vda5050_ilmatar/install/gesturecontrol:/home/dbot2/dbot_vda5050_ilmatar/install/dbot_bridge:/home/dbot2/dbot_vda5050_ilmatar/install/dbot:/home/dbot2/dbot_src/install/tf2_dbot:/home/dbot2/dbot_src/install/odom_motion_model:/home/dbot2/dbot_src/install/motor_driver:/home/dbot2/dbot_src/install/joycontrol:/home/dbot2/dbot_src/install/dbot:/home/dbot2/dbot_remote/install/pcd_joy_trigger:/home/dbot2/circus_demo/install/circus_demo:/home/dbot2/ros2_ws/install/tf2_dbot:/home/dbot2/ros2_ws/install/odom_motion_model:/home/dbot2/ros2_ws/install/motor_driver:/home/dbot2/ros2_ws/install/joycontrol:/home/dbot2/ros2_ws/install/gesturecontrol:/home/dbot2/ros2_ws/install/dbot_bridge:/home/dbot2/ros2_ws/install/dbot:/home/dbot2/ros2_ws/install/ament_xmllint:/home/dbot2/ros2_ws/install/ament_uncrustify:/home/dbot2/ros2_ws/install/ament_pyflakes:/home/dbot2/ros2_ws/install/ament_pycodestyle:/home/dbot2/ros2_ws/install/ament_pep257:/home/dbot2/ros2_ws/install/ament_pclint:/home/dbot2/ros2_ws/install/ament_mypy:/home/dbot2/ros2_ws/install/ament_lint_cmake:/home/dbot2/ros2_ws/install/ament_flake8:/home/dbot2/ros2_ws/install/ament_copyright:/home/dbot2/ros2_ws/install/ament_lint:/home/dbot2/ros2_ws/install/ament_cpplint:/home/dbot2/ros2_ws/install/ament_cppcheck:/home/dbot2/ros2_ws/install/ament_clang_tidy:/home/dbot2/ros2_ws/install/ament_clang_format:/opt/ros/humble /usr/bin/cmake --build /home/dbot2/dbot_vda5050_ilmatar/build/vda5050_msgs -- -j8 -l8
[0.841s] WARNING:colcon.colcon_ros.task.ament_python.build:Package 'dbot' doesn't explicitly install a marker in the package index (colcon-ros currently does it implicitly but that fallback will be removed in the future)
[0.841s] WARNING:colcon.colcon_ros.task.ament_python.build:Package 'dbot' doesn't explicitly install the 'package.xml' file (colcon-ros currently does it implicitly but that fallback will be removed in the future)
[0.841s] INFO:colcon.colcon_core.task.python.build:Building Python package in '/home/dbot2/dbot_vda5050_ilmatar/src/dbot'
[0.841s] INFO:colcon.colcon_core.shell:Skip shell extension 'powershell' for command environment: Not usable outside of PowerShell
[0.841s] DEBUG:colcon.colcon_core.shell:Skip shell extension 'dsv' for command environment
[1.089s] INFO:colcon.colcon_core.task.python.build:Building Python package in '/home/dbot2/dbot_vda5050_ilmatar/src/dbot_bridge'
[1.090s] INFO:colcon.colcon_core.shell:Skip shell extension 'powershell' for command environment: Not usable outside of PowerShell
[1.090s] DEBUG:colcon.colcon_core.shell:Skip shell extension 'dsv' for command environment
[1.097s] DEBUG:colcon.colcon_core.event_handler.log_command:Invoking command in '/home/dbot2/dbot_vda5050_ilmatar/build/dbot_nav_slam': CMAKE_PREFIX_PATH=${CMAKE_PREFIX_PATH}:/home/dbot2/dbot_vda5050_ilmatar/install/vda5050_tb3_adapter:/home/dbot2/dbot_vda5050_ilmatar/install/tf2_dbot:/home/dbot2/dbot_vda5050_ilmatar/install/odom_motion_model:/home/dbot2/dbot_vda5050_ilmatar/install/motor_driver:/home/dbot2/dbot_vda5050_ilmatar/install/joycontrol:/home/dbot2/dbot_vda5050_ilmatar/install/gesturecontrol:/home/dbot2/dbot_vda5050_ilmatar/install/dbot_bridge:/home/dbot2/dbot_vda5050_ilmatar/install/dbot:/home/dbot2/dbot_src/install/tf2_dbot:/home/dbot2/dbot_src/install/odom_motion_model:/home/dbot2/dbot_src/install/motor_driver:/home/dbot2/dbot_src/install/joycontrol:/home/dbot2/dbot_src/install/dbot:/home/dbot2/dbot_remote/install/pcd_joy_trigger:/home/dbot2/circus_demo/install/circus_demo:/home/dbot2/ros2_ws/install/tf2_dbot:/home/dbot2/ros2_ws/install/odom_motion_model:/home/dbot2/ros2_ws/install/motor_driver:/home/dbot2/ros2_ws/install/joycontrol:/home/dbot2/ros2_ws/install/gesturecontrol:/home/dbot2/ros2_ws/install/dbot_bridge:/home/dbot2/ros2_ws/install/dbot:/home/dbot2/ros2_ws/install/ament_xmllint:/home/dbot2/ros2_ws/install/ament_uncrustify:/home/dbot2/ros2_ws/install/ament_pyflakes:/home/dbot2/ros2_ws/install/ament_pycodestyle:/home/dbot2/ros2_ws/install/ament_pep257:/home/dbot2/ros2_ws/install/ament_pclint:/home/dbot2/ros2_ws/install/ament_mypy:/home/dbot2/ros2_ws/install/ament_lint_cmake:/home/dbot2/ros2_ws/install/ament_flake8:/home/dbot2/ros2_ws/install/ament_copyright:/home/dbot2/ros2_ws/install/ament_lint:/home/dbot2/ros2_ws/install/ament_cpplint:/home/dbot2/ros2_ws/install/ament_cppcheck:/home/dbot2/ros2_ws/install/ament_clang_tidy:/home/dbot2/ros2_ws/install/ament_clang_format:/opt/ros/humble /usr/bin/cmake --build /home/dbot2/dbot_vda5050_ilmatar/build/dbot_nav_slam -- -j8 -l8
[1.334s] INFO:colcon.colcon_core.task.python.build:Building Python package in '/home/dbot2/dbot_vda5050_ilmatar/src/gesturecontrol'
[1.335s] INFO:colcon.colcon_core.shell:Skip shell extension 'powershell' for command environment: Not usable outside of PowerShell
[1.335s] DEBUG:colcon.colcon_core.shell:Skip shell extension 'dsv' for command environment
[1.570s] INFO:colcon.colcon_core.task.python.build:Building Python package in '/home/dbot2/dbot_vda5050_ilmatar/src/joycontrol'
[1.570s] INFO:colcon.colcon_core.shell:Skip shell extension 'powershell' for command environment: Not usable outside of PowerShell
[1.570s] DEBUG:colcon.colcon_core.shell:Skip shell extension 'dsv' for command environment
[1.807s] INFO:colcon.colcon_core.task.python.build:Building Python package in '/home/dbot2/dbot_vda5050_ilmatar/src/tf2_dbot'
[1.808s] INFO:colcon.colcon_core.shell:Skip shell extension 'powershell' for command environment: Not usable outside of PowerShell
[1.808s] DEBUG:colcon.colcon_core.shell:Skip shell extension 'dsv' for command environment
[1.813s] DEBUG:colcon.colcon_core.event_handler.log_command:Invoked command in '/home/dbot2/dbot_vda5050_ilmatar/build/dbot_custom_msgs' returned '0': CMAKE_PREFIX_PATH=${CMAKE_PREFIX_PATH}:/home/dbot2/dbot_vda5050_ilmatar/install/vda5050_tb3_adapter:/home/dbot2/dbot_vda5050_ilmatar/install/tf2_dbot:/home/dbot2/dbot_vda5050_ilmatar/install/odom_motion_model:/home/dbot2/dbot_vda5050_ilmatar/install/motor_driver:/home/dbot2/dbot_vda5050_ilmatar/install/joycontrol:/home/dbot2/dbot_vda5050_ilmatar/install/gesturecontrol:/home/dbot2/dbot_vda5050_ilmatar/install/dbot_bridge:/home/dbot2/dbot_vda5050_ilmatar/install/dbot:/home/dbot2/dbot_src/install/tf2_dbot:/home/dbot2/dbot_src/install/odom_motion_model:/home/dbot2/dbot_src/install/motor_driver:/home/dbot2/dbot_src/install/joycontrol:/home/dbot2/dbot_src/install/dbot:/home/dbot2/dbot_remote/install/pcd_joy_trigger:/home/dbot2/circus_demo/install/circus_demo:/home/dbot2/ros2_ws/install/tf2_dbot:/home/dbot2/ros2_ws/install/odom_motion_model:/home/dbot2/ros2_ws/install/motor_driver:/home/dbot2/ros2_ws/install/joycontrol:/home/dbot2/ros2_ws/install/gesturecontrol:/home/dbot2/ros2_ws/install/dbot_bridge:/home/dbot2/ros2_ws/install/dbot:/home/dbot2/ros2_ws/install/ament_xmllint:/home/dbot2/ros2_ws/install/ament_uncrustify:/home/dbot2/ros2_ws/install/ament_pyflakes:/home/dbot2/ros2_ws/install/ament_pycodestyle:/home/dbot2/ros2_ws/install/ament_pep257:/home/dbot2/ros2_ws/install/ament_pclint:/home/dbot2/ros2_ws/install/ament_mypy:/home/dbot2/ros2_ws/install/ament_lint_cmake:/home/dbot2/ros2_ws/install/ament_flake8:/home/dbot2/ros2_ws/install/ament_copyright:/home/dbot2/ros2_ws/install/ament_lint:/home/dbot2/ros2_ws/install/ament_cpplint:/home/dbot2/ros2_ws/install/ament_cppcheck:/home/dbot2/ros2_ws/install/ament_clang_tidy:/home/dbot2/ros2_ws/install/ament_clang_format:/opt/ros/humble /usr/bin/cmake --build /home/dbot2/dbot_vda5050_ilmatar/build/dbot_custom_msgs -- -j8 -l8
[1.820s] DEBUG:colcon.colcon_core.event_handler.log_command:Invoking command in '/home/dbot2/dbot_vda5050_ilmatar/build/dbot_custom_msgs': CMAKE_PREFIX_PATH=${CMAKE_PREFIX_PATH}:/home/dbot2/dbot_vda5050_ilmatar/install/vda5050_tb3_adapter:/home/dbot2/dbot_vda5050_ilmatar/install/tf2_dbot:/home/dbot2/dbot_vda5050_ilmatar/install/odom_motion_model:/home/dbot2/dbot_vda5050_ilmatar/install/motor_driver:/home/dbot2/dbot_vda5050_ilmatar/install/joycontrol:/home/dbot2/dbot_vda5050_ilmatar/install/gesturecontrol:/home/dbot2/dbot_vda5050_ilmatar/install/dbot_bridge:/home/dbot2/dbot_vda5050_ilmatar/install/dbot:/home/dbot2/dbot_src/install/tf2_dbot:/home/dbot2/dbot_src/install/odom_motion_model:/home/dbot2/dbot_src/install/motor_driver:/home/dbot2/dbot_src/install/joycontrol:/home/dbot2/dbot_src/install/dbot:/home/dbot2/dbot_remote/install/pcd_joy_trigger:/home/dbot2/circus_demo/install/circus_demo:/home/dbot2/ros2_ws/install/tf2_dbot:/home/dbot2/ros2_ws/install/odom_motion_model:/home/dbot2/ros2_ws/install/motor_driver:/home/dbot2/ros2_ws/install/joycontrol:/home/dbot2/ros2_ws/install/gesturecontrol:/home/dbot2/ros2_ws/install/dbot_bridge:/home/dbot2/ros2_ws/install/dbot:/home/dbot2/ros2_ws/install/ament_xmllint:/home/dbot2/ros2_ws/install/ament_uncrustify:/home/dbot2/ros2_ws/install/ament_pyflakes:/home/dbot2/ros2_ws/install/ament_pycodestyle:/home/dbot2/ros2_ws/install/ament_pep257:/home/dbot2/ros2_ws/install/ament_pclint:/home/dbot2/ros2_ws/install/ament_mypy:/home/dbot2/ros2_ws/install/ament_lint_cmake:/home/dbot2/ros2_ws/install/ament_flake8:/home/dbot2/ros2_ws/install/ament_copyright:/home/dbot2/ros2_ws/install/ament_lint:/home/dbot2/ros2_ws/install/ament_cpplint:/home/dbot2/ros2_ws/install/ament_cppcheck:/home/dbot2/ros2_ws/install/ament_clang_tidy:/home/dbot2/ros2_ws/install/ament_clang_format:/opt/ros/humble /usr/bin/cmake --install /home/dbot2/dbot_vda5050_ilmatar/build/dbot_custom_msgs
[1.820s] DEBUG:colcon.colcon_core.event_handler.log_command:Invoked command in '/home/dbot2/dbot_vda5050_ilmatar/build/vda5050_msgs' returned '0': CMAKE_PREFIX_PATH=${CMAKE_PREFIX_PATH}:/home/dbot2/dbot_vda5050_ilmatar/install/vda5050_tb3_adapter:/home/dbot2/dbot_vda5050_ilmatar/install/tf2_dbot:/home/dbot2/dbot_vda5050_ilmatar/install/odom_motion_model:/home/dbot2/dbot_vda5050_ilmatar/install/motor_driver:/home/dbot2/dbot_vda5050_ilmatar/install/joycontrol:/home/dbot2/dbot_vda5050_ilmatar/install/gesturecontrol:/home/dbot2/dbot_vda5050_ilmatar/install/dbot_bridge:/home/dbot2/dbot_vda5050_ilmatar/install/dbot:/home/dbot2/dbot_src/install/tf2_dbot:/home/dbot2/dbot_src/install/odom_motion_model:/home/dbot2/dbot_src/install/motor_driver:/home/dbot2/dbot_src/install/joycontrol:/home/dbot2/dbot_src/install/dbot:/home/dbot2/dbot_remote/install/pcd_joy_trigger:/home/dbot2/circus_demo/install/circus_demo:/home/dbot2/ros2_ws/install/tf2_dbot:/home/dbot2/ros2_ws/install/odom_motion_model:/home/dbot2/ros2_ws/install/motor_driver:/home/dbot2/ros2_ws/install/joycontrol:/home/dbot2/ros2_ws/install/gesturecontrol:/home/dbot2/ros2_ws/install/dbot_bridge:/home/dbot2/ros2_ws/install/dbot:/home/dbot2/ros2_ws/install/ament_xmllint:/home/dbot2/ros2_ws/install/ament_uncrustify:/home/dbot2/ros2_ws/install/ament_pyflakes:/home/dbot2/ros2_ws/install/ament_pycodestyle:/home/dbot2/ros2_ws/install/ament_pep257:/home/dbot2/ros2_ws/install/ament_pclint:/home/dbot2/ros2_ws/install/ament_mypy:/home/dbot2/ros2_ws/install/ament_lint_cmake:/home/dbot2/ros2_ws/install/ament_flake8:/home/dbot2/ros2_ws/install/ament_copyright:/home/dbot2/ros2_ws/install/ament_lint:/home/dbot2/ros2_ws/install/ament_cpplint:/home/dbot2/ros2_ws/install/ament_cppcheck:/home/dbot2/ros2_ws/install/ament_clang_tidy:/home/dbot2/ros2_ws/install/ament_clang_format:/opt/ros/humble /usr/bin/cmake --build /home/dbot2/dbot_vda5050_ilmatar/build/vda5050_msgs -- -j8 -l8
[1.822s] DEBUG:colcon.colcon_core.event_handler.log_command:Invoking command in '/home/dbot2/dbot_vda5050_ilmatar/build/vda5050_msgs': CMAKE_PREFIX_PATH=${CMAKE_PREFIX_PATH}:/home/dbot2/dbot_vda5050_ilmatar/install/vda5050_tb3_adapter:/home/dbot2/dbot_vda5050_ilmatar/install/tf2_dbot:/home/dbot2/dbot_vda5050_ilmatar/install/odom_motion_model:/home/dbot2/dbot_vda5050_ilmatar/install/motor_driver:/home/dbot2/dbot_vda5050_ilmatar/install/joycontrol:/home/dbot2/dbot_vda5050_ilmatar/install/gesturecontrol:/home/dbot2/dbot_vda5050_ilmatar/install/dbot_bridge:/home/dbot2/dbot_vda5050_ilmatar/install/dbot:/home/dbot2/dbot_src/install/tf2_dbot:/home/dbot2/dbot_src/install/odom_motion_model:/home/dbot2/dbot_src/install/motor_driver:/home/dbot2/dbot_src/install/joycontrol:/home/dbot2/dbot_src/install/dbot:/home/dbot2/dbot_remote/install/pcd_joy_trigger:/home/dbot2/circus_demo/install/circus_demo:/home/dbot2/ros2_ws/install/tf2_dbot:/home/dbot2/ros2_ws/install/odom_motion_model:/home/dbot2/ros2_ws/install/motor_driver:/home/dbot2/ros2_ws/install/joycontrol:/home/dbot2/ros2_ws/install/gesturecontrol:/home/dbot2/ros2_ws/install/dbot_bridge:/home/dbot2/ros2_ws/install/dbot:/home/dbot2/ros2_ws/install/ament_xmllint:/home/dbot2/ros2_ws/install/ament_uncrustify:/home/dbot2/ros2_ws/install/ament_pyflakes:/home/dbot2/ros2_ws/install/ament_pycodestyle:/home/dbot2/ros2_ws/install/ament_pep257:/home/dbot2/ros2_ws/install/ament_pclint:/home/dbot2/ros2_ws/install/ament_mypy:/home/dbot2/ros2_ws/install/ament_lint_cmake:/home/dbot2/ros2_ws/install/ament_flake8:/home/dbot2/ros2_ws/install/ament_copyright:/home/dbot2/ros2_ws/install/ament_lint:/home/dbot2/ros2_ws/install/ament_cpplint:/home/dbot2/ros2_ws/install/ament_cppcheck:/home/dbot2/ros2_ws/install/ament_clang_tidy:/home/dbot2/ros2_ws/install/ament_clang_format:/opt/ros/humble /usr/bin/cmake --install /home/dbot2/dbot_vda5050_ilmatar/build/vda5050_msgs
[1.822s] DEBUG:colcon.colcon_core.event_handler.log_command:Invoked command in '/home/dbot2/dbot_vda5050_ilmatar/build/dbot_nav_slam' returned '0': CMAKE_PREFIX_PATH=${CMAKE_PREFIX_PATH}:/home/dbot2/dbot_vda5050_ilmatar/install/vda5050_tb3_adapter:/home/dbot2/dbot_vda5050_ilmatar/install/tf2_dbot:/home/dbot2/dbot_vda5050_ilmatar/install/odom_motion_model:/home/dbot2/dbot_vda5050_ilmatar/install/motor_driver:/home/dbot2/dbot_vda5050_ilmatar/install/joycontrol:/home/dbot2/dbot_vda5050_ilmatar/install/gesturecontrol:/home/dbot2/dbot_vda5050_ilmatar/install/dbot_bridge:/home/dbot2/dbot_vda5050_ilmatar/install/dbot:/home/dbot2/dbot_src/install/tf2_dbot:/home/dbot2/dbot_src/install/odom_motion_model:/home/dbot2/dbot_src/install/motor_driver:/home/dbot2/dbot_src/install/joycontrol:/home/dbot2/dbot_src/install/dbot:/home/dbot2/dbot_remote/install/pcd_joy_trigger:/home/dbot2/circus_demo/install/circus_demo:/home/dbot2/ros2_ws/install/tf2_dbot:/home/dbot2/ros2_ws/install/odom_motion_model:/home/dbot2/ros2_ws/install/motor_driver:/home/dbot2/ros2_ws/install/joycontrol:/home/dbot2/ros2_ws/install/gesturecontrol:/home/dbot2/ros2_ws/install/dbot_bridge:/home/dbot2/ros2_ws/install/dbot:/home/dbot2/ros2_ws/install/ament_xmllint:/home/dbot2/ros2_ws/install/ament_uncrustify:/home/dbot2/ros2_ws/install/ament_pyflakes:/home/dbot2/ros2_ws/install/ament_pycodestyle:/home/dbot2/ros2_ws/install/ament_pep257:/home/dbot2/ros2_ws/install/ament_pclint:/home/dbot2/ros2_ws/install/ament_mypy:/home/dbot2/ros2_ws/install/ament_lint_cmake:/home/dbot2/ros2_ws/install/ament_flake8:/home/dbot2/ros2_ws/install/ament_copyright:/home/dbot2/ros2_ws/install/ament_lint:/home/dbot2/ros2_ws/install/ament_cpplint:/home/dbot2/ros2_ws/install/ament_cppcheck:/home/dbot2/ros2_ws/install/ament_clang_tidy:/home/dbot2/ros2_ws/install/ament_clang_format:/opt/ros/humble /usr/bin/cmake --build /home/dbot2/dbot_vda5050_ilmatar/build/dbot_nav_slam -- -j8 -l8
[1.823s] DEBUG:colcon.colcon_core.event_handler.log_command:Invoking command in '/home/dbot2/dbot_vda5050_ilmatar/build/dbot_nav_slam': CMAKE_PREFIX_PATH=${CMAKE_PREFIX_PATH}:/home/dbot2/dbot_vda5050_ilmatar/install/vda5050_tb3_adapter:/home/dbot2/dbot_vda5050_ilmatar/install/tf2_dbot:/home/dbot2/dbot_vda5050_ilmatar/install/odom_motion_model:/home/dbot2/dbot_vda5050_ilmatar/install/motor_driver:/home/dbot2/dbot_vda5050_ilmatar/install/joycontrol:/home/dbot2/dbot_vda5050_ilmatar/install/gesturecontrol:/home/dbot2/dbot_vda5050_ilmatar/install/dbot_bridge:/home/dbot2/dbot_vda5050_ilmatar/install/dbot:/home/dbot2/dbot_src/install/tf2_dbot:/home/dbot2/dbot_src/install/odom_motion_model:/home/dbot2/dbot_src/install/motor_driver:/home/dbot2/dbot_src/install/joycontrol:/home/dbot2/dbot_src/install/dbot:/home/dbot2/dbot_remote/install/pcd_joy_trigger:/home/dbot2/circus_demo/install/circus_demo:/home/dbot2/ros2_ws/install/tf2_dbot:/home/dbot2/ros2_ws/install/odom_motion_model:/home/dbot2/ros2_ws/install/motor_driver:/home/dbot2/ros2_ws/install/joycontrol:/home/dbot2/ros2_ws/install/gesturecontrol:/home/dbot2/ros2_ws/install/dbot_bridge:/home/dbot2/ros2_ws/install/dbot:/home/dbot2/ros2_ws/install/ament_xmllint:/home/dbot2/ros2_ws/install/ament_uncrustify:/home/dbot2/ros2_ws/install/ament_pyflakes:/home/dbot2/ros2_ws/install/ament_pycodestyle:/home/dbot2/ros2_ws/install/ament_pep257:/home/dbot2/ros2_ws/install/ament_pclint:/home/dbot2/ros2_ws/install/ament_mypy:/home/dbot2/ros2_ws/install/ament_lint_cmake:/home/dbot2/ros2_ws/install/ament_flake8:/home/dbot2/ros2_ws/install/ament_copyright:/home/dbot2/ros2_ws/install/ament_lint:/home/dbot2/ros2_ws/install/ament_cpplint:/home/dbot2/ros2_ws/install/ament_cppcheck:/home/dbot2/ros2_ws/install/ament_clang_tidy:/home/dbot2/ros2_ws/install/ament_clang_format:/opt/ros/humble /usr/bin/cmake --install /home/dbot2/dbot_vda5050_ilmatar/build/dbot_nav_slam
[1.947s] Level 1:colcon.colcon_core.environment:create_environment_scripts_only(dbot_nav_slam)
[1.949s] DEBUG:colcon.colcon_core.event_handler.log_command:Invoked command in '/home/dbot2/dbot_vda5050_ilmatar/build/dbot_nav_slam' returned '0': CMAKE_PREFIX_PATH=${CMAKE_PREFIX_PATH}:/home/dbot2/dbot_vda5050_ilmatar/install/vda5050_tb3_adapter:/home/dbot2/dbot_vda5050_ilmatar/install/tf2_dbot:/home/dbot2/dbot_vda5050_ilmatar/install/odom_motion_model:/home/dbot2/dbot_vda5050_ilmatar/install/motor_driver:/home/dbot2/dbot_vda5050_ilmatar/install/joycontrol:/home/dbot2/dbot_vda5050_ilmatar/install/gesturecontrol:/home/dbot2/dbot_vda5050_ilmatar/install/dbot_bridge:/home/dbot2/dbot_vda5050_ilmatar/install/dbot:/home/dbot2/dbot_src/install/tf2_dbot:/home/dbot2/dbot_src/install/odom_motion_model:/home/dbot2/dbot_src/install/motor_driver:/home/dbot2/dbot_src/install/joycontrol:/home/dbot2/dbot_src/install/dbot:/home/dbot2/dbot_remote/install/pcd_joy_trigger:/home/dbot2/circus_demo/install/circus_demo:/home/dbot2/ros2_ws/install/tf2_dbot:/home/dbot2/ros2_ws/install/odom_motion_model:/home/dbot2/ros2_ws/install/motor_driver:/home/dbot2/ros2_ws/install/joycontrol:/home/dbot2/ros2_ws/install/gesturecontrol:/home/dbot2/ros2_ws/install/dbot_bridge:/home/dbot2/ros2_ws/install/dbot:/home/dbot2/ros2_ws/install/ament_xmllint:/home/dbot2/ros2_ws/install/ament_uncrustify:/home/dbot2/ros2_ws/install/ament_pyflakes:/home/dbot2/ros2_ws/install/ament_pycodestyle:/home/dbot2/ros2_ws/install/ament_pep257:/home/dbot2/ros2_ws/install/ament_pclint:/home/dbot2/ros2_ws/install/ament_mypy:/home/dbot2/ros2_ws/install/ament_lint_cmake:/home/dbot2/ros2_ws/install/ament_flake8:/home/dbot2/ros2_ws/install/ament_copyright:/home/dbot2/ros2_ws/install/ament_lint:/home/dbot2/ros2_ws/install/ament_cpplint:/home/dbot2/ros2_ws/install/ament_cppcheck:/home/dbot2/ros2_ws/install/ament_clang_tidy:/home/dbot2/ros2_ws/install/ament_clang_format:/opt/ros/humble /usr/bin/cmake --install /home/dbot2/dbot_vda5050_ilmatar/build/dbot_nav_slam
[1.957s] Level 1:colcon.colcon_core.environment:checking '/home/dbot2/dbot_vda5050_ilmatar/install/dbot_nav_slam' for CMake module files
[1.958s] Level 1:colcon.colcon_core.environment:checking '/home/dbot2/dbot_vda5050_ilmatar/install/dbot_nav_slam' for CMake config files
[1.959s] Level 1:colcon.colcon_core.shell:create_environment_hook('dbot_nav_slam', 'cmake_prefix_path')
[1.959s] INFO:colcon.colcon_core.shell:Creating environment hook '/home/dbot2/dbot_vda5050_ilmatar/install/dbot_nav_slam/share/dbot_nav_slam/hook/cmake_prefix_path.ps1'
[1.960s] INFO:colcon.colcon_core.shell:Creating environment descriptor '/home/dbot2/dbot_vda5050_ilmatar/install/dbot_nav_slam/share/dbot_nav_slam/hook/cmake_prefix_path.dsv'
[1.960s] INFO:colcon.colcon_core.shell:Creating environment hook '/home/dbot2/dbot_vda5050_ilmatar/install/dbot_nav_slam/share/dbot_nav_slam/hook/cmake_prefix_path.sh'
[1.961s] Level 1:colcon.colcon_core.environment:checking '/home/dbot2/dbot_vda5050_ilmatar/install/dbot_nav_slam/lib'
[1.961s] Level 1:colcon.colcon_core.environment:checking '/home/dbot2/dbot_vda5050_ilmatar/install/dbot_nav_slam/bin'
[1.961s] Level 1:colcon.colcon_core.environment:checking '/home/dbot2/dbot_vda5050_ilmatar/install/dbot_nav_slam/lib/pkgconfig/dbot_nav_slam.pc'
[1.962s] Level 1:colcon.colcon_core.environment:checking '/home/dbot2/dbot_vda5050_ilmatar/install/dbot_nav_slam/lib/python3.10/site-packages'
[1.963s] Level 1:colcon.colcon_core.environment:checking '/home/dbot2/dbot_vda5050_ilmatar/install/dbot_nav_slam/bin'
[1.963s] INFO:colcon.colcon_core.shell:Creating package script '/home/dbot2/dbot_vda5050_ilmatar/install/dbot_nav_slam/share/dbot_nav_slam/package.ps1'
[1.964s] INFO:colcon.colcon_core.shell:Creating package descriptor '/home/dbot2/dbot_vda5050_ilmatar/install/dbot_nav_slam/share/dbot_nav_slam/package.dsv'
[1.966s] INFO:colcon.colcon_core.shell:Creating package script '/home/dbot2/dbot_vda5050_ilmatar/install/dbot_nav_slam/share/dbot_nav_slam/package.sh'
[1.969s] INFO:colcon.colcon_core.shell:Creating package script '/home/dbot2/dbot_vda5050_ilmatar/install/dbot_nav_slam/share/dbot_nav_slam/package.bash'
[1.970s] INFO:colcon.colcon_core.shell:Creating package script '/home/dbot2/dbot_vda5050_ilmatar/install/dbot_nav_slam/share/dbot_nav_slam/package.zsh'
[1.971s] Level 1:colcon.colcon_core.environment:create_file_with_runtime_dependencies(/home/dbot2/dbot_vda5050_ilmatar/install/dbot_nav_slam/share/colcon-core/packages/dbot_nav_slam)
[1.972s] Level 1:colcon.colcon_core.environment:create_environment_scripts_only(dbot_nav_slam)
[1.972s] Level 1:colcon.colcon_core.environment:checking '/home/dbot2/dbot_vda5050_ilmatar/install/dbot_nav_slam' for CMake module files
[1.972s] Level 1:colcon.colcon_core.environment:checking '/home/dbot2/dbot_vda5050_ilmatar/install/dbot_nav_slam' for CMake config files
[1.973s] Level 1:colcon.colcon_core.shell:create_environment_hook('dbot_nav_slam', 'cmake_prefix_path')
[1.973s] INFO:colcon.colcon_core.shell:Creating environment hook '/home/dbot2/dbot_vda5050_ilmatar/install/dbot_nav_slam/share/dbot_nav_slam/hook/cmake_prefix_path.ps1'
[1.974s] INFO:colcon.colcon_core.shell:Creating environment descriptor '/home/dbot2/dbot_vda5050_ilmatar/install/dbot_nav_slam/share/dbot_nav_slam/hook/cmake_prefix_path.dsv'
[1.976s] INFO:colcon.colcon_core.shell:Creating environment hook '/home/dbot2/dbot_vda5050_ilmatar/install/dbot_nav_slam/share/dbot_nav_slam/hook/cmake_prefix_path.sh'
[1.977s] Level 1:colcon.colcon_core.environment:checking '/home/dbot2/dbot_vda5050_ilmatar/install/dbot_nav_slam/lib'
[1.977s] Level 1:colcon.colcon_core.environment:checking '/home/dbot2/dbot_vda5050_ilmatar/install/dbot_nav_slam/bin'
[1.977s] Level 1:colcon.colcon_core.environment:checking '/home/dbot2/dbot_vda5050_ilmatar/install/dbot_nav_slam/lib/pkgconfig/dbot_nav_slam.pc'
[1.977s] Level 1:colcon.colcon_core.environment:checking '/home/dbot2/dbot_vda5050_ilmatar/install/dbot_nav_slam/lib/python3.10/site-packages'
[1.977s] Level 1:colcon.colcon_core.environment:checking '/home/dbot2/dbot_vda5050_ilmatar/install/dbot_nav_slam/bin'
[1.977s] INFO:colcon.colcon_core.shell:Creating package script '/home/dbot2/dbot_vda5050_ilmatar/install/dbot_nav_slam/share/dbot_nav_slam/package.ps1'
[1.978s] INFO:colcon.colcon_core.shell:Creating package descriptor '/home/dbot2/dbot_vda5050_ilmatar/install/dbot_nav_slam/share/dbot_nav_slam/package.dsv'
[1.979s] INFO:colcon.colcon_core.shell:Creating package script '/home/dbot2/dbot_vda5050_ilmatar/install/dbot_nav_slam/share/dbot_nav_slam/package.sh'
[1.980s] INFO:colcon.colcon_core.shell:Creating package script '/home/dbot2/dbot_vda5050_ilmatar/install/dbot_nav_slam/share/dbot_nav_slam/package.bash'
[1.981s] INFO:colcon.colcon_core.shell:Creating package script '/home/dbot2/dbot_vda5050_ilmatar/install/dbot_nav_slam/share/dbot_nav_slam/package.zsh'
[1.982s] Level 1:colcon.colcon_core.environment:create_file_with_runtime_dependencies(/home/dbot2/dbot_vda5050_ilmatar/install/dbot_nav_slam/share/colcon-core/packages/dbot_nav_slam)
[1.983s] INFO:colcon.colcon_ros.task.ament_cmake.build:Building ROS package in '/home/dbot2/dbot_vda5050_ilmatar/src/vda_dbot_nav_slam' with build type 'ament_cmake'
[1.983s] INFO:colcon.colcon_cmake.task.cmake.build:Building CMake package in '/home/dbot2/dbot_vda5050_ilmatar/src/vda_dbot_nav_slam'
[1.984s] INFO:colcon.colcon_core.shell:Skip shell extension 'powershell' for command environment: Not usable outside of PowerShell
[1.984s] DEBUG:colcon.colcon_core.shell:Skip shell extension 'dsv' for command environment
[2.008s] Level 1:colcon.colcon_core.environment:create_environment_scripts_only(dbot_custom_msgs)
[2.008s] Level 1:colcon.colcon_core.environment:checking '/home/dbot2/dbot_vda5050_ilmatar/install/dbot_custom_msgs' for CMake module files
[2.011s] Level 1:colcon.colcon_core.environment:checking '/home/dbot2/dbot_vda5050_ilmatar/install/dbot_custom_msgs' for CMake config files
[2.011s] DEBUG:colcon.colcon_core.event_handler.log_command:Invoked command in '/home/dbot2/dbot_vda5050_ilmatar/build/dbot_custom_msgs' returned '0': CMAKE_PREFIX_PATH=${CMAKE_PREFIX_PATH}:/home/dbot2/dbot_vda5050_ilmatar/install/vda5050_tb3_adapter:/home/dbot2/dbot_vda5050_ilmatar/install/tf2_dbot:/home/dbot2/dbot_vda5050_ilmatar/install/odom_motion_model:/home/dbot2/dbot_vda5050_ilmatar/install/motor_driver:/home/dbot2/dbot_vda5050_ilmatar/install/joycontrol:/home/dbot2/dbot_vda5050_ilmatar/install/gesturecontrol:/home/dbot2/dbot_vda5050_ilmatar/install/dbot_bridge:/home/dbot2/dbot_vda5050_ilmatar/install/dbot:/home/dbot2/dbot_src/install/tf2_dbot:/home/dbot2/dbot_src/install/odom_motion_model:/home/dbot2/dbot_src/install/motor_driver:/home/dbot2/dbot_src/install/joycontrol:/home/dbot2/dbot_src/install/dbot:/home/dbot2/dbot_remote/install/pcd_joy_trigger:/home/dbot2/circus_demo/install/circus_demo:/home/dbot2/ros2_ws/install/tf2_dbot:/home/dbot2/ros2_ws/install/odom_motion_model:/home/dbot2/ros2_ws/install/motor_driver:/home/dbot2/ros2_ws/install/joycontrol:/home/dbot2/ros2_ws/install/gesturecontrol:/home/dbot2/ros2_ws/install/dbot_bridge:/home/dbot2/ros2_ws/install/dbot:/home/dbot2/ros2_ws/install/ament_xmllint:/home/dbot2/ros2_ws/install/ament_uncrustify:/home/dbot2/ros2_ws/install/ament_pyflakes:/home/dbot2/ros2_ws/install/ament_pycodestyle:/home/dbot2/ros2_ws/install/ament_pep257:/home/dbot2/ros2_ws/install/ament_pclint:/home/dbot2/ros2_ws/install/ament_mypy:/home/dbot2/ros2_ws/install/ament_lint_cmake:/home/dbot2/ros2_ws/install/ament_flake8:/home/dbot2/ros2_ws/install/ament_copyright:/home/dbot2/ros2_ws/install/ament_lint:/home/dbot2/ros2_ws/install/ament_cpplint:/home/dbot2/ros2_ws/install/ament_cppcheck:/home/dbot2/ros2_ws/install/ament_clang_tidy:/home/dbot2/ros2_ws/install/ament_clang_format:/opt/ros/humble /usr/bin/cmake --install /home/dbot2/dbot_vda5050_ilmatar/build/dbot_custom_msgs
[2.014s] Level 1:colcon.colcon_core.shell:create_environment_hook('dbot_custom_msgs', 'cmake_prefix_path')
[2.014s] INFO:colcon.colcon_core.shell:Creating environment hook '/home/dbot2/dbot_vda5050_ilmatar/install/dbot_custom_msgs/share/dbot_custom_msgs/hook/cmake_prefix_path.ps1'
[2.015s] INFO:colcon.colcon_core.shell:Creating environment descriptor '/home/dbot2/dbot_vda5050_ilmatar/install/dbot_custom_msgs/share/dbot_custom_msgs/hook/cmake_prefix_path.dsv'
[2.015s] INFO:colcon.colcon_core.shell:Creating environment hook '/home/dbot2/dbot_vda5050_ilmatar/install/dbot_custom_msgs/share/dbot_custom_msgs/hook/cmake_prefix_path.sh'
[2.016s] Level 1:colcon.colcon_core.environment:checking '/home/dbot2/dbot_vda5050_ilmatar/install/dbot_custom_msgs/lib'
[2.016s] Level 1:colcon.colcon_core.shell:create_environment_hook('dbot_custom_msgs', 'ld_library_path_lib')
[2.016s] INFO:colcon.colcon_core.shell:Creating environment hook '/home/dbot2/dbot_vda5050_ilmatar/install/dbot_custom_msgs/share/dbot_custom_msgs/hook/ld_library_path_lib.ps1'
[2.017s] INFO:colcon.colcon_core.shell:Creating environment descriptor '/home/dbot2/dbot_vda5050_ilmatar/install/dbot_custom_msgs/share/dbot_custom_msgs/hook/ld_library_path_lib.dsv'
[2.017s] INFO:colcon.colcon_core.shell:Creating environment hook '/home/dbot2/dbot_vda5050_ilmatar/install/dbot_custom_msgs/share/dbot_custom_msgs/hook/ld_library_path_lib.sh'
[2.017s] Level 1:colcon.colcon_core.environment:checking '/home/dbot2/dbot_vda5050_ilmatar/install/dbot_custom_msgs/bin'
[2.018s] Level 1:colcon.colcon_core.environment:checking '/home/dbot2/dbot_vda5050_ilmatar/install/dbot_custom_msgs/lib/pkgconfig/dbot_custom_msgs.pc'
[2.018s] Level 1:colcon.colcon_core.environment:checking '/home/dbot2/dbot_vda5050_ilmatar/install/dbot_custom_msgs/lib/python3.10/site-packages'
[2.018s] Level 1:colcon.colcon_core.environment:checking '/home/dbot2/dbot_vda5050_ilmatar/install/dbot_custom_msgs/bin'
[2.018s] INFO:colcon.colcon_core.shell:Creating package script '/home/dbot2/dbot_vda5050_ilmatar/install/dbot_custom_msgs/share/dbot_custom_msgs/package.ps1'
[2.020s] INFO:colcon.colcon_core.shell:Creating package descriptor '/home/dbot2/dbot_vda5050_ilmatar/install/dbot_custom_msgs/share/dbot_custom_msgs/package.dsv'
[2.020s] INFO:colcon.colcon_core.shell:Creating package script '/home/dbot2/dbot_vda5050_ilmatar/install/dbot_custom_msgs/share/dbot_custom_msgs/package.sh'
[2.021s] INFO:colcon.colcon_core.shell:Creating package script '/home/dbot2/dbot_vda5050_ilmatar/install/dbot_custom_msgs/share/dbot_custom_msgs/package.bash'
[2.021s] INFO:colcon.colcon_core.shell:Creating package script '/home/dbot2/dbot_vda5050_ilmatar/install/dbot_custom_msgs/share/dbot_custom_msgs/package.zsh'
[2.022s] Level 1:colcon.colcon_core.environment:create_file_with_runtime_dependencies(/home/dbot2/dbot_vda5050_ilmatar/install/dbot_custom_msgs/share/colcon-core/packages/dbot_custom_msgs)
[2.023s] Level 1:colcon.colcon_core.environment:create_environment_scripts_only(dbot_custom_msgs)
[2.023s] Level 1:colcon.colcon_core.environment:checking '/home/dbot2/dbot_vda5050_ilmatar/install/dbot_custom_msgs' for CMake module files
[2.025s] Level 1:colcon.colcon_core.environment:checking '/home/dbot2/dbot_vda5050_ilmatar/install/dbot_custom_msgs' for CMake config files
[2.025s] Level 1:colcon.colcon_core.shell:create_environment_hook('dbot_custom_msgs', 'cmake_prefix_path')
[2.025s] INFO:colcon.colcon_core.shell:Creating environment hook '/home/dbot2/dbot_vda5050_ilmatar/install/dbot_custom_msgs/share/dbot_custom_msgs/hook/cmake_prefix_path.ps1'
[2.026s] INFO:colcon.colcon_core.shell:Creating environment descriptor '/home/dbot2/dbot_vda5050_ilmatar/install/dbot_custom_msgs/share/dbot_custom_msgs/hook/cmake_prefix_path.dsv'
[2.027s] INFO:colcon.colcon_core.shell:Creating environment hook '/home/dbot2/dbot_vda5050_ilmatar/install/dbot_custom_msgs/share/dbot_custom_msgs/hook/cmake_prefix_path.sh'
[2.027s] Level 1:colcon.colcon_core.environment:checking '/home/dbot2/dbot_vda5050_ilmatar/install/dbot_custom_msgs/lib'
[2.028s] Level 1:colcon.colcon_core.shell:create_environment_hook('dbot_custom_msgs', 'ld_library_path_lib')
[2.028s] INFO:colcon.colcon_core.shell:Creating environment hook '/home/dbot2/dbot_vda5050_ilmatar/install/dbot_custom_msgs/share/dbot_custom_msgs/hook/ld_library_path_lib.ps1'
[2.029s] INFO:colcon.colcon_core.shell:Creating environment descriptor '/home/dbot2/dbot_vda5050_ilmatar/install/dbot_custom_msgs/share/dbot_custom_msgs/hook/ld_library_path_lib.dsv'
[2.029s] INFO:colcon.colcon_core.shell:Creating environment hook '/home/dbot2/dbot_vda5050_ilmatar/install/dbot_custom_msgs/share/dbot_custom_msgs/hook/ld_library_path_lib.sh'
[2.030s] Level 1:colcon.colcon_core.environment:checking '/home/dbot2/dbot_vda5050_ilmatar/install/dbot_custom_msgs/bin'
[2.030s] Level 1:colcon.colcon_core.environment:checking '/home/dbot2/dbot_vda5050_ilmatar/install/dbot_custom_msgs/lib/pkgconfig/dbot_custom_msgs.pc'
[2.030s] Level 1:colcon.colcon_core.environment:checking '/home/dbot2/dbot_vda5050_ilmatar/install/dbot_custom_msgs/lib/python3.10/site-packages'
[2.030s] Level 1:colcon.colcon_core.environment:checking '/home/dbot2/dbot_vda5050_ilmatar/install/dbot_custom_msgs/bin'
[2.031s] INFO:colcon.colcon_core.shell:Creating package script '/home/dbot2/dbot_vda5050_ilmatar/install/dbot_custom_msgs/share/dbot_custom_msgs/package.ps1'
[2.032s] INFO:colcon.colcon_core.shell:Creating package descriptor '/home/dbot2/dbot_vda5050_ilmatar/install/dbot_custom_msgs/share/dbot_custom_msgs/package.dsv'
[2.033s] INFO:colcon.colcon_core.shell:Creating package script '/home/dbot2/dbot_vda5050_ilmatar/install/dbot_custom_msgs/share/dbot_custom_msgs/package.sh'
[2.033s] INFO:colcon.colcon_core.shell:Creating package script '/home/dbot2/dbot_vda5050_ilmatar/install/dbot_custom_msgs/share/dbot_custom_msgs/package.bash'
[2.033s] INFO:colcon.colcon_core.shell:Creating package script '/home/dbot2/dbot_vda5050_ilmatar/install/dbot_custom_msgs/share/dbot_custom_msgs/package.zsh'
[2.034s] Level 1:colcon.colcon_core.environment:create_file_with_runtime_dependencies(/home/dbot2/dbot_vda5050_ilmatar/install/dbot_custom_msgs/share/colcon-core/packages/dbot_custom_msgs)
[2.034s] INFO:colcon.colcon_ros.task.ament_cmake.build:Building ROS package in '/home/dbot2/dbot_vda5050_ilmatar/src/ros2_odometry_estimation' with build type 'ament_cmake'
[2.034s] INFO:colcon.colcon_cmake.task.cmake.build:Building CMake package in '/home/dbot2/dbot_vda5050_ilmatar/src/ros2_odometry_estimation'
[2.035s] INFO:colcon.colcon_core.shell:Skip shell extension 'powershell' for command environment: Not usable outside of PowerShell
[2.035s] DEBUG:colcon.colcon_core.shell:Skip shell extension 'dsv' for command environment
[2.049s] DEBUG:colcon.colcon_core.event_handler.log_command:Invoking command in '/home/dbot2/dbot_vda5050_ilmatar/build/vda_dbot_nav_slam': CMAKE_PREFIX_PATH=${CMAKE_PREFIX_PATH}:/home/dbot2/dbot_vda5050_ilmatar/install/vda5050_tb3_adapter:/home/dbot2/dbot_vda5050_ilmatar/install/tf2_dbot:/home/dbot2/dbot_vda5050_ilmatar/install/odom_motion_model:/home/dbot2/dbot_vda5050_ilmatar/install/motor_driver:/home/dbot2/dbot_vda5050_ilmatar/install/joycontrol:/home/dbot2/dbot_vda5050_ilmatar/install/gesturecontrol:/home/dbot2/dbot_vda5050_ilmatar/install/dbot_bridge:/home/dbot2/dbot_vda5050_ilmatar/install/dbot:/home/dbot2/dbot_src/install/tf2_dbot:/home/dbot2/dbot_src/install/odom_motion_model:/home/dbot2/dbot_src/install/motor_driver:/home/dbot2/dbot_src/install/joycontrol:/home/dbot2/dbot_src/install/dbot:/home/dbot2/dbot_remote/install/pcd_joy_trigger:/home/dbot2/circus_demo/install/circus_demo:/home/dbot2/ros2_ws/install/tf2_dbot:/home/dbot2/ros2_ws/install/odom_motion_model:/home/dbot2/ros2_ws/install/motor_driver:/home/dbot2/ros2_ws/install/joycontrol:/home/dbot2/ros2_ws/install/gesturecontrol:/home/dbot2/ros2_ws/install/dbot_bridge:/home/dbot2/ros2_ws/install/dbot:/home/dbot2/ros2_ws/install/ament_xmllint:/home/dbot2/ros2_ws/install/ament_uncrustify:/home/dbot2/ros2_ws/install/ament_pyflakes:/home/dbot2/ros2_ws/install/ament_pycodestyle:/home/dbot2/ros2_ws/install/ament_pep257:/home/dbot2/ros2_ws/install/ament_pclint:/home/dbot2/ros2_ws/install/ament_mypy:/home/dbot2/ros2_ws/install/ament_lint_cmake:/home/dbot2/ros2_ws/install/ament_flake8:/home/dbot2/ros2_ws/install/ament_copyright:/home/dbot2/ros2_ws/install/ament_lint:/home/dbot2/ros2_ws/install/ament_cpplint:/home/dbot2/ros2_ws/install/ament_cppcheck:/home/dbot2/ros2_ws/install/ament_clang_tidy:/home/dbot2/ros2_ws/install/ament_clang_format:/opt/ros/humble /usr/bin/cmake --build /home/dbot2/dbot_vda5050_ilmatar/build/vda_dbot_nav_slam -- -j8 -l8
[2.053s] DEBUG:colcon.colcon_core.event_handler.log_command:Invoking command in '/home/dbot2/dbot_vda5050_ilmatar/build/odometry_estimator': CMAKE_PREFIX_PATH=/home/dbot2/dbot_vda5050_ilmatar/install/dbot_custom_msgs:/home/dbot2/dbot_vda5050_ilmatar/install/vda_dbot_nav_slam:/home/dbot2/dbot_vda5050_ilmatar/install/vda5050_connector:/home/dbot2/dbot_vda5050_ilmatar/install/vda5050_msgs:/home/dbot2/dbot_vda5050_ilmatar/install/odometry_estimator:/home/dbot2/dbot_vda5050_ilmatar/install/dbot_nav_slam:/home/dbot2/dbot_src/install/odometry_estimator:/home/dbot2/dbot_src/install/dbot_custom_msgs:/home/dbot2/dbot_remote/install/pointcloud_saver:/home/dbot2/circus_demo/install/pcl_localization_ros2:/home/dbot2/circus_demo/install/ndt_omp_ros2:/home/dbot2/ros2_ws/install/odometry_estimator:/home/dbot2/ros2_ws/install/dbot_nav_slam:/home/dbot2/ros2_ws/install/dbot_custom_msgs:/home/dbot2/ros2_ws/install/ament_lint_common:/home/dbot2/ros2_ws/install/ament_cmake_xmllint:/home/dbot2/ros2_ws/install/ament_cmake_uncrustify:/home/dbot2/ros2_ws/install/ament_cmake_pyflakes:/home/dbot2/ros2_ws/install/ament_cmake_pycodestyle:/home/dbot2/ros2_ws/install/ament_cmake_pep257:/home/dbot2/ros2_ws/install/ament_cmake_pclint:/home/dbot2/ros2_ws/install/ament_cmake_mypy:/home/dbot2/ros2_ws/install/ament_cmake_lint_cmake:/home/dbot2/ros2_ws/install/ament_lint_auto:/home/dbot2/ros2_ws/install/ament_cmake_flake8:/home/dbot2/ros2_ws/install/ament_cmake_copyright:/home/dbot2/ros2_ws/install/ament_cmake_cpplint:/home/dbot2/ros2_ws/install/ament_cmake_cppcheck:/home/dbot2/ros2_ws/install/ament_cmake_clang_tidy:/home/dbot2/ros2_ws/install/ament_cmake_clang_format:/home/dbot2/dbot_vda5050_ilmatar/install/vda5050_tb3_adapter:/home/dbot2/dbot_vda5050_ilmatar/install/tf2_dbot:/home/dbot2/dbot_vda5050_ilmatar/install/odom_motion_model:/home/dbot2/dbot_vda5050_ilmatar/install/motor_driver:/home/dbot2/dbot_vda5050_ilmatar/install/joycontrol:/home/dbot2/dbot_vda5050_ilmatar/install/gesturecontrol:/home/dbot2/dbot_vda5050_ilmatar/install/dbot_bridge:/home/dbot2/dbot_vda5050_ilmatar/install/dbot:/home/dbot2/dbot_src/install/tf2_dbot:/home/dbot2/dbot_src/install/odom_motion_model:/home/dbot2/dbot_src/install/motor_driver:/home/dbot2/dbot_src/install/joycontrol:/home/dbot2/dbot_src/install/dbot:/home/dbot2/dbot_remote/install/pcd_joy_trigger:/home/dbot2/circus_demo/install/circus_demo:/home/dbot2/ros2_ws/install/tf2_dbot:/home/dbot2/ros2_ws/install/odom_motion_model:/home/dbot2/ros2_ws/install/motor_driver:/home/dbot2/ros2_ws/install/joycontrol:/home/dbot2/ros2_ws/install/gesturecontrol:/home/dbot2/ros2_ws/install/dbot_bridge:/home/dbot2/ros2_ws/install/dbot:/home/dbot2/ros2_ws/install/ament_xmllint:/home/dbot2/ros2_ws/install/ament_uncrustify:/home/dbot2/ros2_ws/install/ament_pyflakes:/home/dbot2/ros2_ws/install/ament_pycodestyle:/home/dbot2/ros2_ws/install/ament_pep257:/home/dbot2/ros2_ws/install/ament_pclint:/home/dbot2/ros2_ws/install/ament_mypy:/home/dbot2/ros2_ws/install/ament_lint_cmake:/home/dbot2/ros2_ws/install/ament_flake8:/home/dbot2/ros2_ws/install/ament_copyright:/home/dbot2/ros2_ws/install/ament_lint:/home/dbot2/ros2_ws/install/ament_cpplint:/home/dbot2/ros2_ws/install/ament_cppcheck:/home/dbot2/ros2_ws/install/ament_clang_tidy:/home/dbot2/ros2_ws/install/ament_clang_format:/opt/ros/humble LD_LIBRARY_PATH=/home/dbot2/dbot_vda5050_ilmatar/install/dbot_custom_msgs/lib:/home/dbot2/dbot_vda5050_ilmatar/install/vda5050_connector/lib:/home/dbot2/dbot_vda5050_ilmatar/install/vda5050_msgs/lib:/home/dbot2/dbot_src/install/dbot_custom_msgs/lib:/home/dbot2/circus_demo/install/pcl_localization_ros2/lib:/home/dbot2/ros2_ws/install/dbot_custom_msgs/lib:/opt/ros/humble/opt/rviz_ogre_vendor/lib:/opt/ros/humble/lib/x86_64-linux-gnu:/opt/ros/humble/lib /usr/bin/cmake --build /home/dbot2/dbot_vda5050_ilmatar/build/odometry_estimator -- -j8 -l8
[2.162s] Level 1:colcon.colcon_core.environment:create_environment_scripts_only(vda5050_msgs)
[2.163s] Level 1:colcon.colcon_core.environment:checking '/home/dbot2/dbot_vda5050_ilmatar/install/vda5050_msgs' for CMake module files
[2.164s] DEBUG:colcon.colcon_core.event_handler.log_command:Invoked command in '/home/dbot2/dbot_vda5050_ilmatar/build/vda5050_msgs' returned '0': CMAKE_PREFIX_PATH=${CMAKE_PREFIX_PATH}:/home/dbot2/dbot_vda5050_ilmatar/install/vda5050_tb3_adapter:/home/dbot2/dbot_vda5050_ilmatar/install/tf2_dbot:/home/dbot2/dbot_vda5050_ilmatar/install/odom_motion_model:/home/dbot2/dbot_vda5050_ilmatar/install/motor_driver:/home/dbot2/dbot_vda5050_ilmatar/install/joycontrol:/home/dbot2/dbot_vda5050_ilmatar/install/gesturecontrol:/home/dbot2/dbot_vda5050_ilmatar/install/dbot_bridge:/home/dbot2/dbot_vda5050_ilmatar/install/dbot:/home/dbot2/dbot_src/install/tf2_dbot:/home/dbot2/dbot_src/install/odom_motion_model:/home/dbot2/dbot_src/install/motor_driver:/home/dbot2/dbot_src/install/joycontrol:/home/dbot2/dbot_src/install/dbot:/home/dbot2/dbot_remote/install/pcd_joy_trigger:/home/dbot2/circus_demo/install/circus_demo:/home/dbot2/ros2_ws/install/tf2_dbot:/home/dbot2/ros2_ws/install/odom_motion_model:/home/dbot2/ros2_ws/install/motor_driver:/home/dbot2/ros2_ws/install/joycontrol:/home/dbot2/ros2_ws/install/gesturecontrol:/home/dbot2/ros2_ws/install/dbot_bridge:/home/dbot2/ros2_ws/install/dbot:/home/dbot2/ros2_ws/install/ament_xmllint:/home/dbot2/ros2_ws/install/ament_uncrustify:/home/dbot2/ros2_ws/install/ament_pyflakes:/home/dbot2/ros2_ws/install/ament_pycodestyle:/home/dbot2/ros2_ws/install/ament_pep257:/home/dbot2/ros2_ws/install/ament_pclint:/home/dbot2/ros2_ws/install/ament_mypy:/home/dbot2/ros2_ws/install/ament_lint_cmake:/home/dbot2/ros2_ws/install/ament_flake8:/home/dbot2/ros2_ws/install/ament_copyright:/home/dbot2/ros2_ws/install/ament_lint:/home/dbot2/ros2_ws/install/ament_cpplint:/home/dbot2/ros2_ws/install/ament_cppcheck:/home/dbot2/ros2_ws/install/ament_clang_tidy:/home/dbot2/ros2_ws/install/ament_clang_format:/opt/ros/humble /usr/bin/cmake --install /home/dbot2/dbot_vda5050_ilmatar/build/vda5050_msgs
[2.164s] Level 1:colcon.colcon_core.environment:checking '/home/dbot2/dbot_vda5050_ilmatar/install/vda5050_msgs' for CMake config files
[2.168s] Level 1:colcon.colcon_core.shell:create_environment_hook('vda5050_msgs', 'cmake_prefix_path')
[2.169s] INFO:colcon.colcon_core.shell:Creating environment hook '/home/dbot2/dbot_vda5050_ilmatar/install/vda5050_msgs/share/vda5050_msgs/hook/cmake_prefix_path.ps1'
[2.169s] INFO:colcon.colcon_core.shell:Creating environment descriptor '/home/dbot2/dbot_vda5050_ilmatar/install/vda5050_msgs/share/vda5050_msgs/hook/cmake_prefix_path.dsv'
[2.169s] INFO:colcon.colcon_core.shell:Creating environment hook '/home/dbot2/dbot_vda5050_ilmatar/install/vda5050_msgs/share/vda5050_msgs/hook/cmake_prefix_path.sh'
[2.170s] Level 1:colcon.colcon_core.environment:checking '/home/dbot2/dbot_vda5050_ilmatar/install/vda5050_msgs/lib'
[2.170s] Level 1:colcon.colcon_core.shell:create_environment_hook('vda5050_msgs', 'ld_library_path_lib')
[2.170s] INFO:colcon.colcon_core.shell:Creating environment hook '/home/dbot2/dbot_vda5050_ilmatar/install/vda5050_msgs/share/vda5050_msgs/hook/ld_library_path_lib.ps1'
[2.171s] INFO:colcon.colcon_core.shell:Creating environment descriptor '/home/dbot2/dbot_vda5050_ilmatar/install/vda5050_msgs/share/vda5050_msgs/hook/ld_library_path_lib.dsv'
[2.171s] INFO:colcon.colcon_core.shell:Creating environment hook '/home/dbot2/dbot_vda5050_ilmatar/install/vda5050_msgs/share/vda5050_msgs/hook/ld_library_path_lib.sh'
[2.171s] Level 1:colcon.colcon_core.environment:checking '/home/dbot2/dbot_vda5050_ilmatar/install/vda5050_msgs/bin'
[2.172s] Level 1:colcon.colcon_core.environment:checking '/home/dbot2/dbot_vda5050_ilmatar/install/vda5050_msgs/lib/pkgconfig/vda5050_msgs.pc'
[2.172s] Level 1:colcon.colcon_core.environment:checking '/home/dbot2/dbot_vda5050_ilmatar/install/vda5050_msgs/lib/python3.10/site-packages'
[2.172s] Level 1:colcon.colcon_core.environment:checking '/home/dbot2/dbot_vda5050_ilmatar/install/vda5050_msgs/bin'
[2.172s] INFO:colcon.colcon_core.shell:Creating package script '/home/dbot2/dbot_vda5050_ilmatar/install/vda5050_msgs/share/vda5050_msgs/package.ps1'
[2.173s] INFO:colcon.colcon_core.shell:Creating package descriptor '/home/dbot2/dbot_vda5050_ilmatar/install/vda5050_msgs/share/vda5050_msgs/package.dsv'
[2.174s] INFO:colcon.colcon_core.shell:Creating package script '/home/dbot2/dbot_vda5050_ilmatar/install/vda5050_msgs/share/vda5050_msgs/package.sh'
[2.174s] INFO:colcon.colcon_core.shell:Creating package script '/home/dbot2/dbot_vda5050_ilmatar/install/vda5050_msgs/share/vda5050_msgs/package.bash'
[2.174s] INFO:colcon.colcon_core.shell:Creating package script '/home/dbot2/dbot_vda5050_ilmatar/install/vda5050_msgs/share/vda5050_msgs/package.zsh'
[2.175s] Level 1:colcon.colcon_core.environment:create_file_with_runtime_dependencies(/home/dbot2/dbot_vda5050_ilmatar/install/vda5050_msgs/share/colcon-core/packages/vda5050_msgs)
[2.175s] Level 1:colcon.colcon_core.environment:create_environment_scripts_only(vda5050_msgs)
[2.176s] Level 1:colcon.colcon_core.environment:checking '/home/dbot2/dbot_vda5050_ilmatar/install/vda5050_msgs' for CMake module files
[2.176s] Level 1:colcon.colcon_core.environment:checking '/home/dbot2/dbot_vda5050_ilmatar/install/vda5050_msgs' for CMake config files
[2.180s] Level 1:colcon.colcon_core.shell:create_environment_hook('vda5050_msgs', 'cmake_prefix_path')
[2.180s] INFO:colcon.colcon_core.shell:Creating environment hook '/home/dbot2/dbot_vda5050_ilmatar/install/vda5050_msgs/share/vda5050_msgs/hook/cmake_prefix_path.ps1'
[2.181s] INFO:colcon.colcon_core.shell:Creating environment descriptor '/home/dbot2/dbot_vda5050_ilmatar/install/vda5050_msgs/share/vda5050_msgs/hook/cmake_prefix_path.dsv'
[2.182s] INFO:colcon.colcon_core.shell:Creating environment hook '/home/dbot2/dbot_vda5050_ilmatar/install/vda5050_msgs/share/vda5050_msgs/hook/cmake_prefix_path.sh'
[2.182s] Level 1:colcon.colcon_core.environment:checking '/home/dbot2/dbot_vda5050_ilmatar/install/vda5050_msgs/lib'
[2.182s] Level 1:colcon.colcon_core.shell:create_environment_hook('vda5050_msgs', 'ld_library_path_lib')
[2.183s] INFO:colcon.colcon_core.shell:Creating environment hook '/home/dbot2/dbot_vda5050_ilmatar/install/vda5050_msgs/share/vda5050_msgs/hook/ld_library_path_lib.ps1'
[2.183s] INFO:colcon.colcon_core.shell:Creating environment descriptor '/home/dbot2/dbot_vda5050_ilmatar/install/vda5050_msgs/share/vda5050_msgs/hook/ld_library_path_lib.dsv'
[2.183s] INFO:colcon.colcon_core.shell:Creating environment hook '/home/dbot2/dbot_vda5050_ilmatar/install/vda5050_msgs/share/vda5050_msgs/hook/ld_library_path_lib.sh'
[2.184s] Level 1:colcon.colcon_core.environment:checking '/home/dbot2/dbot_vda5050_ilmatar/install/vda5050_msgs/bin'
[2.184s] Level 1:colcon.colcon_core.environment:checking '/home/dbot2/dbot_vda5050_ilmatar/install/vda5050_msgs/lib/pkgconfig/vda5050_msgs.pc'
[2.184s] Level 1:colcon.colcon_core.environment:checking '/home/dbot2/dbot_vda5050_ilmatar/install/vda5050_msgs/lib/python3.10/site-packages'
[2.184s] Level 1:colcon.colcon_core.environment:checking '/home/dbot2/dbot_vda5050_ilmatar/install/vda5050_msgs/bin'
[2.184s] INFO:colcon.colcon_core.shell:Creating package script '/home/dbot2/dbot_vda5050_ilmatar/install/vda5050_msgs/share/vda5050_msgs/package.ps1'
[2.185s] INFO:colcon.colcon_core.shell:Creating package descriptor '/home/dbot2/dbot_vda5050_ilmatar/install/vda5050_msgs/share/vda5050_msgs/package.dsv'
[2.186s] INFO:colcon.colcon_core.shell:Creating package script '/home/dbot2/dbot_vda5050_ilmatar/install/vda5050_msgs/share/vda5050_msgs/package.sh'
[2.186s] INFO:colcon.colcon_core.shell:Creating package script '/home/dbot2/dbot_vda5050_ilmatar/install/vda5050_msgs/share/vda5050_msgs/package.bash'
[2.187s] INFO:colcon.colcon_core.shell:Creating package script '/home/dbot2/dbot_vda5050_ilmatar/install/vda5050_msgs/share/vda5050_msgs/package.zsh'
[2.187s] Level 1:colcon.colcon_core.environment:create_file_with_runtime_dependencies(/home/dbot2/dbot_vda5050_ilmatar/install/vda5050_msgs/share/colcon-core/packages/vda5050_msgs)
[2.188s] INFO:colcon.colcon_ros.task.ament_cmake.build:Building ROS package in '/home/dbot2/dbot_vda5050_ilmatar/src/vda5050_connector' with build type 'ament_cmake'
[2.188s] INFO:colcon.colcon_cmake.task.cmake.build:Building CMake package in '/home/dbot2/dbot_vda5050_ilmatar/src/vda5050_connector'
[2.188s] INFO:colcon.colcon_core.shell:Skip shell extension 'powershell' for command environment: Not usable outside of PowerShell
[2.188s] DEBUG:colcon.colcon_core.shell:Skip shell extension 'dsv' for command environment
[2.201s] DEBUG:colcon.colcon_core.event_handler.log_command:Invoked command in '/home/dbot2/dbot_vda5050_ilmatar/build/odometry_estimator' returned '0': CMAKE_PREFIX_PATH=/home/dbot2/dbot_vda5050_ilmatar/install/dbot_custom_msgs:/home/dbot2/dbot_vda5050_ilmatar/install/vda_dbot_nav_slam:/home/dbot2/dbot_vda5050_ilmatar/install/vda5050_connector:/home/dbot2/dbot_vda5050_ilmatar/install/vda5050_msgs:/home/dbot2/dbot_vda5050_ilmatar/install/odometry_estimator:/home/dbot2/dbot_vda5050_ilmatar/install/dbot_nav_slam:/home/dbot2/dbot_src/install/odometry_estimator:/home/dbot2/dbot_src/install/dbot_custom_msgs:/home/dbot2/dbot_remote/install/pointcloud_saver:/home/dbot2/circus_demo/install/pcl_localization_ros2:/home/dbot2/circus_demo/install/ndt_omp_ros2:/home/dbot2/ros2_ws/install/odometry_estimator:/home/dbot2/ros2_ws/install/dbot_nav_slam:/home/dbot2/ros2_ws/install/dbot_custom_msgs:/home/dbot2/ros2_ws/install/ament_lint_common:/home/dbot2/ros2_ws/install/ament_cmake_xmllint:/home/dbot2/ros2_ws/install/ament_cmake_uncrustify:/home/dbot2/ros2_ws/install/ament_cmake_pyflakes:/home/dbot2/ros2_ws/install/ament_cmake_pycodestyle:/home/dbot2/ros2_ws/install/ament_cmake_pep257:/home/dbot2/ros2_ws/install/ament_cmake_pclint:/home/dbot2/ros2_ws/install/ament_cmake_mypy:/home/dbot2/ros2_ws/install/ament_cmake_lint_cmake:/home/dbot2/ros2_ws/install/ament_lint_auto:/home/dbot2/ros2_ws/install/ament_cmake_flake8:/home/dbot2/ros2_ws/install/ament_cmake_copyright:/home/dbot2/ros2_ws/install/ament_cmake_cpplint:/home/dbot2/ros2_ws/install/ament_cmake_cppcheck:/home/dbot2/ros2_ws/install/ament_cmake_clang_tidy:/home/dbot2/ros2_ws/install/ament_cmake_clang_format:/home/dbot2/dbot_vda5050_ilmatar/install/vda5050_tb3_adapter:/home/dbot2/dbot_vda5050_ilmatar/install/tf2_dbot:/home/dbot2/dbot_vda5050_ilmatar/install/odom_motion_model:/home/dbot2/dbot_vda5050_ilmatar/install/motor_driver:/home/dbot2/dbot_vda5050_ilmatar/install/joycontrol:/home/dbot2/dbot_vda5050_ilmatar/install/gesturecontrol:/home/dbot2/dbot_vda5050_ilmatar/install/dbot_bridge:/home/dbot2/dbot_vda5050_ilmatar/install/dbot:/home/dbot2/dbot_src/install/tf2_dbot:/home/dbot2/dbot_src/install/odom_motion_model:/home/dbot2/dbot_src/install/motor_driver:/home/dbot2/dbot_src/install/joycontrol:/home/dbot2/dbot_src/install/dbot:/home/dbot2/dbot_remote/install/pcd_joy_trigger:/home/dbot2/circus_demo/install/circus_demo:/home/dbot2/ros2_ws/install/tf2_dbot:/home/dbot2/ros2_ws/install/odom_motion_model:/home/dbot2/ros2_ws/install/motor_driver:/home/dbot2/ros2_ws/install/joycontrol:/home/dbot2/ros2_ws/install/gesturecontrol:/home/dbot2/ros2_ws/install/dbot_bridge:/home/dbot2/ros2_ws/install/dbot:/home/dbot2/ros2_ws/install/ament_xmllint:/home/dbot2/ros2_ws/install/ament_uncrustify:/home/dbot2/ros2_ws/install/ament_pyflakes:/home/dbot2/ros2_ws/install/ament_pycodestyle:/home/dbot2/ros2_ws/install/ament_pep257:/home/dbot2/ros2_ws/install/ament_pclint:/home/dbot2/ros2_ws/install/ament_mypy:/home/dbot2/ros2_ws/install/ament_lint_cmake:/home/dbot2/ros2_ws/install/ament_flake8:/home/dbot2/ros2_ws/install/ament_copyright:/home/dbot2/ros2_ws/install/ament_lint:/home/dbot2/ros2_ws/install/ament_cpplint:/home/dbot2/ros2_ws/install/ament_cppcheck:/home/dbot2/ros2_ws/install/ament_clang_tidy:/home/dbot2/ros2_ws/install/ament_clang_format:/opt/ros/humble LD_LIBRARY_PATH=/home/dbot2/dbot_vda5050_ilmatar/install/dbot_custom_msgs/lib:/home/dbot2/dbot_vda5050_ilmatar/install/vda5050_connector/lib:/home/dbot2/dbot_vda5050_ilmatar/install/vda5050_msgs/lib:/home/dbot2/dbot_src/install/dbot_custom_msgs/lib:/home/dbot2/circus_demo/install/pcl_localization_ros2/lib:/home/dbot2/ros2_ws/install/dbot_custom_msgs/lib:/opt/ros/humble/opt/rviz_ogre_vendor/lib:/opt/ros/humble/lib/x86_64-linux-gnu:/opt/ros/humble/lib /usr/bin/cmake --build /home/dbot2/dbot_vda5050_ilmatar/build/odometry_estimator -- -j8 -l8
[2.203s] DEBUG:colcon.colcon_core.event_handler.log_command:Invoking command in '/home/dbot2/dbot_vda5050_ilmatar/build/odometry_estimator': CMAKE_PREFIX_PATH=/home/dbot2/dbot_vda5050_ilmatar/install/dbot_custom_msgs:/home/dbot2/dbot_vda5050_ilmatar/install/vda_dbot_nav_slam:/home/dbot2/dbot_vda5050_ilmatar/install/vda5050_connector:/home/dbot2/dbot_vda5050_ilmatar/install/vda5050_msgs:/home/dbot2/dbot_vda5050_ilmatar/install/odometry_estimator:/home/dbot2/dbot_vda5050_ilmatar/install/dbot_nav_slam:/home/dbot2/dbot_src/install/odometry_estimator:/home/dbot2/dbot_src/install/dbot_custom_msgs:/home/dbot2/dbot_remote/install/pointcloud_saver:/home/dbot2/circus_demo/install/pcl_localization_ros2:/home/dbot2/circus_demo/install/ndt_omp_ros2:/home/dbot2/ros2_ws/install/odometry_estimator:/home/dbot2/ros2_ws/install/dbot_nav_slam:/home/dbot2/ros2_ws/install/dbot_custom_msgs:/home/dbot2/ros2_ws/install/ament_lint_common:/home/dbot2/ros2_ws/install/ament_cmake_xmllint:/home/dbot2/ros2_ws/install/ament_cmake_uncrustify:/home/dbot2/ros2_ws/install/ament_cmake_pyflakes:/home/dbot2/ros2_ws/install/ament_cmake_pycodestyle:/home/dbot2/ros2_ws/install/ament_cmake_pep257:/home/dbot2/ros2_ws/install/ament_cmake_pclint:/home/dbot2/ros2_ws/install/ament_cmake_mypy:/home/dbot2/ros2_ws/install/ament_cmake_lint_cmake:/home/dbot2/ros2_ws/install/ament_lint_auto:/home/dbot2/ros2_ws/install/ament_cmake_flake8:/home/dbot2/ros2_ws/install/ament_cmake_copyright:/home/dbot2/ros2_ws/install/ament_cmake_cpplint:/home/dbot2/ros2_ws/install/ament_cmake_cppcheck:/home/dbot2/ros2_ws/install/ament_cmake_clang_tidy:/home/dbot2/ros2_ws/install/ament_cmake_clang_format:/home/dbot2/dbot_vda5050_ilmatar/install/vda5050_tb3_adapter:/home/dbot2/dbot_vda5050_ilmatar/install/tf2_dbot:/home/dbot2/dbot_vda5050_ilmatar/install/odom_motion_model:/home/dbot2/dbot_vda5050_ilmatar/install/motor_driver:/home/dbot2/dbot_vda5050_ilmatar/install/joycontrol:/home/dbot2/dbot_vda5050_ilmatar/install/gesturecontrol:/home/dbot2/dbot_vda5050_ilmatar/install/dbot_bridge:/home/dbot2/dbot_vda5050_ilmatar/install/dbot:/home/dbot2/dbot_src/install/tf2_dbot:/home/dbot2/dbot_src/install/odom_motion_model:/home/dbot2/dbot_src/install/motor_driver:/home/dbot2/dbot_src/install/joycontrol:/home/dbot2/dbot_src/install/dbot:/home/dbot2/dbot_remote/install/pcd_joy_trigger:/home/dbot2/circus_demo/install/circus_demo:/home/dbot2/ros2_ws/install/tf2_dbot:/home/dbot2/ros2_ws/install/odom_motion_model:/home/dbot2/ros2_ws/install/motor_driver:/home/dbot2/ros2_ws/install/joycontrol:/home/dbot2/ros2_ws/install/gesturecontrol:/home/dbot2/ros2_ws/install/dbot_bridge:/home/dbot2/ros2_ws/install/dbot:/home/dbot2/ros2_ws/install/ament_xmllint:/home/dbot2/ros2_ws/install/ament_uncrustify:/home/dbot2/ros2_ws/install/ament_pyflakes:/home/dbot2/ros2_ws/install/ament_pycodestyle:/home/dbot2/ros2_ws/install/ament_pep257:/home/dbot2/ros2_ws/install/ament_pclint:/home/dbot2/ros2_ws/install/ament_mypy:/home/dbot2/ros2_ws/install/ament_lint_cmake:/home/dbot2/ros2_ws/install/ament_flake8:/home/dbot2/ros2_ws/install/ament_copyright:/home/dbot2/ros2_ws/install/ament_lint:/home/dbot2/ros2_ws/install/ament_cpplint:/home/dbot2/ros2_ws/install/ament_cppcheck:/home/dbot2/ros2_ws/install/ament_clang_tidy:/home/dbot2/ros2_ws/install/ament_clang_format:/opt/ros/humble LD_LIBRARY_PATH=/home/dbot2/dbot_vda5050_ilmatar/install/dbot_custom_msgs/lib:/home/dbot2/dbot_vda5050_ilmatar/install/vda5050_connector/lib:/home/dbot2/dbot_vda5050_ilmatar/install/vda5050_msgs/lib:/home/dbot2/dbot_src/install/dbot_custom_msgs/lib:/home/dbot2/circus_demo/install/pcl_localization_ros2/lib:/home/dbot2/ros2_ws/install/dbot_custom_msgs/lib:/opt/ros/humble/opt/rviz_ogre_vendor/lib:/opt/ros/humble/lib/x86_64-linux-gnu:/opt/ros/humble/lib /usr/bin/cmake --install /home/dbot2/dbot_vda5050_ilmatar/build/odometry_estimator
[2.210s] DEBUG:colcon.colcon_core.event_handler.log_command:Invoking command in '/home/dbot2/dbot_vda5050_ilmatar/build/vda5050_connector': CMAKE_PREFIX_PATH=/home/dbot2/dbot_vda5050_ilmatar/install/vda5050_msgs:/home/dbot2/dbot_vda5050_ilmatar/install/vda_dbot_nav_slam:/home/dbot2/dbot_vda5050_ilmatar/install/vda5050_connector:/home/dbot2/dbot_vda5050_ilmatar/install/odometry_estimator:/home/dbot2/dbot_vda5050_ilmatar/install/dbot_nav_slam:/home/dbot2/dbot_vda5050_ilmatar/install/dbot_custom_msgs:/home/dbot2/dbot_src/install/odometry_estimator:/home/dbot2/dbot_src/install/dbot_custom_msgs:/home/dbot2/dbot_remote/install/pointcloud_saver:/home/dbot2/circus_demo/install/pcl_localization_ros2:/home/dbot2/circus_demo/install/ndt_omp_ros2:/home/dbot2/ros2_ws/install/odometry_estimator:/home/dbot2/ros2_ws/install/dbot_nav_slam:/home/dbot2/ros2_ws/install/dbot_custom_msgs:/home/dbot2/ros2_ws/install/ament_lint_common:/home/dbot2/ros2_ws/install/ament_cmake_xmllint:/home/dbot2/ros2_ws/install/ament_cmake_uncrustify:/home/dbot2/ros2_ws/install/ament_cmake_pyflakes:/home/dbot2/ros2_ws/install/ament_cmake_pycodestyle:/home/dbot2/ros2_ws/install/ament_cmake_pep257:/home/dbot2/ros2_ws/install/ament_cmake_pclint:/home/dbot2/ros2_ws/install/ament_cmake_mypy:/home/dbot2/ros2_ws/install/ament_cmake_lint_cmake:/home/dbot2/ros2_ws/install/ament_lint_auto:/home/dbot2/ros2_ws/install/ament_cmake_flake8:/home/dbot2/ros2_ws/install/ament_cmake_copyright:/home/dbot2/ros2_ws/install/ament_cmake_cpplint:/home/dbot2/ros2_ws/install/ament_cmake_cppcheck:/home/dbot2/ros2_ws/install/ament_cmake_clang_tidy:/home/dbot2/ros2_ws/install/ament_cmake_clang_format:/home/dbot2/dbot_vda5050_ilmatar/install/vda5050_tb3_adapter:/home/dbot2/dbot_vda5050_ilmatar/install/tf2_dbot:/home/dbot2/dbot_vda5050_ilmatar/install/odom_motion_model:/home/dbot2/dbot_vda5050_ilmatar/install/motor_driver:/home/dbot2/dbot_vda5050_ilmatar/install/joycontrol:/home/dbot2/dbot_vda5050_ilmatar/install/gesturecontrol:/home/dbot2/dbot_vda5050_ilmatar/install/dbot_bridge:/home/dbot2/dbot_vda5050_ilmatar/install/dbot:/home/dbot2/dbot_src/install/tf2_dbot:/home/dbot2/dbot_src/install/odom_motion_model:/home/dbot2/dbot_src/install/motor_driver:/home/dbot2/dbot_src/install/joycontrol:/home/dbot2/dbot_src/install/dbot:/home/dbot2/dbot_remote/install/pcd_joy_trigger:/home/dbot2/circus_demo/install/circus_demo:/home/dbot2/ros2_ws/install/tf2_dbot:/home/dbot2/ros2_ws/install/odom_motion_model:/home/dbot2/ros2_ws/install/motor_driver:/home/dbot2/ros2_ws/install/joycontrol:/home/dbot2/ros2_ws/install/gesturecontrol:/home/dbot2/ros2_ws/install/dbot_bridge:/home/dbot2/ros2_ws/install/dbot:/home/dbot2/ros2_ws/install/ament_xmllint:/home/dbot2/ros2_ws/install/ament_uncrustify:/home/dbot2/ros2_ws/install/ament_pyflakes:/home/dbot2/ros2_ws/install/ament_pycodestyle:/home/dbot2/ros2_ws/install/ament_pep257:/home/dbot2/ros2_ws/install/ament_pclint:/home/dbot2/ros2_ws/install/ament_mypy:/home/dbot2/ros2_ws/install/ament_lint_cmake:/home/dbot2/ros2_ws/install/ament_flake8:/home/dbot2/ros2_ws/install/ament_copyright:/home/dbot2/ros2_ws/install/ament_lint:/home/dbot2/ros2_ws/install/ament_cpplint:/home/dbot2/ros2_ws/install/ament_cppcheck:/home/dbot2/ros2_ws/install/ament_clang_tidy:/home/dbot2/ros2_ws/install/ament_clang_format:/opt/ros/humble LD_LIBRARY_PATH=/home/dbot2/dbot_vda5050_ilmatar/install/vda5050_msgs/lib:/home/dbot2/dbot_vda5050_ilmatar/install/vda5050_connector/lib:/home/dbot2/dbot_vda5050_ilmatar/install/dbot_custom_msgs/lib:/home/dbot2/dbot_src/install/dbot_custom_msgs/lib:/home/dbot2/circus_demo/install/pcl_localization_ros2/lib:/home/dbot2/ros2_ws/install/dbot_custom_msgs/lib:/opt/ros/humble/opt/rviz_ogre_vendor/lib:/opt/ros/humble/lib/x86_64-linux-gnu:/opt/ros/humble/lib /usr/bin/cmake --build /home/dbot2/dbot_vda5050_ilmatar/build/vda5050_connector -- -j8 -l8
[2.228s] Level 1:colcon.colcon_core.environment:create_environment_scripts_only(odometry_estimator)
[2.228s] Level 1:colcon.colcon_core.environment:checking '/home/dbot2/dbot_vda5050_ilmatar/install/odometry_estimator' for CMake module files
[2.229s] DEBUG:colcon.colcon_core.event_handler.log_command:Invoked command in '/home/dbot2/dbot_vda5050_ilmatar/build/odometry_estimator' returned '0': CMAKE_PREFIX_PATH=/home/dbot2/dbot_vda5050_ilmatar/install/dbot_custom_msgs:/home/dbot2/dbot_vda5050_ilmatar/install/vda_dbot_nav_slam:/home/dbot2/dbot_vda5050_ilmatar/install/vda5050_connector:/home/dbot2/dbot_vda5050_ilmatar/install/vda5050_msgs:/home/dbot2/dbot_vda5050_ilmatar/install/odometry_estimator:/home/dbot2/dbot_vda5050_ilmatar/install/dbot_nav_slam:/home/dbot2/dbot_src/install/odometry_estimator:/home/dbot2/dbot_src/install/dbot_custom_msgs:/home/dbot2/dbot_remote/install/pointcloud_saver:/home/dbot2/circus_demo/install/pcl_localization_ros2:/home/dbot2/circus_demo/install/ndt_omp_ros2:/home/dbot2/ros2_ws/install/odometry_estimator:/home/dbot2/ros2_ws/install/dbot_nav_slam:/home/dbot2/ros2_ws/install/dbot_custom_msgs:/home/dbot2/ros2_ws/install/ament_lint_common:/home/dbot2/ros2_ws/install/ament_cmake_xmllint:/home/dbot2/ros2_ws/install/ament_cmake_uncrustify:/home/dbot2/ros2_ws/install/ament_cmake_pyflakes:/home/dbot2/ros2_ws/install/ament_cmake_pycodestyle:/home/dbot2/ros2_ws/install/ament_cmake_pep257:/home/dbot2/ros2_ws/install/ament_cmake_pclint:/home/dbot2/ros2_ws/install/ament_cmake_mypy:/home/dbot2/ros2_ws/install/ament_cmake_lint_cmake:/home/dbot2/ros2_ws/install/ament_lint_auto:/home/dbot2/ros2_ws/install/ament_cmake_flake8:/home/dbot2/ros2_ws/install/ament_cmake_copyright:/home/dbot2/ros2_ws/install/ament_cmake_cpplint:/home/dbot2/ros2_ws/install/ament_cmake_cppcheck:/home/dbot2/ros2_ws/install/ament_cmake_clang_tidy:/home/dbot2/ros2_ws/install/ament_cmake_clang_format:/home/dbot2/dbot_vda5050_ilmatar/install/vda5050_tb3_adapter:/home/dbot2/dbot_vda5050_ilmatar/install/tf2_dbot:/home/dbot2/dbot_vda5050_ilmatar/install/odom_motion_model:/home/dbot2/dbot_vda5050_ilmatar/install/motor_driver:/home/dbot2/dbot_vda5050_ilmatar/install/joycontrol:/home/dbot2/dbot_vda5050_ilmatar/install/gesturecontrol:/home/dbot2/dbot_vda5050_ilmatar/install/dbot_bridge:/home/dbot2/dbot_vda5050_ilmatar/install/dbot:/home/dbot2/dbot_src/install/tf2_dbot:/home/dbot2/dbot_src/install/odom_motion_model:/home/dbot2/dbot_src/install/motor_driver:/home/dbot2/dbot_src/install/joycontrol:/home/dbot2/dbot_src/install/dbot:/home/dbot2/dbot_remote/install/pcd_joy_trigger:/home/dbot2/circus_demo/install/circus_demo:/home/dbot2/ros2_ws/install/tf2_dbot:/home/dbot2/ros2_ws/install/odom_motion_model:/home/dbot2/ros2_ws/install/motor_driver:/home/dbot2/ros2_ws/install/joycontrol:/home/dbot2/ros2_ws/install/gesturecontrol:/home/dbot2/ros2_ws/install/dbot_bridge:/home/dbot2/ros2_ws/install/dbot:/home/dbot2/ros2_ws/install/ament_xmllint:/home/dbot2/ros2_ws/install/ament_uncrustify:/home/dbot2/ros2_ws/install/ament_pyflakes:/home/dbot2/ros2_ws/install/ament_pycodestyle:/home/dbot2/ros2_ws/install/ament_pep257:/home/dbot2/ros2_ws/install/ament_pclint:/home/dbot2/ros2_ws/install/ament_mypy:/home/dbot2/ros2_ws/install/ament_lint_cmake:/home/dbot2/ros2_ws/install/ament_flake8:/home/dbot2/ros2_ws/install/ament_copyright:/home/dbot2/ros2_ws/install/ament_lint:/home/dbot2/ros2_ws/install/ament_cpplint:/home/dbot2/ros2_ws/install/ament_cppcheck:/home/dbot2/ros2_ws/install/ament_clang_tidy:/home/dbot2/ros2_ws/install/ament_clang_format:/opt/ros/humble LD_LIBRARY_PATH=/home/dbot2/dbot_vda5050_ilmatar/install/dbot_custom_msgs/lib:/home/dbot2/dbot_vda5050_ilmatar/install/vda5050_connector/lib:/home/dbot2/dbot_vda5050_ilmatar/install/vda5050_msgs/lib:/home/dbot2/dbot_src/install/dbot_custom_msgs/lib:/home/dbot2/circus_demo/install/pcl_localization_ros2/lib:/home/dbot2/ros2_ws/install/dbot_custom_msgs/lib:/opt/ros/humble/opt/rviz_ogre_vendor/lib:/opt/ros/humble/lib/x86_64-linux-gnu:/opt/ros/humble/lib /usr/bin/cmake --install /home/dbot2/dbot_vda5050_ilmatar/build/odometry_estimator
[2.229s] Level 1:colcon.colcon_core.environment:checking '/home/dbot2/dbot_vda5050_ilmatar/install/odometry_estimator' for CMake config files
[2.229s] Level 1:colcon.colcon_core.shell:create_environment_hook('odometry_estimator', 'cmake_prefix_path')
[2.229s] INFO:colcon.colcon_core.shell:Creating environment hook '/home/dbot2/dbot_vda5050_ilmatar/install/odometry_estimator/share/odometry_estimator/hook/cmake_prefix_path.ps1'
[2.230s] INFO:colcon.colcon_core.shell:Creating environment descriptor '/home/dbot2/dbot_vda5050_ilmatar/install/odometry_estimator/share/odometry_estimator/hook/cmake_prefix_path.dsv'
[2.230s] INFO:colcon.colcon_core.shell:Creating environment hook '/home/dbot2/dbot_vda5050_ilmatar/install/odometry_estimator/share/odometry_estimator/hook/cmake_prefix_path.sh'
[2.230s] Level 1:colcon.colcon_core.environment:checking '/home/dbot2/dbot_vda5050_ilmatar/install/odometry_estimator/lib'
[2.230s] Level 1:colcon.colcon_core.environment:checking '/home/dbot2/dbot_vda5050_ilmatar/install/odometry_estimator/bin'
[2.230s] Level 1:colcon.colcon_core.environment:checking '/home/dbot2/dbot_vda5050_ilmatar/install/odometry_estimator/lib/pkgconfig/odometry_estimator.pc'
[2.231s] Level 1:colcon.colcon_core.environment:checking '/home/dbot2/dbot_vda5050_ilmatar/install/odometry_estimator/lib/python3.10/site-packages'
[2.231s] Level 1:colcon.colcon_core.environment:checking '/home/dbot2/dbot_vda5050_ilmatar/install/odometry_estimator/bin'
[2.231s] INFO:colcon.colcon_core.shell:Creating package script '/home/dbot2/dbot_vda5050_ilmatar/install/odometry_estimator/share/odometry_estimator/package.ps1'
[2.231s] INFO:colcon.colcon_core.shell:Creating package descriptor '/home/dbot2/dbot_vda5050_ilmatar/install/odometry_estimator/share/odometry_estimator/package.dsv'
[2.232s] INFO:colcon.colcon_core.shell:Creating package script '/home/dbot2/dbot_vda5050_ilmatar/install/odometry_estimator/share/odometry_estimator/package.sh'
[2.232s] INFO:colcon.colcon_core.shell:Creating package script '/home/dbot2/dbot_vda5050_ilmatar/install/odometry_estimator/share/odometry_estimator/package.bash'
[2.232s] INFO:colcon.colcon_core.shell:Creating package script '/home/dbot2/dbot_vda5050_ilmatar/install/odometry_estimator/share/odometry_estimator/package.zsh'
[2.232s] Level 1:colcon.colcon_core.environment:create_file_with_runtime_dependencies(/home/dbot2/dbot_vda5050_ilmatar/install/odometry_estimator/share/colcon-core/packages/odometry_estimator)
[2.233s] Level 1:colcon.colcon_core.environment:create_environment_scripts_only(odometry_estimator)
[2.233s] Level 1:colcon.colcon_core.environment:checking '/home/dbot2/dbot_vda5050_ilmatar/install/odometry_estimator' for CMake module files
[2.234s] Level 1:colcon.colcon_core.environment:checking '/home/dbot2/dbot_vda5050_ilmatar/install/odometry_estimator' for CMake config files
[2.234s] Level 1:colcon.colcon_core.shell:create_environment_hook('odometry_estimator', 'cmake_prefix_path')
[2.234s] INFO:colcon.colcon_core.shell:Creating environment hook '/home/dbot2/dbot_vda5050_ilmatar/install/odometry_estimator/share/odometry_estimator/hook/cmake_prefix_path.ps1'
[2.234s] INFO:colcon.colcon_core.shell:Creating environment descriptor '/home/dbot2/dbot_vda5050_ilmatar/install/odometry_estimator/share/odometry_estimator/hook/cmake_prefix_path.dsv'
[2.235s] INFO:colcon.colcon_core.shell:Creating environment hook '/home/dbot2/dbot_vda5050_ilmatar/install/odometry_estimator/share/odometry_estimator/hook/cmake_prefix_path.sh'
[2.235s] Level 1:colcon.colcon_core.environment:checking '/home/dbot2/dbot_vda5050_ilmatar/install/odometry_estimator/lib'
[2.235s] Level 1:colcon.colcon_core.environment:checking '/home/dbot2/dbot_vda5050_ilmatar/install/odometry_estimator/bin'
[2.235s] Level 1:colcon.colcon_core.environment:checking '/home/dbot2/dbot_vda5050_ilmatar/install/odometry_estimator/lib/pkgconfig/odometry_estimator.pc'
[2.235s] Level 1:colcon.colcon_core.environment:checking '/home/dbot2/dbot_vda5050_ilmatar/install/odometry_estimator/lib/python3.10/site-packages'
[2.235s] Level 1:colcon.colcon_core.environment:checking '/home/dbot2/dbot_vda5050_ilmatar/install/odometry_estimator/bin'
[2.236s] INFO:colcon.colcon_core.shell:Creating package script '/home/dbot2/dbot_vda5050_ilmatar/install/odometry_estimator/share/odometry_estimator/package.ps1'
[2.236s] INFO:colcon.colcon_core.shell:Creating package descriptor '/home/dbot2/dbot_vda5050_ilmatar/install/odometry_estimator/share/odometry_estimator/package.dsv'
[2.236s] INFO:colcon.colcon_core.shell:Creating package script '/home/dbot2/dbot_vda5050_ilmatar/install/odometry_estimator/share/odometry_estimator/package.sh'
[2.237s] INFO:colcon.colcon_core.shell:Creating package script '/home/dbot2/dbot_vda5050_ilmatar/install/odometry_estimator/share/odometry_estimator/package.bash'
[2.237s] INFO:colcon.colcon_core.shell:Creating package script '/home/dbot2/dbot_vda5050_ilmatar/install/odometry_estimator/share/odometry_estimator/package.zsh'
[2.238s] Level 1:colcon.colcon_core.environment:create_file_with_runtime_dependencies(/home/dbot2/dbot_vda5050_ilmatar/install/odometry_estimator/share/colcon-core/packages/odometry_estimator)
[2.238s] INFO:colcon.colcon_ros.task.ament_python.build:Building ROS package in '/home/dbot2/dbot_vda5050_ilmatar/src/motor_driver' with build type 'ament_python'
[2.238s] Level 1:colcon.colcon_core.shell:create_environment_hook('motor_driver', 'ament_prefix_path')
[2.238s] INFO:colcon.colcon_core.shell:Creating environment hook '/home/dbot2/dbot_vda5050_ilmatar/install/motor_driver/share/motor_driver/hook/ament_prefix_path.ps1'
[2.239s] INFO:colcon.colcon_core.shell:Creating environment descriptor '/home/dbot2/dbot_vda5050_ilmatar/install/motor_driver/share/motor_driver/hook/ament_prefix_path.dsv'
[2.239s] INFO:colcon.colcon_core.shell:Creating environment hook '/home/dbot2/dbot_vda5050_ilmatar/install/motor_driver/share/motor_driver/hook/ament_prefix_path.sh'
[2.240s] INFO:colcon.colcon_core.shell:Skip shell extension 'powershell' for command environment: Not usable outside of PowerShell
[2.240s] DEBUG:colcon.colcon_core.shell:Skip shell extension 'dsv' for command environment
[2.676s] INFO:colcon.colcon_core.task.python.build:Building Python package in '/home/dbot2/dbot_vda5050_ilmatar/src/motor_driver'
[2.676s] INFO:colcon.colcon_core.shell:Skip shell extension 'powershell' for command environment: Not usable outside of PowerShell
[2.676s] DEBUG:colcon.colcon_core.shell:Skip shell extension 'dsv' for command environment
[2.690s] DEBUG:colcon.colcon_core.event_handler.log_command:Invoking command in '/home/dbot2/dbot_vda5050_ilmatar/src/dbot': PYTHONPATH=/home/dbot2/dbot_vda5050_ilmatar/build/dbot/prefix_override:/usr/lib/python3/dist-packages/colcon_core/task/python/colcon_distutils_commands:/home/dbot2/dbot_vda5050_ilmatar/install/dbot/lib/python3.10/site-packages:${PYTHONPATH} /usr/bin/python3 -W ignore:setup.py install is deprecated -W ignore:easy_install command is deprecated setup.py egg_info --egg-base ../../build/dbot build --build-base /home/dbot2/dbot_vda5050_ilmatar/build/dbot/build install --record /home/dbot2/dbot_vda5050_ilmatar/build/dbot/install.log --single-version-externally-managed install_data
[2.693s] DEBUG:colcon.colcon_core.event_handler.log_command:Invoking command in '/home/dbot2/dbot_vda5050_ilmatar/src/gesturecontrol': PYTHONPATH=/home/dbot2/dbot_vda5050_ilmatar/build/gesturecontrol/prefix_override:/usr/lib/python3/dist-packages/colcon_core/task/python/colcon_distutils_commands:/home/dbot2/dbot_vda5050_ilmatar/install/gesturecontrol/lib/python3.10/site-packages:${PYTHONPATH} /usr/bin/python3 -W ignore:setup.py install is deprecated -W ignore:easy_install command is deprecated setup.py egg_info --egg-base ../../build/gesturecontrol build --build-base /home/dbot2/dbot_vda5050_ilmatar/build/gesturecontrol/build install --record /home/dbot2/dbot_vda5050_ilmatar/build/gesturecontrol/install.log --single-version-externally-managed install_data
[2.702s] DEBUG:colcon.colcon_core.event_handler.log_command:Invoking command in '/home/dbot2/dbot_vda5050_ilmatar/src/dbot_bridge': PYTHONPATH=/home/dbot2/dbot_vda5050_ilmatar/build/dbot_bridge/prefix_override:/usr/lib/python3/dist-packages/colcon_core/task/python/colcon_distutils_commands:/home/dbot2/dbot_vda5050_ilmatar/install/dbot_bridge/lib/python3.10/site-packages:${PYTHONPATH} /usr/bin/python3 -W ignore:setup.py install is deprecated -W ignore:easy_install command is deprecated setup.py egg_info --egg-base ../../build/dbot_bridge build --build-base /home/dbot2/dbot_vda5050_ilmatar/build/dbot_bridge/build install --record /home/dbot2/dbot_vda5050_ilmatar/build/dbot_bridge/install.log --single-version-externally-managed install_data
[2.703s] DEBUG:colcon.colcon_core.event_handler.log_command:Invoking command in '/home/dbot2/dbot_vda5050_ilmatar/src/tf2_dbot': PYTHONPATH=/home/dbot2/dbot_vda5050_ilmatar/build/tf2_dbot/prefix_override:/usr/lib/python3/dist-packages/colcon_core/task/python/colcon_distutils_commands:/home/dbot2/dbot_vda5050_ilmatar/install/tf2_dbot/lib/python3.10/site-packages:${PYTHONPATH} /usr/bin/python3 -W ignore:setup.py install is deprecated -W ignore:easy_install command is deprecated setup.py egg_info --egg-base ../../build/tf2_dbot build --build-base /home/dbot2/dbot_vda5050_ilmatar/build/tf2_dbot/build install --record /home/dbot2/dbot_vda5050_ilmatar/build/tf2_dbot/install.log --single-version-externally-managed install_data
[2.703s] DEBUG:colcon.colcon_core.event_handler.log_command:Invoking command in '/home/dbot2/dbot_vda5050_ilmatar/src/joycontrol': PYTHONPATH=/home/dbot2/dbot_vda5050_ilmatar/build/joycontrol/prefix_override:/usr/lib/python3/dist-packages/colcon_core/task/python/colcon_distutils_commands:/home/dbot2/dbot_vda5050_ilmatar/install/joycontrol/lib/python3.10/site-packages:${PYTHONPATH} /usr/bin/python3 -W ignore:setup.py install is deprecated -W ignore:easy_install command is deprecated setup.py egg_info --egg-base ../../build/joycontrol build --build-base /home/dbot2/dbot_vda5050_ilmatar/build/joycontrol/build install --record /home/dbot2/dbot_vda5050_ilmatar/build/joycontrol/install.log --single-version-externally-managed install_data
[2.703s] DEBUG:colcon.colcon_core.event_handler.log_command:Invoked command in '/home/dbot2/dbot_vda5050_ilmatar/build/vda_dbot_nav_slam' returned '0': CMAKE_PREFIX_PATH=${CMAKE_PREFIX_PATH}:/home/dbot2/dbot_vda5050_ilmatar/install/vda5050_tb3_adapter:/home/dbot2/dbot_vda5050_ilmatar/install/tf2_dbot:/home/dbot2/dbot_vda5050_ilmatar/install/odom_motion_model:/home/dbot2/dbot_vda5050_ilmatar/install/motor_driver:/home/dbot2/dbot_vda5050_ilmatar/install/joycontrol:/home/dbot2/dbot_vda5050_ilmatar/install/gesturecontrol:/home/dbot2/dbot_vda5050_ilmatar/install/dbot_bridge:/home/dbot2/dbot_vda5050_ilmatar/install/dbot:/home/dbot2/dbot_src/install/tf2_dbot:/home/dbot2/dbot_src/install/odom_motion_model:/home/dbot2/dbot_src/install/motor_driver:/home/dbot2/dbot_src/install/joycontrol:/home/dbot2/dbot_src/install/dbot:/home/dbot2/dbot_remote/install/pcd_joy_trigger:/home/dbot2/circus_demo/install/circus_demo:/home/dbot2/ros2_ws/install/tf2_dbot:/home/dbot2/ros2_ws/install/odom_motion_model:/home/dbot2/ros2_ws/install/motor_driver:/home/dbot2/ros2_ws/install/joycontrol:/home/dbot2/ros2_ws/install/gesturecontrol:/home/dbot2/ros2_ws/install/dbot_bridge:/home/dbot2/ros2_ws/install/dbot:/home/dbot2/ros2_ws/install/ament_xmllint:/home/dbot2/ros2_ws/install/ament_uncrustify:/home/dbot2/ros2_ws/install/ament_pyflakes:/home/dbot2/ros2_ws/install/ament_pycodestyle:/home/dbot2/ros2_ws/install/ament_pep257:/home/dbot2/ros2_ws/install/ament_pclint:/home/dbot2/ros2_ws/install/ament_mypy:/home/dbot2/ros2_ws/install/ament_lint_cmake:/home/dbot2/ros2_ws/install/ament_flake8:/home/dbot2/ros2_ws/install/ament_copyright:/home/dbot2/ros2_ws/install/ament_lint:/home/dbot2/ros2_ws/install/ament_cpplint:/home/dbot2/ros2_ws/install/ament_cppcheck:/home/dbot2/ros2_ws/install/ament_clang_tidy:/home/dbot2/ros2_ws/install/ament_clang_format:/opt/ros/humble /usr/bin/cmake --build /home/dbot2/dbot_vda5050_ilmatar/build/vda_dbot_nav_slam -- -j8 -l8
[2.705s] DEBUG:colcon.colcon_core.event_handler.log_command:Invoking command in '/home/dbot2/dbot_vda5050_ilmatar/build/vda_dbot_nav_slam': CMAKE_PREFIX_PATH=${CMAKE_PREFIX_PATH}:/home/dbot2/dbot_vda5050_ilmatar/install/vda5050_tb3_adapter:/home/dbot2/dbot_vda5050_ilmatar/install/tf2_dbot:/home/dbot2/dbot_vda5050_ilmatar/install/odom_motion_model:/home/dbot2/dbot_vda5050_ilmatar/install/motor_driver:/home/dbot2/dbot_vda5050_ilmatar/install/joycontrol:/home/dbot2/dbot_vda5050_ilmatar/install/gesturecontrol:/home/dbot2/dbot_vda5050_ilmatar/install/dbot_bridge:/home/dbot2/dbot_vda5050_ilmatar/install/dbot:/home/dbot2/dbot_src/install/tf2_dbot:/home/dbot2/dbot_src/install/odom_motion_model:/home/dbot2/dbot_src/install/motor_driver:/home/dbot2/dbot_src/install/joycontrol:/home/dbot2/dbot_src/install/dbot:/home/dbot2/dbot_remote/install/pcd_joy_trigger:/home/dbot2/circus_demo/install/circus_demo:/home/dbot2/ros2_ws/install/tf2_dbot:/home/dbot2/ros2_ws/install/odom_motion_model:/home/dbot2/ros2_ws/install/motor_driver:/home/dbot2/ros2_ws/install/joycontrol:/home/dbot2/ros2_ws/install/gesturecontrol:/home/dbot2/ros2_ws/install/dbot_bridge:/home/dbot2/ros2_ws/install/dbot:/home/dbot2/ros2_ws/install/ament_xmllint:/home/dbot2/ros2_ws/install/ament_uncrustify:/home/dbot2/ros2_ws/install/ament_pyflakes:/home/dbot2/ros2_ws/install/ament_pycodestyle:/home/dbot2/ros2_ws/install/ament_pep257:/home/dbot2/ros2_ws/install/ament_pclint:/home/dbot2/ros2_ws/install/ament_mypy:/home/dbot2/ros2_ws/install/ament_lint_cmake:/home/dbot2/ros2_ws/install/ament_flake8:/home/dbot2/ros2_ws/install/ament_copyright:/home/dbot2/ros2_ws/install/ament_lint:/home/dbot2/ros2_ws/install/ament_cpplint:/home/dbot2/ros2_ws/install/ament_cppcheck:/home/dbot2/ros2_ws/install/ament_clang_tidy:/home/dbot2/ros2_ws/install/ament_clang_format:/opt/ros/humble /usr/bin/cmake --install /home/dbot2/dbot_vda5050_ilmatar/build/vda_dbot_nav_slam
[2.794s] DEBUG:colcon.colcon_core.event_handler.log_command:Invoked command in '/home/dbot2/dbot_vda5050_ilmatar/build/vda5050_connector' returned '0': CMAKE_PREFIX_PATH=/home/dbot2/dbot_vda5050_ilmatar/install/vda5050_msgs:/home/dbot2/dbot_vda5050_ilmatar/install/vda_dbot_nav_slam:/home/dbot2/dbot_vda5050_ilmatar/install/vda5050_connector:/home/dbot2/dbot_vda5050_ilmatar/install/odometry_estimator:/home/dbot2/dbot_vda5050_ilmatar/install/dbot_nav_slam:/home/dbot2/dbot_vda5050_ilmatar/install/dbot_custom_msgs:/home/dbot2/dbot_src/install/odometry_estimator:/home/dbot2/dbot_src/install/dbot_custom_msgs:/home/dbot2/dbot_remote/install/pointcloud_saver:/home/dbot2/circus_demo/install/pcl_localization_ros2:/home/dbot2/circus_demo/install/ndt_omp_ros2:/home/dbot2/ros2_ws/install/odometry_estimator:/home/dbot2/ros2_ws/install/dbot_nav_slam:/home/dbot2/ros2_ws/install/dbot_custom_msgs:/home/dbot2/ros2_ws/install/ament_lint_common:/home/dbot2/ros2_ws/install/ament_cmake_xmllint:/home/dbot2/ros2_ws/install/ament_cmake_uncrustify:/home/dbot2/ros2_ws/install/ament_cmake_pyflakes:/home/dbot2/ros2_ws/install/ament_cmake_pycodestyle:/home/dbot2/ros2_ws/install/ament_cmake_pep257:/home/dbot2/ros2_ws/install/ament_cmake_pclint:/home/dbot2/ros2_ws/install/ament_cmake_mypy:/home/dbot2/ros2_ws/install/ament_cmake_lint_cmake:/home/dbot2/ros2_ws/install/ament_lint_auto:/home/dbot2/ros2_ws/install/ament_cmake_flake8:/home/dbot2/ros2_ws/install/ament_cmake_copyright:/home/dbot2/ros2_ws/install/ament_cmake_cpplint:/home/dbot2/ros2_ws/install/ament_cmake_cppcheck:/home/dbot2/ros2_ws/install/ament_cmake_clang_tidy:/home/dbot2/ros2_ws/install/ament_cmake_clang_format:/home/dbot2/dbot_vda5050_ilmatar/install/vda5050_tb3_adapter:/home/dbot2/dbot_vda5050_ilmatar/install/tf2_dbot:/home/dbot2/dbot_vda5050_ilmatar/install/odom_motion_model:/home/dbot2/dbot_vda5050_ilmatar/install/motor_driver:/home/dbot2/dbot_vda5050_ilmatar/install/joycontrol:/home/dbot2/dbot_vda5050_ilmatar/install/gesturecontrol:/home/dbot2/dbot_vda5050_ilmatar/install/dbot_bridge:/home/dbot2/dbot_vda5050_ilmatar/install/dbot:/home/dbot2/dbot_src/install/tf2_dbot:/home/dbot2/dbot_src/install/odom_motion_model:/home/dbot2/dbot_src/install/motor_driver:/home/dbot2/dbot_src/install/joycontrol:/home/dbot2/dbot_src/install/dbot:/home/dbot2/dbot_remote/install/pcd_joy_trigger:/home/dbot2/circus_demo/install/circus_demo:/home/dbot2/ros2_ws/install/tf2_dbot:/home/dbot2/ros2_ws/install/odom_motion_model:/home/dbot2/ros2_ws/install/motor_driver:/home/dbot2/ros2_ws/install/joycontrol:/home/dbot2/ros2_ws/install/gesturecontrol:/home/dbot2/ros2_ws/install/dbot_bridge:/home/dbot2/ros2_ws/install/dbot:/home/dbot2/ros2_ws/install/ament_xmllint:/home/dbot2/ros2_ws/install/ament_uncrustify:/home/dbot2/ros2_ws/install/ament_pyflakes:/home/dbot2/ros2_ws/install/ament_pycodestyle:/home/dbot2/ros2_ws/install/ament_pep257:/home/dbot2/ros2_ws/install/ament_pclint:/home/dbot2/ros2_ws/install/ament_mypy:/home/dbot2/ros2_ws/install/ament_lint_cmake:/home/dbot2/ros2_ws/install/ament_flake8:/home/dbot2/ros2_ws/install/ament_copyright:/home/dbot2/ros2_ws/install/ament_lint:/home/dbot2/ros2_ws/install/ament_cpplint:/home/dbot2/ros2_ws/install/ament_cppcheck:/home/dbot2/ros2_ws/install/ament_clang_tidy:/home/dbot2/ros2_ws/install/ament_clang_format:/opt/ros/humble LD_LIBRARY_PATH=/home/dbot2/dbot_vda5050_ilmatar/install/vda5050_msgs/lib:/home/dbot2/dbot_vda5050_ilmatar/install/vda5050_connector/lib:/home/dbot2/dbot_vda5050_ilmatar/install/dbot_custom_msgs/lib:/home/dbot2/dbot_src/install/dbot_custom_msgs/lib:/home/dbot2/circus_demo/install/pcl_localization_ros2/lib:/home/dbot2/ros2_ws/install/dbot_custom_msgs/lib:/opt/ros/humble/opt/rviz_ogre_vendor/lib:/opt/ros/humble/lib/x86_64-linux-gnu:/opt/ros/humble/lib /usr/bin/cmake --build /home/dbot2/dbot_vda5050_ilmatar/build/vda5050_connector -- -j8 -l8
[2.794s] DEBUG:colcon.colcon_core.event_handler.log_command:Invoking command in '/home/dbot2/dbot_vda5050_ilmatar/build/vda5050_connector': CMAKE_PREFIX_PATH=/home/dbot2/dbot_vda5050_ilmatar/install/vda5050_msgs:/home/dbot2/dbot_vda5050_ilmatar/install/vda_dbot_nav_slam:/home/dbot2/dbot_vda5050_ilmatar/install/vda5050_connector:/home/dbot2/dbot_vda5050_ilmatar/install/odometry_estimator:/home/dbot2/dbot_vda5050_ilmatar/install/dbot_nav_slam:/home/dbot2/dbot_vda5050_ilmatar/install/dbot_custom_msgs:/home/dbot2/dbot_src/install/odometry_estimator:/home/dbot2/dbot_src/install/dbot_custom_msgs:/home/dbot2/dbot_remote/install/pointcloud_saver:/home/dbot2/circus_demo/install/pcl_localization_ros2:/home/dbot2/circus_demo/install/ndt_omp_ros2:/home/dbot2/ros2_ws/install/odometry_estimator:/home/dbot2/ros2_ws/install/dbot_nav_slam:/home/dbot2/ros2_ws/install/dbot_custom_msgs:/home/dbot2/ros2_ws/install/ament_lint_common:/home/dbot2/ros2_ws/install/ament_cmake_xmllint:/home/dbot2/ros2_ws/install/ament_cmake_uncrustify:/home/dbot2/ros2_ws/install/ament_cmake_pyflakes:/home/dbot2/ros2_ws/install/ament_cmake_pycodestyle:/home/dbot2/ros2_ws/install/ament_cmake_pep257:/home/dbot2/ros2_ws/install/ament_cmake_pclint:/home/dbot2/ros2_ws/install/ament_cmake_mypy:/home/dbot2/ros2_ws/install/ament_cmake_lint_cmake:/home/dbot2/ros2_ws/install/ament_lint_auto:/home/dbot2/ros2_ws/install/ament_cmake_flake8:/home/dbot2/ros2_ws/install/ament_cmake_copyright:/home/dbot2/ros2_ws/install/ament_cmake_cpplint:/home/dbot2/ros2_ws/install/ament_cmake_cppcheck:/home/dbot2/ros2_ws/install/ament_cmake_clang_tidy:/home/dbot2/ros2_ws/install/ament_cmake_clang_format:/home/dbot2/dbot_vda5050_ilmatar/install/vda5050_tb3_adapter:/home/dbot2/dbot_vda5050_ilmatar/install/tf2_dbot:/home/dbot2/dbot_vda5050_ilmatar/install/odom_motion_model:/home/dbot2/dbot_vda5050_ilmatar/install/motor_driver:/home/dbot2/dbot_vda5050_ilmatar/install/joycontrol:/home/dbot2/dbot_vda5050_ilmatar/install/gesturecontrol:/home/dbot2/dbot_vda5050_ilmatar/install/dbot_bridge:/home/dbot2/dbot_vda5050_ilmatar/install/dbot:/home/dbot2/dbot_src/install/tf2_dbot:/home/dbot2/dbot_src/install/odom_motion_model:/home/dbot2/dbot_src/install/motor_driver:/home/dbot2/dbot_src/install/joycontrol:/home/dbot2/dbot_src/install/dbot:/home/dbot2/dbot_remote/install/pcd_joy_trigger:/home/dbot2/circus_demo/install/circus_demo:/home/dbot2/ros2_ws/install/tf2_dbot:/home/dbot2/ros2_ws/install/odom_motion_model:/home/dbot2/ros2_ws/install/motor_driver:/home/dbot2/ros2_ws/install/joycontrol:/home/dbot2/ros2_ws/install/gesturecontrol:/home/dbot2/ros2_ws/install/dbot_bridge:/home/dbot2/ros2_ws/install/dbot:/home/dbot2/ros2_ws/install/ament_xmllint:/home/dbot2/ros2_ws/install/ament_uncrustify:/home/dbot2/ros2_ws/install/ament_pyflakes:/home/dbot2/ros2_ws/install/ament_pycodestyle:/home/dbot2/ros2_ws/install/ament_pep257:/home/dbot2/ros2_ws/install/ament_pclint:/home/dbot2/ros2_ws/install/ament_mypy:/home/dbot2/ros2_ws/install/ament_lint_cmake:/home/dbot2/ros2_ws/install/ament_flake8:/home/dbot2/ros2_ws/install/ament_copyright:/home/dbot2/ros2_ws/install/ament_lint:/home/dbot2/ros2_ws/install/ament_cpplint:/home/dbot2/ros2_ws/install/ament_cppcheck:/home/dbot2/ros2_ws/install/ament_clang_tidy:/home/dbot2/ros2_ws/install/ament_clang_format:/opt/ros/humble LD_LIBRARY_PATH=/home/dbot2/dbot_vda5050_ilmatar/install/vda5050_msgs/lib:/home/dbot2/dbot_vda5050_ilmatar/install/vda5050_connector/lib:/home/dbot2/dbot_vda5050_ilmatar/install/dbot_custom_msgs/lib:/home/dbot2/dbot_src/install/dbot_custom_msgs/lib:/home/dbot2/circus_demo/install/pcl_localization_ros2/lib:/home/dbot2/ros2_ws/install/dbot_custom_msgs/lib:/opt/ros/humble/opt/rviz_ogre_vendor/lib:/opt/ros/humble/lib/x86_64-linux-gnu:/opt/ros/humble/lib /usr/bin/cmake --install /home/dbot2/dbot_vda5050_ilmatar/build/vda5050_connector
[2.830s] Level 1:colcon.colcon_core.environment:create_environment_scripts_only(vda_dbot_nav_slam)
[2.830s] DEBUG:colcon.colcon_core.event_handler.log_command:Invoked command in '/home/dbot2/dbot_vda5050_ilmatar/build/vda_dbot_nav_slam' returned '0': CMAKE_PREFIX_PATH=${CMAKE_PREFIX_PATH}:/home/dbot2/dbot_vda5050_ilmatar/install/vda5050_tb3_adapter:/home/dbot2/dbot_vda5050_ilmatar/install/tf2_dbot:/home/dbot2/dbot_vda5050_ilmatar/install/odom_motion_model:/home/dbot2/dbot_vda5050_ilmatar/install/motor_driver:/home/dbot2/dbot_vda5050_ilmatar/install/joycontrol:/home/dbot2/dbot_vda5050_ilmatar/install/gesturecontrol:/home/dbot2/dbot_vda5050_ilmatar/install/dbot_bridge:/home/dbot2/dbot_vda5050_ilmatar/install/dbot:/home/dbot2/dbot_src/install/tf2_dbot:/home/dbot2/dbot_src/install/odom_motion_model:/home/dbot2/dbot_src/install/motor_driver:/home/dbot2/dbot_src/install/joycontrol:/home/dbot2/dbot_src/install/dbot:/home/dbot2/dbot_remote/install/pcd_joy_trigger:/home/dbot2/circus_demo/install/circus_demo:/home/dbot2/ros2_ws/install/tf2_dbot:/home/dbot2/ros2_ws/install/odom_motion_model:/home/dbot2/ros2_ws/install/motor_driver:/home/dbot2/ros2_ws/install/joycontrol:/home/dbot2/ros2_ws/install/gesturecontrol:/home/dbot2/ros2_ws/install/dbot_bridge:/home/dbot2/ros2_ws/install/dbot:/home/dbot2/ros2_ws/install/ament_xmllint:/home/dbot2/ros2_ws/install/ament_uncrustify:/home/dbot2/ros2_ws/install/ament_pyflakes:/home/dbot2/ros2_ws/install/ament_pycodestyle:/home/dbot2/ros2_ws/install/ament_pep257:/home/dbot2/ros2_ws/install/ament_pclint:/home/dbot2/ros2_ws/install/ament_mypy:/home/dbot2/ros2_ws/install/ament_lint_cmake:/home/dbot2/ros2_ws/install/ament_flake8:/home/dbot2/ros2_ws/install/ament_copyright:/home/dbot2/ros2_ws/install/ament_lint:/home/dbot2/ros2_ws/install/ament_cpplint:/home/dbot2/ros2_ws/install/ament_cppcheck:/home/dbot2/ros2_ws/install/ament_clang_tidy:/home/dbot2/ros2_ws/install/ament_clang_format:/opt/ros/humble /usr/bin/cmake --install /home/dbot2/dbot_vda5050_ilmatar/build/vda_dbot_nav_slam
[2.831s] Level 1:colcon.colcon_core.environment:checking '/home/dbot2/dbot_vda5050_ilmatar/install/vda_dbot_nav_slam' for CMake module files
[2.832s] Level 1:colcon.colcon_core.environment:checking '/home/dbot2/dbot_vda5050_ilmatar/install/vda_dbot_nav_slam' for CMake config files
[2.834s] Level 1:colcon.colcon_core.shell:create_environment_hook('vda_dbot_nav_slam', 'cmake_prefix_path')
[2.835s] INFO:colcon.colcon_core.shell:Creating environment hook '/home/dbot2/dbot_vda5050_ilmatar/install/vda_dbot_nav_slam/share/vda_dbot_nav_slam/hook/cmake_prefix_path.ps1'
[2.836s] INFO:colcon.colcon_core.shell:Creating environment descriptor '/home/dbot2/dbot_vda5050_ilmatar/install/vda_dbot_nav_slam/share/vda_dbot_nav_slam/hook/cmake_prefix_path.dsv'
[2.840s] INFO:colcon.colcon_core.shell:Creating environment hook '/home/dbot2/dbot_vda5050_ilmatar/install/vda_dbot_nav_slam/share/vda_dbot_nav_slam/hook/cmake_prefix_path.sh'
[2.841s] Level 1:colcon.colcon_core.environment:checking '/home/dbot2/dbot_vda5050_ilmatar/install/vda_dbot_nav_slam/lib'
[2.841s] Level 1:colcon.colcon_core.environment:checking '/home/dbot2/dbot_vda5050_ilmatar/install/vda_dbot_nav_slam/bin'
[2.841s] Level 1:colcon.colcon_core.environment:checking '/home/dbot2/dbot_vda5050_ilmatar/install/vda_dbot_nav_slam/lib/pkgconfig/vda_dbot_nav_slam.pc'
[2.841s] Level 1:colcon.colcon_core.environment:checking '/home/dbot2/dbot_vda5050_ilmatar/install/vda_dbot_nav_slam/lib/python3.10/site-packages'
[2.841s] Level 1:colcon.colcon_core.environment:checking '/home/dbot2/dbot_vda5050_ilmatar/install/vda_dbot_nav_slam/bin'
[2.842s] INFO:colcon.colcon_core.shell:Creating package script '/home/dbot2/dbot_vda5050_ilmatar/install/vda_dbot_nav_slam/share/vda_dbot_nav_slam/package.ps1'
[2.845s] INFO:colcon.colcon_core.shell:Creating package descriptor '/home/dbot2/dbot_vda5050_ilmatar/install/vda_dbot_nav_slam/share/vda_dbot_nav_slam/package.dsv'
[2.845s] INFO:colcon.colcon_core.shell:Creating package script '/home/dbot2/dbot_vda5050_ilmatar/install/vda_dbot_nav_slam/share/vda_dbot_nav_slam/package.sh'
[2.846s] INFO:colcon.colcon_core.shell:Creating package script '/home/dbot2/dbot_vda5050_ilmatar/install/vda_dbot_nav_slam/share/vda_dbot_nav_slam/package.bash'
[2.846s] INFO:colcon.colcon_core.shell:Creating package script '/home/dbot2/dbot_vda5050_ilmatar/install/vda_dbot_nav_slam/share/vda_dbot_nav_slam/package.zsh'
[2.847s] Level 1:colcon.colcon_core.environment:create_file_with_runtime_dependencies(/home/dbot2/dbot_vda5050_ilmatar/install/vda_dbot_nav_slam/share/colcon-core/packages/vda_dbot_nav_slam)
[2.847s] Level 1:colcon.colcon_core.environment:create_environment_scripts_only(vda_dbot_nav_slam)
[2.848s] Level 1:colcon.colcon_core.environment:checking '/home/dbot2/dbot_vda5050_ilmatar/install/vda_dbot_nav_slam' for CMake module files
[2.848s] Level 1:colcon.colcon_core.environment:checking '/home/dbot2/dbot_vda5050_ilmatar/install/vda_dbot_nav_slam' for CMake config files
[2.849s] Level 1:colcon.colcon_core.shell:create_environment_hook('vda_dbot_nav_slam', 'cmake_prefix_path')
[2.849s] INFO:colcon.colcon_core.shell:Creating environment hook '/home/dbot2/dbot_vda5050_ilmatar/install/vda_dbot_nav_slam/share/vda_dbot_nav_slam/hook/cmake_prefix_path.ps1'
[2.849s] INFO:colcon.colcon_core.shell:Creating environment descriptor '/home/dbot2/dbot_vda5050_ilmatar/install/vda_dbot_nav_slam/share/vda_dbot_nav_slam/hook/cmake_prefix_path.dsv'
[2.850s] INFO:colcon.colcon_core.shell:Creating environment hook '/home/dbot2/dbot_vda5050_ilmatar/install/vda_dbot_nav_slam/share/vda_dbot_nav_slam/hook/cmake_prefix_path.sh'
[2.851s] Level 1:colcon.colcon_core.environment:checking '/home/dbot2/dbot_vda5050_ilmatar/install/vda_dbot_nav_slam/lib'
[2.851s] Level 1:colcon.colcon_core.environment:checking '/home/dbot2/dbot_vda5050_ilmatar/install/vda_dbot_nav_slam/bin'
[2.852s] Level 1:colcon.colcon_core.environment:checking '/home/dbot2/dbot_vda5050_ilmatar/install/vda_dbot_nav_slam/lib/pkgconfig/vda_dbot_nav_slam.pc'
[2.852s] Level 1:colcon.colcon_core.environment:checking '/home/dbot2/dbot_vda5050_ilmatar/install/vda_dbot_nav_slam/lib/python3.10/site-packages'
[2.852s] Level 1:colcon.colcon_core.environment:checking '/home/dbot2/dbot_vda5050_ilmatar/install/vda_dbot_nav_slam/bin'
[2.853s] INFO:colcon.colcon_core.shell:Creating package script '/home/dbot2/dbot_vda5050_ilmatar/install/vda_dbot_nav_slam/share/vda_dbot_nav_slam/package.ps1'
[2.853s] INFO:colcon.colcon_core.shell:Creating package descriptor '/home/dbot2/dbot_vda5050_ilmatar/install/vda_dbot_nav_slam/share/vda_dbot_nav_slam/package.dsv'
[2.854s] INFO:colcon.colcon_core.shell:Creating package script '/home/dbot2/dbot_vda5050_ilmatar/install/vda_dbot_nav_slam/share/vda_dbot_nav_slam/package.sh'
[2.854s] INFO:colcon.colcon_core.shell:Creating package script '/home/dbot2/dbot_vda5050_ilmatar/install/vda_dbot_nav_slam/share/vda_dbot_nav_slam/package.bash'
[2.855s] INFO:colcon.colcon_core.shell:Creating package script '/home/dbot2/dbot_vda5050_ilmatar/install/vda_dbot_nav_slam/share/vda_dbot_nav_slam/package.zsh'
[2.855s] Level 1:colcon.colcon_core.environment:create_file_with_runtime_dependencies(/home/dbot2/dbot_vda5050_ilmatar/install/vda_dbot_nav_slam/share/colcon-core/packages/vda_dbot_nav_slam)
[2.855s] INFO:colcon.colcon_ros.task.ament_python.build:Building ROS package in '/home/dbot2/dbot_vda5050_ilmatar/src/odom_motion_model' with build type 'ament_python'
[2.856s] Level 1:colcon.colcon_core.shell:create_environment_hook('odom_motion_model', 'ament_prefix_path')
[2.856s] INFO:colcon.colcon_core.shell:Creating environment hook '/home/dbot2/dbot_vda5050_ilmatar/install/odom_motion_model/share/odom_motion_model/hook/ament_prefix_path.ps1'
[2.856s] INFO:colcon.colcon_core.shell:Creating environment descriptor '/home/dbot2/dbot_vda5050_ilmatar/install/odom_motion_model/share/odom_motion_model/hook/ament_prefix_path.dsv'
[2.857s] INFO:colcon.colcon_core.shell:Creating environment hook '/home/dbot2/dbot_vda5050_ilmatar/install/odom_motion_model/share/odom_motion_model/hook/ament_prefix_path.sh'
[2.857s] INFO:colcon.colcon_core.shell:Skip shell extension 'powershell' for command environment: Not usable outside of PowerShell
[2.857s] DEBUG:colcon.colcon_core.shell:Skip shell extension 'dsv' for command environment
[3.268s] INFO:colcon.colcon_core.task.python.build:Building Python package in '/home/dbot2/dbot_vda5050_ilmatar/src/odom_motion_model'
[3.268s] INFO:colcon.colcon_core.shell:Skip shell extension 'powershell' for command environment: Not usable outside of PowerShell
[3.268s] DEBUG:colcon.colcon_core.shell:Skip shell extension 'dsv' for command environment
[3.275s] Level 1:colcon.colcon_core.environment:create_environment_scripts_only(vda5050_connector)
[3.275s] Level 1:colcon.colcon_core.environment:checking '/home/dbot2/dbot_vda5050_ilmatar/install/vda5050_connector' for CMake module files
[3.275s] DEBUG:colcon.colcon_core.event_handler.log_command:Invoked command in '/home/dbot2/dbot_vda5050_ilmatar/build/vda5050_connector' returned '0': CMAKE_PREFIX_PATH=/home/dbot2/dbot_vda5050_ilmatar/install/vda5050_msgs:/home/dbot2/dbot_vda5050_ilmatar/install/vda_dbot_nav_slam:/home/dbot2/dbot_vda5050_ilmatar/install/vda5050_connector:/home/dbot2/dbot_vda5050_ilmatar/install/odometry_estimator:/home/dbot2/dbot_vda5050_ilmatar/install/dbot_nav_slam:/home/dbot2/dbot_vda5050_ilmatar/install/dbot_custom_msgs:/home/dbot2/dbot_src/install/odometry_estimator:/home/dbot2/dbot_src/install/dbot_custom_msgs:/home/dbot2/dbot_remote/install/pointcloud_saver:/home/dbot2/circus_demo/install/pcl_localization_ros2:/home/dbot2/circus_demo/install/ndt_omp_ros2:/home/dbot2/ros2_ws/install/odometry_estimator:/home/dbot2/ros2_ws/install/dbot_nav_slam:/home/dbot2/ros2_ws/install/dbot_custom_msgs:/home/dbot2/ros2_ws/install/ament_lint_common:/home/dbot2/ros2_ws/install/ament_cmake_xmllint:/home/dbot2/ros2_ws/install/ament_cmake_uncrustify:/home/dbot2/ros2_ws/install/ament_cmake_pyflakes:/home/dbot2/ros2_ws/install/ament_cmake_pycodestyle:/home/dbot2/ros2_ws/install/ament_cmake_pep257:/home/dbot2/ros2_ws/install/ament_cmake_pclint:/home/dbot2/ros2_ws/install/ament_cmake_mypy:/home/dbot2/ros2_ws/install/ament_cmake_lint_cmake:/home/dbot2/ros2_ws/install/ament_lint_auto:/home/dbot2/ros2_ws/install/ament_cmake_flake8:/home/dbot2/ros2_ws/install/ament_cmake_copyright:/home/dbot2/ros2_ws/install/ament_cmake_cpplint:/home/dbot2/ros2_ws/install/ament_cmake_cppcheck:/home/dbot2/ros2_ws/install/ament_cmake_clang_tidy:/home/dbot2/ros2_ws/install/ament_cmake_clang_format:/home/dbot2/dbot_vda5050_ilmatar/install/vda5050_tb3_adapter:/home/dbot2/dbot_vda5050_ilmatar/install/tf2_dbot:/home/dbot2/dbot_vda5050_ilmatar/install/odom_motion_model:/home/dbot2/dbot_vda5050_ilmatar/install/motor_driver:/home/dbot2/dbot_vda5050_ilmatar/install/joycontrol:/home/dbot2/dbot_vda5050_ilmatar/install/gesturecontrol:/home/dbot2/dbot_vda5050_ilmatar/install/dbot_bridge:/home/dbot2/dbot_vda5050_ilmatar/install/dbot:/home/dbot2/dbot_src/install/tf2_dbot:/home/dbot2/dbot_src/install/odom_motion_model:/home/dbot2/dbot_src/install/motor_driver:/home/dbot2/dbot_src/install/joycontrol:/home/dbot2/dbot_src/install/dbot:/home/dbot2/dbot_remote/install/pcd_joy_trigger:/home/dbot2/circus_demo/install/circus_demo:/home/dbot2/ros2_ws/install/tf2_dbot:/home/dbot2/ros2_ws/install/odom_motion_model:/home/dbot2/ros2_ws/install/motor_driver:/home/dbot2/ros2_ws/install/joycontrol:/home/dbot2/ros2_ws/install/gesturecontrol:/home/dbot2/ros2_ws/install/dbot_bridge:/home/dbot2/ros2_ws/install/dbot:/home/dbot2/ros2_ws/install/ament_xmllint:/home/dbot2/ros2_ws/install/ament_uncrustify:/home/dbot2/ros2_ws/install/ament_pyflakes:/home/dbot2/ros2_ws/install/ament_pycodestyle:/home/dbot2/ros2_ws/install/ament_pep257:/home/dbot2/ros2_ws/install/ament_pclint:/home/dbot2/ros2_ws/install/ament_mypy:/home/dbot2/ros2_ws/install/ament_lint_cmake:/home/dbot2/ros2_ws/install/ament_flake8:/home/dbot2/ros2_ws/install/ament_copyright:/home/dbot2/ros2_ws/install/ament_lint:/home/dbot2/ros2_ws/install/ament_cpplint:/home/dbot2/ros2_ws/install/ament_cppcheck:/home/dbot2/ros2_ws/install/ament_clang_tidy:/home/dbot2/ros2_ws/install/ament_clang_format:/opt/ros/humble LD_LIBRARY_PATH=/home/dbot2/dbot_vda5050_ilmatar/install/vda5050_msgs/lib:/home/dbot2/dbot_vda5050_ilmatar/install/vda5050_connector/lib:/home/dbot2/dbot_vda5050_ilmatar/install/dbot_custom_msgs/lib:/home/dbot2/dbot_src/install/dbot_custom_msgs/lib:/home/dbot2/circus_demo/install/pcl_localization_ros2/lib:/home/dbot2/ros2_ws/install/dbot_custom_msgs/lib:/opt/ros/humble/opt/rviz_ogre_vendor/lib:/opt/ros/humble/lib/x86_64-linux-gnu:/opt/ros/humble/lib /usr/bin/cmake --install /home/dbot2/dbot_vda5050_ilmatar/build/vda5050_connector
[3.276s] Level 1:colcon.colcon_core.environment:checking '/home/dbot2/dbot_vda5050_ilmatar/install/vda5050_connector' for CMake config files
[3.276s] Level 1:colcon.colcon_core.shell:create_environment_hook('vda5050_connector', 'cmake_prefix_path')
[3.276s] INFO:colcon.colcon_core.shell:Creating environment hook '/home/dbot2/dbot_vda5050_ilmatar/install/vda5050_connector/share/vda5050_connector/hook/cmake_prefix_path.ps1'
[3.277s] INFO:colcon.colcon_core.shell:Creating environment descriptor '/home/dbot2/dbot_vda5050_ilmatar/install/vda5050_connector/share/vda5050_connector/hook/cmake_prefix_path.dsv'
[3.277s] INFO:colcon.colcon_core.shell:Creating environment hook '/home/dbot2/dbot_vda5050_ilmatar/install/vda5050_connector/share/vda5050_connector/hook/cmake_prefix_path.sh'
[3.277s] Level 1:colcon.colcon_core.environment:checking '/home/dbot2/dbot_vda5050_ilmatar/install/vda5050_connector/lib'
[3.277s] Level 1:colcon.colcon_core.shell:create_environment_hook('vda5050_connector', 'ld_library_path_lib')
[3.277s] INFO:colcon.colcon_core.shell:Creating environment hook '/home/dbot2/dbot_vda5050_ilmatar/install/vda5050_connector/share/vda5050_connector/hook/ld_library_path_lib.ps1'
[3.278s] INFO:colcon.colcon_core.shell:Creating environment descriptor '/home/dbot2/dbot_vda5050_ilmatar/install/vda5050_connector/share/vda5050_connector/hook/ld_library_path_lib.dsv'
[3.278s] INFO:colcon.colcon_core.shell:Creating environment hook '/home/dbot2/dbot_vda5050_ilmatar/install/vda5050_connector/share/vda5050_connector/hook/ld_library_path_lib.sh'
[3.278s] Level 1:colcon.colcon_core.environment:checking '/home/dbot2/dbot_vda5050_ilmatar/install/vda5050_connector/bin'
[3.278s] Level 1:colcon.colcon_core.environment:checking '/home/dbot2/dbot_vda5050_ilmatar/install/vda5050_connector/lib/pkgconfig/vda5050_connector.pc'
[3.278s] Level 1:colcon.colcon_core.environment:checking '/home/dbot2/dbot_vda5050_ilmatar/install/vda5050_connector/lib/python3.10/site-packages'
[3.278s] Level 1:colcon.colcon_core.environment:checking '/home/dbot2/dbot_vda5050_ilmatar/install/vda5050_connector/bin'
[3.279s] INFO:colcon.colcon_core.shell:Creating package script '/home/dbot2/dbot_vda5050_ilmatar/install/vda5050_connector/share/vda5050_connector/package.ps1'
[3.279s] INFO:colcon.colcon_core.shell:Creating package descriptor '/home/dbot2/dbot_vda5050_ilmatar/install/vda5050_connector/share/vda5050_connector/package.dsv'
[3.279s] INFO:colcon.colcon_core.shell:Creating package script '/home/dbot2/dbot_vda5050_ilmatar/install/vda5050_connector/share/vda5050_connector/package.sh'
[3.279s] INFO:colcon.colcon_core.shell:Creating package script '/home/dbot2/dbot_vda5050_ilmatar/install/vda5050_connector/share/vda5050_connector/package.bash'
[3.280s] INFO:colcon.colcon_core.shell:Creating package script '/home/dbot2/dbot_vda5050_ilmatar/install/vda5050_connector/share/vda5050_connector/package.zsh'
[3.280s] Level 1:colcon.colcon_core.environment:create_file_with_runtime_dependencies(/home/dbot2/dbot_vda5050_ilmatar/install/vda5050_connector/share/colcon-core/packages/vda5050_connector)
[3.280s] Level 1:colcon.colcon_core.environment:create_environment_scripts_only(vda5050_connector)
[3.280s] Level 1:colcon.colcon_core.environment:checking '/home/dbot2/dbot_vda5050_ilmatar/install/vda5050_connector' for CMake module files
[3.281s] Level 1:colcon.colcon_core.environment:checking '/home/dbot2/dbot_vda5050_ilmatar/install/vda5050_connector' for CMake config files
[3.281s] Level 1:colcon.colcon_core.shell:create_environment_hook('vda5050_connector', 'cmake_prefix_path')
[3.281s] INFO:colcon.colcon_core.shell:Creating environment hook '/home/dbot2/dbot_vda5050_ilmatar/install/vda5050_connector/share/vda5050_connector/hook/cmake_prefix_path.ps1'
[3.281s] INFO:colcon.colcon_core.shell:Creating environment descriptor '/home/dbot2/dbot_vda5050_ilmatar/install/vda5050_connector/share/vda5050_connector/hook/cmake_prefix_path.dsv'
[3.282s] INFO:colcon.colcon_core.shell:Creating environment hook '/home/dbot2/dbot_vda5050_ilmatar/install/vda5050_connector/share/vda5050_connector/hook/cmake_prefix_path.sh'
[3.282s] Level 1:colcon.colcon_core.environment:checking '/home/dbot2/dbot_vda5050_ilmatar/install/vda5050_connector/lib'
[3.282s] Level 1:colcon.colcon_core.shell:create_environment_hook('vda5050_connector', 'ld_library_path_lib')
[3.282s] INFO:colcon.colcon_core.shell:Creating environment hook '/home/dbot2/dbot_vda5050_ilmatar/install/vda5050_connector/share/vda5050_connector/hook/ld_library_path_lib.ps1'
[3.282s] INFO:colcon.colcon_core.shell:Creating environment descriptor '/home/dbot2/dbot_vda5050_ilmatar/install/vda5050_connector/share/vda5050_connector/hook/ld_library_path_lib.dsv'
[3.282s] INFO:colcon.colcon_core.shell:Creating environment hook '/home/dbot2/dbot_vda5050_ilmatar/install/vda5050_connector/share/vda5050_connector/hook/ld_library_path_lib.sh'
[3.283s] Level 1:colcon.colcon_core.environment:checking '/home/dbot2/dbot_vda5050_ilmatar/install/vda5050_connector/bin'
[3.283s] Level 1:colcon.colcon_core.environment:checking '/home/dbot2/dbot_vda5050_ilmatar/install/vda5050_connector/lib/pkgconfig/vda5050_connector.pc'
[3.283s] Level 1:colcon.colcon_core.environment:checking '/home/dbot2/dbot_vda5050_ilmatar/install/vda5050_connector/lib/python3.10/site-packages'
[3.283s] Level 1:colcon.colcon_core.environment:checking '/home/dbot2/dbot_vda5050_ilmatar/install/vda5050_connector/bin'
[3.283s] INFO:colcon.colcon_core.shell:Creating package script '/home/dbot2/dbot_vda5050_ilmatar/install/vda5050_connector/share/vda5050_connector/package.ps1'
[3.284s] INFO:colcon.colcon_core.shell:Creating package descriptor '/home/dbot2/dbot_vda5050_ilmatar/install/vda5050_connector/share/vda5050_connector/package.dsv'
[3.284s] INFO:colcon.colcon_core.shell:Creating package script '/home/dbot2/dbot_vda5050_ilmatar/install/vda5050_connector/share/vda5050_connector/package.sh'
[3.284s] INFO:colcon.colcon_core.shell:Creating package script '/home/dbot2/dbot_vda5050_ilmatar/install/vda5050_connector/share/vda5050_connector/package.bash'
[3.284s] INFO:colcon.colcon_core.shell:Creating package script '/home/dbot2/dbot_vda5050_ilmatar/install/vda5050_connector/share/vda5050_connector/package.zsh'
[3.284s] Level 1:colcon.colcon_core.environment:create_file_with_runtime_dependencies(/home/dbot2/dbot_vda5050_ilmatar/install/vda5050_connector/share/colcon-core/packages/vda5050_connector)
[3.285s] Level 1:colcon.colcon_core.environment:checking '/home/dbot2/dbot_vda5050_ilmatar/install/tf2_dbot' for CMake module files
[3.285s] DEBUG:colcon.colcon_core.event_handler.log_command:Invoked command in '/home/dbot2/dbot_vda5050_ilmatar/src/tf2_dbot' returned '0': PYTHONPATH=/home/dbot2/dbot_vda5050_ilmatar/build/tf2_dbot/prefix_override:/usr/lib/python3/dist-packages/colcon_core/task/python/colcon_distutils_commands:/home/dbot2/dbot_vda5050_ilmatar/install/tf2_dbot/lib/python3.10/site-packages:${PYTHONPATH} /usr/bin/python3 -W ignore:setup.py install is deprecated -W ignore:easy_install command is deprecated setup.py egg_info --egg-base ../../build/tf2_dbot build --build-base /home/dbot2/dbot_vda5050_ilmatar/build/tf2_dbot/build install --record /home/dbot2/dbot_vda5050_ilmatar/build/tf2_dbot/install.log --single-version-externally-managed install_data
[3.285s] Level 1:colcon.colcon_core.environment:checking '/home/dbot2/dbot_vda5050_ilmatar/install/tf2_dbot' for CMake config files
[3.286s] Level 1:colcon.colcon_core.environment:checking '/home/dbot2/dbot_vda5050_ilmatar/install/tf2_dbot/lib'
[3.286s] Level 1:colcon.colcon_core.environment:checking '/home/dbot2/dbot_vda5050_ilmatar/install/tf2_dbot/bin'
[3.286s] Level 1:colcon.colcon_core.environment:checking '/home/dbot2/dbot_vda5050_ilmatar/install/tf2_dbot/lib/pkgconfig/tf2_dbot.pc'
[3.286s] Level 1:colcon.colcon_core.environment:checking '/home/dbot2/dbot_vda5050_ilmatar/install/tf2_dbot/lib/python3.10/site-packages'
[3.286s] Level 1:colcon.colcon_core.shell:create_environment_hook('tf2_dbot', 'pythonpath')
[3.286s] INFO:colcon.colcon_core.shell:Creating environment hook '/home/dbot2/dbot_vda5050_ilmatar/install/tf2_dbot/share/tf2_dbot/hook/pythonpath.ps1'
[3.286s] INFO:colcon.colcon_core.shell:Creating environment descriptor '/home/dbot2/dbot_vda5050_ilmatar/install/tf2_dbot/share/tf2_dbot/hook/pythonpath.dsv'
[3.287s] INFO:colcon.colcon_core.shell:Creating environment hook '/home/dbot2/dbot_vda5050_ilmatar/install/tf2_dbot/share/tf2_dbot/hook/pythonpath.sh'
[3.287s] Level 1:colcon.colcon_core.environment:checking '/home/dbot2/dbot_vda5050_ilmatar/install/tf2_dbot/bin'
[3.287s] Level 1:colcon.colcon_core.environment:create_environment_scripts_only(tf2_dbot)
[3.287s] INFO:colcon.colcon_core.shell:Creating package script '/home/dbot2/dbot_vda5050_ilmatar/install/tf2_dbot/share/tf2_dbot/package.ps1'
[3.287s] INFO:colcon.colcon_core.shell:Creating package descriptor '/home/dbot2/dbot_vda5050_ilmatar/install/tf2_dbot/share/tf2_dbot/package.dsv'
[3.288s] INFO:colcon.colcon_core.shell:Creating package script '/home/dbot2/dbot_vda5050_ilmatar/install/tf2_dbot/share/tf2_dbot/package.sh'
[3.288s] INFO:colcon.colcon_core.shell:Creating package script '/home/dbot2/dbot_vda5050_ilmatar/install/tf2_dbot/share/tf2_dbot/package.bash'
[3.288s] INFO:colcon.colcon_core.shell:Creating package script '/home/dbot2/dbot_vda5050_ilmatar/install/tf2_dbot/share/tf2_dbot/package.zsh'
[3.288s] Level 1:colcon.colcon_core.environment:create_file_with_runtime_dependencies(/home/dbot2/dbot_vda5050_ilmatar/install/tf2_dbot/share/colcon-core/packages/tf2_dbot)
[3.289s] Level 1:colcon.colcon_core.environment:checking '/home/dbot2/dbot_vda5050_ilmatar/install/dbot' for CMake module files
[3.289s] DEBUG:colcon.colcon_core.event_handler.log_command:Invoked command in '/home/dbot2/dbot_vda5050_ilmatar/src/dbot' returned '0': PYTHONPATH=/home/dbot2/dbot_vda5050_ilmatar/build/dbot/prefix_override:/usr/lib/python3/dist-packages/colcon_core/task/python/colcon_distutils_commands:/home/dbot2/dbot_vda5050_ilmatar/install/dbot/lib/python3.10/site-packages:${PYTHONPATH} /usr/bin/python3 -W ignore:setup.py install is deprecated -W ignore:easy_install command is deprecated setup.py egg_info --egg-base ../../build/dbot build --build-base /home/dbot2/dbot_vda5050_ilmatar/build/dbot/build install --record /home/dbot2/dbot_vda5050_ilmatar/build/dbot/install.log --single-version-externally-managed install_data
[3.289s] Level 1:colcon.colcon_core.environment:checking '/home/dbot2/dbot_vda5050_ilmatar/install/dbot' for CMake config files
[3.290s] Level 1:colcon.colcon_core.environment:checking '/home/dbot2/dbot_vda5050_ilmatar/install/dbot/lib'
[3.290s] Level 1:colcon.colcon_core.environment:checking '/home/dbot2/dbot_vda5050_ilmatar/install/dbot/bin'
[3.290s] Level 1:colcon.colcon_core.environment:checking '/home/dbot2/dbot_vda5050_ilmatar/install/dbot/lib/pkgconfig/dbot.pc'
[3.290s] Level 1:colcon.colcon_core.environment:checking '/home/dbot2/dbot_vda5050_ilmatar/install/dbot/lib/python3.10/site-packages'
[3.290s] Level 1:colcon.colcon_core.shell:create_environment_hook('dbot', 'pythonpath')
[3.290s] INFO:colcon.colcon_core.shell:Creating environment hook '/home/dbot2/dbot_vda5050_ilmatar/install/dbot/share/dbot/hook/pythonpath.ps1'
[3.290s] INFO:colcon.colcon_core.shell:Creating environment descriptor '/home/dbot2/dbot_vda5050_ilmatar/install/dbot/share/dbot/hook/pythonpath.dsv'
[3.290s] INFO:colcon.colcon_core.shell:Creating environment hook '/home/dbot2/dbot_vda5050_ilmatar/install/dbot/share/dbot/hook/pythonpath.sh'
[3.291s] Level 1:colcon.colcon_core.environment:checking '/home/dbot2/dbot_vda5050_ilmatar/install/dbot/bin'
[3.291s] Level 1:colcon.colcon_core.environment:create_environment_scripts_only(dbot)
[3.291s] INFO:colcon.colcon_core.shell:Creating package script '/home/dbot2/dbot_vda5050_ilmatar/install/dbot/share/dbot/package.ps1'
[3.291s] INFO:colcon.colcon_core.shell:Creating package descriptor '/home/dbot2/dbot_vda5050_ilmatar/install/dbot/share/dbot/package.dsv'
[3.292s] INFO:colcon.colcon_core.shell:Creating package script '/home/dbot2/dbot_vda5050_ilmatar/install/dbot/share/dbot/package.sh'
[3.292s] INFO:colcon.colcon_core.shell:Creating package script '/home/dbot2/dbot_vda5050_ilmatar/install/dbot/share/dbot/package.bash'
[3.292s] INFO:colcon.colcon_core.shell:Creating package script '/home/dbot2/dbot_vda5050_ilmatar/install/dbot/share/dbot/package.zsh'
[3.292s] Level 1:colcon.colcon_core.environment:create_file_with_runtime_dependencies(/home/dbot2/dbot_vda5050_ilmatar/install/dbot/share/colcon-core/packages/dbot)
[3.292s] Level 1:colcon.colcon_core.environment:checking '/home/dbot2/dbot_vda5050_ilmatar/install/gesturecontrol' for CMake module files
[3.293s] DEBUG:colcon.colcon_core.event_handler.log_command:Invoked command in '/home/dbot2/dbot_vda5050_ilmatar/src/gesturecontrol' returned '0': PYTHONPATH=/home/dbot2/dbot_vda5050_ilmatar/build/gesturecontrol/prefix_override:/usr/lib/python3/dist-packages/colcon_core/task/python/colcon_distutils_commands:/home/dbot2/dbot_vda5050_ilmatar/install/gesturecontrol/lib/python3.10/site-packages:${PYTHONPATH} /usr/bin/python3 -W ignore:setup.py install is deprecated -W ignore:easy_install command is deprecated setup.py egg_info --egg-base ../../build/gesturecontrol build --build-base /home/dbot2/dbot_vda5050_ilmatar/build/gesturecontrol/build install --record /home/dbot2/dbot_vda5050_ilmatar/build/gesturecontrol/install.log --single-version-externally-managed install_data
[3.293s] Level 1:colcon.colcon_core.environment:checking '/home/dbot2/dbot_vda5050_ilmatar/install/gesturecontrol' for CMake config files
[3.293s] Level 1:colcon.colcon_core.environment:checking '/home/dbot2/dbot_vda5050_ilmatar/install/gesturecontrol/lib'
[3.293s] Level 1:colcon.colcon_core.environment:checking '/home/dbot2/dbot_vda5050_ilmatar/install/gesturecontrol/bin'
[3.293s] Level 1:colcon.colcon_core.environment:checking '/home/dbot2/dbot_vda5050_ilmatar/install/gesturecontrol/lib/pkgconfig/gesturecontrol.pc'
[3.294s] Level 1:colcon.colcon_core.environment:checking '/home/dbot2/dbot_vda5050_ilmatar/install/gesturecontrol/lib/python3.10/site-packages'
[3.294s] Level 1:colcon.colcon_core.shell:create_environment_hook('gesturecontrol', 'pythonpath')
[3.294s] INFO:colcon.colcon_core.shell:Creating environment hook '/home/dbot2/dbot_vda5050_ilmatar/install/gesturecontrol/share/gesturecontrol/hook/pythonpath.ps1'
[3.294s] INFO:colcon.colcon_core.shell:Creating environment descriptor '/home/dbot2/dbot_vda5050_ilmatar/install/gesturecontrol/share/gesturecontrol/hook/pythonpath.dsv'
[3.294s] INFO:colcon.colcon_core.shell:Creating environment hook '/home/dbot2/dbot_vda5050_ilmatar/install/gesturecontrol/share/gesturecontrol/hook/pythonpath.sh'
[3.294s] Level 1:colcon.colcon_core.environment:checking '/home/dbot2/dbot_vda5050_ilmatar/install/gesturecontrol/bin'
[3.294s] Level 1:colcon.colcon_core.environment:create_environment_scripts_only(gesturecontrol)
[3.295s] INFO:colcon.colcon_core.shell:Creating package script '/home/dbot2/dbot_vda5050_ilmatar/install/gesturecontrol/share/gesturecontrol/package.ps1'
[3.295s] INFO:colcon.colcon_core.shell:Creating package descriptor '/home/dbot2/dbot_vda5050_ilmatar/install/gesturecontrol/share/gesturecontrol/package.dsv'
[3.295s] INFO:colcon.colcon_core.shell:Creating package script '/home/dbot2/dbot_vda5050_ilmatar/install/gesturecontrol/share/gesturecontrol/package.sh'
[3.295s] INFO:colcon.colcon_core.shell:Creating package script '/home/dbot2/dbot_vda5050_ilmatar/install/gesturecontrol/share/gesturecontrol/package.bash'
[3.296s] INFO:colcon.colcon_core.shell:Creating package script '/home/dbot2/dbot_vda5050_ilmatar/install/gesturecontrol/share/gesturecontrol/package.zsh'
[3.296s] Level 1:colcon.colcon_core.environment:create_file_with_runtime_dependencies(/home/dbot2/dbot_vda5050_ilmatar/install/gesturecontrol/share/colcon-core/packages/gesturecontrol)
[3.296s] Level 1:colcon.colcon_core.environment:checking '/home/dbot2/dbot_vda5050_ilmatar/install/dbot_bridge' for CMake module files
[3.297s] DEBUG:colcon.colcon_core.event_handler.log_command:Invoked command in '/home/dbot2/dbot_vda5050_ilmatar/src/dbot_bridge' returned '0': PYTHONPATH=/home/dbot2/dbot_vda5050_ilmatar/build/dbot_bridge/prefix_override:/usr/lib/python3/dist-packages/colcon_core/task/python/colcon_distutils_commands:/home/dbot2/dbot_vda5050_ilmatar/install/dbot_bridge/lib/python3.10/site-packages:${PYTHONPATH} /usr/bin/python3 -W ignore:setup.py install is deprecated -W ignore:easy_install command is deprecated setup.py egg_info --egg-base ../../build/dbot_bridge build --build-base /home/dbot2/dbot_vda5050_ilmatar/build/dbot_bridge/build install --record /home/dbot2/dbot_vda5050_ilmatar/build/dbot_bridge/install.log --single-version-externally-managed install_data
[3.297s] Level 1:colcon.colcon_core.environment:checking '/home/dbot2/dbot_vda5050_ilmatar/install/dbot_bridge' for CMake config files
[3.297s] Level 1:colcon.colcon_core.environment:checking '/home/dbot2/dbot_vda5050_ilmatar/install/dbot_bridge/lib'
[3.297s] Level 1:colcon.colcon_core.environment:checking '/home/dbot2/dbot_vda5050_ilmatar/install/dbot_bridge/bin'
[3.297s] Level 1:colcon.colcon_core.environment:checking '/home/dbot2/dbot_vda5050_ilmatar/install/dbot_bridge/lib/pkgconfig/dbot_bridge.pc'
[3.297s] Level 1:colcon.colcon_core.environment:checking '/home/dbot2/dbot_vda5050_ilmatar/install/dbot_bridge/lib/python3.10/site-packages'
[3.297s] Level 1:colcon.colcon_core.shell:create_environment_hook('dbot_bridge', 'pythonpath')
[3.297s] INFO:colcon.colcon_core.shell:Creating environment hook '/home/dbot2/dbot_vda5050_ilmatar/install/dbot_bridge/share/dbot_bridge/hook/pythonpath.ps1'
[3.298s] INFO:colcon.colcon_core.shell:Creating environment descriptor '/home/dbot2/dbot_vda5050_ilmatar/install/dbot_bridge/share/dbot_bridge/hook/pythonpath.dsv'
[3.298s] INFO:colcon.colcon_core.shell:Creating environment hook '/home/dbot2/dbot_vda5050_ilmatar/install/dbot_bridge/share/dbot_bridge/hook/pythonpath.sh'
[3.298s] Level 1:colcon.colcon_core.environment:checking '/home/dbot2/dbot_vda5050_ilmatar/install/dbot_bridge/bin'
[3.298s] Level 1:colcon.colcon_core.environment:create_environment_scripts_only(dbot_bridge)
[3.298s] INFO:colcon.colcon_core.shell:Creating package script '/home/dbot2/dbot_vda5050_ilmatar/install/dbot_bridge/share/dbot_bridge/package.ps1'
[3.298s] INFO:colcon.colcon_core.shell:Creating package descriptor '/home/dbot2/dbot_vda5050_ilmatar/install/dbot_bridge/share/dbot_bridge/package.dsv'
[3.299s] INFO:colcon.colcon_core.shell:Creating package script '/home/dbot2/dbot_vda5050_ilmatar/install/dbot_bridge/share/dbot_bridge/package.sh'
[3.299s] INFO:colcon.colcon_core.shell:Creating package script '/home/dbot2/dbot_vda5050_ilmatar/install/dbot_bridge/share/dbot_bridge/package.bash'
[3.299s] INFO:colcon.colcon_core.shell:Creating package script '/home/dbot2/dbot_vda5050_ilmatar/install/dbot_bridge/share/dbot_bridge/package.zsh'
[3.299s] Level 1:colcon.colcon_core.environment:create_file_with_runtime_dependencies(/home/dbot2/dbot_vda5050_ilmatar/install/dbot_bridge/share/colcon-core/packages/dbot_bridge)
[3.300s] Level 1:colcon.colcon_core.environment:checking '/home/dbot2/dbot_vda5050_ilmatar/install/joycontrol' for CMake module files
[3.300s] DEBUG:colcon.colcon_core.event_handler.log_command:Invoked command in '/home/dbot2/dbot_vda5050_ilmatar/src/joycontrol' returned '0': PYTHONPATH=/home/dbot2/dbot_vda5050_ilmatar/build/joycontrol/prefix_override:/usr/lib/python3/dist-packages/colcon_core/task/python/colcon_distutils_commands:/home/dbot2/dbot_vda5050_ilmatar/install/joycontrol/lib/python3.10/site-packages:${PYTHONPATH} /usr/bin/python3 -W ignore:setup.py install is deprecated -W ignore:easy_install command is deprecated setup.py egg_info --egg-base ../../build/joycontrol build --build-base /home/dbot2/dbot_vda5050_ilmatar/build/joycontrol/build install --record /home/dbot2/dbot_vda5050_ilmatar/build/joycontrol/install.log --single-version-externally-managed install_data
[3.300s] Level 1:colcon.colcon_core.environment:checking '/home/dbot2/dbot_vda5050_ilmatar/install/joycontrol' for CMake config files
[3.300s] Level 1:colcon.colcon_core.environment:checking '/home/dbot2/dbot_vda5050_ilmatar/install/joycontrol/lib'
[3.300s] Level 1:colcon.colcon_core.environment:checking '/home/dbot2/dbot_vda5050_ilmatar/install/joycontrol/bin'
[3.300s] Level 1:colcon.colcon_core.environment:checking '/home/dbot2/dbot_vda5050_ilmatar/install/joycontrol/lib/pkgconfig/joycontrol.pc'
[3.300s] Level 1:colcon.colcon_core.environment:checking '/home/dbot2/dbot_vda5050_ilmatar/install/joycontrol/lib/python3.10/site-packages'
[3.301s] Level 1:colcon.colcon_core.shell:create_environment_hook('joycontrol', 'pythonpath')
[3.301s] INFO:colcon.colcon_core.shell:Creating environment hook '/home/dbot2/dbot_vda5050_ilmatar/install/joycontrol/share/joycontrol/hook/pythonpath.ps1'
[3.301s] INFO:colcon.colcon_core.shell:Creating environment descriptor '/home/dbot2/dbot_vda5050_ilmatar/install/joycontrol/share/joycontrol/hook/pythonpath.dsv'
[3.301s] INFO:colcon.colcon_core.shell:Creating environment hook '/home/dbot2/dbot_vda5050_ilmatar/install/joycontrol/share/joycontrol/hook/pythonpath.sh'
[3.301s] Level 1:colcon.colcon_core.environment:checking '/home/dbot2/dbot_vda5050_ilmatar/install/joycontrol/bin'
[3.301s] Level 1:colcon.colcon_core.environment:create_environment_scripts_only(joycontrol)
[3.302s] INFO:colcon.colcon_core.shell:Creating package script '/home/dbot2/dbot_vda5050_ilmatar/install/joycontrol/share/joycontrol/package.ps1'
[3.302s] INFO:colcon.colcon_core.shell:Creating package descriptor '/home/dbot2/dbot_vda5050_ilmatar/install/joycontrol/share/joycontrol/package.dsv'
[3.302s] INFO:colcon.colcon_core.shell:Creating package script '/home/dbot2/dbot_vda5050_ilmatar/install/joycontrol/share/joycontrol/package.sh'
[3.302s] INFO:colcon.colcon_core.shell:Creating package script '/home/dbot2/dbot_vda5050_ilmatar/install/joycontrol/share/joycontrol/package.bash'
[3.302s] INFO:colcon.colcon_core.shell:Creating package script '/home/dbot2/dbot_vda5050_ilmatar/install/joycontrol/share/joycontrol/package.zsh'
[3.303s] Level 1:colcon.colcon_core.environment:create_file_with_runtime_dependencies(/home/dbot2/dbot_vda5050_ilmatar/install/joycontrol/share/colcon-core/packages/joycontrol)
[3.304s] INFO:colcon.colcon_ros.task.ament_python.build:Building ROS package in '/home/dbot2/dbot_vda5050_ilmatar/src/vda5050_tb3_adapter' with build type 'ament_python'
[3.304s] Level 1:colcon.colcon_core.shell:create_environment_hook('vda5050_tb3_adapter', 'ament_prefix_path')
[3.304s] INFO:colcon.colcon_core.shell:Creating environment hook '/home/dbot2/dbot_vda5050_ilmatar/install/vda5050_tb3_adapter/share/vda5050_tb3_adapter/hook/ament_prefix_path.ps1'
[3.304s] DEBUG:colcon.colcon_core.event_handler.log_command:Invoking command in '/home/dbot2/dbot_vda5050_ilmatar/src/motor_driver': CMAKE_PREFIX_PATH=/home/dbot2/dbot_vda5050_ilmatar/install/dbot_custom_msgs:/home/dbot2/dbot_vda5050_ilmatar/install/vda_dbot_nav_slam:/home/dbot2/dbot_vda5050_ilmatar/install/vda5050_connector:/home/dbot2/dbot_vda5050_ilmatar/install/vda5050_msgs:/home/dbot2/dbot_vda5050_ilmatar/install/odometry_estimator:/home/dbot2/dbot_vda5050_ilmatar/install/dbot_nav_slam:/home/dbot2/dbot_src/install/odometry_estimator:/home/dbot2/dbot_src/install/dbot_custom_msgs:/home/dbot2/dbot_remote/install/pointcloud_saver:/home/dbot2/circus_demo/install/pcl_localization_ros2:/home/dbot2/circus_demo/install/ndt_omp_ros2:/home/dbot2/ros2_ws/install/odometry_estimator:/home/dbot2/ros2_ws/install/dbot_nav_slam:/home/dbot2/ros2_ws/install/dbot_custom_msgs:/home/dbot2/ros2_ws/install/ament_lint_common:/home/dbot2/ros2_ws/install/ament_cmake_xmllint:/home/dbot2/ros2_ws/install/ament_cmake_uncrustify:/home/dbot2/ros2_ws/install/ament_cmake_pyflakes:/home/dbot2/ros2_ws/install/ament_cmake_pycodestyle:/home/dbot2/ros2_ws/install/ament_cmake_pep257:/home/dbot2/ros2_ws/install/ament_cmake_pclint:/home/dbot2/ros2_ws/install/ament_cmake_mypy:/home/dbot2/ros2_ws/install/ament_cmake_lint_cmake:/home/dbot2/ros2_ws/install/ament_lint_auto:/home/dbot2/ros2_ws/install/ament_cmake_flake8:/home/dbot2/ros2_ws/install/ament_cmake_copyright:/home/dbot2/ros2_ws/install/ament_cmake_cpplint:/home/dbot2/ros2_ws/install/ament_cmake_cppcheck:/home/dbot2/ros2_ws/install/ament_cmake_clang_tidy:/home/dbot2/ros2_ws/install/ament_cmake_clang_format LD_LIBRARY_PATH=/home/dbot2/dbot_vda5050_ilmatar/install/dbot_custom_msgs/lib:/home/dbot2/dbot_vda5050_ilmatar/install/vda5050_connector/lib:/home/dbot2/dbot_vda5050_ilmatar/install/vda5050_msgs/lib:/home/dbot2/dbot_src/install/dbot_custom_msgs/lib:/home/dbot2/circus_demo/install/pcl_localization_ros2/lib:/home/dbot2/ros2_ws/install/dbot_custom_msgs/lib:/opt/ros/humble/opt/rviz_ogre_vendor/lib:/opt/ros/humble/lib/x86_64-linux-gnu:/opt/ros/humble/lib PYTHONPATH=/home/dbot2/dbot_vda5050_ilmatar/build/motor_driver/prefix_override:/usr/lib/python3/dist-packages/colcon_core/task/python/colcon_distutils_commands:/home/dbot2/dbot_vda5050_ilmatar/install/motor_driver/lib/python3.10/site-packages:${PYTHONPATH} /usr/bin/python3 -W ignore:setup.py install is deprecated -W ignore:easy_install command is deprecated setup.py egg_info --egg-base ../../build/motor_driver build --build-base /home/dbot2/dbot_vda5050_ilmatar/build/motor_driver/build install --record /home/dbot2/dbot_vda5050_ilmatar/build/motor_driver/install.log --single-version-externally-managed install_data
[3.305s] INFO:colcon.colcon_core.shell:Creating environment descriptor '/home/dbot2/dbot_vda5050_ilmatar/install/vda5050_tb3_adapter/share/vda5050_tb3_adapter/hook/ament_prefix_path.dsv'
[3.305s] INFO:colcon.colcon_core.shell:Creating environment hook '/home/dbot2/dbot_vda5050_ilmatar/install/vda5050_tb3_adapter/share/vda5050_tb3_adapter/hook/ament_prefix_path.sh'
[3.305s] INFO:colcon.colcon_core.shell:Skip shell extension 'powershell' for command environment: Not usable outside of PowerShell
[3.305s] DEBUG:colcon.colcon_core.shell:Skip shell extension 'dsv' for command environment
[3.563s] INFO:colcon.colcon_core.task.python.build:Building Python package in '/home/dbot2/dbot_vda5050_ilmatar/src/vda5050_tb3_adapter'
[3.564s] INFO:colcon.colcon_core.shell:Skip shell extension 'powershell' for command environment: Not usable outside of PowerShell
[3.564s] DEBUG:colcon.colcon_core.shell:Skip shell extension 'dsv' for command environment
[3.593s] Level 1:colcon.colcon_core.environment:checking '/home/dbot2/dbot_vda5050_ilmatar/install/motor_driver' for CMake module files
[3.593s] DEBUG:colcon.colcon_core.event_handler.log_command:Invoked command in '/home/dbot2/dbot_vda5050_ilmatar/src/motor_driver' returned '0': CMAKE_PREFIX_PATH=/home/dbot2/dbot_vda5050_ilmatar/install/dbot_custom_msgs:/home/dbot2/dbot_vda5050_ilmatar/install/vda_dbot_nav_slam:/home/dbot2/dbot_vda5050_ilmatar/install/vda5050_connector:/home/dbot2/dbot_vda5050_ilmatar/install/vda5050_msgs:/home/dbot2/dbot_vda5050_ilmatar/install/odometry_estimator:/home/dbot2/dbot_vda5050_ilmatar/install/dbot_nav_slam:/home/dbot2/dbot_src/install/odometry_estimator:/home/dbot2/dbot_src/install/dbot_custom_msgs:/home/dbot2/dbot_remote/install/pointcloud_saver:/home/dbot2/circus_demo/install/pcl_localization_ros2:/home/dbot2/circus_demo/install/ndt_omp_ros2:/home/dbot2/ros2_ws/install/odometry_estimator:/home/dbot2/ros2_ws/install/dbot_nav_slam:/home/dbot2/ros2_ws/install/dbot_custom_msgs:/home/dbot2/ros2_ws/install/ament_lint_common:/home/dbot2/ros2_ws/install/ament_cmake_xmllint:/home/dbot2/ros2_ws/install/ament_cmake_uncrustify:/home/dbot2/ros2_ws/install/ament_cmake_pyflakes:/home/dbot2/ros2_ws/install/ament_cmake_pycodestyle:/home/dbot2/ros2_ws/install/ament_cmake_pep257:/home/dbot2/ros2_ws/install/ament_cmake_pclint:/home/dbot2/ros2_ws/install/ament_cmake_mypy:/home/dbot2/ros2_ws/install/ament_cmake_lint_cmake:/home/dbot2/ros2_ws/install/ament_lint_auto:/home/dbot2/ros2_ws/install/ament_cmake_flake8:/home/dbot2/ros2_ws/install/ament_cmake_copyright:/home/dbot2/ros2_ws/install/ament_cmake_cpplint:/home/dbot2/ros2_ws/install/ament_cmake_cppcheck:/home/dbot2/ros2_ws/install/ament_cmake_clang_tidy:/home/dbot2/ros2_ws/install/ament_cmake_clang_format LD_LIBRARY_PATH=/home/dbot2/dbot_vda5050_ilmatar/install/dbot_custom_msgs/lib:/home/dbot2/dbot_vda5050_ilmatar/install/vda5050_connector/lib:/home/dbot2/dbot_vda5050_ilmatar/install/vda5050_msgs/lib:/home/dbot2/dbot_src/install/dbot_custom_msgs/lib:/home/dbot2/circus_demo/install/pcl_localization_ros2/lib:/home/dbot2/ros2_ws/install/dbot_custom_msgs/lib:/opt/ros/humble/opt/rviz_ogre_vendor/lib:/opt/ros/humble/lib/x86_64-linux-gnu:/opt/ros/humble/lib PYTHONPATH=/home/dbot2/dbot_vda5050_ilmatar/build/motor_driver/prefix_override:/usr/lib/python3/dist-packages/colcon_core/task/python/colcon_distutils_commands:/home/dbot2/dbot_vda5050_ilmatar/install/motor_driver/lib/python3.10/site-packages:${PYTHONPATH} /usr/bin/python3 -W ignore:setup.py install is deprecated -W ignore:easy_install command is deprecated setup.py egg_info --egg-base ../../build/motor_driver build --build-base /home/dbot2/dbot_vda5050_ilmatar/build/motor_driver/build install --record /home/dbot2/dbot_vda5050_ilmatar/build/motor_driver/install.log --single-version-externally-managed install_data
[3.594s] Level 1:colcon.colcon_core.environment:checking '/home/dbot2/dbot_vda5050_ilmatar/install/motor_driver' for CMake config files
[3.594s] Level 1:colcon.colcon_core.environment:checking '/home/dbot2/dbot_vda5050_ilmatar/install/motor_driver/lib'
[3.594s] Level 1:colcon.colcon_core.environment:checking '/home/dbot2/dbot_vda5050_ilmatar/install/motor_driver/bin'
[3.594s] Level 1:colcon.colcon_core.environment:checking '/home/dbot2/dbot_vda5050_ilmatar/install/motor_driver/lib/pkgconfig/motor_driver.pc'
[3.594s] Level 1:colcon.colcon_core.environment:checking '/home/dbot2/dbot_vda5050_ilmatar/install/motor_driver/lib/python3.10/site-packages'
[3.594s] Level 1:colcon.colcon_core.shell:create_environment_hook('motor_driver', 'pythonpath')
[3.594s] INFO:colcon.colcon_core.shell:Creating environment hook '/home/dbot2/dbot_vda5050_ilmatar/install/motor_driver/share/motor_driver/hook/pythonpath.ps1'
[3.595s] INFO:colcon.colcon_core.shell:Creating environment descriptor '/home/dbot2/dbot_vda5050_ilmatar/install/motor_driver/share/motor_driver/hook/pythonpath.dsv'
[3.595s] INFO:colcon.colcon_core.shell:Creating environment hook '/home/dbot2/dbot_vda5050_ilmatar/install/motor_driver/share/motor_driver/hook/pythonpath.sh'
[3.595s] Level 1:colcon.colcon_core.environment:checking '/home/dbot2/dbot_vda5050_ilmatar/install/motor_driver/bin'
[3.595s] Level 1:colcon.colcon_core.environment:create_environment_scripts_only(motor_driver)
[3.596s] INFO:colcon.colcon_core.shell:Creating package script '/home/dbot2/dbot_vda5050_ilmatar/install/motor_driver/share/motor_driver/package.ps1'
[3.596s] INFO:colcon.colcon_core.shell:Creating package descriptor '/home/dbot2/dbot_vda5050_ilmatar/install/motor_driver/share/motor_driver/package.dsv'
[3.596s] INFO:colcon.colcon_core.shell:Creating package script '/home/dbot2/dbot_vda5050_ilmatar/install/motor_driver/share/motor_driver/package.sh'
[3.596s] INFO:colcon.colcon_core.shell:Creating package script '/home/dbot2/dbot_vda5050_ilmatar/install/motor_driver/share/motor_driver/package.bash'
[3.597s] INFO:colcon.colcon_core.shell:Creating package script '/home/dbot2/dbot_vda5050_ilmatar/install/motor_driver/share/motor_driver/package.zsh'
[3.597s] Level 1:colcon.colcon_core.environment:create_file_with_runtime_dependencies(/home/dbot2/dbot_vda5050_ilmatar/install/motor_driver/share/colcon-core/packages/motor_driver)
[3.640s] DEBUG:colcon.colcon_core.event_handler.log_command:Invoking command in '/home/dbot2/dbot_vda5050_ilmatar/src/odom_motion_model': CMAKE_PREFIX_PATH=/home/dbot2/dbot_vda5050_ilmatar/install/odometry_estimator:/home/dbot2/dbot_vda5050_ilmatar/install/dbot_custom_msgs:/home/dbot2/dbot_vda5050_ilmatar/install/vda_dbot_nav_slam:/home/dbot2/dbot_vda5050_ilmatar/install/vda5050_connector:/home/dbot2/dbot_vda5050_ilmatar/install/vda5050_msgs:/home/dbot2/dbot_vda5050_ilmatar/install/dbot_nav_slam:/home/dbot2/dbot_src/install/odometry_estimator:/home/dbot2/dbot_src/install/dbot_custom_msgs:/home/dbot2/dbot_remote/install/pointcloud_saver:/home/dbot2/circus_demo/install/pcl_localization_ros2:/home/dbot2/circus_demo/install/ndt_omp_ros2:/home/dbot2/ros2_ws/install/odometry_estimator:/home/dbot2/ros2_ws/install/dbot_nav_slam:/home/dbot2/ros2_ws/install/dbot_custom_msgs:/home/dbot2/ros2_ws/install/ament_lint_common:/home/dbot2/ros2_ws/install/ament_cmake_xmllint:/home/dbot2/ros2_ws/install/ament_cmake_uncrustify:/home/dbot2/ros2_ws/install/ament_cmake_pyflakes:/home/dbot2/ros2_ws/install/ament_cmake_pycodestyle:/home/dbot2/ros2_ws/install/ament_cmake_pep257:/home/dbot2/ros2_ws/install/ament_cmake_pclint:/home/dbot2/ros2_ws/install/ament_cmake_mypy:/home/dbot2/ros2_ws/install/ament_cmake_lint_cmake:/home/dbot2/ros2_ws/install/ament_lint_auto:/home/dbot2/ros2_ws/install/ament_cmake_flake8:/home/dbot2/ros2_ws/install/ament_cmake_copyright:/home/dbot2/ros2_ws/install/ament_cmake_cpplint:/home/dbot2/ros2_ws/install/ament_cmake_cppcheck:/home/dbot2/ros2_ws/install/ament_cmake_clang_tidy:/home/dbot2/ros2_ws/install/ament_cmake_clang_format LD_LIBRARY_PATH=/home/dbot2/dbot_vda5050_ilmatar/install/dbot_custom_msgs/lib:/home/dbot2/dbot_vda5050_ilmatar/install/vda5050_connector/lib:/home/dbot2/dbot_vda5050_ilmatar/install/vda5050_msgs/lib:/home/dbot2/dbot_src/install/dbot_custom_msgs/lib:/home/dbot2/circus_demo/install/pcl_localization_ros2/lib:/home/dbot2/ros2_ws/install/dbot_custom_msgs/lib:/opt/ros/humble/opt/rviz_ogre_vendor/lib:/opt/ros/humble/lib/x86_64-linux-gnu:/opt/ros/humble/lib PYTHONPATH=/home/dbot2/dbot_vda5050_ilmatar/build/odom_motion_model/prefix_override:/usr/lib/python3/dist-packages/colcon_core/task/python/colcon_distutils_commands:/home/dbot2/dbot_vda5050_ilmatar/install/odom_motion_model/lib/python3.10/site-packages:${PYTHONPATH} /usr/bin/python3 -W ignore:setup.py install is deprecated -W ignore:easy_install command is deprecated setup.py egg_info --egg-base ../../build/odom_motion_model build --build-base /home/dbot2/dbot_vda5050_ilmatar/build/odom_motion_model/build install --record /home/dbot2/dbot_vda5050_ilmatar/build/odom_motion_model/install.log --install-scripts $base/lib/odom_motion_model --single-version-externally-managed install_data
[3.896s] DEBUG:colcon.colcon_core.event_handler.log_command:Invoking command in '/home/dbot2/dbot_vda5050_ilmatar/src/vda5050_tb3_adapter': CMAKE_PREFIX_PATH=/home/dbot2/dbot_vda5050_ilmatar/install/vda5050_connector:/home/dbot2/dbot_vda5050_ilmatar/install/vda5050_msgs:/home/dbot2/dbot_vda5050_ilmatar/install/vda_dbot_nav_slam:/home/dbot2/dbot_vda5050_ilmatar/install/odometry_estimator:/home/dbot2/dbot_vda5050_ilmatar/install/dbot_nav_slam:/home/dbot2/dbot_vda5050_ilmatar/install/dbot_custom_msgs:/home/dbot2/dbot_src/install/odometry_estimator:/home/dbot2/dbot_src/install/dbot_custom_msgs:/home/dbot2/dbot_remote/install/pointcloud_saver:/home/dbot2/circus_demo/install/pcl_localization_ros2:/home/dbot2/circus_demo/install/ndt_omp_ros2:/home/dbot2/ros2_ws/install/odometry_estimator:/home/dbot2/ros2_ws/install/dbot_nav_slam:/home/dbot2/ros2_ws/install/dbot_custom_msgs:/home/dbot2/ros2_ws/install/ament_lint_common:/home/dbot2/ros2_ws/install/ament_cmake_xmllint:/home/dbot2/ros2_ws/install/ament_cmake_uncrustify:/home/dbot2/ros2_ws/install/ament_cmake_pyflakes:/home/dbot2/ros2_ws/install/ament_cmake_pycodestyle:/home/dbot2/ros2_ws/install/ament_cmake_pep257:/home/dbot2/ros2_ws/install/ament_cmake_pclint:/home/dbot2/ros2_ws/install/ament_cmake_mypy:/home/dbot2/ros2_ws/install/ament_cmake_lint_cmake:/home/dbot2/ros2_ws/install/ament_lint_auto:/home/dbot2/ros2_ws/install/ament_cmake_flake8:/home/dbot2/ros2_ws/install/ament_cmake_copyright:/home/dbot2/ros2_ws/install/ament_cmake_cpplint:/home/dbot2/ros2_ws/install/ament_cmake_cppcheck:/home/dbot2/ros2_ws/install/ament_cmake_clang_tidy:/home/dbot2/ros2_ws/install/ament_cmake_clang_format PYTHONPATH=/home/dbot2/dbot_vda5050_ilmatar/build/vda5050_tb3_adapter/prefix_override:/usr/lib/python3/dist-packages/colcon_core/task/python/colcon_distutils_commands:/home/dbot2/dbot_vda5050_ilmatar/install/vda5050_tb3_adapter/lib/python3.10/site-packages:${PYTHONPATH} /usr/bin/python3 -W ignore:setup.py install is deprecated -W ignore:easy_install command is deprecated setup.py egg_info --egg-base ../../build/vda5050_tb3_adapter build --build-base /home/dbot2/dbot_vda5050_ilmatar/build/vda5050_tb3_adapter/build install --record /home/dbot2/dbot_vda5050_ilmatar/build/vda5050_tb3_adapter/install.log --single-version-externally-managed install_data
[3.921s] Level 1:colcon.colcon_core.environment:checking '/home/dbot2/dbot_vda5050_ilmatar/install/odom_motion_model' for CMake module files
[3.922s] DEBUG:colcon.colcon_core.event_handler.log_command:Invoked command in '/home/dbot2/dbot_vda5050_ilmatar/src/odom_motion_model' returned '0': CMAKE_PREFIX_PATH=/home/dbot2/dbot_vda5050_ilmatar/install/odometry_estimator:/home/dbot2/dbot_vda5050_ilmatar/install/dbot_custom_msgs:/home/dbot2/dbot_vda5050_ilmatar/install/vda_dbot_nav_slam:/home/dbot2/dbot_vda5050_ilmatar/install/vda5050_connector:/home/dbot2/dbot_vda5050_ilmatar/install/vda5050_msgs:/home/dbot2/dbot_vda5050_ilmatar/install/dbot_nav_slam:/home/dbot2/dbot_src/install/odometry_estimator:/home/dbot2/dbot_src/install/dbot_custom_msgs:/home/dbot2/dbot_remote/install/pointcloud_saver:/home/dbot2/circus_demo/install/pcl_localization_ros2:/home/dbot2/circus_demo/install/ndt_omp_ros2:/home/dbot2/ros2_ws/install/odometry_estimator:/home/dbot2/ros2_ws/install/dbot_nav_slam:/home/dbot2/ros2_ws/install/dbot_custom_msgs:/home/dbot2/ros2_ws/install/ament_lint_common:/home/dbot2/ros2_ws/install/ament_cmake_xmllint:/home/dbot2/ros2_ws/install/ament_cmake_uncrustify:/home/dbot2/ros2_ws/install/ament_cmake_pyflakes:/home/dbot2/ros2_ws/install/ament_cmake_pycodestyle:/home/dbot2/ros2_ws/install/ament_cmake_pep257:/home/dbot2/ros2_ws/install/ament_cmake_pclint:/home/dbot2/ros2_ws/install/ament_cmake_mypy:/home/dbot2/ros2_ws/install/ament_cmake_lint_cmake:/home/dbot2/ros2_ws/install/ament_lint_auto:/home/dbot2/ros2_ws/install/ament_cmake_flake8:/home/dbot2/ros2_ws/install/ament_cmake_copyright:/home/dbot2/ros2_ws/install/ament_cmake_cpplint:/home/dbot2/ros2_ws/install/ament_cmake_cppcheck:/home/dbot2/ros2_ws/install/ament_cmake_clang_tidy:/home/dbot2/ros2_ws/install/ament_cmake_clang_format LD_LIBRARY_PATH=/home/dbot2/dbot_vda5050_ilmatar/install/dbot_custom_msgs/lib:/home/dbot2/dbot_vda5050_ilmatar/install/vda5050_connector/lib:/home/dbot2/dbot_vda5050_ilmatar/install/vda5050_msgs/lib:/home/dbot2/dbot_src/install/dbot_custom_msgs/lib:/home/dbot2/circus_demo/install/pcl_localization_ros2/lib:/home/dbot2/ros2_ws/install/dbot_custom_msgs/lib:/opt/ros/humble/opt/rviz_ogre_vendor/lib:/opt/ros/humble/lib/x86_64-linux-gnu:/opt/ros/humble/lib PYTHONPATH=/home/dbot2/dbot_vda5050_ilmatar/build/odom_motion_model/prefix_override:/usr/lib/python3/dist-packages/colcon_core/task/python/colcon_distutils_commands:/home/dbot2/dbot_vda5050_ilmatar/install/odom_motion_model/lib/python3.10/site-packages:${PYTHONPATH} /usr/bin/python3 -W ignore:setup.py install is deprecated -W ignore:easy_install command is deprecated setup.py egg_info --egg-base ../../build/odom_motion_model build --build-base /home/dbot2/dbot_vda5050_ilmatar/build/odom_motion_model/build install --record /home/dbot2/dbot_vda5050_ilmatar/build/odom_motion_model/install.log --install-scripts $base/lib/odom_motion_model --single-version-externally-managed install_data
[3.922s] Level 1:colcon.colcon_core.environment:checking '/home/dbot2/dbot_vda5050_ilmatar/install/odom_motion_model' for CMake config files
[3.922s] Level 1:colcon.colcon_core.environment:checking '/home/dbot2/dbot_vda5050_ilmatar/install/odom_motion_model/lib'
[3.922s] Level 1:colcon.colcon_core.environment:checking '/home/dbot2/dbot_vda5050_ilmatar/install/odom_motion_model/bin'
[3.922s] Level 1:colcon.colcon_core.environment:checking '/home/dbot2/dbot_vda5050_ilmatar/install/odom_motion_model/lib/pkgconfig/odom_motion_model.pc'
[3.923s] Level 1:colcon.colcon_core.environment:checking '/home/dbot2/dbot_vda5050_ilmatar/install/odom_motion_model/lib/python3.10/site-packages'
[3.923s] Level 1:colcon.colcon_core.shell:create_environment_hook('odom_motion_model', 'pythonpath')
[3.923s] INFO:colcon.colcon_core.shell:Creating environment hook '/home/dbot2/dbot_vda5050_ilmatar/install/odom_motion_model/share/odom_motion_model/hook/pythonpath.ps1'
[3.923s] INFO:colcon.colcon_core.shell:Creating environment descriptor '/home/dbot2/dbot_vda5050_ilmatar/install/odom_motion_model/share/odom_motion_model/hook/pythonpath.dsv'
[3.923s] INFO:colcon.colcon_core.shell:Creating environment hook '/home/dbot2/dbot_vda5050_ilmatar/install/odom_motion_model/share/odom_motion_model/hook/pythonpath.sh'
[3.924s] Level 1:colcon.colcon_core.environment:checking '/home/dbot2/dbot_vda5050_ilmatar/install/odom_motion_model/bin'
[3.924s] Level 1:colcon.colcon_core.environment:create_environment_scripts_only(odom_motion_model)
[3.924s] INFO:colcon.colcon_core.shell:Creating package script '/home/dbot2/dbot_vda5050_ilmatar/install/odom_motion_model/share/odom_motion_model/package.ps1'
[3.924s] INFO:colcon.colcon_core.shell:Creating package descriptor '/home/dbot2/dbot_vda5050_ilmatar/install/odom_motion_model/share/odom_motion_model/package.dsv'
[3.924s] INFO:colcon.colcon_core.shell:Creating package script '/home/dbot2/dbot_vda5050_ilmatar/install/odom_motion_model/share/odom_motion_model/package.sh'
[3.925s] INFO:colcon.colcon_core.shell:Creating package script '/home/dbot2/dbot_vda5050_ilmatar/install/odom_motion_model/share/odom_motion_model/package.bash'
[3.925s] INFO:colcon.colcon_core.shell:Creating package script '/home/dbot2/dbot_vda5050_ilmatar/install/odom_motion_model/share/odom_motion_model/package.zsh'
[3.925s] Level 1:colcon.colcon_core.environment:create_file_with_runtime_dependencies(/home/dbot2/dbot_vda5050_ilmatar/install/odom_motion_model/share/colcon-core/packages/odom_motion_model)
[4.154s] Level 1:colcon.colcon_core.environment:checking '/home/dbot2/dbot_vda5050_ilmatar/install/vda5050_tb3_adapter' for CMake module files
[4.154s] DEBUG:colcon.colcon_core.event_handler.log_command:Invoked command in '/home/dbot2/dbot_vda5050_ilmatar/src/vda5050_tb3_adapter' returned '0': CMAKE_PREFIX_PATH=/home/dbot2/dbot_vda5050_ilmatar/install/vda5050_connector:/home/dbot2/dbot_vda5050_ilmatar/install/vda5050_msgs:/home/dbot2/dbot_vda5050_ilmatar/install/vda_dbot_nav_slam:/home/dbot2/dbot_vda5050_ilmatar/install/odometry_estimator:/home/dbot2/dbot_vda5050_ilmatar/install/dbot_nav_slam:/home/dbot2/dbot_vda5050_ilmatar/install/dbot_custom_msgs:/home/dbot2/dbot_src/install/odometry_estimator:/home/dbot2/dbot_src/install/dbot_custom_msgs:/home/dbot2/dbot_remote/install/pointcloud_saver:/home/dbot2/circus_demo/install/pcl_localization_ros2:/home/dbot2/circus_demo/install/ndt_omp_ros2:/home/dbot2/ros2_ws/install/odometry_estimator:/home/dbot2/ros2_ws/install/dbot_nav_slam:/home/dbot2/ros2_ws/install/dbot_custom_msgs:/home/dbot2/ros2_ws/install/ament_lint_common:/home/dbot2/ros2_ws/install/ament_cmake_xmllint:/home/dbot2/ros2_ws/install/ament_cmake_uncrustify:/home/dbot2/ros2_ws/install/ament_cmake_pyflakes:/home/dbot2/ros2_ws/install/ament_cmake_pycodestyle:/home/dbot2/ros2_ws/install/ament_cmake_pep257:/home/dbot2/ros2_ws/install/ament_cmake_pclint:/home/dbot2/ros2_ws/install/ament_cmake_mypy:/home/dbot2/ros2_ws/install/ament_cmake_lint_cmake:/home/dbot2/ros2_ws/install/ament_lint_auto:/home/dbot2/ros2_ws/install/ament_cmake_flake8:/home/dbot2/ros2_ws/install/ament_cmake_copyright:/home/dbot2/ros2_ws/install/ament_cmake_cpplint:/home/dbot2/ros2_ws/install/ament_cmake_cppcheck:/home/dbot2/ros2_ws/install/ament_cmake_clang_tidy:/home/dbot2/ros2_ws/install/ament_cmake_clang_format PYTHONPATH=/home/dbot2/dbot_vda5050_ilmatar/build/vda5050_tb3_adapter/prefix_override:/usr/lib/python3/dist-packages/colcon_core/task/python/colcon_distutils_commands:/home/dbot2/dbot_vda5050_ilmatar/install/vda5050_tb3_adapter/lib/python3.10/site-packages:${PYTHONPATH} /usr/bin/python3 -W ignore:setup.py install is deprecated -W ignore:easy_install command is deprecated setup.py egg_info --egg-base ../../build/vda5050_tb3_adapter build --build-base /home/dbot2/dbot_vda5050_ilmatar/build/vda5050_tb3_adapter/build install --record /home/dbot2/dbot_vda5050_ilmatar/build/vda5050_tb3_adapter/install.log --single-version-externally-managed install_data
[4.154s] Level 1:colcon.colcon_core.environment:checking '/home/dbot2/dbot_vda5050_ilmatar/install/vda5050_tb3_adapter' for CMake config files
[4.155s] Level 1:colcon.colcon_core.environment:checking '/home/dbot2/dbot_vda5050_ilmatar/install/vda5050_tb3_adapter/lib'
[4.155s] Level 1:colcon.colcon_core.environment:checking '/home/dbot2/dbot_vda5050_ilmatar/install/vda5050_tb3_adapter/bin'
[4.155s] Level 1:colcon.colcon_core.environment:checking '/home/dbot2/dbot_vda5050_ilmatar/install/vda5050_tb3_adapter/lib/pkgconfig/vda5050_tb3_adapter.pc'
[4.155s] Level 1:colcon.colcon_core.environment:checking '/home/dbot2/dbot_vda5050_ilmatar/install/vda5050_tb3_adapter/lib/python3.10/site-packages'
[4.155s] Level 1:colcon.colcon_core.shell:create_environment_hook('vda5050_tb3_adapter', 'pythonpath')
[4.155s] INFO:colcon.colcon_core.shell:Creating environment hook '/home/dbot2/dbot_vda5050_ilmatar/install/vda5050_tb3_adapter/share/vda5050_tb3_adapter/hook/pythonpath.ps1'
[4.156s] INFO:colcon.colcon_core.shell:Creating environment descriptor '/home/dbot2/dbot_vda5050_ilmatar/install/vda5050_tb3_adapter/share/vda5050_tb3_adapter/hook/pythonpath.dsv'
[4.156s] INFO:colcon.colcon_core.shell:Creating environment hook '/home/dbot2/dbot_vda5050_ilmatar/install/vda5050_tb3_adapter/share/vda5050_tb3_adapter/hook/pythonpath.sh'
[4.156s] Level 1:colcon.colcon_core.environment:checking '/home/dbot2/dbot_vda5050_ilmatar/install/vda5050_tb3_adapter/bin'
[4.156s] Level 1:colcon.colcon_core.environment:create_environment_scripts_only(vda5050_tb3_adapter)
[4.157s] INFO:colcon.colcon_core.shell:Creating package script '/home/dbot2/dbot_vda5050_ilmatar/install/vda5050_tb3_adapter/share/vda5050_tb3_adapter/package.ps1'
[4.157s] INFO:colcon.colcon_core.shell:Creating package descriptor '/home/dbot2/dbot_vda5050_ilmatar/install/vda5050_tb3_adapter/share/vda5050_tb3_adapter/package.dsv'
[4.157s] INFO:colcon.colcon_core.shell:Creating package script '/home/dbot2/dbot_vda5050_ilmatar/install/vda5050_tb3_adapter/share/vda5050_tb3_adapter/package.sh'
[4.157s] INFO:colcon.colcon_core.shell:Creating package script '/home/dbot2/dbot_vda5050_ilmatar/install/vda5050_tb3_adapter/share/vda5050_tb3_adapter/package.bash'
[4.158s] INFO:colcon.colcon_core.shell:Creating package script '/home/dbot2/dbot_vda5050_ilmatar/install/vda5050_tb3_adapter/share/vda5050_tb3_adapter/package.zsh'
[4.158s] Level 1:colcon.colcon_core.environment:create_file_with_runtime_dependencies(/home/dbot2/dbot_vda5050_ilmatar/install/vda5050_tb3_adapter/share/colcon-core/packages/vda5050_tb3_adapter)
[4.158s] DEBUG:colcon.colcon_parallel_executor.executor.parallel:closing loop
[4.158s] DEBUG:colcon.colcon_parallel_executor.executor.parallel:loop closed
[4.158s] DEBUG:colcon.colcon_parallel_executor.executor.parallel:run_until_complete finished with '0'
[4.158s] DEBUG:colcon.colcon_core.event_reactor:joining thread
[4.163s] INFO:colcon.colcon_core.plugin_system:Skipping extension 'colcon_notification.desktop_notification.terminal_notifier': Not used on non-Darwin systems
[4.164s] INFO:colcon.colcon_core.plugin_system:Skipping extension 'colcon_notification.desktop_notification.win32': Not used on non-Windows systems
[4.164s] INFO:colcon.colcon_notification.desktop_notification:Sending desktop notification using 'notify2'
[29.167s] DEBUG:colcon.colcon_notification.desktop_notification.notify2:Failed to initialize notify2: org.freedesktop.DBus.Error.NoReply: Did not receive a reply. Possible causes include: the remote application did not send a reply, the message bus security policy blocked the reply, the reply timeout expired, or the network connection was broken.
[29.167s] DEBUG:colcon.colcon_core.event_reactor:joined thread
[29.167s] INFO:colcon.colcon_core.shell:Creating prefix script '/home/dbot2/dbot_vda5050_ilmatar/install/local_setup.ps1'
[29.176s] INFO:colcon.colcon_core.shell:Creating prefix util module '/home/dbot2/dbot_vda5050_ilmatar/install/_local_setup_util_ps1.py'
[29.177s] INFO:colcon.colcon_core.shell:Creating prefix chain script '/home/dbot2/dbot_vda5050_ilmatar/install/setup.ps1'
[29.179s] INFO:colcon.colcon_core.shell:Creating prefix script '/home/dbot2/dbot_vda5050_ilmatar/install/local_setup.sh'
[29.179s] INFO:colcon.colcon_core.shell:Creating prefix util module '/home/dbot2/dbot_vda5050_ilmatar/install/_local_setup_util_sh.py'
[29.180s] INFO:colcon.colcon_core.shell:Creating prefix chain script '/home/dbot2/dbot_vda5050_ilmatar/install/setup.sh'
[29.181s] INFO:colcon.colcon_core.shell:Creating prefix script '/home/dbot2/dbot_vda5050_ilmatar/install/local_setup.bash'
[29.182s] INFO:colcon.colcon_core.shell:Creating prefix chain script '/home/dbot2/dbot_vda5050_ilmatar/install/setup.bash'
[29.184s] INFO:colcon.colcon_core.shell:Creating prefix script '/home/dbot2/dbot_vda5050_ilmatar/install/local_setup.zsh'
[29.184s] INFO:colcon.colcon_core.shell:Creating prefix chain script '/home/dbot2/dbot_vda5050_ilmatar/install/setup.zsh'
