[0.086s] DEBUG:colcon:Command line arguments: ['/usr/bin/colcon', 'build', '--symlink-install']
[0.086s] DEBUG:colcon:Parsed command line arguments: Namespace(log_base=None, log_level=None, verb_name='build', build_base='build', install_base='install', merge_install=False, symlink_install=True, test_result_base=None, continue_on_error=False, executor='parallel', parallel_workers=8, event_handlers=None, ignore_user_meta=False, metas=['./colcon.meta'], base_paths=['.'], packages_ignore=None, packages_ignore_regex=None, paths=None, packages_up_to=None, packages_up_to_regex=None, packages_above=None, packages_above_and_dependencies=None, packages_above_depth=None, packages_select_by_dep=None, packages_skip_by_dep=None, packages_skip_up_to=None, packages_select_build_failed=False, packages_skip_build_finished=False, packages_select_test_failures=False, packages_skip_test_passed=False, packages_select=None, packages_skip=None, packages_select_regex=None, packages_skip_regex=None, packages_start=None, packages_end=None, allow_overriding=[], cmake_args=None, cmake_target=None, cmake_target_skip_unavailable=False, cmake_clean_cache=False, cmake_clean_first=False, cmake_force_configure=False, ament_cmake_args=None, catkin_cmake_args=None, catkin_skip_building_tests=False, mixin_files=None, mixin=None, verb_parser=<colcon_mixin.mixin.mixin_argument.MixinArgumentDecorator object at 0x70bb845b7a00>, verb_extension=<colcon_core.verb.build.BuildVerb object at 0x70bb845b6e00>, main=<bound method BuildVerb.main of <colcon_core.verb.build.BuildVerb object at 0x70bb845b6e00>>, mixin_verb=('build',))
[0.304s] Level 1:colcon.colcon_core.package_discovery:discover_packages(colcon_meta) check parameters
[0.304s] Level 1:colcon.colcon_core.package_discovery:discover_packages(recursive) check parameters
[0.304s] Level 1:colcon.colcon_core.package_discovery:discover_packages(ignore) check parameters
[0.304s] Level 1:colcon.colcon_core.package_discovery:discover_packages(path) check parameters
[0.304s] Level 1:colcon.colcon_core.package_discovery:discover_packages(colcon_meta) discover
[0.304s] Level 1:colcon.colcon_core.package_discovery:discover_packages(recursive) discover
[0.304s] INFO:colcon.colcon_core.package_discovery:Crawling recursively for packages in '/home/dbot2/dbot_vda5050_ilmatar'
[0.304s] Level 1:colcon.colcon_core.package_identification:_identify(.) by extensions ['ignore', 'ignore_ament_install']
[0.304s] Level 1:colcon.colcon_core.package_identification:_identify(.) by extension 'ignore'
[0.304s] Level 1:colcon.colcon_core.package_identification:_identify(.) by extension 'ignore_ament_install'
[0.304s] Level 1:colcon.colcon_core.package_identification:_identify(.) by extensions ['colcon_pkg']
[0.304s] Level 1:colcon.colcon_core.package_identification:_identify(.) by extension 'colcon_pkg'
[0.304s] Level 1:colcon.colcon_core.package_identification:_identify(.) by extensions ['colcon_meta']
[0.304s] Level 1:colcon.colcon_core.package_identification:_identify(.) by extension 'colcon_meta'
[0.304s] Level 1:colcon.colcon_core.package_identification:_identify(.) by extensions ['ros']
[0.304s] Level 1:colcon.colcon_core.package_identification:_identify(.) by extension 'ros'
[0.312s] Level 1:colcon.colcon_core.package_identification:_identify(.) by extensions ['cmake', 'python']
[0.312s] Level 1:colcon.colcon_core.package_identification:_identify(.) by extension 'cmake'
[0.312s] Level 1:colcon.colcon_core.package_identification:_identify(.) by extension 'python'
[0.312s] Level 1:colcon.colcon_core.package_identification:_identify(.) by extensions ['python_setup_py']
[0.312s] Level 1:colcon.colcon_core.package_identification:_identify(.) by extension 'python_setup_py'
[0.312s] Level 1:colcon.colcon_core.package_identification:_identify(build) by extensions ['ignore', 'ignore_ament_install']
[0.312s] Level 1:colcon.colcon_core.package_identification:_identify(build) by extension 'ignore'
[0.312s] Level 1:colcon.colcon_core.package_identification:_identify(build) ignored
[0.312s] Level 1:colcon.colcon_core.package_identification:_identify(install) by extensions ['ignore', 'ignore_ament_install']
[0.313s] Level 1:colcon.colcon_core.package_identification:_identify(install) by extension 'ignore'
[0.313s] Level 1:colcon.colcon_core.package_identification:_identify(install) ignored
[0.313s] Level 1:colcon.colcon_core.package_identification:_identify(log) by extensions ['ignore', 'ignore_ament_install']
[0.313s] Level 1:colcon.colcon_core.package_identification:_identify(log) by extension 'ignore'
[0.313s] Level 1:colcon.colcon_core.package_identification:_identify(log) ignored
[0.313s] Level 1:colcon.colcon_core.package_identification:_identify(src) by extensions ['ignore', 'ignore_ament_install']
[0.313s] Level 1:colcon.colcon_core.package_identification:_identify(src) by extension 'ignore'
[0.313s] Level 1:colcon.colcon_core.package_identification:_identify(src) by extension 'ignore_ament_install'
[0.313s] Level 1:colcon.colcon_core.package_identification:_identify(src) by extensions ['colcon_pkg']
[0.313s] Level 1:colcon.colcon_core.package_identification:_identify(src) by extension 'colcon_pkg'
[0.313s] Level 1:colcon.colcon_core.package_identification:_identify(src) by extensions ['colcon_meta']
[0.313s] Level 1:colcon.colcon_core.package_identification:_identify(src) by extension 'colcon_meta'
[0.313s] Level 1:colcon.colcon_core.package_identification:_identify(src) by extensions ['ros']
[0.313s] Level 1:colcon.colcon_core.package_identification:_identify(src) by extension 'ros'
[0.313s] Level 1:colcon.colcon_core.package_identification:_identify(src) by extensions ['cmake', 'python']
[0.313s] Level 1:colcon.colcon_core.package_identification:_identify(src) by extension 'cmake'
[0.313s] Level 1:colcon.colcon_core.package_identification:_identify(src) by extension 'python'
[0.313s] Level 1:colcon.colcon_core.package_identification:_identify(src) by extensions ['python_setup_py']
[0.313s] Level 1:colcon.colcon_core.package_identification:_identify(src) by extension 'python_setup_py'
[0.313s] Level 1:colcon.colcon_core.package_identification:_identify(src/build) by extensions ['ignore', 'ignore_ament_install']
[0.313s] Level 1:colcon.colcon_core.package_identification:_identify(src/build) by extension 'ignore'
[0.313s] Level 1:colcon.colcon_core.package_identification:_identify(src/build) ignored
[0.313s] Level 1:colcon.colcon_core.package_identification:_identify(src/dbot) by extensions ['ignore', 'ignore_ament_install']
[0.313s] Level 1:colcon.colcon_core.package_identification:_identify(src/dbot) by extension 'ignore'
[0.313s] Level 1:colcon.colcon_core.package_identification:_identify(src/dbot) by extension 'ignore_ament_install'
[0.313s] Level 1:colcon.colcon_core.package_identification:_identify(src/dbot) by extensions ['colcon_pkg']
[0.313s] Level 1:colcon.colcon_core.package_identification:_identify(src/dbot) by extension 'colcon_pkg'
[0.313s] Level 1:colcon.colcon_core.package_identification:_identify(src/dbot) by extensions ['colcon_meta']
[0.313s] Level 1:colcon.colcon_core.package_identification:_identify(src/dbot) by extension 'colcon_meta'
[0.313s] Level 1:colcon.colcon_core.package_identification:_identify(src/dbot) by extensions ['ros']
[0.313s] Level 1:colcon.colcon_core.package_identification:_identify(src/dbot) by extension 'ros'
[0.315s] DEBUG:colcon.colcon_core.package_identification:Package 'src/dbot' with type 'ros.ament_python' and name 'dbot'
[0.315s] Level 1:colcon.colcon_core.package_identification:_identify(src/dbot_bridge) by extensions ['ignore', 'ignore_ament_install']
[0.315s] Level 1:colcon.colcon_core.package_identification:_identify(src/dbot_bridge) by extension 'ignore'
[0.315s] Level 1:colcon.colcon_core.package_identification:_identify(src/dbot_bridge) by extension 'ignore_ament_install'
[0.315s] Level 1:colcon.colcon_core.package_identification:_identify(src/dbot_bridge) by extensions ['colcon_pkg']
[0.315s] Level 1:colcon.colcon_core.package_identification:_identify(src/dbot_bridge) by extension 'colcon_pkg'
[0.315s] Level 1:colcon.colcon_core.package_identification:_identify(src/dbot_bridge) by extensions ['colcon_meta']
[0.315s] Level 1:colcon.colcon_core.package_identification:_identify(src/dbot_bridge) by extension 'colcon_meta'
[0.315s] Level 1:colcon.colcon_core.package_identification:_identify(src/dbot_bridge) by extensions ['ros']
[0.315s] Level 1:colcon.colcon_core.package_identification:_identify(src/dbot_bridge) by extension 'ros'
[0.316s] DEBUG:colcon.colcon_core.package_identification:Package 'src/dbot_bridge' with type 'ros.ament_python' and name 'dbot_bridge'
[0.316s] Level 1:colcon.colcon_core.package_identification:_identify(src/dbot_custom_msgs) by extensions ['ignore', 'ignore_ament_install']
[0.316s] Level 1:colcon.colcon_core.package_identification:_identify(src/dbot_custom_msgs) by extension 'ignore'
[0.316s] Level 1:colcon.colcon_core.package_identification:_identify(src/dbot_custom_msgs) by extension 'ignore_ament_install'
[0.316s] Level 1:colcon.colcon_core.package_identification:_identify(src/dbot_custom_msgs) by extensions ['colcon_pkg']
[0.316s] Level 1:colcon.colcon_core.package_identification:_identify(src/dbot_custom_msgs) by extension 'colcon_pkg'
[0.316s] Level 1:colcon.colcon_core.package_identification:_identify(src/dbot_custom_msgs) by extensions ['colcon_meta']
[0.316s] Level 1:colcon.colcon_core.package_identification:_identify(src/dbot_custom_msgs) by extension 'colcon_meta'
[0.316s] Level 1:colcon.colcon_core.package_identification:_identify(src/dbot_custom_msgs) by extensions ['ros']
[0.316s] Level 1:colcon.colcon_core.package_identification:_identify(src/dbot_custom_msgs) by extension 'ros'
[0.316s] DEBUG:colcon.colcon_core.package_identification:Package 'src/dbot_custom_msgs' with type 'ros.ament_cmake' and name 'dbot_custom_msgs'
[0.316s] Level 1:colcon.colcon_core.package_identification:_identify(src/dbot_nav_slam) by extensions ['ignore', 'ignore_ament_install']
[0.316s] Level 1:colcon.colcon_core.package_identification:_identify(src/dbot_nav_slam) by extension 'ignore'
[0.316s] Level 1:colcon.colcon_core.package_identification:_identify(src/dbot_nav_slam) by extension 'ignore_ament_install'
[0.316s] Level 1:colcon.colcon_core.package_identification:_identify(src/dbot_nav_slam) by extensions ['colcon_pkg']
[0.316s] Level 1:colcon.colcon_core.package_identification:_identify(src/dbot_nav_slam) by extension 'colcon_pkg'
[0.316s] Level 1:colcon.colcon_core.package_identification:_identify(src/dbot_nav_slam) by extensions ['colcon_meta']
[0.316s] Level 1:colcon.colcon_core.package_identification:_identify(src/dbot_nav_slam) by extension 'colcon_meta'
[0.316s] Level 1:colcon.colcon_core.package_identification:_identify(src/dbot_nav_slam) by extensions ['ros']
[0.316s] Level 1:colcon.colcon_core.package_identification:_identify(src/dbot_nav_slam) by extension 'ros'
[0.317s] DEBUG:colcon.colcon_core.package_identification:Package 'src/dbot_nav_slam' with type 'ros.ament_cmake' and name 'dbot_nav_slam'
[0.317s] Level 1:colcon.colcon_core.package_identification:_identify(src/gesturecontrol) by extensions ['ignore', 'ignore_ament_install']
[0.317s] Level 1:colcon.colcon_core.package_identification:_identify(src/gesturecontrol) by extension 'ignore'
[0.317s] Level 1:colcon.colcon_core.package_identification:_identify(src/gesturecontrol) by extension 'ignore_ament_install'
[0.317s] Level 1:colcon.colcon_core.package_identification:_identify(src/gesturecontrol) by extensions ['colcon_pkg']
[0.317s] Level 1:colcon.colcon_core.package_identification:_identify(src/gesturecontrol) by extension 'colcon_pkg'
[0.317s] Level 1:colcon.colcon_core.package_identification:_identify(src/gesturecontrol) by extensions ['colcon_meta']
[0.317s] Level 1:colcon.colcon_core.package_identification:_identify(src/gesturecontrol) by extension 'colcon_meta'
[0.317s] Level 1:colcon.colcon_core.package_identification:_identify(src/gesturecontrol) by extensions ['ros']
[0.317s] Level 1:colcon.colcon_core.package_identification:_identify(src/gesturecontrol) by extension 'ros'
[0.317s] DEBUG:colcon.colcon_core.package_identification:Package 'src/gesturecontrol' with type 'ros.ament_python' and name 'gesturecontrol'
[0.317s] Level 1:colcon.colcon_core.package_identification:_identify(src/install) by extensions ['ignore', 'ignore_ament_install']
[0.318s] Level 1:colcon.colcon_core.package_identification:_identify(src/install) by extension 'ignore'
[0.318s] Level 1:colcon.colcon_core.package_identification:_identify(src/install) ignored
[0.318s] Level 1:colcon.colcon_core.package_identification:_identify(src/joycontrol) by extensions ['ignore', 'ignore_ament_install']
[0.318s] Level 1:colcon.colcon_core.package_identification:_identify(src/joycontrol) by extension 'ignore'
[0.318s] Level 1:colcon.colcon_core.package_identification:_identify(src/joycontrol) by extension 'ignore_ament_install'
[0.318s] Level 1:colcon.colcon_core.package_identification:_identify(src/joycontrol) by extensions ['colcon_pkg']
[0.318s] Level 1:colcon.colcon_core.package_identification:_identify(src/joycontrol) by extension 'colcon_pkg'
[0.318s] Level 1:colcon.colcon_core.package_identification:_identify(src/joycontrol) by extensions ['colcon_meta']
[0.318s] Level 1:colcon.colcon_core.package_identification:_identify(src/joycontrol) by extension 'colcon_meta'
[0.318s] Level 1:colcon.colcon_core.package_identification:_identify(src/joycontrol) by extensions ['ros']
[0.318s] Level 1:colcon.colcon_core.package_identification:_identify(src/joycontrol) by extension 'ros'
[0.318s] DEBUG:colcon.colcon_core.package_identification:Package 'src/joycontrol' with type 'ros.ament_python' and name 'joycontrol'
[0.318s] Level 1:colcon.colcon_core.package_identification:_identify(src/log) by extensions ['ignore', 'ignore_ament_install']
[0.318s] Level 1:colcon.colcon_core.package_identification:_identify(src/log) by extension 'ignore'
[0.318s] Level 1:colcon.colcon_core.package_identification:_identify(src/log) ignored
[0.318s] Level 1:colcon.colcon_core.package_identification:_identify(src/motor_driver) by extensions ['ignore', 'ignore_ament_install']
[0.318s] Level 1:colcon.colcon_core.package_identification:_identify(src/motor_driver) by extension 'ignore'
[0.318s] Level 1:colcon.colcon_core.package_identification:_identify(src/motor_driver) by extension 'ignore_ament_install'
[0.318s] Level 1:colcon.colcon_core.package_identification:_identify(src/motor_driver) by extensions ['colcon_pkg']
[0.318s] Level 1:colcon.colcon_core.package_identification:_identify(src/motor_driver) by extension 'colcon_pkg'
[0.318s] Level 1:colcon.colcon_core.package_identification:_identify(src/motor_driver) by extensions ['colcon_meta']
[0.318s] Level 1:colcon.colcon_core.package_identification:_identify(src/motor_driver) by extension 'colcon_meta'
[0.318s] Level 1:colcon.colcon_core.package_identification:_identify(src/motor_driver) by extensions ['ros']
[0.318s] Level 1:colcon.colcon_core.package_identification:_identify(src/motor_driver) by extension 'ros'
[0.319s] DEBUG:colcon.colcon_core.package_identification:Package 'src/motor_driver' with type 'ros.ament_python' and name 'motor_driver'
[0.319s] Level 1:colcon.colcon_core.package_identification:_identify(src/odom_motion_model) by extensions ['ignore', 'ignore_ament_install']
[0.319s] Level 1:colcon.colcon_core.package_identification:_identify(src/odom_motion_model) by extension 'ignore'
[0.319s] Level 1:colcon.colcon_core.package_identification:_identify(src/odom_motion_model) by extension 'ignore_ament_install'
[0.319s] Level 1:colcon.colcon_core.package_identification:_identify(src/odom_motion_model) by extensions ['colcon_pkg']
[0.319s] Level 1:colcon.colcon_core.package_identification:_identify(src/odom_motion_model) by extension 'colcon_pkg'
[0.319s] Level 1:colcon.colcon_core.package_identification:_identify(src/odom_motion_model) by extensions ['colcon_meta']
[0.319s] Level 1:colcon.colcon_core.package_identification:_identify(src/odom_motion_model) by extension 'colcon_meta'
[0.319s] Level 1:colcon.colcon_core.package_identification:_identify(src/odom_motion_model) by extensions ['ros']
[0.319s] Level 1:colcon.colcon_core.package_identification:_identify(src/odom_motion_model) by extension 'ros'
[0.319s] DEBUG:colcon.colcon_core.package_identification:Package 'src/odom_motion_model' with type 'ros.ament_python' and name 'odom_motion_model'
[0.319s] Level 1:colcon.colcon_core.package_identification:_identify(src/ros2_odometry_estimation) by extensions ['ignore', 'ignore_ament_install']
[0.319s] Level 1:colcon.colcon_core.package_identification:_identify(src/ros2_odometry_estimation) by extension 'ignore'
[0.320s] Level 1:colcon.colcon_core.package_identification:_identify(src/ros2_odometry_estimation) by extension 'ignore_ament_install'
[0.320s] Level 1:colcon.colcon_core.package_identification:_identify(src/ros2_odometry_estimation) by extensions ['colcon_pkg']
[0.320s] Level 1:colcon.colcon_core.package_identification:_identify(src/ros2_odometry_estimation) by extension 'colcon_pkg'
[0.320s] Level 1:colcon.colcon_core.package_identification:_identify(src/ros2_odometry_estimation) by extensions ['colcon_meta']
[0.320s] Level 1:colcon.colcon_core.package_identification:_identify(src/ros2_odometry_estimation) by extension 'colcon_meta'
[0.320s] Level 1:colcon.colcon_core.package_identification:_identify(src/ros2_odometry_estimation) by extensions ['ros']
[0.320s] Level 1:colcon.colcon_core.package_identification:_identify(src/ros2_odometry_estimation) by extension 'ros'
[0.320s] DEBUG:colcon.colcon_core.package_identification:Package 'src/ros2_odometry_estimation' with type 'ros.ament_cmake' and name 'odometry_estimator'
[0.320s] Level 1:colcon.colcon_core.package_identification:_identify(src/tf2_dbot) by extensions ['ignore', 'ignore_ament_install']
[0.320s] Level 1:colcon.colcon_core.package_identification:_identify(src/tf2_dbot) by extension 'ignore'
[0.320s] Level 1:colcon.colcon_core.package_identification:_identify(src/tf2_dbot) by extension 'ignore_ament_install'
[0.320s] Level 1:colcon.colcon_core.package_identification:_identify(src/tf2_dbot) by extensions ['colcon_pkg']
[0.320s] Level 1:colcon.colcon_core.package_identification:_identify(src/tf2_dbot) by extension 'colcon_pkg'
[0.320s] Level 1:colcon.colcon_core.package_identification:_identify(src/tf2_dbot) by extensions ['colcon_meta']
[0.320s] Level 1:colcon.colcon_core.package_identification:_identify(src/tf2_dbot) by extension 'colcon_meta'
[0.320s] Level 1:colcon.colcon_core.package_identification:_identify(src/tf2_dbot) by extensions ['ros']
[0.320s] Level 1:colcon.colcon_core.package_identification:_identify(src/tf2_dbot) by extension 'ros'
[0.321s] DEBUG:colcon.colcon_core.package_identification:Package 'src/tf2_dbot' with type 'ros.ament_python' and name 'tf2_dbot'
[0.321s] Level 1:colcon.colcon_core.package_identification:_identify(src/vda5050_connector) by extensions ['ignore', 'ignore_ament_install']
[0.321s] Level 1:colcon.colcon_core.package_identification:_identify(src/vda5050_connector) by extension 'ignore'
[0.321s] Level 1:colcon.colcon_core.package_identification:_identify(src/vda5050_connector) by extension 'ignore_ament_install'
[0.321s] Level 1:colcon.colcon_core.package_identification:_identify(src/vda5050_connector) by extensions ['colcon_pkg']
[0.321s] Level 1:colcon.colcon_core.package_identification:_identify(src/vda5050_connector) by extension 'colcon_pkg'
[0.321s] Level 1:colcon.colcon_core.package_identification:_identify(src/vda5050_connector) by extensions ['colcon_meta']
[0.321s] Level 1:colcon.colcon_core.package_identification:_identify(src/vda5050_connector) by extension 'colcon_meta'
[0.321s] Level 1:colcon.colcon_core.package_identification:_identify(src/vda5050_connector) by extensions ['ros']
[0.321s] Level 1:colcon.colcon_core.package_identification:_identify(src/vda5050_connector) by extension 'ros'
[0.322s] DEBUG:colcon.colcon_core.package_identification:Package 'src/vda5050_connector' with type 'ros.ament_cmake' and name 'vda5050_connector'
[0.322s] Level 1:colcon.colcon_core.package_identification:_identify(src/vda5050_msgs) by extensions ['ignore', 'ignore_ament_install']
[0.322s] Level 1:colcon.colcon_core.package_identification:_identify(src/vda5050_msgs) by extension 'ignore'
[0.322s] Level 1:colcon.colcon_core.package_identification:_identify(src/vda5050_msgs) by extension 'ignore_ament_install'
[0.322s] Level 1:colcon.colcon_core.package_identification:_identify(src/vda5050_msgs) by extensions ['colcon_pkg']
[0.322s] Level 1:colcon.colcon_core.package_identification:_identify(src/vda5050_msgs) by extension 'colcon_pkg'
[0.322s] Level 1:colcon.colcon_core.package_identification:_identify(src/vda5050_msgs) by extensions ['colcon_meta']
[0.322s] Level 1:colcon.colcon_core.package_identification:_identify(src/vda5050_msgs) by extension 'colcon_meta'
[0.322s] Level 1:colcon.colcon_core.package_identification:_identify(src/vda5050_msgs) by extensions ['ros']
[0.322s] Level 1:colcon.colcon_core.package_identification:_identify(src/vda5050_msgs) by extension 'ros'
[0.322s] DEBUG:colcon.colcon_core.package_identification:Package 'src/vda5050_msgs' with type 'ros.ament_cmake' and name 'vda5050_msgs'
[0.322s] Level 1:colcon.colcon_core.package_identification:_identify(src/vda5050_tb3_adapter) by extensions ['ignore', 'ignore_ament_install']
[0.323s] Level 1:colcon.colcon_core.package_identification:_identify(src/vda5050_tb3_adapter) by extension 'ignore'
[0.323s] Level 1:colcon.colcon_core.package_identification:_identify(src/vda5050_tb3_adapter) by extension 'ignore_ament_install'
[0.323s] Level 1:colcon.colcon_core.package_identification:_identify(src/vda5050_tb3_adapter) by extensions ['colcon_pkg']
[0.323s] Level 1:colcon.colcon_core.package_identification:_identify(src/vda5050_tb3_adapter) by extension 'colcon_pkg'
[0.323s] Level 1:colcon.colcon_core.package_identification:_identify(src/vda5050_tb3_adapter) by extensions ['colcon_meta']
[0.323s] Level 1:colcon.colcon_core.package_identification:_identify(src/vda5050_tb3_adapter) by extension 'colcon_meta'
[0.323s] Level 1:colcon.colcon_core.package_identification:_identify(src/vda5050_tb3_adapter) by extensions ['ros']
[0.323s] Level 1:colcon.colcon_core.package_identification:_identify(src/vda5050_tb3_adapter) by extension 'ros'
[0.324s] DEBUG:colcon.colcon_core.package_identification:Package 'src/vda5050_tb3_adapter' with type 'ros.ament_python' and name 'vda5050_tb3_adapter'
[0.324s] Level 1:colcon.colcon_core.package_identification:_identify(src/vda_dbot_nav_slam) by extensions ['ignore', 'ignore_ament_install']
[0.324s] Level 1:colcon.colcon_core.package_identification:_identify(src/vda_dbot_nav_slam) by extension 'ignore'
[0.324s] Level 1:colcon.colcon_core.package_identification:_identify(src/vda_dbot_nav_slam) by extension 'ignore_ament_install'
[0.324s] Level 1:colcon.colcon_core.package_identification:_identify(src/vda_dbot_nav_slam) by extensions ['colcon_pkg']
[0.324s] Level 1:colcon.colcon_core.package_identification:_identify(src/vda_dbot_nav_slam) by extension 'colcon_pkg'
[0.324s] Level 1:colcon.colcon_core.package_identification:_identify(src/vda_dbot_nav_slam) by extensions ['colcon_meta']
[0.324s] Level 1:colcon.colcon_core.package_identification:_identify(src/vda_dbot_nav_slam) by extension 'colcon_meta'
[0.324s] Level 1:colcon.colcon_core.package_identification:_identify(src/vda_dbot_nav_slam) by extensions ['ros']
[0.324s] Level 1:colcon.colcon_core.package_identification:_identify(src/vda_dbot_nav_slam) by extension 'ros'
[0.324s] DEBUG:colcon.colcon_core.package_identification:Package 'src/vda_dbot_nav_slam' with type 'ros.ament_cmake' and name 'vda_dbot_nav_slam'
[0.324s] Level 1:colcon.colcon_core.package_discovery:discover_packages(recursive) using defaults
[0.324s] Level 1:colcon.colcon_core.package_discovery:discover_packages(ignore) discover
[0.324s] Level 1:colcon.colcon_core.package_discovery:discover_packages(ignore) using defaults
[0.324s] Level 1:colcon.colcon_core.package_discovery:discover_packages(path) discover
[0.324s] Level 1:colcon.colcon_core.package_discovery:discover_packages(path) using defaults
[0.346s] Level 1:colcon.colcon_core.package_discovery:discover_packages(prefix_path) check parameters
[0.346s] Level 1:colcon.colcon_core.package_discovery:discover_packages(prefix_path) discover
[0.349s] DEBUG:colcon.colcon_installed_package_information.package_discovery:Found 14 installed packages in /home/dbot2/dbot_vda5050_ilmatar/install
[0.349s] DEBUG:colcon.colcon_installed_package_information.package_discovery:Found 7 installed packages in /home/dbot2/dbot_src/install
[0.350s] DEBUG:colcon.colcon_installed_package_information.package_discovery:Found 2 installed packages in /home/dbot2/dbot_remote/install
[0.350s] DEBUG:colcon.colcon_installed_package_information.package_discovery:Found 3 installed packages in /home/dbot2/circus_demo/install
[0.351s] DEBUG:colcon.colcon_installed_package_information.package_discovery:Found 41 installed packages in /home/dbot2/ros2_ws/install
[0.352s] DEBUG:colcon.colcon_installed_package_information.package_discovery:Found 414 installed packages in /opt/ros/humble
[0.354s] Level 1:colcon.colcon_core.package_discovery:discover_packages(prefix_path) using defaults
[0.399s] Level 5:colcon.colcon_core.verb:set package 'dbot' build argument 'cmake_args' from command line to 'None'
[0.399s] Level 5:colcon.colcon_core.verb:set package 'dbot' build argument 'cmake_target' from command line to 'None'
[0.399s] Level 5:colcon.colcon_core.verb:set package 'dbot' build argument 'cmake_target_skip_unavailable' from command line to 'False'
[0.399s] Level 5:colcon.colcon_core.verb:set package 'dbot' build argument 'cmake_clean_cache' from command line to 'False'
[0.399s] Level 5:colcon.colcon_core.verb:set package 'dbot' build argument 'cmake_clean_first' from command line to 'False'
[0.399s] Level 5:colcon.colcon_core.verb:set package 'dbot' build argument 'cmake_force_configure' from command line to 'False'
[0.399s] Level 5:colcon.colcon_core.verb:set package 'dbot' build argument 'ament_cmake_args' from command line to 'None'
[0.399s] Level 5:colcon.colcon_core.verb:set package 'dbot' build argument 'catkin_cmake_args' from command line to 'None'
[0.399s] Level 5:colcon.colcon_core.verb:set package 'dbot' build argument 'catkin_skip_building_tests' from command line to 'False'
[0.399s] DEBUG:colcon.colcon_core.verb:Building package 'dbot' with the following arguments: {'ament_cmake_args': None, 'build_base': '/home/dbot2/dbot_vda5050_ilmatar/build/dbot', 'catkin_cmake_args': None, 'catkin_skip_building_tests': False, 'cmake_args': None, 'cmake_clean_cache': False, 'cmake_clean_first': False, 'cmake_force_configure': False, 'cmake_target': None, 'cmake_target_skip_unavailable': False, 'install_base': '/home/dbot2/dbot_vda5050_ilmatar/install/dbot', 'merge_install': False, 'path': '/home/dbot2/dbot_vda5050_ilmatar/src/dbot', 'symlink_install': True, 'test_result_base': None}
[0.400s] Level 5:colcon.colcon_core.verb:set package 'dbot_bridge' build argument 'cmake_args' from command line to 'None'
[0.400s] Level 5:colcon.colcon_core.verb:set package 'dbot_bridge' build argument 'cmake_target' from command line to 'None'
[0.400s] Level 5:colcon.colcon_core.verb:set package 'dbot_bridge' build argument 'cmake_target_skip_unavailable' from command line to 'False'
[0.400s] Level 5:colcon.colcon_core.verb:set package 'dbot_bridge' build argument 'cmake_clean_cache' from command line to 'False'
[0.400s] Level 5:colcon.colcon_core.verb:set package 'dbot_bridge' build argument 'cmake_clean_first' from command line to 'False'
[0.400s] Level 5:colcon.colcon_core.verb:set package 'dbot_bridge' build argument 'cmake_force_configure' from command line to 'False'
[0.400s] Level 5:colcon.colcon_core.verb:set package 'dbot_bridge' build argument 'ament_cmake_args' from command line to 'None'
[0.400s] Level 5:colcon.colcon_core.verb:set package 'dbot_bridge' build argument 'catkin_cmake_args' from command line to 'None'
[0.400s] Level 5:colcon.colcon_core.verb:set package 'dbot_bridge' build argument 'catkin_skip_building_tests' from command line to 'False'
[0.400s] DEBUG:colcon.colcon_core.verb:Building package 'dbot_bridge' with the following arguments: {'ament_cmake_args': None, 'build_base': '/home/dbot2/dbot_vda5050_ilmatar/build/dbot_bridge', 'catkin_cmake_args': None, 'catkin_skip_building_tests': False, 'cmake_args': None, 'cmake_clean_cache': False, 'cmake_clean_first': False, 'cmake_force_configure': False, 'cmake_target': None, 'cmake_target_skip_unavailable': False, 'install_base': '/home/dbot2/dbot_vda5050_ilmatar/install/dbot_bridge', 'merge_install': False, 'path': '/home/dbot2/dbot_vda5050_ilmatar/src/dbot_bridge', 'symlink_install': True, 'test_result_base': None}
[0.400s] Level 5:colcon.colcon_core.verb:set package 'dbot_custom_msgs' build argument 'cmake_args' from command line to 'None'
[0.400s] Level 5:colcon.colcon_core.verb:set package 'dbot_custom_msgs' build argument 'cmake_target' from command line to 'None'
[0.400s] Level 5:colcon.colcon_core.verb:set package 'dbot_custom_msgs' build argument 'cmake_target_skip_unavailable' from command line to 'False'
[0.400s] Level 5:colcon.colcon_core.verb:set package 'dbot_custom_msgs' build argument 'cmake_clean_cache' from command line to 'False'
[0.400s] Level 5:colcon.colcon_core.verb:set package 'dbot_custom_msgs' build argument 'cmake_clean_first' from command line to 'False'
[0.400s] Level 5:colcon.colcon_core.verb:set package 'dbot_custom_msgs' build argument 'cmake_force_configure' from command line to 'False'
[0.400s] Level 5:colcon.colcon_core.verb:set package 'dbot_custom_msgs' build argument 'ament_cmake_args' from command line to 'None'
[0.400s] Level 5:colcon.colcon_core.verb:set package 'dbot_custom_msgs' build argument 'catkin_cmake_args' from command line to 'None'
[0.400s] Level 5:colcon.colcon_core.verb:set package 'dbot_custom_msgs' build argument 'catkin_skip_building_tests' from command line to 'False'
[0.400s] DEBUG:colcon.colcon_core.verb:Building package 'dbot_custom_msgs' with the following arguments: {'ament_cmake_args': None, 'build_base': '/home/dbot2/dbot_vda5050_ilmatar/build/dbot_custom_msgs', 'catkin_cmake_args': None, 'catkin_skip_building_tests': False, 'cmake_args': None, 'cmake_clean_cache': False, 'cmake_clean_first': False, 'cmake_force_configure': False, 'cmake_target': None, 'cmake_target_skip_unavailable': False, 'install_base': '/home/dbot2/dbot_vda5050_ilmatar/install/dbot_custom_msgs', 'merge_install': False, 'path': '/home/dbot2/dbot_vda5050_ilmatar/src/dbot_custom_msgs', 'symlink_install': True, 'test_result_base': None}
[0.400s] Level 5:colcon.colcon_core.verb:set package 'dbot_nav_slam' build argument 'cmake_args' from command line to 'None'
[0.400s] Level 5:colcon.colcon_core.verb:set package 'dbot_nav_slam' build argument 'cmake_target' from command line to 'None'
[0.400s] Level 5:colcon.colcon_core.verb:set package 'dbot_nav_slam' build argument 'cmake_target_skip_unavailable' from command line to 'False'
[0.400s] Level 5:colcon.colcon_core.verb:set package 'dbot_nav_slam' build argument 'cmake_clean_cache' from command line to 'False'
[0.400s] Level 5:colcon.colcon_core.verb:set package 'dbot_nav_slam' build argument 'cmake_clean_first' from command line to 'False'
[0.400s] Level 5:colcon.colcon_core.verb:set package 'dbot_nav_slam' build argument 'cmake_force_configure' from command line to 'False'
[0.400s] Level 5:colcon.colcon_core.verb:set package 'dbot_nav_slam' build argument 'ament_cmake_args' from command line to 'None'
[0.400s] Level 5:colcon.colcon_core.verb:set package 'dbot_nav_slam' build argument 'catkin_cmake_args' from command line to 'None'
[0.400s] Level 5:colcon.colcon_core.verb:set package 'dbot_nav_slam' build argument 'catkin_skip_building_tests' from command line to 'False'
[0.400s] DEBUG:colcon.colcon_core.verb:Building package 'dbot_nav_slam' with the following arguments: {'ament_cmake_args': None, 'build_base': '/home/dbot2/dbot_vda5050_ilmatar/build/dbot_nav_slam', 'catkin_cmake_args': None, 'catkin_skip_building_tests': False, 'cmake_args': None, 'cmake_clean_cache': False, 'cmake_clean_first': False, 'cmake_force_configure': False, 'cmake_target': None, 'cmake_target_skip_unavailable': False, 'install_base': '/home/dbot2/dbot_vda5050_ilmatar/install/dbot_nav_slam', 'merge_install': False, 'path': '/home/dbot2/dbot_vda5050_ilmatar/src/dbot_nav_slam', 'symlink_install': True, 'test_result_base': None}
[0.401s] Level 5:colcon.colcon_core.verb:set package 'gesturecontrol' build argument 'cmake_args' from command line to 'None'
[0.401s] Level 5:colcon.colcon_core.verb:set package 'gesturecontrol' build argument 'cmake_target' from command line to 'None'
[0.401s] Level 5:colcon.colcon_core.verb:set package 'gesturecontrol' build argument 'cmake_target_skip_unavailable' from command line to 'False'
[0.401s] Level 5:colcon.colcon_core.verb:set package 'gesturecontrol' build argument 'cmake_clean_cache' from command line to 'False'
[0.401s] Level 5:colcon.colcon_core.verb:set package 'gesturecontrol' build argument 'cmake_clean_first' from command line to 'False'
[0.401s] Level 5:colcon.colcon_core.verb:set package 'gesturecontrol' build argument 'cmake_force_configure' from command line to 'False'
[0.401s] Level 5:colcon.colcon_core.verb:set package 'gesturecontrol' build argument 'ament_cmake_args' from command line to 'None'
[0.401s] Level 5:colcon.colcon_core.verb:set package 'gesturecontrol' build argument 'catkin_cmake_args' from command line to 'None'
[0.401s] Level 5:colcon.colcon_core.verb:set package 'gesturecontrol' build argument 'catkin_skip_building_tests' from command line to 'False'
[0.401s] DEBUG:colcon.colcon_core.verb:Building package 'gesturecontrol' with the following arguments: {'ament_cmake_args': None, 'build_base': '/home/dbot2/dbot_vda5050_ilmatar/build/gesturecontrol', 'catkin_cmake_args': None, 'catkin_skip_building_tests': False, 'cmake_args': None, 'cmake_clean_cache': False, 'cmake_clean_first': False, 'cmake_force_configure': False, 'cmake_target': None, 'cmake_target_skip_unavailable': False, 'install_base': '/home/dbot2/dbot_vda5050_ilmatar/install/gesturecontrol', 'merge_install': False, 'path': '/home/dbot2/dbot_vda5050_ilmatar/src/gesturecontrol', 'symlink_install': True, 'test_result_base': None}
[0.401s] Level 5:colcon.colcon_core.verb:set package 'joycontrol' build argument 'cmake_args' from command line to 'None'
[0.401s] Level 5:colcon.colcon_core.verb:set package 'joycontrol' build argument 'cmake_target' from command line to 'None'
[0.401s] Level 5:colcon.colcon_core.verb:set package 'joycontrol' build argument 'cmake_target_skip_unavailable' from command line to 'False'
[0.401s] Level 5:colcon.colcon_core.verb:set package 'joycontrol' build argument 'cmake_clean_cache' from command line to 'False'
[0.401s] Level 5:colcon.colcon_core.verb:set package 'joycontrol' build argument 'cmake_clean_first' from command line to 'False'
[0.401s] Level 5:colcon.colcon_core.verb:set package 'joycontrol' build argument 'cmake_force_configure' from command line to 'False'
[0.401s] Level 5:colcon.colcon_core.verb:set package 'joycontrol' build argument 'ament_cmake_args' from command line to 'None'
[0.401s] Level 5:colcon.colcon_core.verb:set package 'joycontrol' build argument 'catkin_cmake_args' from command line to 'None'
[0.401s] Level 5:colcon.colcon_core.verb:set package 'joycontrol' build argument 'catkin_skip_building_tests' from command line to 'False'
[0.401s] DEBUG:colcon.colcon_core.verb:Building package 'joycontrol' with the following arguments: {'ament_cmake_args': None, 'build_base': '/home/dbot2/dbot_vda5050_ilmatar/build/joycontrol', 'catkin_cmake_args': None, 'catkin_skip_building_tests': False, 'cmake_args': None, 'cmake_clean_cache': False, 'cmake_clean_first': False, 'cmake_force_configure': False, 'cmake_target': None, 'cmake_target_skip_unavailable': False, 'install_base': '/home/dbot2/dbot_vda5050_ilmatar/install/joycontrol', 'merge_install': False, 'path': '/home/dbot2/dbot_vda5050_ilmatar/src/joycontrol', 'symlink_install': True, 'test_result_base': None}
[0.401s] Level 5:colcon.colcon_core.verb:set package 'tf2_dbot' build argument 'cmake_args' from command line to 'None'
[0.401s] Level 5:colcon.colcon_core.verb:set package 'tf2_dbot' build argument 'cmake_target' from command line to 'None'
[0.401s] Level 5:colcon.colcon_core.verb:set package 'tf2_dbot' build argument 'cmake_target_skip_unavailable' from command line to 'False'
[0.401s] Level 5:colcon.colcon_core.verb:set package 'tf2_dbot' build argument 'cmake_clean_cache' from command line to 'False'
[0.401s] Level 5:colcon.colcon_core.verb:set package 'tf2_dbot' build argument 'cmake_clean_first' from command line to 'False'
[0.401s] Level 5:colcon.colcon_core.verb:set package 'tf2_dbot' build argument 'cmake_force_configure' from command line to 'False'
[0.401s] Level 5:colcon.colcon_core.verb:set package 'tf2_dbot' build argument 'ament_cmake_args' from command line to 'None'
[0.401s] Level 5:colcon.colcon_core.verb:set package 'tf2_dbot' build argument 'catkin_cmake_args' from command line to 'None'
[0.401s] Level 5:colcon.colcon_core.verb:set package 'tf2_dbot' build argument 'catkin_skip_building_tests' from command line to 'False'
[0.401s] DEBUG:colcon.colcon_core.verb:Building package 'tf2_dbot' with the following arguments: {'ament_cmake_args': None, 'build_base': '/home/dbot2/dbot_vda5050_ilmatar/build/tf2_dbot', 'catkin_cmake_args': None, 'catkin_skip_building_tests': False, 'cmake_args': None, 'cmake_clean_cache': False, 'cmake_clean_first': False, 'cmake_force_configure': False, 'cmake_target': None, 'cmake_target_skip_unavailable': False, 'install_base': '/home/dbot2/dbot_vda5050_ilmatar/install/tf2_dbot', 'merge_install': False, 'path': '/home/dbot2/dbot_vda5050_ilmatar/src/tf2_dbot', 'symlink_install': True, 'test_result_base': None}
[0.401s] Level 5:colcon.colcon_core.verb:set package 'vda5050_msgs' build argument 'cmake_args' from command line to 'None'
[0.401s] Level 5:colcon.colcon_core.verb:set package 'vda5050_msgs' build argument 'cmake_target' from command line to 'None'
[0.401s] Level 5:colcon.colcon_core.verb:set package 'vda5050_msgs' build argument 'cmake_target_skip_unavailable' from command line to 'False'
[0.401s] Level 5:colcon.colcon_core.verb:set package 'vda5050_msgs' build argument 'cmake_clean_cache' from command line to 'False'
[0.401s] Level 5:colcon.colcon_core.verb:set package 'vda5050_msgs' build argument 'cmake_clean_first' from command line to 'False'
[0.401s] Level 5:colcon.colcon_core.verb:set package 'vda5050_msgs' build argument 'cmake_force_configure' from command line to 'False'
[0.401s] Level 5:colcon.colcon_core.verb:set package 'vda5050_msgs' build argument 'ament_cmake_args' from command line to 'None'
[0.401s] Level 5:colcon.colcon_core.verb:set package 'vda5050_msgs' build argument 'catkin_cmake_args' from command line to 'None'
[0.402s] Level 5:colcon.colcon_core.verb:set package 'vda5050_msgs' build argument 'catkin_skip_building_tests' from command line to 'False'
[0.402s] DEBUG:colcon.colcon_core.verb:Building package 'vda5050_msgs' with the following arguments: {'ament_cmake_args': None, 'build_base': '/home/dbot2/dbot_vda5050_ilmatar/build/vda5050_msgs', 'catkin_cmake_args': None, 'catkin_skip_building_tests': False, 'cmake_args': None, 'cmake_clean_cache': False, 'cmake_clean_first': False, 'cmake_force_configure': False, 'cmake_target': None, 'cmake_target_skip_unavailable': False, 'install_base': '/home/dbot2/dbot_vda5050_ilmatar/install/vda5050_msgs', 'merge_install': False, 'path': '/home/dbot2/dbot_vda5050_ilmatar/src/vda5050_msgs', 'symlink_install': True, 'test_result_base': None}
[0.402s] Level 5:colcon.colcon_core.verb:set package 'vda_dbot_nav_slam' build argument 'cmake_args' from command line to 'None'
[0.402s] Level 5:colcon.colcon_core.verb:set package 'vda_dbot_nav_slam' build argument 'cmake_target' from command line to 'None'
[0.402s] Level 5:colcon.colcon_core.verb:set package 'vda_dbot_nav_slam' build argument 'cmake_target_skip_unavailable' from command line to 'False'
[0.402s] Level 5:colcon.colcon_core.verb:set package 'vda_dbot_nav_slam' build argument 'cmake_clean_cache' from command line to 'False'
[0.402s] Level 5:colcon.colcon_core.verb:set package 'vda_dbot_nav_slam' build argument 'cmake_clean_first' from command line to 'False'
[0.402s] Level 5:colcon.colcon_core.verb:set package 'vda_dbot_nav_slam' build argument 'cmake_force_configure' from command line to 'False'
[0.402s] Level 5:colcon.colcon_core.verb:set package 'vda_dbot_nav_slam' build argument 'ament_cmake_args' from command line to 'None'
[0.402s] Level 5:colcon.colcon_core.verb:set package 'vda_dbot_nav_slam' build argument 'catkin_cmake_args' from command line to 'None'
[0.402s] Level 5:colcon.colcon_core.verb:set package 'vda_dbot_nav_slam' build argument 'catkin_skip_building_tests' from command line to 'False'
[0.402s] DEBUG:colcon.colcon_core.verb:Building package 'vda_dbot_nav_slam' with the following arguments: {'ament_cmake_args': None, 'build_base': '/home/dbot2/dbot_vda5050_ilmatar/build/vda_dbot_nav_slam', 'catkin_cmake_args': None, 'catkin_skip_building_tests': False, 'cmake_args': None, 'cmake_clean_cache': False, 'cmake_clean_first': False, 'cmake_force_configure': False, 'cmake_target': None, 'cmake_target_skip_unavailable': False, 'install_base': '/home/dbot2/dbot_vda5050_ilmatar/install/vda_dbot_nav_slam', 'merge_install': False, 'path': '/home/dbot2/dbot_vda5050_ilmatar/src/vda_dbot_nav_slam', 'symlink_install': True, 'test_result_base': None}
[0.402s] Level 5:colcon.colcon_core.verb:set package 'motor_driver' build argument 'cmake_args' from command line to 'None'
[0.402s] Level 5:colcon.colcon_core.verb:set package 'motor_driver' build argument 'cmake_target' from command line to 'None'
[0.402s] Level 5:colcon.colcon_core.verb:set package 'motor_driver' build argument 'cmake_target_skip_unavailable' from command line to 'False'
[0.402s] Level 5:colcon.colcon_core.verb:set package 'motor_driver' build argument 'cmake_clean_cache' from command line to 'False'
[0.402s] Level 5:colcon.colcon_core.verb:set package 'motor_driver' build argument 'cmake_clean_first' from command line to 'False'
[0.402s] Level 5:colcon.colcon_core.verb:set package 'motor_driver' build argument 'cmake_force_configure' from command line to 'False'
[0.402s] Level 5:colcon.colcon_core.verb:set package 'motor_driver' build argument 'ament_cmake_args' from command line to 'None'
[0.402s] Level 5:colcon.colcon_core.verb:set package 'motor_driver' build argument 'catkin_cmake_args' from command line to 'None'
[0.402s] Level 5:colcon.colcon_core.verb:set package 'motor_driver' build argument 'catkin_skip_building_tests' from command line to 'False'
[0.402s] DEBUG:colcon.colcon_core.verb:Building package 'motor_driver' with the following arguments: {'ament_cmake_args': None, 'build_base': '/home/dbot2/dbot_vda5050_ilmatar/build/motor_driver', 'catkin_cmake_args': None, 'catkin_skip_building_tests': False, 'cmake_args': None, 'cmake_clean_cache': False, 'cmake_clean_first': False, 'cmake_force_configure': False, 'cmake_target': None, 'cmake_target_skip_unavailable': False, 'install_base': '/home/dbot2/dbot_vda5050_ilmatar/install/motor_driver', 'merge_install': False, 'path': '/home/dbot2/dbot_vda5050_ilmatar/src/motor_driver', 'symlink_install': True, 'test_result_base': None}
[0.402s] Level 5:colcon.colcon_core.verb:set package 'odometry_estimator' build argument 'cmake_args' from command line to 'None'
[0.402s] Level 5:colcon.colcon_core.verb:set package 'odometry_estimator' build argument 'cmake_target' from command line to 'None'
[0.402s] Level 5:colcon.colcon_core.verb:set package 'odometry_estimator' build argument 'cmake_target_skip_unavailable' from command line to 'False'
[0.402s] Level 5:colcon.colcon_core.verb:set package 'odometry_estimator' build argument 'cmake_clean_cache' from command line to 'False'
[0.402s] Level 5:colcon.colcon_core.verb:set package 'odometry_estimator' build argument 'cmake_clean_first' from command line to 'False'
[0.402s] Level 5:colcon.colcon_core.verb:set package 'odometry_estimator' build argument 'cmake_force_configure' from command line to 'False'
[0.402s] Level 5:colcon.colcon_core.verb:set package 'odometry_estimator' build argument 'ament_cmake_args' from command line to 'None'
[0.402s] Level 5:colcon.colcon_core.verb:set package 'odometry_estimator' build argument 'catkin_cmake_args' from command line to 'None'
[0.402s] Level 5:colcon.colcon_core.verb:set package 'odometry_estimator' build argument 'catkin_skip_building_tests' from command line to 'False'
[0.402s] DEBUG:colcon.colcon_core.verb:Building package 'odometry_estimator' with the following arguments: {'ament_cmake_args': None, 'build_base': '/home/dbot2/dbot_vda5050_ilmatar/build/odometry_estimator', 'catkin_cmake_args': None, 'catkin_skip_building_tests': False, 'cmake_args': None, 'cmake_clean_cache': False, 'cmake_clean_first': False, 'cmake_force_configure': False, 'cmake_target': None, 'cmake_target_skip_unavailable': False, 'install_base': '/home/dbot2/dbot_vda5050_ilmatar/install/odometry_estimator', 'merge_install': False, 'path': '/home/dbot2/dbot_vda5050_ilmatar/src/ros2_odometry_estimation', 'symlink_install': True, 'test_result_base': None}
[0.403s] Level 5:colcon.colcon_core.verb:set package 'vda5050_connector' build argument 'cmake_args' from command line to 'None'
[0.403s] Level 5:colcon.colcon_core.verb:set package 'vda5050_connector' build argument 'cmake_target' from command line to 'None'
[0.403s] Level 5:colcon.colcon_core.verb:set package 'vda5050_connector' build argument 'cmake_target_skip_unavailable' from command line to 'False'
[0.403s] Level 5:colcon.colcon_core.verb:set package 'vda5050_connector' build argument 'cmake_clean_cache' from command line to 'False'
[0.403s] Level 5:colcon.colcon_core.verb:set package 'vda5050_connector' build argument 'cmake_clean_first' from command line to 'False'
[0.403s] Level 5:colcon.colcon_core.verb:set package 'vda5050_connector' build argument 'cmake_force_configure' from command line to 'False'
[0.403s] Level 5:colcon.colcon_core.verb:set package 'vda5050_connector' build argument 'ament_cmake_args' from command line to 'None'
[0.403s] Level 5:colcon.colcon_core.verb:set package 'vda5050_connector' build argument 'catkin_cmake_args' from command line to 'None'
[0.403s] Level 5:colcon.colcon_core.verb:set package 'vda5050_connector' build argument 'catkin_skip_building_tests' from command line to 'False'
[0.403s] DEBUG:colcon.colcon_core.verb:Building package 'vda5050_connector' with the following arguments: {'ament_cmake_args': None, 'build_base': '/home/dbot2/dbot_vda5050_ilmatar/build/vda5050_connector', 'catkin_cmake_args': None, 'catkin_skip_building_tests': False, 'cmake_args': None, 'cmake_clean_cache': False, 'cmake_clean_first': False, 'cmake_force_configure': False, 'cmake_target': None, 'cmake_target_skip_unavailable': False, 'install_base': '/home/dbot2/dbot_vda5050_ilmatar/install/vda5050_connector', 'merge_install': False, 'path': '/home/dbot2/dbot_vda5050_ilmatar/src/vda5050_connector', 'symlink_install': True, 'test_result_base': None}
[0.403s] Level 5:colcon.colcon_core.verb:set package 'odom_motion_model' build argument 'cmake_args' from command line to 'None'
[0.403s] Level 5:colcon.colcon_core.verb:set package 'odom_motion_model' build argument 'cmake_target' from command line to 'None'
[0.403s] Level 5:colcon.colcon_core.verb:set package 'odom_motion_model' build argument 'cmake_target_skip_unavailable' from command line to 'False'
[0.403s] Level 5:colcon.colcon_core.verb:set package 'odom_motion_model' build argument 'cmake_clean_cache' from command line to 'False'
[0.403s] Level 5:colcon.colcon_core.verb:set package 'odom_motion_model' build argument 'cmake_clean_first' from command line to 'False'
[0.403s] Level 5:colcon.colcon_core.verb:set package 'odom_motion_model' build argument 'cmake_force_configure' from command line to 'False'
[0.403s] Level 5:colcon.colcon_core.verb:set package 'odom_motion_model' build argument 'ament_cmake_args' from command line to 'None'
[0.403s] Level 5:colcon.colcon_core.verb:set package 'odom_motion_model' build argument 'catkin_cmake_args' from command line to 'None'
[0.403s] Level 5:colcon.colcon_core.verb:set package 'odom_motion_model' build argument 'catkin_skip_building_tests' from command line to 'False'
[0.403s] DEBUG:colcon.colcon_core.verb:Building package 'odom_motion_model' with the following arguments: {'ament_cmake_args': None, 'build_base': '/home/dbot2/dbot_vda5050_ilmatar/build/odom_motion_model', 'catkin_cmake_args': None, 'catkin_skip_building_tests': False, 'cmake_args': None, 'cmake_clean_cache': False, 'cmake_clean_first': False, 'cmake_force_configure': False, 'cmake_target': None, 'cmake_target_skip_unavailable': False, 'install_base': '/home/dbot2/dbot_vda5050_ilmatar/install/odom_motion_model', 'merge_install': False, 'path': '/home/dbot2/dbot_vda5050_ilmatar/src/odom_motion_model', 'symlink_install': True, 'test_result_base': None}
[0.403s] Level 5:colcon.colcon_core.verb:set package 'vda5050_tb3_adapter' build argument 'cmake_args' from command line to 'None'
[0.403s] Level 5:colcon.colcon_core.verb:set package 'vda5050_tb3_adapter' build argument 'cmake_target' from command line to 'None'
[0.403s] Level 5:colcon.colcon_core.verb:set package 'vda5050_tb3_adapter' build argument 'cmake_target_skip_unavailable' from command line to 'False'
[0.403s] Level 5:colcon.colcon_core.verb:set package 'vda5050_tb3_adapter' build argument 'cmake_clean_cache' from command line to 'False'
[0.403s] Level 5:colcon.colcon_core.verb:set package 'vda5050_tb3_adapter' build argument 'cmake_clean_first' from command line to 'False'
[0.403s] Level 5:colcon.colcon_core.verb:set package 'vda5050_tb3_adapter' build argument 'cmake_force_configure' from command line to 'False'
[0.403s] Level 5:colcon.colcon_core.verb:set package 'vda5050_tb3_adapter' build argument 'ament_cmake_args' from command line to 'None'
[0.403s] Level 5:colcon.colcon_core.verb:set package 'vda5050_tb3_adapter' build argument 'catkin_cmake_args' from command line to 'None'
[0.403s] Level 5:colcon.colcon_core.verb:set package 'vda5050_tb3_adapter' build argument 'catkin_skip_building_tests' from command line to 'False'
[0.403s] DEBUG:colcon.colcon_core.verb:Building package 'vda5050_tb3_adapter' with the following arguments: {'ament_cmake_args': None, 'build_base': '/home/dbot2/dbot_vda5050_ilmatar/build/vda5050_tb3_adapter', 'catkin_cmake_args': None, 'catkin_skip_building_tests': False, 'cmake_args': None, 'cmake_clean_cache': False, 'cmake_clean_first': False, 'cmake_force_configure': False, 'cmake_target': None, 'cmake_target_skip_unavailable': False, 'install_base': '/home/dbot2/dbot_vda5050_ilmatar/install/vda5050_tb3_adapter', 'merge_install': False, 'path': '/home/dbot2/dbot_vda5050_ilmatar/src/vda5050_tb3_adapter', 'symlink_install': True, 'test_result_base': None}
[0.403s] INFO:colcon.colcon_core.executor:Executing jobs using 'parallel' executor
[0.404s] DEBUG:colcon.colcon_parallel_executor.executor.parallel:run_until_complete
[0.404s] INFO:colcon.colcon_ros.task.ament_cmake.build:Building ROS package in '/home/dbot2/dbot_vda5050_ilmatar/src/dbot_custom_msgs' with build type 'ament_cmake'
[0.404s] INFO:colcon.colcon_cmake.task.cmake.build:Building CMake package in '/home/dbot2/dbot_vda5050_ilmatar/src/dbot_custom_msgs'
[0.407s] INFO:colcon.colcon_core.plugin_system:Skipping extension 'colcon_core.shell.bat': Not used on non-Windows systems
[0.408s] INFO:colcon.colcon_core.shell:Skip shell extension 'powershell' for command environment: Not usable outside of PowerShell
[0.408s] DEBUG:colcon.colcon_core.shell:Skip shell extension 'dsv' for command environment
[0.412s] INFO:colcon.colcon_ros.task.ament_cmake.build:Building ROS package in '/home/dbot2/dbot_vda5050_ilmatar/src/vda5050_msgs' with build type 'ament_cmake'
[0.413s] INFO:colcon.colcon_cmake.task.cmake.build:Building CMake package in '/home/dbot2/dbot_vda5050_ilmatar/src/vda5050_msgs'
[0.413s] INFO:colcon.colcon_core.shell:Skip shell extension 'powershell' for command environment: Not usable outside of PowerShell
[0.413s] DEBUG:colcon.colcon_core.shell:Skip shell extension 'dsv' for command environment
[0.418s] INFO:colcon.colcon_ros.task.ament_python.build:Building ROS package in '/home/dbot2/dbot_vda5050_ilmatar/src/dbot' with build type 'ament_python'
[0.418s] Level 1:colcon.colcon_core.shell:create_environment_hook('dbot', 'ament_prefix_path')
[0.418s] INFO:colcon.colcon_core.shell:Creating environment hook '/home/dbot2/dbot_vda5050_ilmatar/install/dbot/share/dbot/hook/ament_prefix_path.ps1'
[0.419s] INFO:colcon.colcon_core.shell:Creating environment descriptor '/home/dbot2/dbot_vda5050_ilmatar/install/dbot/share/dbot/hook/ament_prefix_path.dsv'
[0.419s] INFO:colcon.colcon_core.shell:Creating environment hook '/home/dbot2/dbot_vda5050_ilmatar/install/dbot/share/dbot/hook/ament_prefix_path.sh'
[0.419s] INFO:colcon.colcon_core.shell:Skip shell extension 'powershell' for command environment: Not usable outside of PowerShell
[0.419s] DEBUG:colcon.colcon_core.shell:Skip shell extension 'dsv' for command environment
[0.424s] INFO:colcon.colcon_ros.task.ament_python.build:Building ROS package in '/home/dbot2/dbot_vda5050_ilmatar/src/dbot_bridge' with build type 'ament_python'
[0.424s] Level 1:colcon.colcon_core.shell:create_environment_hook('dbot_bridge', 'ament_prefix_path')
[0.424s] INFO:colcon.colcon_core.shell:Creating environment hook '/home/dbot2/dbot_vda5050_ilmatar/install/dbot_bridge/share/dbot_bridge/hook/ament_prefix_path.ps1'
[0.425s] INFO:colcon.colcon_core.shell:Creating environment descriptor '/home/dbot2/dbot_vda5050_ilmatar/install/dbot_bridge/share/dbot_bridge/hook/ament_prefix_path.dsv'
[0.425s] INFO:colcon.colcon_core.shell:Creating environment hook '/home/dbot2/dbot_vda5050_ilmatar/install/dbot_bridge/share/dbot_bridge/hook/ament_prefix_path.sh'
[0.425s] INFO:colcon.colcon_core.shell:Skip shell extension 'powershell' for command environment: Not usable outside of PowerShell
[0.425s] DEBUG:colcon.colcon_core.shell:Skip shell extension 'dsv' for command environment
[0.430s] INFO:colcon.colcon_ros.task.ament_cmake.build:Building ROS package in '/home/dbot2/dbot_vda5050_ilmatar/src/dbot_nav_slam' with build type 'ament_cmake'
[0.430s] INFO:colcon.colcon_cmake.task.cmake.build:Building CMake package in '/home/dbot2/dbot_vda5050_ilmatar/src/dbot_nav_slam'
[0.430s] INFO:colcon.colcon_core.shell:Skip shell extension 'powershell' for command environment: Not usable outside of PowerShell
[0.430s] DEBUG:colcon.colcon_core.shell:Skip shell extension 'dsv' for command environment
[0.436s] INFO:colcon.colcon_ros.task.ament_python.build:Building ROS package in '/home/dbot2/dbot_vda5050_ilmatar/src/gesturecontrol' with build type 'ament_python'
[0.436s] Level 1:colcon.colcon_core.shell:create_environment_hook('gesturecontrol', 'ament_prefix_path')
[0.436s] INFO:colcon.colcon_core.shell:Creating environment hook '/home/dbot2/dbot_vda5050_ilmatar/install/gesturecontrol/share/gesturecontrol/hook/ament_prefix_path.ps1'
[0.436s] INFO:colcon.colcon_core.shell:Creating environment descriptor '/home/dbot2/dbot_vda5050_ilmatar/install/gesturecontrol/share/gesturecontrol/hook/ament_prefix_path.dsv'
[0.436s] INFO:colcon.colcon_core.shell:Creating environment hook '/home/dbot2/dbot_vda5050_ilmatar/install/gesturecontrol/share/gesturecontrol/hook/ament_prefix_path.sh'
[0.437s] INFO:colcon.colcon_core.shell:Skip shell extension 'powershell' for command environment: Not usable outside of PowerShell
[0.437s] DEBUG:colcon.colcon_core.shell:Skip shell extension 'dsv' for command environment
[0.441s] INFO:colcon.colcon_ros.task.ament_python.build:Building ROS package in '/home/dbot2/dbot_vda5050_ilmatar/src/joycontrol' with build type 'ament_python'
[0.442s] Level 1:colcon.colcon_core.shell:create_environment_hook('joycontrol', 'ament_prefix_path')
[0.442s] INFO:colcon.colcon_core.shell:Creating environment hook '/home/dbot2/dbot_vda5050_ilmatar/install/joycontrol/share/joycontrol/hook/ament_prefix_path.ps1'
[0.442s] INFO:colcon.colcon_core.shell:Creating environment descriptor '/home/dbot2/dbot_vda5050_ilmatar/install/joycontrol/share/joycontrol/hook/ament_prefix_path.dsv'
[0.442s] INFO:colcon.colcon_core.shell:Creating environment hook '/home/dbot2/dbot_vda5050_ilmatar/install/joycontrol/share/joycontrol/hook/ament_prefix_path.sh'
[0.443s] INFO:colcon.colcon_core.shell:Skip shell extension 'powershell' for command environment: Not usable outside of PowerShell
[0.443s] DEBUG:colcon.colcon_core.shell:Skip shell extension 'dsv' for command environment
[0.448s] INFO:colcon.colcon_ros.task.ament_python.build:Building ROS package in '/home/dbot2/dbot_vda5050_ilmatar/src/tf2_dbot' with build type 'ament_python'
[0.448s] Level 1:colcon.colcon_core.shell:create_environment_hook('tf2_dbot', 'ament_prefix_path')
[0.448s] INFO:colcon.colcon_core.shell:Creating environment hook '/home/dbot2/dbot_vda5050_ilmatar/install/tf2_dbot/share/tf2_dbot/hook/ament_prefix_path.ps1'
[0.449s] INFO:colcon.colcon_core.shell:Creating environment descriptor '/home/dbot2/dbot_vda5050_ilmatar/install/tf2_dbot/share/tf2_dbot/hook/ament_prefix_path.dsv'
[0.449s] INFO:colcon.colcon_core.shell:Creating environment hook '/home/dbot2/dbot_vda5050_ilmatar/install/tf2_dbot/share/tf2_dbot/hook/ament_prefix_path.sh'
[0.449s] INFO:colcon.colcon_core.shell:Skip shell extension 'powershell' for command environment: Not usable outside of PowerShell
[0.449s] DEBUG:colcon.colcon_core.shell:Skip shell extension 'dsv' for command environment
[0.457s] DEBUG:colcon.colcon_core.event_handler.log_command:Invoking command in '/home/dbot2/dbot_vda5050_ilmatar/build/dbot_custom_msgs': CMAKE_PREFIX_PATH=${CMAKE_PREFIX_PATH}:/home/dbot2/dbot_vda5050_ilmatar/install/vda5050_tb3_adapter:/home/dbot2/dbot_vda5050_ilmatar/install/tf2_dbot:/home/dbot2/dbot_vda5050_ilmatar/install/odom_motion_model:/home/dbot2/dbot_vda5050_ilmatar/install/motor_driver:/home/dbot2/dbot_vda5050_ilmatar/install/joycontrol:/home/dbot2/dbot_vda5050_ilmatar/install/gesturecontrol:/home/dbot2/dbot_vda5050_ilmatar/install/dbot_bridge:/home/dbot2/dbot_vda5050_ilmatar/install/dbot:/home/dbot2/dbot_src/install/tf2_dbot:/home/dbot2/dbot_src/install/odom_motion_model:/home/dbot2/dbot_src/install/motor_driver:/home/dbot2/dbot_src/install/joycontrol:/home/dbot2/dbot_src/install/dbot:/home/dbot2/dbot_remote/install/pcd_joy_trigger:/home/dbot2/circus_demo/install/circus_demo:/home/dbot2/ros2_ws/install/tf2_dbot:/home/dbot2/ros2_ws/install/odom_motion_model:/home/dbot2/ros2_ws/install/motor_driver:/home/dbot2/ros2_ws/install/joycontrol:/home/dbot2/ros2_ws/install/gesturecontrol:/home/dbot2/ros2_ws/install/dbot_bridge:/home/dbot2/ros2_ws/install/dbot:/home/dbot2/ros2_ws/install/ament_xmllint:/home/dbot2/ros2_ws/install/ament_uncrustify:/home/dbot2/ros2_ws/install/ament_pyflakes:/home/dbot2/ros2_ws/install/ament_pycodestyle:/home/dbot2/ros2_ws/install/ament_pep257:/home/dbot2/ros2_ws/install/ament_pclint:/home/dbot2/ros2_ws/install/ament_mypy:/home/dbot2/ros2_ws/install/ament_lint_cmake:/home/dbot2/ros2_ws/install/ament_flake8:/home/dbot2/ros2_ws/install/ament_copyright:/home/dbot2/ros2_ws/install/ament_lint:/home/dbot2/ros2_ws/install/ament_cpplint:/home/dbot2/ros2_ws/install/ament_cppcheck:/home/dbot2/ros2_ws/install/ament_clang_tidy:/home/dbot2/ros2_ws/install/ament_clang_format:/opt/ros/humble /usr/bin/cmake --build /home/dbot2/dbot_vda5050_ilmatar/build/dbot_custom_msgs -- -j8 -l8
[0.461s] DEBUG:colcon.colcon_core.event_handler.log_command:Invoking command in '/home/dbot2/dbot_vda5050_ilmatar/build/vda5050_msgs': CMAKE_PREFIX_PATH=${CMAKE_PREFIX_PATH}:/home/dbot2/dbot_vda5050_ilmatar/install/vda5050_tb3_adapter:/home/dbot2/dbot_vda5050_ilmatar/install/tf2_dbot:/home/dbot2/dbot_vda5050_ilmatar/install/odom_motion_model:/home/dbot2/dbot_vda5050_ilmatar/install/motor_driver:/home/dbot2/dbot_vda5050_ilmatar/install/joycontrol:/home/dbot2/dbot_vda5050_ilmatar/install/gesturecontrol:/home/dbot2/dbot_vda5050_ilmatar/install/dbot_bridge:/home/dbot2/dbot_vda5050_ilmatar/install/dbot:/home/dbot2/dbot_src/install/tf2_dbot:/home/dbot2/dbot_src/install/odom_motion_model:/home/dbot2/dbot_src/install/motor_driver:/home/dbot2/dbot_src/install/joycontrol:/home/dbot2/dbot_src/install/dbot:/home/dbot2/dbot_remote/install/pcd_joy_trigger:/home/dbot2/circus_demo/install/circus_demo:/home/dbot2/ros2_ws/install/tf2_dbot:/home/dbot2/ros2_ws/install/odom_motion_model:/home/dbot2/ros2_ws/install/motor_driver:/home/dbot2/ros2_ws/install/joycontrol:/home/dbot2/ros2_ws/install/gesturecontrol:/home/dbot2/ros2_ws/install/dbot_bridge:/home/dbot2/ros2_ws/install/dbot:/home/dbot2/ros2_ws/install/ament_xmllint:/home/dbot2/ros2_ws/install/ament_uncrustify:/home/dbot2/ros2_ws/install/ament_pyflakes:/home/dbot2/ros2_ws/install/ament_pycodestyle:/home/dbot2/ros2_ws/install/ament_pep257:/home/dbot2/ros2_ws/install/ament_pclint:/home/dbot2/ros2_ws/install/ament_mypy:/home/dbot2/ros2_ws/install/ament_lint_cmake:/home/dbot2/ros2_ws/install/ament_flake8:/home/dbot2/ros2_ws/install/ament_copyright:/home/dbot2/ros2_ws/install/ament_lint:/home/dbot2/ros2_ws/install/ament_cpplint:/home/dbot2/ros2_ws/install/ament_cppcheck:/home/dbot2/ros2_ws/install/ament_clang_tidy:/home/dbot2/ros2_ws/install/ament_clang_format:/opt/ros/humble /usr/bin/cmake --build /home/dbot2/dbot_vda5050_ilmatar/build/vda5050_msgs -- -j8 -l8
[0.819s] WARNING:colcon.colcon_ros.task.ament_python.build:Package 'dbot' doesn't explicitly install a marker in the package index (colcon-ros currently does it implicitly but that fallback will be removed in the future)
[0.819s] WARNING:colcon.colcon_ros.task.ament_python.build:Package 'dbot' doesn't explicitly install the 'package.xml' file (colcon-ros currently does it implicitly but that fallback will be removed in the future)
[0.819s] INFO:colcon.colcon_core.task.python.build:Building Python package in '/home/dbot2/dbot_vda5050_ilmatar/src/dbot'
[0.819s] INFO:colcon.colcon_core.shell:Skip shell extension 'powershell' for command environment: Not usable outside of PowerShell
[0.819s] DEBUG:colcon.colcon_core.shell:Skip shell extension 'dsv' for command environment
[1.069s] INFO:colcon.colcon_core.task.python.build:Building Python package in '/home/dbot2/dbot_vda5050_ilmatar/src/dbot_bridge'
[1.069s] INFO:colcon.colcon_core.shell:Skip shell extension 'powershell' for command environment: Not usable outside of PowerShell
[1.069s] DEBUG:colcon.colcon_core.shell:Skip shell extension 'dsv' for command environment
[1.076s] DEBUG:colcon.colcon_core.event_handler.log_command:Invoking command in '/home/dbot2/dbot_vda5050_ilmatar/build/dbot_nav_slam': CMAKE_PREFIX_PATH=${CMAKE_PREFIX_PATH}:/home/dbot2/dbot_vda5050_ilmatar/install/vda5050_tb3_adapter:/home/dbot2/dbot_vda5050_ilmatar/install/tf2_dbot:/home/dbot2/dbot_vda5050_ilmatar/install/odom_motion_model:/home/dbot2/dbot_vda5050_ilmatar/install/motor_driver:/home/dbot2/dbot_vda5050_ilmatar/install/joycontrol:/home/dbot2/dbot_vda5050_ilmatar/install/gesturecontrol:/home/dbot2/dbot_vda5050_ilmatar/install/dbot_bridge:/home/dbot2/dbot_vda5050_ilmatar/install/dbot:/home/dbot2/dbot_src/install/tf2_dbot:/home/dbot2/dbot_src/install/odom_motion_model:/home/dbot2/dbot_src/install/motor_driver:/home/dbot2/dbot_src/install/joycontrol:/home/dbot2/dbot_src/install/dbot:/home/dbot2/dbot_remote/install/pcd_joy_trigger:/home/dbot2/circus_demo/install/circus_demo:/home/dbot2/ros2_ws/install/tf2_dbot:/home/dbot2/ros2_ws/install/odom_motion_model:/home/dbot2/ros2_ws/install/motor_driver:/home/dbot2/ros2_ws/install/joycontrol:/home/dbot2/ros2_ws/install/gesturecontrol:/home/dbot2/ros2_ws/install/dbot_bridge:/home/dbot2/ros2_ws/install/dbot:/home/dbot2/ros2_ws/install/ament_xmllint:/home/dbot2/ros2_ws/install/ament_uncrustify:/home/dbot2/ros2_ws/install/ament_pyflakes:/home/dbot2/ros2_ws/install/ament_pycodestyle:/home/dbot2/ros2_ws/install/ament_pep257:/home/dbot2/ros2_ws/install/ament_pclint:/home/dbot2/ros2_ws/install/ament_mypy:/home/dbot2/ros2_ws/install/ament_lint_cmake:/home/dbot2/ros2_ws/install/ament_flake8:/home/dbot2/ros2_ws/install/ament_copyright:/home/dbot2/ros2_ws/install/ament_lint:/home/dbot2/ros2_ws/install/ament_cpplint:/home/dbot2/ros2_ws/install/ament_cppcheck:/home/dbot2/ros2_ws/install/ament_clang_tidy:/home/dbot2/ros2_ws/install/ament_clang_format:/opt/ros/humble /usr/bin/cmake --build /home/dbot2/dbot_vda5050_ilmatar/build/dbot_nav_slam -- -j8 -l8
[1.323s] INFO:colcon.colcon_core.task.python.build:Building Python package in '/home/dbot2/dbot_vda5050_ilmatar/src/gesturecontrol'
[1.323s] INFO:colcon.colcon_core.shell:Skip shell extension 'powershell' for command environment: Not usable outside of PowerShell
[1.324s] DEBUG:colcon.colcon_core.shell:Skip shell extension 'dsv' for command environment
[1.570s] INFO:colcon.colcon_core.task.python.build:Building Python package in '/home/dbot2/dbot_vda5050_ilmatar/src/joycontrol'
[1.570s] INFO:colcon.colcon_core.shell:Skip shell extension 'powershell' for command environment: Not usable outside of PowerShell
[1.570s] DEBUG:colcon.colcon_core.shell:Skip shell extension 'dsv' for command environment
[1.804s] INFO:colcon.colcon_core.task.python.build:Building Python package in '/home/dbot2/dbot_vda5050_ilmatar/src/tf2_dbot'
[1.804s] INFO:colcon.colcon_core.shell:Skip shell extension 'powershell' for command environment: Not usable outside of PowerShell
[1.804s] DEBUG:colcon.colcon_core.shell:Skip shell extension 'dsv' for command environment
[1.810s] DEBUG:colcon.colcon_core.event_handler.log_command:Invoked command in '/home/dbot2/dbot_vda5050_ilmatar/build/vda5050_msgs' returned '0': CMAKE_PREFIX_PATH=${CMAKE_PREFIX_PATH}:/home/dbot2/dbot_vda5050_ilmatar/install/vda5050_tb3_adapter:/home/dbot2/dbot_vda5050_ilmatar/install/tf2_dbot:/home/dbot2/dbot_vda5050_ilmatar/install/odom_motion_model:/home/dbot2/dbot_vda5050_ilmatar/install/motor_driver:/home/dbot2/dbot_vda5050_ilmatar/install/joycontrol:/home/dbot2/dbot_vda5050_ilmatar/install/gesturecontrol:/home/dbot2/dbot_vda5050_ilmatar/install/dbot_bridge:/home/dbot2/dbot_vda5050_ilmatar/install/dbot:/home/dbot2/dbot_src/install/tf2_dbot:/home/dbot2/dbot_src/install/odom_motion_model:/home/dbot2/dbot_src/install/motor_driver:/home/dbot2/dbot_src/install/joycontrol:/home/dbot2/dbot_src/install/dbot:/home/dbot2/dbot_remote/install/pcd_joy_trigger:/home/dbot2/circus_demo/install/circus_demo:/home/dbot2/ros2_ws/install/tf2_dbot:/home/dbot2/ros2_ws/install/odom_motion_model:/home/dbot2/ros2_ws/install/motor_driver:/home/dbot2/ros2_ws/install/joycontrol:/home/dbot2/ros2_ws/install/gesturecontrol:/home/dbot2/ros2_ws/install/dbot_bridge:/home/dbot2/ros2_ws/install/dbot:/home/dbot2/ros2_ws/install/ament_xmllint:/home/dbot2/ros2_ws/install/ament_uncrustify:/home/dbot2/ros2_ws/install/ament_pyflakes:/home/dbot2/ros2_ws/install/ament_pycodestyle:/home/dbot2/ros2_ws/install/ament_pep257:/home/dbot2/ros2_ws/install/ament_pclint:/home/dbot2/ros2_ws/install/ament_mypy:/home/dbot2/ros2_ws/install/ament_lint_cmake:/home/dbot2/ros2_ws/install/ament_flake8:/home/dbot2/ros2_ws/install/ament_copyright:/home/dbot2/ros2_ws/install/ament_lint:/home/dbot2/ros2_ws/install/ament_cpplint:/home/dbot2/ros2_ws/install/ament_cppcheck:/home/dbot2/ros2_ws/install/ament_clang_tidy:/home/dbot2/ros2_ws/install/ament_clang_format:/opt/ros/humble /usr/bin/cmake --build /home/dbot2/dbot_vda5050_ilmatar/build/vda5050_msgs -- -j8 -l8
[1.817s] DEBUG:colcon.colcon_core.event_handler.log_command:Invoking command in '/home/dbot2/dbot_vda5050_ilmatar/build/vda5050_msgs': CMAKE_PREFIX_PATH=${CMAKE_PREFIX_PATH}:/home/dbot2/dbot_vda5050_ilmatar/install/vda5050_tb3_adapter:/home/dbot2/dbot_vda5050_ilmatar/install/tf2_dbot:/home/dbot2/dbot_vda5050_ilmatar/install/odom_motion_model:/home/dbot2/dbot_vda5050_ilmatar/install/motor_driver:/home/dbot2/dbot_vda5050_ilmatar/install/joycontrol:/home/dbot2/dbot_vda5050_ilmatar/install/gesturecontrol:/home/dbot2/dbot_vda5050_ilmatar/install/dbot_bridge:/home/dbot2/dbot_vda5050_ilmatar/install/dbot:/home/dbot2/dbot_src/install/tf2_dbot:/home/dbot2/dbot_src/install/odom_motion_model:/home/dbot2/dbot_src/install/motor_driver:/home/dbot2/dbot_src/install/joycontrol:/home/dbot2/dbot_src/install/dbot:/home/dbot2/dbot_remote/install/pcd_joy_trigger:/home/dbot2/circus_demo/install/circus_demo:/home/dbot2/ros2_ws/install/tf2_dbot:/home/dbot2/ros2_ws/install/odom_motion_model:/home/dbot2/ros2_ws/install/motor_driver:/home/dbot2/ros2_ws/install/joycontrol:/home/dbot2/ros2_ws/install/gesturecontrol:/home/dbot2/ros2_ws/install/dbot_bridge:/home/dbot2/ros2_ws/install/dbot:/home/dbot2/ros2_ws/install/ament_xmllint:/home/dbot2/ros2_ws/install/ament_uncrustify:/home/dbot2/ros2_ws/install/ament_pyflakes:/home/dbot2/ros2_ws/install/ament_pycodestyle:/home/dbot2/ros2_ws/install/ament_pep257:/home/dbot2/ros2_ws/install/ament_pclint:/home/dbot2/ros2_ws/install/ament_mypy:/home/dbot2/ros2_ws/install/ament_lint_cmake:/home/dbot2/ros2_ws/install/ament_flake8:/home/dbot2/ros2_ws/install/ament_copyright:/home/dbot2/ros2_ws/install/ament_lint:/home/dbot2/ros2_ws/install/ament_cpplint:/home/dbot2/ros2_ws/install/ament_cppcheck:/home/dbot2/ros2_ws/install/ament_clang_tidy:/home/dbot2/ros2_ws/install/ament_clang_format:/opt/ros/humble /usr/bin/cmake --install /home/dbot2/dbot_vda5050_ilmatar/build/vda5050_msgs
[1.817s] DEBUG:colcon.colcon_core.event_handler.log_command:Invoked command in '/home/dbot2/dbot_vda5050_ilmatar/build/dbot_custom_msgs' returned '0': CMAKE_PREFIX_PATH=${CMAKE_PREFIX_PATH}:/home/dbot2/dbot_vda5050_ilmatar/install/vda5050_tb3_adapter:/home/dbot2/dbot_vda5050_ilmatar/install/tf2_dbot:/home/dbot2/dbot_vda5050_ilmatar/install/odom_motion_model:/home/dbot2/dbot_vda5050_ilmatar/install/motor_driver:/home/dbot2/dbot_vda5050_ilmatar/install/joycontrol:/home/dbot2/dbot_vda5050_ilmatar/install/gesturecontrol:/home/dbot2/dbot_vda5050_ilmatar/install/dbot_bridge:/home/dbot2/dbot_vda5050_ilmatar/install/dbot:/home/dbot2/dbot_src/install/tf2_dbot:/home/dbot2/dbot_src/install/odom_motion_model:/home/dbot2/dbot_src/install/motor_driver:/home/dbot2/dbot_src/install/joycontrol:/home/dbot2/dbot_src/install/dbot:/home/dbot2/dbot_remote/install/pcd_joy_trigger:/home/dbot2/circus_demo/install/circus_demo:/home/dbot2/ros2_ws/install/tf2_dbot:/home/dbot2/ros2_ws/install/odom_motion_model:/home/dbot2/ros2_ws/install/motor_driver:/home/dbot2/ros2_ws/install/joycontrol:/home/dbot2/ros2_ws/install/gesturecontrol:/home/dbot2/ros2_ws/install/dbot_bridge:/home/dbot2/ros2_ws/install/dbot:/home/dbot2/ros2_ws/install/ament_xmllint:/home/dbot2/ros2_ws/install/ament_uncrustify:/home/dbot2/ros2_ws/install/ament_pyflakes:/home/dbot2/ros2_ws/install/ament_pycodestyle:/home/dbot2/ros2_ws/install/ament_pep257:/home/dbot2/ros2_ws/install/ament_pclint:/home/dbot2/ros2_ws/install/ament_mypy:/home/dbot2/ros2_ws/install/ament_lint_cmake:/home/dbot2/ros2_ws/install/ament_flake8:/home/dbot2/ros2_ws/install/ament_copyright:/home/dbot2/ros2_ws/install/ament_lint:/home/dbot2/ros2_ws/install/ament_cpplint:/home/dbot2/ros2_ws/install/ament_cppcheck:/home/dbot2/ros2_ws/install/ament_clang_tidy:/home/dbot2/ros2_ws/install/ament_clang_format:/opt/ros/humble /usr/bin/cmake --build /home/dbot2/dbot_vda5050_ilmatar/build/dbot_custom_msgs -- -j8 -l8
[1.818s] DEBUG:colcon.colcon_core.event_handler.log_command:Invoking command in '/home/dbot2/dbot_vda5050_ilmatar/build/dbot_custom_msgs': CMAKE_PREFIX_PATH=${CMAKE_PREFIX_PATH}:/home/dbot2/dbot_vda5050_ilmatar/install/vda5050_tb3_adapter:/home/dbot2/dbot_vda5050_ilmatar/install/tf2_dbot:/home/dbot2/dbot_vda5050_ilmatar/install/odom_motion_model:/home/dbot2/dbot_vda5050_ilmatar/install/motor_driver:/home/dbot2/dbot_vda5050_ilmatar/install/joycontrol:/home/dbot2/dbot_vda5050_ilmatar/install/gesturecontrol:/home/dbot2/dbot_vda5050_ilmatar/install/dbot_bridge:/home/dbot2/dbot_vda5050_ilmatar/install/dbot:/home/dbot2/dbot_src/install/tf2_dbot:/home/dbot2/dbot_src/install/odom_motion_model:/home/dbot2/dbot_src/install/motor_driver:/home/dbot2/dbot_src/install/joycontrol:/home/dbot2/dbot_src/install/dbot:/home/dbot2/dbot_remote/install/pcd_joy_trigger:/home/dbot2/circus_demo/install/circus_demo:/home/dbot2/ros2_ws/install/tf2_dbot:/home/dbot2/ros2_ws/install/odom_motion_model:/home/dbot2/ros2_ws/install/motor_driver:/home/dbot2/ros2_ws/install/joycontrol:/home/dbot2/ros2_ws/install/gesturecontrol:/home/dbot2/ros2_ws/install/dbot_bridge:/home/dbot2/ros2_ws/install/dbot:/home/dbot2/ros2_ws/install/ament_xmllint:/home/dbot2/ros2_ws/install/ament_uncrustify:/home/dbot2/ros2_ws/install/ament_pyflakes:/home/dbot2/ros2_ws/install/ament_pycodestyle:/home/dbot2/ros2_ws/install/ament_pep257:/home/dbot2/ros2_ws/install/ament_pclint:/home/dbot2/ros2_ws/install/ament_mypy:/home/dbot2/ros2_ws/install/ament_lint_cmake:/home/dbot2/ros2_ws/install/ament_flake8:/home/dbot2/ros2_ws/install/ament_copyright:/home/dbot2/ros2_ws/install/ament_lint:/home/dbot2/ros2_ws/install/ament_cpplint:/home/dbot2/ros2_ws/install/ament_cppcheck:/home/dbot2/ros2_ws/install/ament_clang_tidy:/home/dbot2/ros2_ws/install/ament_clang_format:/opt/ros/humble /usr/bin/cmake --install /home/dbot2/dbot_vda5050_ilmatar/build/dbot_custom_msgs
[1.818s] DEBUG:colcon.colcon_core.event_handler.log_command:Invoked command in '/home/dbot2/dbot_vda5050_ilmatar/build/dbot_nav_slam' returned '0': CMAKE_PREFIX_PATH=${CMAKE_PREFIX_PATH}:/home/dbot2/dbot_vda5050_ilmatar/install/vda5050_tb3_adapter:/home/dbot2/dbot_vda5050_ilmatar/install/tf2_dbot:/home/dbot2/dbot_vda5050_ilmatar/install/odom_motion_model:/home/dbot2/dbot_vda5050_ilmatar/install/motor_driver:/home/dbot2/dbot_vda5050_ilmatar/install/joycontrol:/home/dbot2/dbot_vda5050_ilmatar/install/gesturecontrol:/home/dbot2/dbot_vda5050_ilmatar/install/dbot_bridge:/home/dbot2/dbot_vda5050_ilmatar/install/dbot:/home/dbot2/dbot_src/install/tf2_dbot:/home/dbot2/dbot_src/install/odom_motion_model:/home/dbot2/dbot_src/install/motor_driver:/home/dbot2/dbot_src/install/joycontrol:/home/dbot2/dbot_src/install/dbot:/home/dbot2/dbot_remote/install/pcd_joy_trigger:/home/dbot2/circus_demo/install/circus_demo:/home/dbot2/ros2_ws/install/tf2_dbot:/home/dbot2/ros2_ws/install/odom_motion_model:/home/dbot2/ros2_ws/install/motor_driver:/home/dbot2/ros2_ws/install/joycontrol:/home/dbot2/ros2_ws/install/gesturecontrol:/home/dbot2/ros2_ws/install/dbot_bridge:/home/dbot2/ros2_ws/install/dbot:/home/dbot2/ros2_ws/install/ament_xmllint:/home/dbot2/ros2_ws/install/ament_uncrustify:/home/dbot2/ros2_ws/install/ament_pyflakes:/home/dbot2/ros2_ws/install/ament_pycodestyle:/home/dbot2/ros2_ws/install/ament_pep257:/home/dbot2/ros2_ws/install/ament_pclint:/home/dbot2/ros2_ws/install/ament_mypy:/home/dbot2/ros2_ws/install/ament_lint_cmake:/home/dbot2/ros2_ws/install/ament_flake8:/home/dbot2/ros2_ws/install/ament_copyright:/home/dbot2/ros2_ws/install/ament_lint:/home/dbot2/ros2_ws/install/ament_cpplint:/home/dbot2/ros2_ws/install/ament_cppcheck:/home/dbot2/ros2_ws/install/ament_clang_tidy:/home/dbot2/ros2_ws/install/ament_clang_format:/opt/ros/humble /usr/bin/cmake --build /home/dbot2/dbot_vda5050_ilmatar/build/dbot_nav_slam -- -j8 -l8
[1.819s] DEBUG:colcon.colcon_core.event_handler.log_command:Invoking command in '/home/dbot2/dbot_vda5050_ilmatar/build/dbot_nav_slam': CMAKE_PREFIX_PATH=${CMAKE_PREFIX_PATH}:/home/dbot2/dbot_vda5050_ilmatar/install/vda5050_tb3_adapter:/home/dbot2/dbot_vda5050_ilmatar/install/tf2_dbot:/home/dbot2/dbot_vda5050_ilmatar/install/odom_motion_model:/home/dbot2/dbot_vda5050_ilmatar/install/motor_driver:/home/dbot2/dbot_vda5050_ilmatar/install/joycontrol:/home/dbot2/dbot_vda5050_ilmatar/install/gesturecontrol:/home/dbot2/dbot_vda5050_ilmatar/install/dbot_bridge:/home/dbot2/dbot_vda5050_ilmatar/install/dbot:/home/dbot2/dbot_src/install/tf2_dbot:/home/dbot2/dbot_src/install/odom_motion_model:/home/dbot2/dbot_src/install/motor_driver:/home/dbot2/dbot_src/install/joycontrol:/home/dbot2/dbot_src/install/dbot:/home/dbot2/dbot_remote/install/pcd_joy_trigger:/home/dbot2/circus_demo/install/circus_demo:/home/dbot2/ros2_ws/install/tf2_dbot:/home/dbot2/ros2_ws/install/odom_motion_model:/home/dbot2/ros2_ws/install/motor_driver:/home/dbot2/ros2_ws/install/joycontrol:/home/dbot2/ros2_ws/install/gesturecontrol:/home/dbot2/ros2_ws/install/dbot_bridge:/home/dbot2/ros2_ws/install/dbot:/home/dbot2/ros2_ws/install/ament_xmllint:/home/dbot2/ros2_ws/install/ament_uncrustify:/home/dbot2/ros2_ws/install/ament_pyflakes:/home/dbot2/ros2_ws/install/ament_pycodestyle:/home/dbot2/ros2_ws/install/ament_pep257:/home/dbot2/ros2_ws/install/ament_pclint:/home/dbot2/ros2_ws/install/ament_mypy:/home/dbot2/ros2_ws/install/ament_lint_cmake:/home/dbot2/ros2_ws/install/ament_flake8:/home/dbot2/ros2_ws/install/ament_copyright:/home/dbot2/ros2_ws/install/ament_lint:/home/dbot2/ros2_ws/install/ament_cpplint:/home/dbot2/ros2_ws/install/ament_cppcheck:/home/dbot2/ros2_ws/install/ament_clang_tidy:/home/dbot2/ros2_ws/install/ament_clang_format:/opt/ros/humble /usr/bin/cmake --install /home/dbot2/dbot_vda5050_ilmatar/build/dbot_nav_slam
[1.946s] Level 1:colcon.colcon_core.environment:create_environment_scripts_only(dbot_custom_msgs)
[1.959s] Level 1:colcon.colcon_core.environment:checking '/home/dbot2/dbot_vda5050_ilmatar/install/dbot_custom_msgs' for CMake module files
[1.966s] DEBUG:colcon.colcon_core.event_handler.log_command:Invoked command in '/home/dbot2/dbot_vda5050_ilmatar/build/dbot_custom_msgs' returned '0': CMAKE_PREFIX_PATH=${CMAKE_PREFIX_PATH}:/home/dbot2/dbot_vda5050_ilmatar/install/vda5050_tb3_adapter:/home/dbot2/dbot_vda5050_ilmatar/install/tf2_dbot:/home/dbot2/dbot_vda5050_ilmatar/install/odom_motion_model:/home/dbot2/dbot_vda5050_ilmatar/install/motor_driver:/home/dbot2/dbot_vda5050_ilmatar/install/joycontrol:/home/dbot2/dbot_vda5050_ilmatar/install/gesturecontrol:/home/dbot2/dbot_vda5050_ilmatar/install/dbot_bridge:/home/dbot2/dbot_vda5050_ilmatar/install/dbot:/home/dbot2/dbot_src/install/tf2_dbot:/home/dbot2/dbot_src/install/odom_motion_model:/home/dbot2/dbot_src/install/motor_driver:/home/dbot2/dbot_src/install/joycontrol:/home/dbot2/dbot_src/install/dbot:/home/dbot2/dbot_remote/install/pcd_joy_trigger:/home/dbot2/circus_demo/install/circus_demo:/home/dbot2/ros2_ws/install/tf2_dbot:/home/dbot2/ros2_ws/install/odom_motion_model:/home/dbot2/ros2_ws/install/motor_driver:/home/dbot2/ros2_ws/install/joycontrol:/home/dbot2/ros2_ws/install/gesturecontrol:/home/dbot2/ros2_ws/install/dbot_bridge:/home/dbot2/ros2_ws/install/dbot:/home/dbot2/ros2_ws/install/ament_xmllint:/home/dbot2/ros2_ws/install/ament_uncrustify:/home/dbot2/ros2_ws/install/ament_pyflakes:/home/dbot2/ros2_ws/install/ament_pycodestyle:/home/dbot2/ros2_ws/install/ament_pep257:/home/dbot2/ros2_ws/install/ament_pclint:/home/dbot2/ros2_ws/install/ament_mypy:/home/dbot2/ros2_ws/install/ament_lint_cmake:/home/dbot2/ros2_ws/install/ament_flake8:/home/dbot2/ros2_ws/install/ament_copyright:/home/dbot2/ros2_ws/install/ament_lint:/home/dbot2/ros2_ws/install/ament_cpplint:/home/dbot2/ros2_ws/install/ament_cppcheck:/home/dbot2/ros2_ws/install/ament_clang_tidy:/home/dbot2/ros2_ws/install/ament_clang_format:/opt/ros/humble /usr/bin/cmake --install /home/dbot2/dbot_vda5050_ilmatar/build/dbot_custom_msgs
[1.968s] Level 1:colcon.colcon_core.environment:checking '/home/dbot2/dbot_vda5050_ilmatar/install/dbot_custom_msgs' for CMake config files
[1.968s] Level 1:colcon.colcon_core.shell:create_environment_hook('dbot_custom_msgs', 'cmake_prefix_path')
[1.969s] INFO:colcon.colcon_core.shell:Creating environment hook '/home/dbot2/dbot_vda5050_ilmatar/install/dbot_custom_msgs/share/dbot_custom_msgs/hook/cmake_prefix_path.ps1'
[1.969s] INFO:colcon.colcon_core.shell:Creating environment descriptor '/home/dbot2/dbot_vda5050_ilmatar/install/dbot_custom_msgs/share/dbot_custom_msgs/hook/cmake_prefix_path.dsv'
[1.969s] INFO:colcon.colcon_core.shell:Creating environment hook '/home/dbot2/dbot_vda5050_ilmatar/install/dbot_custom_msgs/share/dbot_custom_msgs/hook/cmake_prefix_path.sh'
[1.970s] Level 1:colcon.colcon_core.environment:checking '/home/dbot2/dbot_vda5050_ilmatar/install/dbot_custom_msgs/lib'
[1.970s] Level 1:colcon.colcon_core.shell:create_environment_hook('dbot_custom_msgs', 'ld_library_path_lib')
[1.971s] INFO:colcon.colcon_core.shell:Creating environment hook '/home/dbot2/dbot_vda5050_ilmatar/install/dbot_custom_msgs/share/dbot_custom_msgs/hook/ld_library_path_lib.ps1'
[1.971s] INFO:colcon.colcon_core.shell:Creating environment descriptor '/home/dbot2/dbot_vda5050_ilmatar/install/dbot_custom_msgs/share/dbot_custom_msgs/hook/ld_library_path_lib.dsv'
[1.971s] INFO:colcon.colcon_core.shell:Creating environment hook '/home/dbot2/dbot_vda5050_ilmatar/install/dbot_custom_msgs/share/dbot_custom_msgs/hook/ld_library_path_lib.sh'
[1.972s] Level 1:colcon.colcon_core.environment:checking '/home/dbot2/dbot_vda5050_ilmatar/install/dbot_custom_msgs/bin'
[1.972s] Level 1:colcon.colcon_core.environment:checking '/home/dbot2/dbot_vda5050_ilmatar/install/dbot_custom_msgs/lib/pkgconfig/dbot_custom_msgs.pc'
[1.972s] Level 1:colcon.colcon_core.environment:checking '/home/dbot2/dbot_vda5050_ilmatar/install/dbot_custom_msgs/lib/python3.10/site-packages'
[1.972s] Level 1:colcon.colcon_core.environment:checking '/home/dbot2/dbot_vda5050_ilmatar/install/dbot_custom_msgs/bin'
[1.973s] INFO:colcon.colcon_core.shell:Creating package script '/home/dbot2/dbot_vda5050_ilmatar/install/dbot_custom_msgs/share/dbot_custom_msgs/package.ps1'
[1.974s] INFO:colcon.colcon_core.shell:Creating package descriptor '/home/dbot2/dbot_vda5050_ilmatar/install/dbot_custom_msgs/share/dbot_custom_msgs/package.dsv'
[1.974s] INFO:colcon.colcon_core.shell:Creating package script '/home/dbot2/dbot_vda5050_ilmatar/install/dbot_custom_msgs/share/dbot_custom_msgs/package.sh'
[1.975s] INFO:colcon.colcon_core.shell:Creating package script '/home/dbot2/dbot_vda5050_ilmatar/install/dbot_custom_msgs/share/dbot_custom_msgs/package.bash'
[1.976s] INFO:colcon.colcon_core.shell:Creating package script '/home/dbot2/dbot_vda5050_ilmatar/install/dbot_custom_msgs/share/dbot_custom_msgs/package.zsh'
[1.977s] Level 1:colcon.colcon_core.environment:create_file_with_runtime_dependencies(/home/dbot2/dbot_vda5050_ilmatar/install/dbot_custom_msgs/share/colcon-core/packages/dbot_custom_msgs)
[1.978s] Level 1:colcon.colcon_core.environment:create_environment_scripts_only(dbot_custom_msgs)
[1.978s] Level 1:colcon.colcon_core.environment:checking '/home/dbot2/dbot_vda5050_ilmatar/install/dbot_custom_msgs' for CMake module files
[1.979s] Level 1:colcon.colcon_core.environment:checking '/home/dbot2/dbot_vda5050_ilmatar/install/dbot_custom_msgs' for CMake config files
[1.979s] Level 1:colcon.colcon_core.shell:create_environment_hook('dbot_custom_msgs', 'cmake_prefix_path')
[1.979s] INFO:colcon.colcon_core.shell:Creating environment hook '/home/dbot2/dbot_vda5050_ilmatar/install/dbot_custom_msgs/share/dbot_custom_msgs/hook/cmake_prefix_path.ps1'
[1.980s] INFO:colcon.colcon_core.shell:Creating environment descriptor '/home/dbot2/dbot_vda5050_ilmatar/install/dbot_custom_msgs/share/dbot_custom_msgs/hook/cmake_prefix_path.dsv'
[1.980s] INFO:colcon.colcon_core.shell:Creating environment hook '/home/dbot2/dbot_vda5050_ilmatar/install/dbot_custom_msgs/share/dbot_custom_msgs/hook/cmake_prefix_path.sh'
[1.981s] Level 1:colcon.colcon_core.environment:checking '/home/dbot2/dbot_vda5050_ilmatar/install/dbot_custom_msgs/lib'
[1.981s] Level 1:colcon.colcon_core.shell:create_environment_hook('dbot_custom_msgs', 'ld_library_path_lib')
[1.981s] INFO:colcon.colcon_core.shell:Creating environment hook '/home/dbot2/dbot_vda5050_ilmatar/install/dbot_custom_msgs/share/dbot_custom_msgs/hook/ld_library_path_lib.ps1'
[1.981s] INFO:colcon.colcon_core.shell:Creating environment descriptor '/home/dbot2/dbot_vda5050_ilmatar/install/dbot_custom_msgs/share/dbot_custom_msgs/hook/ld_library_path_lib.dsv'
[1.981s] INFO:colcon.colcon_core.shell:Creating environment hook '/home/dbot2/dbot_vda5050_ilmatar/install/dbot_custom_msgs/share/dbot_custom_msgs/hook/ld_library_path_lib.sh'
[1.982s] Level 1:colcon.colcon_core.environment:checking '/home/dbot2/dbot_vda5050_ilmatar/install/dbot_custom_msgs/bin'
[1.982s] Level 1:colcon.colcon_core.environment:checking '/home/dbot2/dbot_vda5050_ilmatar/install/dbot_custom_msgs/lib/pkgconfig/dbot_custom_msgs.pc'
[1.982s] Level 1:colcon.colcon_core.environment:checking '/home/dbot2/dbot_vda5050_ilmatar/install/dbot_custom_msgs/lib/python3.10/site-packages'
[1.982s] Level 1:colcon.colcon_core.environment:checking '/home/dbot2/dbot_vda5050_ilmatar/install/dbot_custom_msgs/bin'
[1.983s] INFO:colcon.colcon_core.shell:Creating package script '/home/dbot2/dbot_vda5050_ilmatar/install/dbot_custom_msgs/share/dbot_custom_msgs/package.ps1'
[1.983s] INFO:colcon.colcon_core.shell:Creating package descriptor '/home/dbot2/dbot_vda5050_ilmatar/install/dbot_custom_msgs/share/dbot_custom_msgs/package.dsv'
[1.984s] INFO:colcon.colcon_core.shell:Creating package script '/home/dbot2/dbot_vda5050_ilmatar/install/dbot_custom_msgs/share/dbot_custom_msgs/package.sh'
[1.984s] INFO:colcon.colcon_core.shell:Creating package script '/home/dbot2/dbot_vda5050_ilmatar/install/dbot_custom_msgs/share/dbot_custom_msgs/package.bash'
[1.985s] INFO:colcon.colcon_core.shell:Creating package script '/home/dbot2/dbot_vda5050_ilmatar/install/dbot_custom_msgs/share/dbot_custom_msgs/package.zsh'
[1.985s] Level 1:colcon.colcon_core.environment:create_file_with_runtime_dependencies(/home/dbot2/dbot_vda5050_ilmatar/install/dbot_custom_msgs/share/colcon-core/packages/dbot_custom_msgs)
[1.985s] INFO:colcon.colcon_ros.task.ament_cmake.build:Building ROS package in '/home/dbot2/dbot_vda5050_ilmatar/src/ros2_odometry_estimation' with build type 'ament_cmake'
[1.986s] INFO:colcon.colcon_cmake.task.cmake.build:Building CMake package in '/home/dbot2/dbot_vda5050_ilmatar/src/ros2_odometry_estimation'
[1.986s] INFO:colcon.colcon_core.shell:Skip shell extension 'powershell' for command environment: Not usable outside of PowerShell
[1.986s] DEBUG:colcon.colcon_core.shell:Skip shell extension 'dsv' for command environment
[1.996s] Level 1:colcon.colcon_core.environment:create_environment_scripts_only(dbot_nav_slam)
[1.996s] Level 1:colcon.colcon_core.environment:checking '/home/dbot2/dbot_vda5050_ilmatar/install/dbot_nav_slam' for CMake module files
[1.997s] Level 1:colcon.colcon_core.environment:checking '/home/dbot2/dbot_vda5050_ilmatar/install/dbot_nav_slam' for CMake config files
[1.997s] DEBUG:colcon.colcon_core.event_handler.log_command:Invoked command in '/home/dbot2/dbot_vda5050_ilmatar/build/dbot_nav_slam' returned '0': CMAKE_PREFIX_PATH=${CMAKE_PREFIX_PATH}:/home/dbot2/dbot_vda5050_ilmatar/install/vda5050_tb3_adapter:/home/dbot2/dbot_vda5050_ilmatar/install/tf2_dbot:/home/dbot2/dbot_vda5050_ilmatar/install/odom_motion_model:/home/dbot2/dbot_vda5050_ilmatar/install/motor_driver:/home/dbot2/dbot_vda5050_ilmatar/install/joycontrol:/home/dbot2/dbot_vda5050_ilmatar/install/gesturecontrol:/home/dbot2/dbot_vda5050_ilmatar/install/dbot_bridge:/home/dbot2/dbot_vda5050_ilmatar/install/dbot:/home/dbot2/dbot_src/install/tf2_dbot:/home/dbot2/dbot_src/install/odom_motion_model:/home/dbot2/dbot_src/install/motor_driver:/home/dbot2/dbot_src/install/joycontrol:/home/dbot2/dbot_src/install/dbot:/home/dbot2/dbot_remote/install/pcd_joy_trigger:/home/dbot2/circus_demo/install/circus_demo:/home/dbot2/ros2_ws/install/tf2_dbot:/home/dbot2/ros2_ws/install/odom_motion_model:/home/dbot2/ros2_ws/install/motor_driver:/home/dbot2/ros2_ws/install/joycontrol:/home/dbot2/ros2_ws/install/gesturecontrol:/home/dbot2/ros2_ws/install/dbot_bridge:/home/dbot2/ros2_ws/install/dbot:/home/dbot2/ros2_ws/install/ament_xmllint:/home/dbot2/ros2_ws/install/ament_uncrustify:/home/dbot2/ros2_ws/install/ament_pyflakes:/home/dbot2/ros2_ws/install/ament_pycodestyle:/home/dbot2/ros2_ws/install/ament_pep257:/home/dbot2/ros2_ws/install/ament_pclint:/home/dbot2/ros2_ws/install/ament_mypy:/home/dbot2/ros2_ws/install/ament_lint_cmake:/home/dbot2/ros2_ws/install/ament_flake8:/home/dbot2/ros2_ws/install/ament_copyright:/home/dbot2/ros2_ws/install/ament_lint:/home/dbot2/ros2_ws/install/ament_cpplint:/home/dbot2/ros2_ws/install/ament_cppcheck:/home/dbot2/ros2_ws/install/ament_clang_tidy:/home/dbot2/ros2_ws/install/ament_clang_format:/opt/ros/humble /usr/bin/cmake --install /home/dbot2/dbot_vda5050_ilmatar/build/dbot_nav_slam
[1.998s] Level 1:colcon.colcon_core.shell:create_environment_hook('dbot_nav_slam', 'cmake_prefix_path')
[1.998s] INFO:colcon.colcon_core.shell:Creating environment hook '/home/dbot2/dbot_vda5050_ilmatar/install/dbot_nav_slam/share/dbot_nav_slam/hook/cmake_prefix_path.ps1'
[1.999s] INFO:colcon.colcon_core.shell:Creating environment descriptor '/home/dbot2/dbot_vda5050_ilmatar/install/dbot_nav_slam/share/dbot_nav_slam/hook/cmake_prefix_path.dsv'
[1.999s] INFO:colcon.colcon_core.shell:Creating environment hook '/home/dbot2/dbot_vda5050_ilmatar/install/dbot_nav_slam/share/dbot_nav_slam/hook/cmake_prefix_path.sh'
[2.000s] Level 1:colcon.colcon_core.environment:checking '/home/dbot2/dbot_vda5050_ilmatar/install/dbot_nav_slam/lib'
[2.000s] Level 1:colcon.colcon_core.environment:checking '/home/dbot2/dbot_vda5050_ilmatar/install/dbot_nav_slam/bin'
[2.000s] Level 1:colcon.colcon_core.environment:checking '/home/dbot2/dbot_vda5050_ilmatar/install/dbot_nav_slam/lib/pkgconfig/dbot_nav_slam.pc'
[2.000s] Level 1:colcon.colcon_core.environment:checking '/home/dbot2/dbot_vda5050_ilmatar/install/dbot_nav_slam/lib/python3.10/site-packages'
[2.000s] Level 1:colcon.colcon_core.environment:checking '/home/dbot2/dbot_vda5050_ilmatar/install/dbot_nav_slam/bin'
[2.001s] INFO:colcon.colcon_core.shell:Creating package script '/home/dbot2/dbot_vda5050_ilmatar/install/dbot_nav_slam/share/dbot_nav_slam/package.ps1'
[2.001s] INFO:colcon.colcon_core.shell:Creating package descriptor '/home/dbot2/dbot_vda5050_ilmatar/install/dbot_nav_slam/share/dbot_nav_slam/package.dsv'
[2.002s] INFO:colcon.colcon_core.shell:Creating package script '/home/dbot2/dbot_vda5050_ilmatar/install/dbot_nav_slam/share/dbot_nav_slam/package.sh'
[2.003s] INFO:colcon.colcon_core.shell:Creating package script '/home/dbot2/dbot_vda5050_ilmatar/install/dbot_nav_slam/share/dbot_nav_slam/package.bash'
[2.003s] INFO:colcon.colcon_core.shell:Creating package script '/home/dbot2/dbot_vda5050_ilmatar/install/dbot_nav_slam/share/dbot_nav_slam/package.zsh'
[2.004s] Level 1:colcon.colcon_core.environment:create_file_with_runtime_dependencies(/home/dbot2/dbot_vda5050_ilmatar/install/dbot_nav_slam/share/colcon-core/packages/dbot_nav_slam)
[2.004s] Level 1:colcon.colcon_core.environment:create_environment_scripts_only(dbot_nav_slam)
[2.005s] Level 1:colcon.colcon_core.environment:checking '/home/dbot2/dbot_vda5050_ilmatar/install/dbot_nav_slam' for CMake module files
[2.005s] Level 1:colcon.colcon_core.environment:checking '/home/dbot2/dbot_vda5050_ilmatar/install/dbot_nav_slam' for CMake config files
[2.006s] Level 1:colcon.colcon_core.shell:create_environment_hook('dbot_nav_slam', 'cmake_prefix_path')
[2.006s] INFO:colcon.colcon_core.shell:Creating environment hook '/home/dbot2/dbot_vda5050_ilmatar/install/dbot_nav_slam/share/dbot_nav_slam/hook/cmake_prefix_path.ps1'
[2.006s] INFO:colcon.colcon_core.shell:Creating environment descriptor '/home/dbot2/dbot_vda5050_ilmatar/install/dbot_nav_slam/share/dbot_nav_slam/hook/cmake_prefix_path.dsv'
[2.007s] INFO:colcon.colcon_core.shell:Creating environment hook '/home/dbot2/dbot_vda5050_ilmatar/install/dbot_nav_slam/share/dbot_nav_slam/hook/cmake_prefix_path.sh'
[2.007s] Level 1:colcon.colcon_core.environment:checking '/home/dbot2/dbot_vda5050_ilmatar/install/dbot_nav_slam/lib'
[2.007s] Level 1:colcon.colcon_core.environment:checking '/home/dbot2/dbot_vda5050_ilmatar/install/dbot_nav_slam/bin'
[2.007s] Level 1:colcon.colcon_core.environment:checking '/home/dbot2/dbot_vda5050_ilmatar/install/dbot_nav_slam/lib/pkgconfig/dbot_nav_slam.pc'
[2.008s] Level 1:colcon.colcon_core.environment:checking '/home/dbot2/dbot_vda5050_ilmatar/install/dbot_nav_slam/lib/python3.10/site-packages'
[2.008s] Level 1:colcon.colcon_core.environment:checking '/home/dbot2/dbot_vda5050_ilmatar/install/dbot_nav_slam/bin'
[2.008s] INFO:colcon.colcon_core.shell:Creating package script '/home/dbot2/dbot_vda5050_ilmatar/install/dbot_nav_slam/share/dbot_nav_slam/package.ps1'
[2.009s] INFO:colcon.colcon_core.shell:Creating package descriptor '/home/dbot2/dbot_vda5050_ilmatar/install/dbot_nav_slam/share/dbot_nav_slam/package.dsv'
[2.009s] INFO:colcon.colcon_core.shell:Creating package script '/home/dbot2/dbot_vda5050_ilmatar/install/dbot_nav_slam/share/dbot_nav_slam/package.sh'
[2.010s] INFO:colcon.colcon_core.shell:Creating package script '/home/dbot2/dbot_vda5050_ilmatar/install/dbot_nav_slam/share/dbot_nav_slam/package.bash'
[2.010s] INFO:colcon.colcon_core.shell:Creating package script '/home/dbot2/dbot_vda5050_ilmatar/install/dbot_nav_slam/share/dbot_nav_slam/package.zsh'
[2.011s] Level 1:colcon.colcon_core.environment:create_file_with_runtime_dependencies(/home/dbot2/dbot_vda5050_ilmatar/install/dbot_nav_slam/share/colcon-core/packages/dbot_nav_slam)
[2.012s] INFO:colcon.colcon_ros.task.ament_cmake.build:Building ROS package in '/home/dbot2/dbot_vda5050_ilmatar/src/vda_dbot_nav_slam' with build type 'ament_cmake'
[2.015s] INFO:colcon.colcon_cmake.task.cmake.build:Building CMake package in '/home/dbot2/dbot_vda5050_ilmatar/src/vda_dbot_nav_slam'
[2.015s] INFO:colcon.colcon_core.shell:Skip shell extension 'powershell' for command environment: Not usable outside of PowerShell
[2.015s] DEBUG:colcon.colcon_core.shell:Skip shell extension 'dsv' for command environment
[2.035s] DEBUG:colcon.colcon_core.event_handler.log_command:Invoking command in '/home/dbot2/dbot_vda5050_ilmatar/build/odometry_estimator': CMAKE_PREFIX_PATH=/home/dbot2/dbot_vda5050_ilmatar/install/dbot_custom_msgs:/home/dbot2/dbot_vda5050_ilmatar/install/vda_dbot_nav_slam:/home/dbot2/dbot_vda5050_ilmatar/install/vda5050_connector:/home/dbot2/dbot_vda5050_ilmatar/install/vda5050_msgs:/home/dbot2/dbot_vda5050_ilmatar/install/odometry_estimator:/home/dbot2/dbot_vda5050_ilmatar/install/dbot_nav_slam:/home/dbot2/dbot_src/install/odometry_estimator:/home/dbot2/dbot_src/install/dbot_custom_msgs:/home/dbot2/dbot_remote/install/pointcloud_saver:/home/dbot2/circus_demo/install/pcl_localization_ros2:/home/dbot2/circus_demo/install/ndt_omp_ros2:/home/dbot2/ros2_ws/install/odometry_estimator:/home/dbot2/ros2_ws/install/dbot_nav_slam:/home/dbot2/ros2_ws/install/dbot_custom_msgs:/home/dbot2/ros2_ws/install/ament_lint_common:/home/dbot2/ros2_ws/install/ament_cmake_xmllint:/home/dbot2/ros2_ws/install/ament_cmake_uncrustify:/home/dbot2/ros2_ws/install/ament_cmake_pyflakes:/home/dbot2/ros2_ws/install/ament_cmake_pycodestyle:/home/dbot2/ros2_ws/install/ament_cmake_pep257:/home/dbot2/ros2_ws/install/ament_cmake_pclint:/home/dbot2/ros2_ws/install/ament_cmake_mypy:/home/dbot2/ros2_ws/install/ament_cmake_lint_cmake:/home/dbot2/ros2_ws/install/ament_lint_auto:/home/dbot2/ros2_ws/install/ament_cmake_flake8:/home/dbot2/ros2_ws/install/ament_cmake_copyright:/home/dbot2/ros2_ws/install/ament_cmake_cpplint:/home/dbot2/ros2_ws/install/ament_cmake_cppcheck:/home/dbot2/ros2_ws/install/ament_cmake_clang_tidy:/home/dbot2/ros2_ws/install/ament_cmake_clang_format:/home/dbot2/dbot_vda5050_ilmatar/install/vda5050_tb3_adapter:/home/dbot2/dbot_vda5050_ilmatar/install/tf2_dbot:/home/dbot2/dbot_vda5050_ilmatar/install/odom_motion_model:/home/dbot2/dbot_vda5050_ilmatar/install/motor_driver:/home/dbot2/dbot_vda5050_ilmatar/install/joycontrol:/home/dbot2/dbot_vda5050_ilmatar/install/gesturecontrol:/home/dbot2/dbot_vda5050_ilmatar/install/dbot_bridge:/home/dbot2/dbot_vda5050_ilmatar/install/dbot:/home/dbot2/dbot_src/install/tf2_dbot:/home/dbot2/dbot_src/install/odom_motion_model:/home/dbot2/dbot_src/install/motor_driver:/home/dbot2/dbot_src/install/joycontrol:/home/dbot2/dbot_src/install/dbot:/home/dbot2/dbot_remote/install/pcd_joy_trigger:/home/dbot2/circus_demo/install/circus_demo:/home/dbot2/ros2_ws/install/tf2_dbot:/home/dbot2/ros2_ws/install/odom_motion_model:/home/dbot2/ros2_ws/install/motor_driver:/home/dbot2/ros2_ws/install/joycontrol:/home/dbot2/ros2_ws/install/gesturecontrol:/home/dbot2/ros2_ws/install/dbot_bridge:/home/dbot2/ros2_ws/install/dbot:/home/dbot2/ros2_ws/install/ament_xmllint:/home/dbot2/ros2_ws/install/ament_uncrustify:/home/dbot2/ros2_ws/install/ament_pyflakes:/home/dbot2/ros2_ws/install/ament_pycodestyle:/home/dbot2/ros2_ws/install/ament_pep257:/home/dbot2/ros2_ws/install/ament_pclint:/home/dbot2/ros2_ws/install/ament_mypy:/home/dbot2/ros2_ws/install/ament_lint_cmake:/home/dbot2/ros2_ws/install/ament_flake8:/home/dbot2/ros2_ws/install/ament_copyright:/home/dbot2/ros2_ws/install/ament_lint:/home/dbot2/ros2_ws/install/ament_cpplint:/home/dbot2/ros2_ws/install/ament_cppcheck:/home/dbot2/ros2_ws/install/ament_clang_tidy:/home/dbot2/ros2_ws/install/ament_clang_format:/opt/ros/humble LD_LIBRARY_PATH=/home/dbot2/dbot_vda5050_ilmatar/install/dbot_custom_msgs/lib:/home/dbot2/dbot_vda5050_ilmatar/install/vda5050_connector/lib:/home/dbot2/dbot_vda5050_ilmatar/install/vda5050_msgs/lib:/home/dbot2/dbot_src/install/dbot_custom_msgs/lib:/home/dbot2/circus_demo/install/pcl_localization_ros2/lib:/home/dbot2/ros2_ws/install/dbot_custom_msgs/lib:/opt/ros/humble/opt/rviz_ogre_vendor/lib:/opt/ros/humble/lib/x86_64-linux-gnu:/opt/ros/humble/lib /usr/bin/cmake --build /home/dbot2/dbot_vda5050_ilmatar/build/odometry_estimator -- -j8 -l8
[2.048s] DEBUG:colcon.colcon_core.event_handler.log_command:Invoking command in '/home/dbot2/dbot_vda5050_ilmatar/build/vda_dbot_nav_slam': CMAKE_PREFIX_PATH=${CMAKE_PREFIX_PATH}:/home/dbot2/dbot_vda5050_ilmatar/install/vda5050_tb3_adapter:/home/dbot2/dbot_vda5050_ilmatar/install/tf2_dbot:/home/dbot2/dbot_vda5050_ilmatar/install/odom_motion_model:/home/dbot2/dbot_vda5050_ilmatar/install/motor_driver:/home/dbot2/dbot_vda5050_ilmatar/install/joycontrol:/home/dbot2/dbot_vda5050_ilmatar/install/gesturecontrol:/home/dbot2/dbot_vda5050_ilmatar/install/dbot_bridge:/home/dbot2/dbot_vda5050_ilmatar/install/dbot:/home/dbot2/dbot_src/install/tf2_dbot:/home/dbot2/dbot_src/install/odom_motion_model:/home/dbot2/dbot_src/install/motor_driver:/home/dbot2/dbot_src/install/joycontrol:/home/dbot2/dbot_src/install/dbot:/home/dbot2/dbot_remote/install/pcd_joy_trigger:/home/dbot2/circus_demo/install/circus_demo:/home/dbot2/ros2_ws/install/tf2_dbot:/home/dbot2/ros2_ws/install/odom_motion_model:/home/dbot2/ros2_ws/install/motor_driver:/home/dbot2/ros2_ws/install/joycontrol:/home/dbot2/ros2_ws/install/gesturecontrol:/home/dbot2/ros2_ws/install/dbot_bridge:/home/dbot2/ros2_ws/install/dbot:/home/dbot2/ros2_ws/install/ament_xmllint:/home/dbot2/ros2_ws/install/ament_uncrustify:/home/dbot2/ros2_ws/install/ament_pyflakes:/home/dbot2/ros2_ws/install/ament_pycodestyle:/home/dbot2/ros2_ws/install/ament_pep257:/home/dbot2/ros2_ws/install/ament_pclint:/home/dbot2/ros2_ws/install/ament_mypy:/home/dbot2/ros2_ws/install/ament_lint_cmake:/home/dbot2/ros2_ws/install/ament_flake8:/home/dbot2/ros2_ws/install/ament_copyright:/home/dbot2/ros2_ws/install/ament_lint:/home/dbot2/ros2_ws/install/ament_cpplint:/home/dbot2/ros2_ws/install/ament_cppcheck:/home/dbot2/ros2_ws/install/ament_clang_tidy:/home/dbot2/ros2_ws/install/ament_clang_format:/opt/ros/humble /usr/bin/cmake --build /home/dbot2/dbot_vda5050_ilmatar/build/vda_dbot_nav_slam -- -j8 -l8
[2.050s] Level 1:colcon.colcon_core.environment:create_environment_scripts_only(vda5050_msgs)
[2.051s] Level 1:colcon.colcon_core.environment:checking '/home/dbot2/dbot_vda5050_ilmatar/install/vda5050_msgs' for CMake module files
[2.051s] DEBUG:colcon.colcon_core.event_handler.log_command:Invoked command in '/home/dbot2/dbot_vda5050_ilmatar/build/vda5050_msgs' returned '0': CMAKE_PREFIX_PATH=${CMAKE_PREFIX_PATH}:/home/dbot2/dbot_vda5050_ilmatar/install/vda5050_tb3_adapter:/home/dbot2/dbot_vda5050_ilmatar/install/tf2_dbot:/home/dbot2/dbot_vda5050_ilmatar/install/odom_motion_model:/home/dbot2/dbot_vda5050_ilmatar/install/motor_driver:/home/dbot2/dbot_vda5050_ilmatar/install/joycontrol:/home/dbot2/dbot_vda5050_ilmatar/install/gesturecontrol:/home/dbot2/dbot_vda5050_ilmatar/install/dbot_bridge:/home/dbot2/dbot_vda5050_ilmatar/install/dbot:/home/dbot2/dbot_src/install/tf2_dbot:/home/dbot2/dbot_src/install/odom_motion_model:/home/dbot2/dbot_src/install/motor_driver:/home/dbot2/dbot_src/install/joycontrol:/home/dbot2/dbot_src/install/dbot:/home/dbot2/dbot_remote/install/pcd_joy_trigger:/home/dbot2/circus_demo/install/circus_demo:/home/dbot2/ros2_ws/install/tf2_dbot:/home/dbot2/ros2_ws/install/odom_motion_model:/home/dbot2/ros2_ws/install/motor_driver:/home/dbot2/ros2_ws/install/joycontrol:/home/dbot2/ros2_ws/install/gesturecontrol:/home/dbot2/ros2_ws/install/dbot_bridge:/home/dbot2/ros2_ws/install/dbot:/home/dbot2/ros2_ws/install/ament_xmllint:/home/dbot2/ros2_ws/install/ament_uncrustify:/home/dbot2/ros2_ws/install/ament_pyflakes:/home/dbot2/ros2_ws/install/ament_pycodestyle:/home/dbot2/ros2_ws/install/ament_pep257:/home/dbot2/ros2_ws/install/ament_pclint:/home/dbot2/ros2_ws/install/ament_mypy:/home/dbot2/ros2_ws/install/ament_lint_cmake:/home/dbot2/ros2_ws/install/ament_flake8:/home/dbot2/ros2_ws/install/ament_copyright:/home/dbot2/ros2_ws/install/ament_lint:/home/dbot2/ros2_ws/install/ament_cpplint:/home/dbot2/ros2_ws/install/ament_cppcheck:/home/dbot2/ros2_ws/install/ament_clang_tidy:/home/dbot2/ros2_ws/install/ament_clang_format:/opt/ros/humble /usr/bin/cmake --install /home/dbot2/dbot_vda5050_ilmatar/build/vda5050_msgs
[2.052s] Level 1:colcon.colcon_core.environment:checking '/home/dbot2/dbot_vda5050_ilmatar/install/vda5050_msgs' for CMake config files
[2.055s] Level 1:colcon.colcon_core.shell:create_environment_hook('vda5050_msgs', 'cmake_prefix_path')
[2.056s] INFO:colcon.colcon_core.shell:Creating environment hook '/home/dbot2/dbot_vda5050_ilmatar/install/vda5050_msgs/share/vda5050_msgs/hook/cmake_prefix_path.ps1'
[2.056s] INFO:colcon.colcon_core.shell:Creating environment descriptor '/home/dbot2/dbot_vda5050_ilmatar/install/vda5050_msgs/share/vda5050_msgs/hook/cmake_prefix_path.dsv'
[2.057s] INFO:colcon.colcon_core.shell:Creating environment hook '/home/dbot2/dbot_vda5050_ilmatar/install/vda5050_msgs/share/vda5050_msgs/hook/cmake_prefix_path.sh'
[2.057s] Level 1:colcon.colcon_core.environment:checking '/home/dbot2/dbot_vda5050_ilmatar/install/vda5050_msgs/lib'
[2.057s] Level 1:colcon.colcon_core.shell:create_environment_hook('vda5050_msgs', 'ld_library_path_lib')
[2.057s] INFO:colcon.colcon_core.shell:Creating environment hook '/home/dbot2/dbot_vda5050_ilmatar/install/vda5050_msgs/share/vda5050_msgs/hook/ld_library_path_lib.ps1'
[2.058s] INFO:colcon.colcon_core.shell:Creating environment descriptor '/home/dbot2/dbot_vda5050_ilmatar/install/vda5050_msgs/share/vda5050_msgs/hook/ld_library_path_lib.dsv'
[2.058s] INFO:colcon.colcon_core.shell:Creating environment hook '/home/dbot2/dbot_vda5050_ilmatar/install/vda5050_msgs/share/vda5050_msgs/hook/ld_library_path_lib.sh'
[2.059s] Level 1:colcon.colcon_core.environment:checking '/home/dbot2/dbot_vda5050_ilmatar/install/vda5050_msgs/bin'
[2.059s] Level 1:colcon.colcon_core.environment:checking '/home/dbot2/dbot_vda5050_ilmatar/install/vda5050_msgs/lib/pkgconfig/vda5050_msgs.pc'
[2.059s] Level 1:colcon.colcon_core.environment:checking '/home/dbot2/dbot_vda5050_ilmatar/install/vda5050_msgs/lib/python3.10/site-packages'
[2.059s] Level 1:colcon.colcon_core.environment:checking '/home/dbot2/dbot_vda5050_ilmatar/install/vda5050_msgs/bin'
[2.059s] INFO:colcon.colcon_core.shell:Creating package script '/home/dbot2/dbot_vda5050_ilmatar/install/vda5050_msgs/share/vda5050_msgs/package.ps1'
[2.060s] INFO:colcon.colcon_core.shell:Creating package descriptor '/home/dbot2/dbot_vda5050_ilmatar/install/vda5050_msgs/share/vda5050_msgs/package.dsv'
[2.060s] INFO:colcon.colcon_core.shell:Creating package script '/home/dbot2/dbot_vda5050_ilmatar/install/vda5050_msgs/share/vda5050_msgs/package.sh'
[2.061s] INFO:colcon.colcon_core.shell:Creating package script '/home/dbot2/dbot_vda5050_ilmatar/install/vda5050_msgs/share/vda5050_msgs/package.bash'
[2.061s] INFO:colcon.colcon_core.shell:Creating package script '/home/dbot2/dbot_vda5050_ilmatar/install/vda5050_msgs/share/vda5050_msgs/package.zsh'
[2.061s] Level 1:colcon.colcon_core.environment:create_file_with_runtime_dependencies(/home/dbot2/dbot_vda5050_ilmatar/install/vda5050_msgs/share/colcon-core/packages/vda5050_msgs)
[2.062s] Level 1:colcon.colcon_core.environment:create_environment_scripts_only(vda5050_msgs)
[2.062s] Level 1:colcon.colcon_core.environment:checking '/home/dbot2/dbot_vda5050_ilmatar/install/vda5050_msgs' for CMake module files
[2.063s] Level 1:colcon.colcon_core.environment:checking '/home/dbot2/dbot_vda5050_ilmatar/install/vda5050_msgs' for CMake config files
[2.067s] Level 1:colcon.colcon_core.shell:create_environment_hook('vda5050_msgs', 'cmake_prefix_path')
[2.067s] INFO:colcon.colcon_core.shell:Creating environment hook '/home/dbot2/dbot_vda5050_ilmatar/install/vda5050_msgs/share/vda5050_msgs/hook/cmake_prefix_path.ps1'
[2.067s] INFO:colcon.colcon_core.shell:Creating environment descriptor '/home/dbot2/dbot_vda5050_ilmatar/install/vda5050_msgs/share/vda5050_msgs/hook/cmake_prefix_path.dsv'
[2.068s] INFO:colcon.colcon_core.shell:Creating environment hook '/home/dbot2/dbot_vda5050_ilmatar/install/vda5050_msgs/share/vda5050_msgs/hook/cmake_prefix_path.sh'
[2.068s] Level 1:colcon.colcon_core.environment:checking '/home/dbot2/dbot_vda5050_ilmatar/install/vda5050_msgs/lib'
[2.068s] Level 1:colcon.colcon_core.shell:create_environment_hook('vda5050_msgs', 'ld_library_path_lib')
[2.068s] INFO:colcon.colcon_core.shell:Creating environment hook '/home/dbot2/dbot_vda5050_ilmatar/install/vda5050_msgs/share/vda5050_msgs/hook/ld_library_path_lib.ps1'
[2.069s] INFO:colcon.colcon_core.shell:Creating environment descriptor '/home/dbot2/dbot_vda5050_ilmatar/install/vda5050_msgs/share/vda5050_msgs/hook/ld_library_path_lib.dsv'
[2.069s] INFO:colcon.colcon_core.shell:Creating environment hook '/home/dbot2/dbot_vda5050_ilmatar/install/vda5050_msgs/share/vda5050_msgs/hook/ld_library_path_lib.sh'
[2.069s] Level 1:colcon.colcon_core.environment:checking '/home/dbot2/dbot_vda5050_ilmatar/install/vda5050_msgs/bin'
[2.070s] Level 1:colcon.colcon_core.environment:checking '/home/dbot2/dbot_vda5050_ilmatar/install/vda5050_msgs/lib/pkgconfig/vda5050_msgs.pc'
[2.070s] Level 1:colcon.colcon_core.environment:checking '/home/dbot2/dbot_vda5050_ilmatar/install/vda5050_msgs/lib/python3.10/site-packages'
[2.070s] Level 1:colcon.colcon_core.environment:checking '/home/dbot2/dbot_vda5050_ilmatar/install/vda5050_msgs/bin'
[2.070s] INFO:colcon.colcon_core.shell:Creating package script '/home/dbot2/dbot_vda5050_ilmatar/install/vda5050_msgs/share/vda5050_msgs/package.ps1'
[2.071s] INFO:colcon.colcon_core.shell:Creating package descriptor '/home/dbot2/dbot_vda5050_ilmatar/install/vda5050_msgs/share/vda5050_msgs/package.dsv'
[2.071s] INFO:colcon.colcon_core.shell:Creating package script '/home/dbot2/dbot_vda5050_ilmatar/install/vda5050_msgs/share/vda5050_msgs/package.sh'
[2.072s] INFO:colcon.colcon_core.shell:Creating package script '/home/dbot2/dbot_vda5050_ilmatar/install/vda5050_msgs/share/vda5050_msgs/package.bash'
[2.072s] INFO:colcon.colcon_core.shell:Creating package script '/home/dbot2/dbot_vda5050_ilmatar/install/vda5050_msgs/share/vda5050_msgs/package.zsh'
[2.073s] Level 1:colcon.colcon_core.environment:create_file_with_runtime_dependencies(/home/dbot2/dbot_vda5050_ilmatar/install/vda5050_msgs/share/colcon-core/packages/vda5050_msgs)
[2.073s] INFO:colcon.colcon_ros.task.ament_cmake.build:Building ROS package in '/home/dbot2/dbot_vda5050_ilmatar/src/vda5050_connector' with build type 'ament_cmake'
[2.073s] INFO:colcon.colcon_cmake.task.cmake.build:Building CMake package in '/home/dbot2/dbot_vda5050_ilmatar/src/vda5050_connector'
[2.073s] INFO:colcon.colcon_core.shell:Skip shell extension 'powershell' for command environment: Not usable outside of PowerShell
[2.073s] DEBUG:colcon.colcon_core.shell:Skip shell extension 'dsv' for command environment
[2.101s] DEBUG:colcon.colcon_core.event_handler.log_command:Invoking command in '/home/dbot2/dbot_vda5050_ilmatar/build/vda5050_connector': CMAKE_PREFIX_PATH=/home/dbot2/dbot_vda5050_ilmatar/install/vda5050_msgs:/home/dbot2/dbot_vda5050_ilmatar/install/vda_dbot_nav_slam:/home/dbot2/dbot_vda5050_ilmatar/install/vda5050_connector:/home/dbot2/dbot_vda5050_ilmatar/install/odometry_estimator:/home/dbot2/dbot_vda5050_ilmatar/install/dbot_nav_slam:/home/dbot2/dbot_vda5050_ilmatar/install/dbot_custom_msgs:/home/dbot2/dbot_src/install/odometry_estimator:/home/dbot2/dbot_src/install/dbot_custom_msgs:/home/dbot2/dbot_remote/install/pointcloud_saver:/home/dbot2/circus_demo/install/pcl_localization_ros2:/home/dbot2/circus_demo/install/ndt_omp_ros2:/home/dbot2/ros2_ws/install/odometry_estimator:/home/dbot2/ros2_ws/install/dbot_nav_slam:/home/dbot2/ros2_ws/install/dbot_custom_msgs:/home/dbot2/ros2_ws/install/ament_lint_common:/home/dbot2/ros2_ws/install/ament_cmake_xmllint:/home/dbot2/ros2_ws/install/ament_cmake_uncrustify:/home/dbot2/ros2_ws/install/ament_cmake_pyflakes:/home/dbot2/ros2_ws/install/ament_cmake_pycodestyle:/home/dbot2/ros2_ws/install/ament_cmake_pep257:/home/dbot2/ros2_ws/install/ament_cmake_pclint:/home/dbot2/ros2_ws/install/ament_cmake_mypy:/home/dbot2/ros2_ws/install/ament_cmake_lint_cmake:/home/dbot2/ros2_ws/install/ament_lint_auto:/home/dbot2/ros2_ws/install/ament_cmake_flake8:/home/dbot2/ros2_ws/install/ament_cmake_copyright:/home/dbot2/ros2_ws/install/ament_cmake_cpplint:/home/dbot2/ros2_ws/install/ament_cmake_cppcheck:/home/dbot2/ros2_ws/install/ament_cmake_clang_tidy:/home/dbot2/ros2_ws/install/ament_cmake_clang_format:/home/dbot2/dbot_vda5050_ilmatar/install/vda5050_tb3_adapter:/home/dbot2/dbot_vda5050_ilmatar/install/tf2_dbot:/home/dbot2/dbot_vda5050_ilmatar/install/odom_motion_model:/home/dbot2/dbot_vda5050_ilmatar/install/motor_driver:/home/dbot2/dbot_vda5050_ilmatar/install/joycontrol:/home/dbot2/dbot_vda5050_ilmatar/install/gesturecontrol:/home/dbot2/dbot_vda5050_ilmatar/install/dbot_bridge:/home/dbot2/dbot_vda5050_ilmatar/install/dbot:/home/dbot2/dbot_src/install/tf2_dbot:/home/dbot2/dbot_src/install/odom_motion_model:/home/dbot2/dbot_src/install/motor_driver:/home/dbot2/dbot_src/install/joycontrol:/home/dbot2/dbot_src/install/dbot:/home/dbot2/dbot_remote/install/pcd_joy_trigger:/home/dbot2/circus_demo/install/circus_demo:/home/dbot2/ros2_ws/install/tf2_dbot:/home/dbot2/ros2_ws/install/odom_motion_model:/home/dbot2/ros2_ws/install/motor_driver:/home/dbot2/ros2_ws/install/joycontrol:/home/dbot2/ros2_ws/install/gesturecontrol:/home/dbot2/ros2_ws/install/dbot_bridge:/home/dbot2/ros2_ws/install/dbot:/home/dbot2/ros2_ws/install/ament_xmllint:/home/dbot2/ros2_ws/install/ament_uncrustify:/home/dbot2/ros2_ws/install/ament_pyflakes:/home/dbot2/ros2_ws/install/ament_pycodestyle:/home/dbot2/ros2_ws/install/ament_pep257:/home/dbot2/ros2_ws/install/ament_pclint:/home/dbot2/ros2_ws/install/ament_mypy:/home/dbot2/ros2_ws/install/ament_lint_cmake:/home/dbot2/ros2_ws/install/ament_flake8:/home/dbot2/ros2_ws/install/ament_copyright:/home/dbot2/ros2_ws/install/ament_lint:/home/dbot2/ros2_ws/install/ament_cpplint:/home/dbot2/ros2_ws/install/ament_cppcheck:/home/dbot2/ros2_ws/install/ament_clang_tidy:/home/dbot2/ros2_ws/install/ament_clang_format:/opt/ros/humble LD_LIBRARY_PATH=/home/dbot2/dbot_vda5050_ilmatar/install/vda5050_msgs/lib:/home/dbot2/dbot_vda5050_ilmatar/install/vda5050_connector/lib:/home/dbot2/dbot_vda5050_ilmatar/install/dbot_custom_msgs/lib:/home/dbot2/dbot_src/install/dbot_custom_msgs/lib:/home/dbot2/circus_demo/install/pcl_localization_ros2/lib:/home/dbot2/ros2_ws/install/dbot_custom_msgs/lib:/opt/ros/humble/opt/rviz_ogre_vendor/lib:/opt/ros/humble/lib/x86_64-linux-gnu:/opt/ros/humble/lib /usr/bin/cmake --build /home/dbot2/dbot_vda5050_ilmatar/build/vda5050_connector -- -j8 -l8
[2.230s] DEBUG:colcon.colcon_core.event_handler.log_command:Invoked command in '/home/dbot2/dbot_vda5050_ilmatar/build/odometry_estimator' returned '0': CMAKE_PREFIX_PATH=/home/dbot2/dbot_vda5050_ilmatar/install/dbot_custom_msgs:/home/dbot2/dbot_vda5050_ilmatar/install/vda_dbot_nav_slam:/home/dbot2/dbot_vda5050_ilmatar/install/vda5050_connector:/home/dbot2/dbot_vda5050_ilmatar/install/vda5050_msgs:/home/dbot2/dbot_vda5050_ilmatar/install/odometry_estimator:/home/dbot2/dbot_vda5050_ilmatar/install/dbot_nav_slam:/home/dbot2/dbot_src/install/odometry_estimator:/home/dbot2/dbot_src/install/dbot_custom_msgs:/home/dbot2/dbot_remote/install/pointcloud_saver:/home/dbot2/circus_demo/install/pcl_localization_ros2:/home/dbot2/circus_demo/install/ndt_omp_ros2:/home/dbot2/ros2_ws/install/odometry_estimator:/home/dbot2/ros2_ws/install/dbot_nav_slam:/home/dbot2/ros2_ws/install/dbot_custom_msgs:/home/dbot2/ros2_ws/install/ament_lint_common:/home/dbot2/ros2_ws/install/ament_cmake_xmllint:/home/dbot2/ros2_ws/install/ament_cmake_uncrustify:/home/dbot2/ros2_ws/install/ament_cmake_pyflakes:/home/dbot2/ros2_ws/install/ament_cmake_pycodestyle:/home/dbot2/ros2_ws/install/ament_cmake_pep257:/home/dbot2/ros2_ws/install/ament_cmake_pclint:/home/dbot2/ros2_ws/install/ament_cmake_mypy:/home/dbot2/ros2_ws/install/ament_cmake_lint_cmake:/home/dbot2/ros2_ws/install/ament_lint_auto:/home/dbot2/ros2_ws/install/ament_cmake_flake8:/home/dbot2/ros2_ws/install/ament_cmake_copyright:/home/dbot2/ros2_ws/install/ament_cmake_cpplint:/home/dbot2/ros2_ws/install/ament_cmake_cppcheck:/home/dbot2/ros2_ws/install/ament_cmake_clang_tidy:/home/dbot2/ros2_ws/install/ament_cmake_clang_format:/home/dbot2/dbot_vda5050_ilmatar/install/vda5050_tb3_adapter:/home/dbot2/dbot_vda5050_ilmatar/install/tf2_dbot:/home/dbot2/dbot_vda5050_ilmatar/install/odom_motion_model:/home/dbot2/dbot_vda5050_ilmatar/install/motor_driver:/home/dbot2/dbot_vda5050_ilmatar/install/joycontrol:/home/dbot2/dbot_vda5050_ilmatar/install/gesturecontrol:/home/dbot2/dbot_vda5050_ilmatar/install/dbot_bridge:/home/dbot2/dbot_vda5050_ilmatar/install/dbot:/home/dbot2/dbot_src/install/tf2_dbot:/home/dbot2/dbot_src/install/odom_motion_model:/home/dbot2/dbot_src/install/motor_driver:/home/dbot2/dbot_src/install/joycontrol:/home/dbot2/dbot_src/install/dbot:/home/dbot2/dbot_remote/install/pcd_joy_trigger:/home/dbot2/circus_demo/install/circus_demo:/home/dbot2/ros2_ws/install/tf2_dbot:/home/dbot2/ros2_ws/install/odom_motion_model:/home/dbot2/ros2_ws/install/motor_driver:/home/dbot2/ros2_ws/install/joycontrol:/home/dbot2/ros2_ws/install/gesturecontrol:/home/dbot2/ros2_ws/install/dbot_bridge:/home/dbot2/ros2_ws/install/dbot:/home/dbot2/ros2_ws/install/ament_xmllint:/home/dbot2/ros2_ws/install/ament_uncrustify:/home/dbot2/ros2_ws/install/ament_pyflakes:/home/dbot2/ros2_ws/install/ament_pycodestyle:/home/dbot2/ros2_ws/install/ament_pep257:/home/dbot2/ros2_ws/install/ament_pclint:/home/dbot2/ros2_ws/install/ament_mypy:/home/dbot2/ros2_ws/install/ament_lint_cmake:/home/dbot2/ros2_ws/install/ament_flake8:/home/dbot2/ros2_ws/install/ament_copyright:/home/dbot2/ros2_ws/install/ament_lint:/home/dbot2/ros2_ws/install/ament_cpplint:/home/dbot2/ros2_ws/install/ament_cppcheck:/home/dbot2/ros2_ws/install/ament_clang_tidy:/home/dbot2/ros2_ws/install/ament_clang_format:/opt/ros/humble LD_LIBRARY_PATH=/home/dbot2/dbot_vda5050_ilmatar/install/dbot_custom_msgs/lib:/home/dbot2/dbot_vda5050_ilmatar/install/vda5050_connector/lib:/home/dbot2/dbot_vda5050_ilmatar/install/vda5050_msgs/lib:/home/dbot2/dbot_src/install/dbot_custom_msgs/lib:/home/dbot2/circus_demo/install/pcl_localization_ros2/lib:/home/dbot2/ros2_ws/install/dbot_custom_msgs/lib:/opt/ros/humble/opt/rviz_ogre_vendor/lib:/opt/ros/humble/lib/x86_64-linux-gnu:/opt/ros/humble/lib /usr/bin/cmake --build /home/dbot2/dbot_vda5050_ilmatar/build/odometry_estimator -- -j8 -l8
[2.230s] DEBUG:colcon.colcon_core.event_handler.log_command:Invoking command in '/home/dbot2/dbot_vda5050_ilmatar/build/odometry_estimator': CMAKE_PREFIX_PATH=/home/dbot2/dbot_vda5050_ilmatar/install/dbot_custom_msgs:/home/dbot2/dbot_vda5050_ilmatar/install/vda_dbot_nav_slam:/home/dbot2/dbot_vda5050_ilmatar/install/vda5050_connector:/home/dbot2/dbot_vda5050_ilmatar/install/vda5050_msgs:/home/dbot2/dbot_vda5050_ilmatar/install/odometry_estimator:/home/dbot2/dbot_vda5050_ilmatar/install/dbot_nav_slam:/home/dbot2/dbot_src/install/odometry_estimator:/home/dbot2/dbot_src/install/dbot_custom_msgs:/home/dbot2/dbot_remote/install/pointcloud_saver:/home/dbot2/circus_demo/install/pcl_localization_ros2:/home/dbot2/circus_demo/install/ndt_omp_ros2:/home/dbot2/ros2_ws/install/odometry_estimator:/home/dbot2/ros2_ws/install/dbot_nav_slam:/home/dbot2/ros2_ws/install/dbot_custom_msgs:/home/dbot2/ros2_ws/install/ament_lint_common:/home/dbot2/ros2_ws/install/ament_cmake_xmllint:/home/dbot2/ros2_ws/install/ament_cmake_uncrustify:/home/dbot2/ros2_ws/install/ament_cmake_pyflakes:/home/dbot2/ros2_ws/install/ament_cmake_pycodestyle:/home/dbot2/ros2_ws/install/ament_cmake_pep257:/home/dbot2/ros2_ws/install/ament_cmake_pclint:/home/dbot2/ros2_ws/install/ament_cmake_mypy:/home/dbot2/ros2_ws/install/ament_cmake_lint_cmake:/home/dbot2/ros2_ws/install/ament_lint_auto:/home/dbot2/ros2_ws/install/ament_cmake_flake8:/home/dbot2/ros2_ws/install/ament_cmake_copyright:/home/dbot2/ros2_ws/install/ament_cmake_cpplint:/home/dbot2/ros2_ws/install/ament_cmake_cppcheck:/home/dbot2/ros2_ws/install/ament_cmake_clang_tidy:/home/dbot2/ros2_ws/install/ament_cmake_clang_format:/home/dbot2/dbot_vda5050_ilmatar/install/vda5050_tb3_adapter:/home/dbot2/dbot_vda5050_ilmatar/install/tf2_dbot:/home/dbot2/dbot_vda5050_ilmatar/install/odom_motion_model:/home/dbot2/dbot_vda5050_ilmatar/install/motor_driver:/home/dbot2/dbot_vda5050_ilmatar/install/joycontrol:/home/dbot2/dbot_vda5050_ilmatar/install/gesturecontrol:/home/dbot2/dbot_vda5050_ilmatar/install/dbot_bridge:/home/dbot2/dbot_vda5050_ilmatar/install/dbot:/home/dbot2/dbot_src/install/tf2_dbot:/home/dbot2/dbot_src/install/odom_motion_model:/home/dbot2/dbot_src/install/motor_driver:/home/dbot2/dbot_src/install/joycontrol:/home/dbot2/dbot_src/install/dbot:/home/dbot2/dbot_remote/install/pcd_joy_trigger:/home/dbot2/circus_demo/install/circus_demo:/home/dbot2/ros2_ws/install/tf2_dbot:/home/dbot2/ros2_ws/install/odom_motion_model:/home/dbot2/ros2_ws/install/motor_driver:/home/dbot2/ros2_ws/install/joycontrol:/home/dbot2/ros2_ws/install/gesturecontrol:/home/dbot2/ros2_ws/install/dbot_bridge:/home/dbot2/ros2_ws/install/dbot:/home/dbot2/ros2_ws/install/ament_xmllint:/home/dbot2/ros2_ws/install/ament_uncrustify:/home/dbot2/ros2_ws/install/ament_pyflakes:/home/dbot2/ros2_ws/install/ament_pycodestyle:/home/dbot2/ros2_ws/install/ament_pep257:/home/dbot2/ros2_ws/install/ament_pclint:/home/dbot2/ros2_ws/install/ament_mypy:/home/dbot2/ros2_ws/install/ament_lint_cmake:/home/dbot2/ros2_ws/install/ament_flake8:/home/dbot2/ros2_ws/install/ament_copyright:/home/dbot2/ros2_ws/install/ament_lint:/home/dbot2/ros2_ws/install/ament_cpplint:/home/dbot2/ros2_ws/install/ament_cppcheck:/home/dbot2/ros2_ws/install/ament_clang_tidy:/home/dbot2/ros2_ws/install/ament_clang_format:/opt/ros/humble LD_LIBRARY_PATH=/home/dbot2/dbot_vda5050_ilmatar/install/dbot_custom_msgs/lib:/home/dbot2/dbot_vda5050_ilmatar/install/vda5050_connector/lib:/home/dbot2/dbot_vda5050_ilmatar/install/vda5050_msgs/lib:/home/dbot2/dbot_src/install/dbot_custom_msgs/lib:/home/dbot2/circus_demo/install/pcl_localization_ros2/lib:/home/dbot2/ros2_ws/install/dbot_custom_msgs/lib:/opt/ros/humble/opt/rviz_ogre_vendor/lib:/opt/ros/humble/lib/x86_64-linux-gnu:/opt/ros/humble/lib /usr/bin/cmake --install /home/dbot2/dbot_vda5050_ilmatar/build/odometry_estimator
[2.258s] Level 1:colcon.colcon_core.environment:create_environment_scripts_only(odometry_estimator)
[2.258s] Level 1:colcon.colcon_core.environment:checking '/home/dbot2/dbot_vda5050_ilmatar/install/odometry_estimator' for CMake module files
[2.262s] Level 1:colcon.colcon_core.environment:checking '/home/dbot2/dbot_vda5050_ilmatar/install/odometry_estimator' for CMake config files
[2.262s] Level 1:colcon.colcon_core.shell:create_environment_hook('odometry_estimator', 'cmake_prefix_path')
[2.262s] INFO:colcon.colcon_core.shell:Creating environment hook '/home/dbot2/dbot_vda5050_ilmatar/install/odometry_estimator/share/odometry_estimator/hook/cmake_prefix_path.ps1'
[2.263s] INFO:colcon.colcon_core.shell:Creating environment descriptor '/home/dbot2/dbot_vda5050_ilmatar/install/odometry_estimator/share/odometry_estimator/hook/cmake_prefix_path.dsv'
[2.263s] INFO:colcon.colcon_core.shell:Creating environment hook '/home/dbot2/dbot_vda5050_ilmatar/install/odometry_estimator/share/odometry_estimator/hook/cmake_prefix_path.sh'
[2.264s] Level 1:colcon.colcon_core.environment:checking '/home/dbot2/dbot_vda5050_ilmatar/install/odometry_estimator/lib'
[2.264s] Level 1:colcon.colcon_core.environment:checking '/home/dbot2/dbot_vda5050_ilmatar/install/odometry_estimator/bin'
[2.264s] Level 1:colcon.colcon_core.environment:checking '/home/dbot2/dbot_vda5050_ilmatar/install/odometry_estimator/lib/pkgconfig/odometry_estimator.pc'
[2.264s] Level 1:colcon.colcon_core.environment:checking '/home/dbot2/dbot_vda5050_ilmatar/install/odometry_estimator/lib/python3.10/site-packages'
[2.266s] DEBUG:colcon.colcon_core.event_handler.log_command:Invoked command in '/home/dbot2/dbot_vda5050_ilmatar/build/odometry_estimator' returned '0': CMAKE_PREFIX_PATH=/home/dbot2/dbot_vda5050_ilmatar/install/dbot_custom_msgs:/home/dbot2/dbot_vda5050_ilmatar/install/vda_dbot_nav_slam:/home/dbot2/dbot_vda5050_ilmatar/install/vda5050_connector:/home/dbot2/dbot_vda5050_ilmatar/install/vda5050_msgs:/home/dbot2/dbot_vda5050_ilmatar/install/odometry_estimator:/home/dbot2/dbot_vda5050_ilmatar/install/dbot_nav_slam:/home/dbot2/dbot_src/install/odometry_estimator:/home/dbot2/dbot_src/install/dbot_custom_msgs:/home/dbot2/dbot_remote/install/pointcloud_saver:/home/dbot2/circus_demo/install/pcl_localization_ros2:/home/dbot2/circus_demo/install/ndt_omp_ros2:/home/dbot2/ros2_ws/install/odometry_estimator:/home/dbot2/ros2_ws/install/dbot_nav_slam:/home/dbot2/ros2_ws/install/dbot_custom_msgs:/home/dbot2/ros2_ws/install/ament_lint_common:/home/dbot2/ros2_ws/install/ament_cmake_xmllint:/home/dbot2/ros2_ws/install/ament_cmake_uncrustify:/home/dbot2/ros2_ws/install/ament_cmake_pyflakes:/home/dbot2/ros2_ws/install/ament_cmake_pycodestyle:/home/dbot2/ros2_ws/install/ament_cmake_pep257:/home/dbot2/ros2_ws/install/ament_cmake_pclint:/home/dbot2/ros2_ws/install/ament_cmake_mypy:/home/dbot2/ros2_ws/install/ament_cmake_lint_cmake:/home/dbot2/ros2_ws/install/ament_lint_auto:/home/dbot2/ros2_ws/install/ament_cmake_flake8:/home/dbot2/ros2_ws/install/ament_cmake_copyright:/home/dbot2/ros2_ws/install/ament_cmake_cpplint:/home/dbot2/ros2_ws/install/ament_cmake_cppcheck:/home/dbot2/ros2_ws/install/ament_cmake_clang_tidy:/home/dbot2/ros2_ws/install/ament_cmake_clang_format:/home/dbot2/dbot_vda5050_ilmatar/install/vda5050_tb3_adapter:/home/dbot2/dbot_vda5050_ilmatar/install/tf2_dbot:/home/dbot2/dbot_vda5050_ilmatar/install/odom_motion_model:/home/dbot2/dbot_vda5050_ilmatar/install/motor_driver:/home/dbot2/dbot_vda5050_ilmatar/install/joycontrol:/home/dbot2/dbot_vda5050_ilmatar/install/gesturecontrol:/home/dbot2/dbot_vda5050_ilmatar/install/dbot_bridge:/home/dbot2/dbot_vda5050_ilmatar/install/dbot:/home/dbot2/dbot_src/install/tf2_dbot:/home/dbot2/dbot_src/install/odom_motion_model:/home/dbot2/dbot_src/install/motor_driver:/home/dbot2/dbot_src/install/joycontrol:/home/dbot2/dbot_src/install/dbot:/home/dbot2/dbot_remote/install/pcd_joy_trigger:/home/dbot2/circus_demo/install/circus_demo:/home/dbot2/ros2_ws/install/tf2_dbot:/home/dbot2/ros2_ws/install/odom_motion_model:/home/dbot2/ros2_ws/install/motor_driver:/home/dbot2/ros2_ws/install/joycontrol:/home/dbot2/ros2_ws/install/gesturecontrol:/home/dbot2/ros2_ws/install/dbot_bridge:/home/dbot2/ros2_ws/install/dbot:/home/dbot2/ros2_ws/install/ament_xmllint:/home/dbot2/ros2_ws/install/ament_uncrustify:/home/dbot2/ros2_ws/install/ament_pyflakes:/home/dbot2/ros2_ws/install/ament_pycodestyle:/home/dbot2/ros2_ws/install/ament_pep257:/home/dbot2/ros2_ws/install/ament_pclint:/home/dbot2/ros2_ws/install/ament_mypy:/home/dbot2/ros2_ws/install/ament_lint_cmake:/home/dbot2/ros2_ws/install/ament_flake8:/home/dbot2/ros2_ws/install/ament_copyright:/home/dbot2/ros2_ws/install/ament_lint:/home/dbot2/ros2_ws/install/ament_cpplint:/home/dbot2/ros2_ws/install/ament_cppcheck:/home/dbot2/ros2_ws/install/ament_clang_tidy:/home/dbot2/ros2_ws/install/ament_clang_format:/opt/ros/humble LD_LIBRARY_PATH=/home/dbot2/dbot_vda5050_ilmatar/install/dbot_custom_msgs/lib:/home/dbot2/dbot_vda5050_ilmatar/install/vda5050_connector/lib:/home/dbot2/dbot_vda5050_ilmatar/install/vda5050_msgs/lib:/home/dbot2/dbot_src/install/dbot_custom_msgs/lib:/home/dbot2/circus_demo/install/pcl_localization_ros2/lib:/home/dbot2/ros2_ws/install/dbot_custom_msgs/lib:/opt/ros/humble/opt/rviz_ogre_vendor/lib:/opt/ros/humble/lib/x86_64-linux-gnu:/opt/ros/humble/lib /usr/bin/cmake --install /home/dbot2/dbot_vda5050_ilmatar/build/odometry_estimator
[2.266s] Level 1:colcon.colcon_core.environment:checking '/home/dbot2/dbot_vda5050_ilmatar/install/odometry_estimator/bin'
[2.267s] INFO:colcon.colcon_core.shell:Creating package script '/home/dbot2/dbot_vda5050_ilmatar/install/odometry_estimator/share/odometry_estimator/package.ps1'
[2.267s] INFO:colcon.colcon_core.shell:Creating package descriptor '/home/dbot2/dbot_vda5050_ilmatar/install/odometry_estimator/share/odometry_estimator/package.dsv'
[2.267s] INFO:colcon.colcon_core.shell:Creating package script '/home/dbot2/dbot_vda5050_ilmatar/install/odometry_estimator/share/odometry_estimator/package.sh'
[2.268s] INFO:colcon.colcon_core.shell:Creating package script '/home/dbot2/dbot_vda5050_ilmatar/install/odometry_estimator/share/odometry_estimator/package.bash'
[2.268s] INFO:colcon.colcon_core.shell:Creating package script '/home/dbot2/dbot_vda5050_ilmatar/install/odometry_estimator/share/odometry_estimator/package.zsh'
[2.268s] Level 1:colcon.colcon_core.environment:create_file_with_runtime_dependencies(/home/dbot2/dbot_vda5050_ilmatar/install/odometry_estimator/share/colcon-core/packages/odometry_estimator)
[2.269s] Level 1:colcon.colcon_core.environment:create_environment_scripts_only(odometry_estimator)
[2.269s] Level 1:colcon.colcon_core.environment:checking '/home/dbot2/dbot_vda5050_ilmatar/install/odometry_estimator' for CMake module files
[2.270s] Level 1:colcon.colcon_core.environment:checking '/home/dbot2/dbot_vda5050_ilmatar/install/odometry_estimator' for CMake config files
[2.270s] Level 1:colcon.colcon_core.shell:create_environment_hook('odometry_estimator', 'cmake_prefix_path')
[2.270s] INFO:colcon.colcon_core.shell:Creating environment hook '/home/dbot2/dbot_vda5050_ilmatar/install/odometry_estimator/share/odometry_estimator/hook/cmake_prefix_path.ps1'
[2.271s] INFO:colcon.colcon_core.shell:Creating environment descriptor '/home/dbot2/dbot_vda5050_ilmatar/install/odometry_estimator/share/odometry_estimator/hook/cmake_prefix_path.dsv'
[2.271s] INFO:colcon.colcon_core.shell:Creating environment hook '/home/dbot2/dbot_vda5050_ilmatar/install/odometry_estimator/share/odometry_estimator/hook/cmake_prefix_path.sh'
[2.272s] Level 1:colcon.colcon_core.environment:checking '/home/dbot2/dbot_vda5050_ilmatar/install/odometry_estimator/lib'
[2.272s] Level 1:colcon.colcon_core.environment:checking '/home/dbot2/dbot_vda5050_ilmatar/install/odometry_estimator/bin'
[2.272s] Level 1:colcon.colcon_core.environment:checking '/home/dbot2/dbot_vda5050_ilmatar/install/odometry_estimator/lib/pkgconfig/odometry_estimator.pc'
[2.272s] Level 1:colcon.colcon_core.environment:checking '/home/dbot2/dbot_vda5050_ilmatar/install/odometry_estimator/lib/python3.10/site-packages'
[2.272s] Level 1:colcon.colcon_core.environment:checking '/home/dbot2/dbot_vda5050_ilmatar/install/odometry_estimator/bin'
[2.272s] INFO:colcon.colcon_core.shell:Creating package script '/home/dbot2/dbot_vda5050_ilmatar/install/odometry_estimator/share/odometry_estimator/package.ps1'
[2.273s] INFO:colcon.colcon_core.shell:Creating package descriptor '/home/dbot2/dbot_vda5050_ilmatar/install/odometry_estimator/share/odometry_estimator/package.dsv'
[2.274s] INFO:colcon.colcon_core.shell:Creating package script '/home/dbot2/dbot_vda5050_ilmatar/install/odometry_estimator/share/odometry_estimator/package.sh'
[2.275s] INFO:colcon.colcon_core.shell:Creating package script '/home/dbot2/dbot_vda5050_ilmatar/install/odometry_estimator/share/odometry_estimator/package.bash'
[2.275s] INFO:colcon.colcon_core.shell:Creating package script '/home/dbot2/dbot_vda5050_ilmatar/install/odometry_estimator/share/odometry_estimator/package.zsh'
[2.276s] Level 1:colcon.colcon_core.environment:create_file_with_runtime_dependencies(/home/dbot2/dbot_vda5050_ilmatar/install/odometry_estimator/share/colcon-core/packages/odometry_estimator)
[2.276s] INFO:colcon.colcon_ros.task.ament_python.build:Building ROS package in '/home/dbot2/dbot_vda5050_ilmatar/src/motor_driver' with build type 'ament_python'
[2.276s] Level 1:colcon.colcon_core.shell:create_environment_hook('motor_driver', 'ament_prefix_path')
[2.277s] INFO:colcon.colcon_core.shell:Creating environment hook '/home/dbot2/dbot_vda5050_ilmatar/install/motor_driver/share/motor_driver/hook/ament_prefix_path.ps1'
[2.277s] INFO:colcon.colcon_core.shell:Creating environment descriptor '/home/dbot2/dbot_vda5050_ilmatar/install/motor_driver/share/motor_driver/hook/ament_prefix_path.dsv'
[2.277s] INFO:colcon.colcon_core.shell:Creating environment hook '/home/dbot2/dbot_vda5050_ilmatar/install/motor_driver/share/motor_driver/hook/ament_prefix_path.sh'
[2.278s] INFO:colcon.colcon_core.shell:Skip shell extension 'powershell' for command environment: Not usable outside of PowerShell
[2.278s] DEBUG:colcon.colcon_core.shell:Skip shell extension 'dsv' for command environment
[2.710s] INFO:colcon.colcon_core.task.python.build:Building Python package in '/home/dbot2/dbot_vda5050_ilmatar/src/motor_driver'
[2.710s] INFO:colcon.colcon_core.shell:Skip shell extension 'powershell' for command environment: Not usable outside of PowerShell
[2.710s] DEBUG:colcon.colcon_core.shell:Skip shell extension 'dsv' for command environment
[2.718s] DEBUG:colcon.colcon_core.event_handler.log_command:Invoking command in '/home/dbot2/dbot_vda5050_ilmatar/build/joycontrol': PYTHONPATH=/home/dbot2/dbot_vda5050_ilmatar/build/joycontrol/prefix_override:/usr/lib/python3/dist-packages/colcon_core/task/python/colcon_distutils_commands:/home/dbot2/dbot_vda5050_ilmatar/install/joycontrol/lib/python3.10/site-packages:${PYTHONPATH} /usr/bin/python3 -W ignore:setup.py install is deprecated -W ignore:easy_install command is deprecated setup.py develop --editable --build-directory /home/dbot2/dbot_vda5050_ilmatar/build/joycontrol/build --no-deps symlink_data
[2.719s] DEBUG:colcon.colcon_core.event_handler.log_command:Invoking command in '/home/dbot2/dbot_vda5050_ilmatar/build/gesturecontrol': PYTHONPATH=/home/dbot2/dbot_vda5050_ilmatar/build/gesturecontrol/prefix_override:/usr/lib/python3/dist-packages/colcon_core/task/python/colcon_distutils_commands:/home/dbot2/dbot_vda5050_ilmatar/install/gesturecontrol/lib/python3.10/site-packages:${PYTHONPATH} /usr/bin/python3 -W ignore:setup.py install is deprecated -W ignore:easy_install command is deprecated setup.py develop --editable --build-directory /home/dbot2/dbot_vda5050_ilmatar/build/gesturecontrol/build --no-deps symlink_data
[2.720s] DEBUG:colcon.colcon_core.event_handler.log_command:Invoking command in '/home/dbot2/dbot_vda5050_ilmatar/build/dbot_bridge': PYTHONPATH=/home/dbot2/dbot_vda5050_ilmatar/build/dbot_bridge/prefix_override:/usr/lib/python3/dist-packages/colcon_core/task/python/colcon_distutils_commands:/home/dbot2/dbot_vda5050_ilmatar/install/dbot_bridge/lib/python3.10/site-packages:${PYTHONPATH} /usr/bin/python3 -W ignore:setup.py install is deprecated -W ignore:easy_install command is deprecated setup.py develop --editable --build-directory /home/dbot2/dbot_vda5050_ilmatar/build/dbot_bridge/build --no-deps symlink_data
[2.722s] DEBUG:colcon.colcon_core.event_handler.log_command:Invoking command in '/home/dbot2/dbot_vda5050_ilmatar/build/tf2_dbot': PYTHONPATH=/home/dbot2/dbot_vda5050_ilmatar/build/tf2_dbot/prefix_override:/usr/lib/python3/dist-packages/colcon_core/task/python/colcon_distutils_commands:/home/dbot2/dbot_vda5050_ilmatar/install/tf2_dbot/lib/python3.10/site-packages:${PYTHONPATH} /usr/bin/python3 -W ignore:setup.py install is deprecated -W ignore:easy_install command is deprecated setup.py develop --editable --build-directory /home/dbot2/dbot_vda5050_ilmatar/build/tf2_dbot/build --no-deps symlink_data
[2.724s] DEBUG:colcon.colcon_core.event_handler.log_command:Invoking command in '/home/dbot2/dbot_vda5050_ilmatar/build/dbot': PYTHONPATH=/home/dbot2/dbot_vda5050_ilmatar/build/dbot/prefix_override:/usr/lib/python3/dist-packages/colcon_core/task/python/colcon_distutils_commands:/home/dbot2/dbot_vda5050_ilmatar/install/dbot/lib/python3.10/site-packages:${PYTHONPATH} /usr/bin/python3 -W ignore:setup.py install is deprecated -W ignore:easy_install command is deprecated setup.py develop --editable --build-directory /home/dbot2/dbot_vda5050_ilmatar/build/dbot/build --no-deps symlink_data
[2.725s] DEBUG:colcon.colcon_core.event_handler.log_command:Invoked command in '/home/dbot2/dbot_vda5050_ilmatar/build/vda_dbot_nav_slam' returned '0': CMAKE_PREFIX_PATH=${CMAKE_PREFIX_PATH}:/home/dbot2/dbot_vda5050_ilmatar/install/vda5050_tb3_adapter:/home/dbot2/dbot_vda5050_ilmatar/install/tf2_dbot:/home/dbot2/dbot_vda5050_ilmatar/install/odom_motion_model:/home/dbot2/dbot_vda5050_ilmatar/install/motor_driver:/home/dbot2/dbot_vda5050_ilmatar/install/joycontrol:/home/dbot2/dbot_vda5050_ilmatar/install/gesturecontrol:/home/dbot2/dbot_vda5050_ilmatar/install/dbot_bridge:/home/dbot2/dbot_vda5050_ilmatar/install/dbot:/home/dbot2/dbot_src/install/tf2_dbot:/home/dbot2/dbot_src/install/odom_motion_model:/home/dbot2/dbot_src/install/motor_driver:/home/dbot2/dbot_src/install/joycontrol:/home/dbot2/dbot_src/install/dbot:/home/dbot2/dbot_remote/install/pcd_joy_trigger:/home/dbot2/circus_demo/install/circus_demo:/home/dbot2/ros2_ws/install/tf2_dbot:/home/dbot2/ros2_ws/install/odom_motion_model:/home/dbot2/ros2_ws/install/motor_driver:/home/dbot2/ros2_ws/install/joycontrol:/home/dbot2/ros2_ws/install/gesturecontrol:/home/dbot2/ros2_ws/install/dbot_bridge:/home/dbot2/ros2_ws/install/dbot:/home/dbot2/ros2_ws/install/ament_xmllint:/home/dbot2/ros2_ws/install/ament_uncrustify:/home/dbot2/ros2_ws/install/ament_pyflakes:/home/dbot2/ros2_ws/install/ament_pycodestyle:/home/dbot2/ros2_ws/install/ament_pep257:/home/dbot2/ros2_ws/install/ament_pclint:/home/dbot2/ros2_ws/install/ament_mypy:/home/dbot2/ros2_ws/install/ament_lint_cmake:/home/dbot2/ros2_ws/install/ament_flake8:/home/dbot2/ros2_ws/install/ament_copyright:/home/dbot2/ros2_ws/install/ament_lint:/home/dbot2/ros2_ws/install/ament_cpplint:/home/dbot2/ros2_ws/install/ament_cppcheck:/home/dbot2/ros2_ws/install/ament_clang_tidy:/home/dbot2/ros2_ws/install/ament_clang_format:/opt/ros/humble /usr/bin/cmake --build /home/dbot2/dbot_vda5050_ilmatar/build/vda_dbot_nav_slam -- -j8 -l8
[2.726s] DEBUG:colcon.colcon_core.event_handler.log_command:Invoking command in '/home/dbot2/dbot_vda5050_ilmatar/build/vda_dbot_nav_slam': CMAKE_PREFIX_PATH=${CMAKE_PREFIX_PATH}:/home/dbot2/dbot_vda5050_ilmatar/install/vda5050_tb3_adapter:/home/dbot2/dbot_vda5050_ilmatar/install/tf2_dbot:/home/dbot2/dbot_vda5050_ilmatar/install/odom_motion_model:/home/dbot2/dbot_vda5050_ilmatar/install/motor_driver:/home/dbot2/dbot_vda5050_ilmatar/install/joycontrol:/home/dbot2/dbot_vda5050_ilmatar/install/gesturecontrol:/home/dbot2/dbot_vda5050_ilmatar/install/dbot_bridge:/home/dbot2/dbot_vda5050_ilmatar/install/dbot:/home/dbot2/dbot_src/install/tf2_dbot:/home/dbot2/dbot_src/install/odom_motion_model:/home/dbot2/dbot_src/install/motor_driver:/home/dbot2/dbot_src/install/joycontrol:/home/dbot2/dbot_src/install/dbot:/home/dbot2/dbot_remote/install/pcd_joy_trigger:/home/dbot2/circus_demo/install/circus_demo:/home/dbot2/ros2_ws/install/tf2_dbot:/home/dbot2/ros2_ws/install/odom_motion_model:/home/dbot2/ros2_ws/install/motor_driver:/home/dbot2/ros2_ws/install/joycontrol:/home/dbot2/ros2_ws/install/gesturecontrol:/home/dbot2/ros2_ws/install/dbot_bridge:/home/dbot2/ros2_ws/install/dbot:/home/dbot2/ros2_ws/install/ament_xmllint:/home/dbot2/ros2_ws/install/ament_uncrustify:/home/dbot2/ros2_ws/install/ament_pyflakes:/home/dbot2/ros2_ws/install/ament_pycodestyle:/home/dbot2/ros2_ws/install/ament_pep257:/home/dbot2/ros2_ws/install/ament_pclint:/home/dbot2/ros2_ws/install/ament_mypy:/home/dbot2/ros2_ws/install/ament_lint_cmake:/home/dbot2/ros2_ws/install/ament_flake8:/home/dbot2/ros2_ws/install/ament_copyright:/home/dbot2/ros2_ws/install/ament_lint:/home/dbot2/ros2_ws/install/ament_cpplint:/home/dbot2/ros2_ws/install/ament_cppcheck:/home/dbot2/ros2_ws/install/ament_clang_tidy:/home/dbot2/ros2_ws/install/ament_clang_format:/opt/ros/humble /usr/bin/cmake --install /home/dbot2/dbot_vda5050_ilmatar/build/vda_dbot_nav_slam
[2.734s] DEBUG:colcon.colcon_core.event_handler.log_command:Invoked command in '/home/dbot2/dbot_vda5050_ilmatar/build/vda5050_connector' returned '0': CMAKE_PREFIX_PATH=/home/dbot2/dbot_vda5050_ilmatar/install/vda5050_msgs:/home/dbot2/dbot_vda5050_ilmatar/install/vda_dbot_nav_slam:/home/dbot2/dbot_vda5050_ilmatar/install/vda5050_connector:/home/dbot2/dbot_vda5050_ilmatar/install/odometry_estimator:/home/dbot2/dbot_vda5050_ilmatar/install/dbot_nav_slam:/home/dbot2/dbot_vda5050_ilmatar/install/dbot_custom_msgs:/home/dbot2/dbot_src/install/odometry_estimator:/home/dbot2/dbot_src/install/dbot_custom_msgs:/home/dbot2/dbot_remote/install/pointcloud_saver:/home/dbot2/circus_demo/install/pcl_localization_ros2:/home/dbot2/circus_demo/install/ndt_omp_ros2:/home/dbot2/ros2_ws/install/odometry_estimator:/home/dbot2/ros2_ws/install/dbot_nav_slam:/home/dbot2/ros2_ws/install/dbot_custom_msgs:/home/dbot2/ros2_ws/install/ament_lint_common:/home/dbot2/ros2_ws/install/ament_cmake_xmllint:/home/dbot2/ros2_ws/install/ament_cmake_uncrustify:/home/dbot2/ros2_ws/install/ament_cmake_pyflakes:/home/dbot2/ros2_ws/install/ament_cmake_pycodestyle:/home/dbot2/ros2_ws/install/ament_cmake_pep257:/home/dbot2/ros2_ws/install/ament_cmake_pclint:/home/dbot2/ros2_ws/install/ament_cmake_mypy:/home/dbot2/ros2_ws/install/ament_cmake_lint_cmake:/home/dbot2/ros2_ws/install/ament_lint_auto:/home/dbot2/ros2_ws/install/ament_cmake_flake8:/home/dbot2/ros2_ws/install/ament_cmake_copyright:/home/dbot2/ros2_ws/install/ament_cmake_cpplint:/home/dbot2/ros2_ws/install/ament_cmake_cppcheck:/home/dbot2/ros2_ws/install/ament_cmake_clang_tidy:/home/dbot2/ros2_ws/install/ament_cmake_clang_format:/home/dbot2/dbot_vda5050_ilmatar/install/vda5050_tb3_adapter:/home/dbot2/dbot_vda5050_ilmatar/install/tf2_dbot:/home/dbot2/dbot_vda5050_ilmatar/install/odom_motion_model:/home/dbot2/dbot_vda5050_ilmatar/install/motor_driver:/home/dbot2/dbot_vda5050_ilmatar/install/joycontrol:/home/dbot2/dbot_vda5050_ilmatar/install/gesturecontrol:/home/dbot2/dbot_vda5050_ilmatar/install/dbot_bridge:/home/dbot2/dbot_vda5050_ilmatar/install/dbot:/home/dbot2/dbot_src/install/tf2_dbot:/home/dbot2/dbot_src/install/odom_motion_model:/home/dbot2/dbot_src/install/motor_driver:/home/dbot2/dbot_src/install/joycontrol:/home/dbot2/dbot_src/install/dbot:/home/dbot2/dbot_remote/install/pcd_joy_trigger:/home/dbot2/circus_demo/install/circus_demo:/home/dbot2/ros2_ws/install/tf2_dbot:/home/dbot2/ros2_ws/install/odom_motion_model:/home/dbot2/ros2_ws/install/motor_driver:/home/dbot2/ros2_ws/install/joycontrol:/home/dbot2/ros2_ws/install/gesturecontrol:/home/dbot2/ros2_ws/install/dbot_bridge:/home/dbot2/ros2_ws/install/dbot:/home/dbot2/ros2_ws/install/ament_xmllint:/home/dbot2/ros2_ws/install/ament_uncrustify:/home/dbot2/ros2_ws/install/ament_pyflakes:/home/dbot2/ros2_ws/install/ament_pycodestyle:/home/dbot2/ros2_ws/install/ament_pep257:/home/dbot2/ros2_ws/install/ament_pclint:/home/dbot2/ros2_ws/install/ament_mypy:/home/dbot2/ros2_ws/install/ament_lint_cmake:/home/dbot2/ros2_ws/install/ament_flake8:/home/dbot2/ros2_ws/install/ament_copyright:/home/dbot2/ros2_ws/install/ament_lint:/home/dbot2/ros2_ws/install/ament_cpplint:/home/dbot2/ros2_ws/install/ament_cppcheck:/home/dbot2/ros2_ws/install/ament_clang_tidy:/home/dbot2/ros2_ws/install/ament_clang_format:/opt/ros/humble LD_LIBRARY_PATH=/home/dbot2/dbot_vda5050_ilmatar/install/vda5050_msgs/lib:/home/dbot2/dbot_vda5050_ilmatar/install/vda5050_connector/lib:/home/dbot2/dbot_vda5050_ilmatar/install/dbot_custom_msgs/lib:/home/dbot2/dbot_src/install/dbot_custom_msgs/lib:/home/dbot2/circus_demo/install/pcl_localization_ros2/lib:/home/dbot2/ros2_ws/install/dbot_custom_msgs/lib:/opt/ros/humble/opt/rviz_ogre_vendor/lib:/opt/ros/humble/lib/x86_64-linux-gnu:/opt/ros/humble/lib /usr/bin/cmake --build /home/dbot2/dbot_vda5050_ilmatar/build/vda5050_connector -- -j8 -l8
[2.734s] DEBUG:colcon.colcon_core.event_handler.log_command:Invoking command in '/home/dbot2/dbot_vda5050_ilmatar/build/vda5050_connector': CMAKE_PREFIX_PATH=/home/dbot2/dbot_vda5050_ilmatar/install/vda5050_msgs:/home/dbot2/dbot_vda5050_ilmatar/install/vda_dbot_nav_slam:/home/dbot2/dbot_vda5050_ilmatar/install/vda5050_connector:/home/dbot2/dbot_vda5050_ilmatar/install/odometry_estimator:/home/dbot2/dbot_vda5050_ilmatar/install/dbot_nav_slam:/home/dbot2/dbot_vda5050_ilmatar/install/dbot_custom_msgs:/home/dbot2/dbot_src/install/odometry_estimator:/home/dbot2/dbot_src/install/dbot_custom_msgs:/home/dbot2/dbot_remote/install/pointcloud_saver:/home/dbot2/circus_demo/install/pcl_localization_ros2:/home/dbot2/circus_demo/install/ndt_omp_ros2:/home/dbot2/ros2_ws/install/odometry_estimator:/home/dbot2/ros2_ws/install/dbot_nav_slam:/home/dbot2/ros2_ws/install/dbot_custom_msgs:/home/dbot2/ros2_ws/install/ament_lint_common:/home/dbot2/ros2_ws/install/ament_cmake_xmllint:/home/dbot2/ros2_ws/install/ament_cmake_uncrustify:/home/dbot2/ros2_ws/install/ament_cmake_pyflakes:/home/dbot2/ros2_ws/install/ament_cmake_pycodestyle:/home/dbot2/ros2_ws/install/ament_cmake_pep257:/home/dbot2/ros2_ws/install/ament_cmake_pclint:/home/dbot2/ros2_ws/install/ament_cmake_mypy:/home/dbot2/ros2_ws/install/ament_cmake_lint_cmake:/home/dbot2/ros2_ws/install/ament_lint_auto:/home/dbot2/ros2_ws/install/ament_cmake_flake8:/home/dbot2/ros2_ws/install/ament_cmake_copyright:/home/dbot2/ros2_ws/install/ament_cmake_cpplint:/home/dbot2/ros2_ws/install/ament_cmake_cppcheck:/home/dbot2/ros2_ws/install/ament_cmake_clang_tidy:/home/dbot2/ros2_ws/install/ament_cmake_clang_format:/home/dbot2/dbot_vda5050_ilmatar/install/vda5050_tb3_adapter:/home/dbot2/dbot_vda5050_ilmatar/install/tf2_dbot:/home/dbot2/dbot_vda5050_ilmatar/install/odom_motion_model:/home/dbot2/dbot_vda5050_ilmatar/install/motor_driver:/home/dbot2/dbot_vda5050_ilmatar/install/joycontrol:/home/dbot2/dbot_vda5050_ilmatar/install/gesturecontrol:/home/dbot2/dbot_vda5050_ilmatar/install/dbot_bridge:/home/dbot2/dbot_vda5050_ilmatar/install/dbot:/home/dbot2/dbot_src/install/tf2_dbot:/home/dbot2/dbot_src/install/odom_motion_model:/home/dbot2/dbot_src/install/motor_driver:/home/dbot2/dbot_src/install/joycontrol:/home/dbot2/dbot_src/install/dbot:/home/dbot2/dbot_remote/install/pcd_joy_trigger:/home/dbot2/circus_demo/install/circus_demo:/home/dbot2/ros2_ws/install/tf2_dbot:/home/dbot2/ros2_ws/install/odom_motion_model:/home/dbot2/ros2_ws/install/motor_driver:/home/dbot2/ros2_ws/install/joycontrol:/home/dbot2/ros2_ws/install/gesturecontrol:/home/dbot2/ros2_ws/install/dbot_bridge:/home/dbot2/ros2_ws/install/dbot:/home/dbot2/ros2_ws/install/ament_xmllint:/home/dbot2/ros2_ws/install/ament_uncrustify:/home/dbot2/ros2_ws/install/ament_pyflakes:/home/dbot2/ros2_ws/install/ament_pycodestyle:/home/dbot2/ros2_ws/install/ament_pep257:/home/dbot2/ros2_ws/install/ament_pclint:/home/dbot2/ros2_ws/install/ament_mypy:/home/dbot2/ros2_ws/install/ament_lint_cmake:/home/dbot2/ros2_ws/install/ament_flake8:/home/dbot2/ros2_ws/install/ament_copyright:/home/dbot2/ros2_ws/install/ament_lint:/home/dbot2/ros2_ws/install/ament_cpplint:/home/dbot2/ros2_ws/install/ament_cppcheck:/home/dbot2/ros2_ws/install/ament_clang_tidy:/home/dbot2/ros2_ws/install/ament_clang_format:/opt/ros/humble LD_LIBRARY_PATH=/home/dbot2/dbot_vda5050_ilmatar/install/vda5050_msgs/lib:/home/dbot2/dbot_vda5050_ilmatar/install/vda5050_connector/lib:/home/dbot2/dbot_vda5050_ilmatar/install/dbot_custom_msgs/lib:/home/dbot2/dbot_src/install/dbot_custom_msgs/lib:/home/dbot2/circus_demo/install/pcl_localization_ros2/lib:/home/dbot2/ros2_ws/install/dbot_custom_msgs/lib:/opt/ros/humble/opt/rviz_ogre_vendor/lib:/opt/ros/humble/lib/x86_64-linux-gnu:/opt/ros/humble/lib /usr/bin/cmake --install /home/dbot2/dbot_vda5050_ilmatar/build/vda5050_connector
[2.851s] Level 1:colcon.colcon_core.environment:create_environment_scripts_only(vda_dbot_nav_slam)
[2.852s] Level 1:colcon.colcon_core.environment:checking '/home/dbot2/dbot_vda5050_ilmatar/install/vda_dbot_nav_slam' for CMake module files
[2.852s] Level 1:colcon.colcon_core.environment:checking '/home/dbot2/dbot_vda5050_ilmatar/install/vda_dbot_nav_slam' for CMake config files
[2.853s] Level 1:colcon.colcon_core.shell:create_environment_hook('vda_dbot_nav_slam', 'cmake_prefix_path')
[2.853s] INFO:colcon.colcon_core.shell:Creating environment hook '/home/dbot2/dbot_vda5050_ilmatar/install/vda_dbot_nav_slam/share/vda_dbot_nav_slam/hook/cmake_prefix_path.ps1'
[2.854s] INFO:colcon.colcon_core.shell:Creating environment descriptor '/home/dbot2/dbot_vda5050_ilmatar/install/vda_dbot_nav_slam/share/vda_dbot_nav_slam/hook/cmake_prefix_path.dsv'
[2.859s] INFO:colcon.colcon_core.shell:Creating environment hook '/home/dbot2/dbot_vda5050_ilmatar/install/vda_dbot_nav_slam/share/vda_dbot_nav_slam/hook/cmake_prefix_path.sh'
[2.859s] Level 1:colcon.colcon_core.environment:checking '/home/dbot2/dbot_vda5050_ilmatar/install/vda_dbot_nav_slam/lib'
[2.859s] Level 1:colcon.colcon_core.environment:checking '/home/dbot2/dbot_vda5050_ilmatar/install/vda_dbot_nav_slam/bin'
[2.859s] Level 1:colcon.colcon_core.environment:checking '/home/dbot2/dbot_vda5050_ilmatar/install/vda_dbot_nav_slam/lib/pkgconfig/vda_dbot_nav_slam.pc'
[2.860s] Level 1:colcon.colcon_core.environment:checking '/home/dbot2/dbot_vda5050_ilmatar/install/vda_dbot_nav_slam/lib/python3.10/site-packages'
[2.860s] Level 1:colcon.colcon_core.environment:checking '/home/dbot2/dbot_vda5050_ilmatar/install/vda_dbot_nav_slam/bin'
[2.860s] INFO:colcon.colcon_core.shell:Creating package script '/home/dbot2/dbot_vda5050_ilmatar/install/vda_dbot_nav_slam/share/vda_dbot_nav_slam/package.ps1'
[2.861s] INFO:colcon.colcon_core.shell:Creating package descriptor '/home/dbot2/dbot_vda5050_ilmatar/install/vda_dbot_nav_slam/share/vda_dbot_nav_slam/package.dsv'
[2.863s] INFO:colcon.colcon_core.shell:Creating package script '/home/dbot2/dbot_vda5050_ilmatar/install/vda_dbot_nav_slam/share/vda_dbot_nav_slam/package.sh'
[2.864s] INFO:colcon.colcon_core.shell:Creating package script '/home/dbot2/dbot_vda5050_ilmatar/install/vda_dbot_nav_slam/share/vda_dbot_nav_slam/package.bash'
[2.864s] INFO:colcon.colcon_core.shell:Creating package script '/home/dbot2/dbot_vda5050_ilmatar/install/vda_dbot_nav_slam/share/vda_dbot_nav_slam/package.zsh'
[2.864s] Level 1:colcon.colcon_core.environment:create_file_with_runtime_dependencies(/home/dbot2/dbot_vda5050_ilmatar/install/vda_dbot_nav_slam/share/colcon-core/packages/vda_dbot_nav_slam)
[2.865s] Level 1:colcon.colcon_core.environment:create_environment_scripts_only(vda_dbot_nav_slam)
[2.865s] Level 1:colcon.colcon_core.environment:checking '/home/dbot2/dbot_vda5050_ilmatar/install/vda_dbot_nav_slam' for CMake module files
[2.866s] Level 1:colcon.colcon_core.environment:checking '/home/dbot2/dbot_vda5050_ilmatar/install/vda_dbot_nav_slam' for CMake config files
[2.866s] Level 1:colcon.colcon_core.shell:create_environment_hook('vda_dbot_nav_slam', 'cmake_prefix_path')
[2.867s] INFO:colcon.colcon_core.shell:Creating environment hook '/home/dbot2/dbot_vda5050_ilmatar/install/vda_dbot_nav_slam/share/vda_dbot_nav_slam/hook/cmake_prefix_path.ps1'
[2.863s] DEBUG:colcon.colcon_core.event_handler.log_command:Invoked command in '/home/dbot2/dbot_vda5050_ilmatar/build/vda_dbot_nav_slam' returned '0': CMAKE_PREFIX_PATH=${CMAKE_PREFIX_PATH}:/home/dbot2/dbot_vda5050_ilmatar/install/vda5050_tb3_adapter:/home/dbot2/dbot_vda5050_ilmatar/install/tf2_dbot:/home/dbot2/dbot_vda5050_ilmatar/install/odom_motion_model:/home/dbot2/dbot_vda5050_ilmatar/install/motor_driver:/home/dbot2/dbot_vda5050_ilmatar/install/joycontrol:/home/dbot2/dbot_vda5050_ilmatar/install/gesturecontrol:/home/dbot2/dbot_vda5050_ilmatar/install/dbot_bridge:/home/dbot2/dbot_vda5050_ilmatar/install/dbot:/home/dbot2/dbot_src/install/tf2_dbot:/home/dbot2/dbot_src/install/odom_motion_model:/home/dbot2/dbot_src/install/motor_driver:/home/dbot2/dbot_src/install/joycontrol:/home/dbot2/dbot_src/install/dbot:/home/dbot2/dbot_remote/install/pcd_joy_trigger:/home/dbot2/circus_demo/install/circus_demo:/home/dbot2/ros2_ws/install/tf2_dbot:/home/dbot2/ros2_ws/install/odom_motion_model:/home/dbot2/ros2_ws/install/motor_driver:/home/dbot2/ros2_ws/install/joycontrol:/home/dbot2/ros2_ws/install/gesturecontrol:/home/dbot2/ros2_ws/install/dbot_bridge:/home/dbot2/ros2_ws/install/dbot:/home/dbot2/ros2_ws/install/ament_xmllint:/home/dbot2/ros2_ws/install/ament_uncrustify:/home/dbot2/ros2_ws/install/ament_pyflakes:/home/dbot2/ros2_ws/install/ament_pycodestyle:/home/dbot2/ros2_ws/install/ament_pep257:/home/dbot2/ros2_ws/install/ament_pclint:/home/dbot2/ros2_ws/install/ament_mypy:/home/dbot2/ros2_ws/install/ament_lint_cmake:/home/dbot2/ros2_ws/install/ament_flake8:/home/dbot2/ros2_ws/install/ament_copyright:/home/dbot2/ros2_ws/install/ament_lint:/home/dbot2/ros2_ws/install/ament_cpplint:/home/dbot2/ros2_ws/install/ament_cppcheck:/home/dbot2/ros2_ws/install/ament_clang_tidy:/home/dbot2/ros2_ws/install/ament_clang_format:/opt/ros/humble /usr/bin/cmake --install /home/dbot2/dbot_vda5050_ilmatar/build/vda_dbot_nav_slam
[2.867s] INFO:colcon.colcon_core.shell:Creating environment descriptor '/home/dbot2/dbot_vda5050_ilmatar/install/vda_dbot_nav_slam/share/vda_dbot_nav_slam/hook/cmake_prefix_path.dsv'
[2.868s] INFO:colcon.colcon_core.shell:Creating environment hook '/home/dbot2/dbot_vda5050_ilmatar/install/vda_dbot_nav_slam/share/vda_dbot_nav_slam/hook/cmake_prefix_path.sh'
[2.868s] Level 1:colcon.colcon_core.environment:checking '/home/dbot2/dbot_vda5050_ilmatar/install/vda_dbot_nav_slam/lib'
[2.868s] Level 1:colcon.colcon_core.environment:checking '/home/dbot2/dbot_vda5050_ilmatar/install/vda_dbot_nav_slam/bin'
[2.868s] Level 1:colcon.colcon_core.environment:checking '/home/dbot2/dbot_vda5050_ilmatar/install/vda_dbot_nav_slam/lib/pkgconfig/vda_dbot_nav_slam.pc'
[2.869s] Level 1:colcon.colcon_core.environment:checking '/home/dbot2/dbot_vda5050_ilmatar/install/vda_dbot_nav_slam/lib/python3.10/site-packages'
[2.869s] Level 1:colcon.colcon_core.environment:checking '/home/dbot2/dbot_vda5050_ilmatar/install/vda_dbot_nav_slam/bin'
[2.869s] INFO:colcon.colcon_core.shell:Creating package script '/home/dbot2/dbot_vda5050_ilmatar/install/vda_dbot_nav_slam/share/vda_dbot_nav_slam/package.ps1'
[2.870s] INFO:colcon.colcon_core.shell:Creating package descriptor '/home/dbot2/dbot_vda5050_ilmatar/install/vda_dbot_nav_slam/share/vda_dbot_nav_slam/package.dsv'
[2.870s] INFO:colcon.colcon_core.shell:Creating package script '/home/dbot2/dbot_vda5050_ilmatar/install/vda_dbot_nav_slam/share/vda_dbot_nav_slam/package.sh'
[2.871s] INFO:colcon.colcon_core.shell:Creating package script '/home/dbot2/dbot_vda5050_ilmatar/install/vda_dbot_nav_slam/share/vda_dbot_nav_slam/package.bash'
[2.871s] INFO:colcon.colcon_core.shell:Creating package script '/home/dbot2/dbot_vda5050_ilmatar/install/vda_dbot_nav_slam/share/vda_dbot_nav_slam/package.zsh'
[2.871s] Level 1:colcon.colcon_core.environment:create_file_with_runtime_dependencies(/home/dbot2/dbot_vda5050_ilmatar/install/vda_dbot_nav_slam/share/colcon-core/packages/vda_dbot_nav_slam)
[2.872s] INFO:colcon.colcon_ros.task.ament_python.build:Building ROS package in '/home/dbot2/dbot_vda5050_ilmatar/src/odom_motion_model' with build type 'ament_python'
[2.872s] Level 1:colcon.colcon_core.shell:create_environment_hook('odom_motion_model', 'ament_prefix_path')
[2.873s] INFO:colcon.colcon_core.shell:Creating environment hook '/home/dbot2/dbot_vda5050_ilmatar/install/odom_motion_model/share/odom_motion_model/hook/ament_prefix_path.ps1'
[2.873s] INFO:colcon.colcon_core.shell:Creating environment descriptor '/home/dbot2/dbot_vda5050_ilmatar/install/odom_motion_model/share/odom_motion_model/hook/ament_prefix_path.dsv'
[2.873s] INFO:colcon.colcon_core.shell:Creating environment hook '/home/dbot2/dbot_vda5050_ilmatar/install/odom_motion_model/share/odom_motion_model/hook/ament_prefix_path.sh'
[2.874s] INFO:colcon.colcon_core.shell:Skip shell extension 'powershell' for command environment: Not usable outside of PowerShell
[2.874s] DEBUG:colcon.colcon_core.shell:Skip shell extension 'dsv' for command environment
[3.411s] INFO:colcon.colcon_core.task.python.build:Building Python package in '/home/dbot2/dbot_vda5050_ilmatar/src/odom_motion_model'
[3.411s] INFO:colcon.colcon_core.shell:Skip shell extension 'powershell' for command environment: Not usable outside of PowerShell
[3.411s] DEBUG:colcon.colcon_core.shell:Skip shell extension 'dsv' for command environment
[3.422s] Level 1:colcon.colcon_core.environment:create_environment_scripts_only(vda5050_connector)
[3.422s] Level 1:colcon.colcon_core.environment:checking '/home/dbot2/dbot_vda5050_ilmatar/install/vda5050_connector' for CMake module files
[3.423s] DEBUG:colcon.colcon_core.event_handler.log_command:Invoked command in '/home/dbot2/dbot_vda5050_ilmatar/build/vda5050_connector' returned '0': CMAKE_PREFIX_PATH=/home/dbot2/dbot_vda5050_ilmatar/install/vda5050_msgs:/home/dbot2/dbot_vda5050_ilmatar/install/vda_dbot_nav_slam:/home/dbot2/dbot_vda5050_ilmatar/install/vda5050_connector:/home/dbot2/dbot_vda5050_ilmatar/install/odometry_estimator:/home/dbot2/dbot_vda5050_ilmatar/install/dbot_nav_slam:/home/dbot2/dbot_vda5050_ilmatar/install/dbot_custom_msgs:/home/dbot2/dbot_src/install/odometry_estimator:/home/dbot2/dbot_src/install/dbot_custom_msgs:/home/dbot2/dbot_remote/install/pointcloud_saver:/home/dbot2/circus_demo/install/pcl_localization_ros2:/home/dbot2/circus_demo/install/ndt_omp_ros2:/home/dbot2/ros2_ws/install/odometry_estimator:/home/dbot2/ros2_ws/install/dbot_nav_slam:/home/dbot2/ros2_ws/install/dbot_custom_msgs:/home/dbot2/ros2_ws/install/ament_lint_common:/home/dbot2/ros2_ws/install/ament_cmake_xmllint:/home/dbot2/ros2_ws/install/ament_cmake_uncrustify:/home/dbot2/ros2_ws/install/ament_cmake_pyflakes:/home/dbot2/ros2_ws/install/ament_cmake_pycodestyle:/home/dbot2/ros2_ws/install/ament_cmake_pep257:/home/dbot2/ros2_ws/install/ament_cmake_pclint:/home/dbot2/ros2_ws/install/ament_cmake_mypy:/home/dbot2/ros2_ws/install/ament_cmake_lint_cmake:/home/dbot2/ros2_ws/install/ament_lint_auto:/home/dbot2/ros2_ws/install/ament_cmake_flake8:/home/dbot2/ros2_ws/install/ament_cmake_copyright:/home/dbot2/ros2_ws/install/ament_cmake_cpplint:/home/dbot2/ros2_ws/install/ament_cmake_cppcheck:/home/dbot2/ros2_ws/install/ament_cmake_clang_tidy:/home/dbot2/ros2_ws/install/ament_cmake_clang_format:/home/dbot2/dbot_vda5050_ilmatar/install/vda5050_tb3_adapter:/home/dbot2/dbot_vda5050_ilmatar/install/tf2_dbot:/home/dbot2/dbot_vda5050_ilmatar/install/odom_motion_model:/home/dbot2/dbot_vda5050_ilmatar/install/motor_driver:/home/dbot2/dbot_vda5050_ilmatar/install/joycontrol:/home/dbot2/dbot_vda5050_ilmatar/install/gesturecontrol:/home/dbot2/dbot_vda5050_ilmatar/install/dbot_bridge:/home/dbot2/dbot_vda5050_ilmatar/install/dbot:/home/dbot2/dbot_src/install/tf2_dbot:/home/dbot2/dbot_src/install/odom_motion_model:/home/dbot2/dbot_src/install/motor_driver:/home/dbot2/dbot_src/install/joycontrol:/home/dbot2/dbot_src/install/dbot:/home/dbot2/dbot_remote/install/pcd_joy_trigger:/home/dbot2/circus_demo/install/circus_demo:/home/dbot2/ros2_ws/install/tf2_dbot:/home/dbot2/ros2_ws/install/odom_motion_model:/home/dbot2/ros2_ws/install/motor_driver:/home/dbot2/ros2_ws/install/joycontrol:/home/dbot2/ros2_ws/install/gesturecontrol:/home/dbot2/ros2_ws/install/dbot_bridge:/home/dbot2/ros2_ws/install/dbot:/home/dbot2/ros2_ws/install/ament_xmllint:/home/dbot2/ros2_ws/install/ament_uncrustify:/home/dbot2/ros2_ws/install/ament_pyflakes:/home/dbot2/ros2_ws/install/ament_pycodestyle:/home/dbot2/ros2_ws/install/ament_pep257:/home/dbot2/ros2_ws/install/ament_pclint:/home/dbot2/ros2_ws/install/ament_mypy:/home/dbot2/ros2_ws/install/ament_lint_cmake:/home/dbot2/ros2_ws/install/ament_flake8:/home/dbot2/ros2_ws/install/ament_copyright:/home/dbot2/ros2_ws/install/ament_lint:/home/dbot2/ros2_ws/install/ament_cpplint:/home/dbot2/ros2_ws/install/ament_cppcheck:/home/dbot2/ros2_ws/install/ament_clang_tidy:/home/dbot2/ros2_ws/install/ament_clang_format:/opt/ros/humble LD_LIBRARY_PATH=/home/dbot2/dbot_vda5050_ilmatar/install/vda5050_msgs/lib:/home/dbot2/dbot_vda5050_ilmatar/install/vda5050_connector/lib:/home/dbot2/dbot_vda5050_ilmatar/install/dbot_custom_msgs/lib:/home/dbot2/dbot_src/install/dbot_custom_msgs/lib:/home/dbot2/circus_demo/install/pcl_localization_ros2/lib:/home/dbot2/ros2_ws/install/dbot_custom_msgs/lib:/opt/ros/humble/opt/rviz_ogre_vendor/lib:/opt/ros/humble/lib/x86_64-linux-gnu:/opt/ros/humble/lib /usr/bin/cmake --install /home/dbot2/dbot_vda5050_ilmatar/build/vda5050_connector
[3.424s] Level 1:colcon.colcon_core.environment:checking '/home/dbot2/dbot_vda5050_ilmatar/install/vda5050_connector' for CMake config files
[3.425s] Level 1:colcon.colcon_core.shell:create_environment_hook('vda5050_connector', 'cmake_prefix_path')
[3.425s] INFO:colcon.colcon_core.shell:Creating environment hook '/home/dbot2/dbot_vda5050_ilmatar/install/vda5050_connector/share/vda5050_connector/hook/cmake_prefix_path.ps1'
[3.426s] INFO:colcon.colcon_core.shell:Creating environment descriptor '/home/dbot2/dbot_vda5050_ilmatar/install/vda5050_connector/share/vda5050_connector/hook/cmake_prefix_path.dsv'
[3.426s] INFO:colcon.colcon_core.shell:Creating environment hook '/home/dbot2/dbot_vda5050_ilmatar/install/vda5050_connector/share/vda5050_connector/hook/cmake_prefix_path.sh'
[3.427s] Level 1:colcon.colcon_core.environment:checking '/home/dbot2/dbot_vda5050_ilmatar/install/vda5050_connector/lib'
[3.427s] Level 1:colcon.colcon_core.shell:create_environment_hook('vda5050_connector', 'ld_library_path_lib')
[3.427s] INFO:colcon.colcon_core.shell:Creating environment hook '/home/dbot2/dbot_vda5050_ilmatar/install/vda5050_connector/share/vda5050_connector/hook/ld_library_path_lib.ps1'
[3.427s] INFO:colcon.colcon_core.shell:Creating environment descriptor '/home/dbot2/dbot_vda5050_ilmatar/install/vda5050_connector/share/vda5050_connector/hook/ld_library_path_lib.dsv'
[3.428s] INFO:colcon.colcon_core.shell:Creating environment hook '/home/dbot2/dbot_vda5050_ilmatar/install/vda5050_connector/share/vda5050_connector/hook/ld_library_path_lib.sh'
[3.428s] Level 1:colcon.colcon_core.environment:checking '/home/dbot2/dbot_vda5050_ilmatar/install/vda5050_connector/bin'
[3.429s] Level 1:colcon.colcon_core.environment:checking '/home/dbot2/dbot_vda5050_ilmatar/install/vda5050_connector/lib/pkgconfig/vda5050_connector.pc'
[3.429s] Level 1:colcon.colcon_core.environment:checking '/home/dbot2/dbot_vda5050_ilmatar/install/vda5050_connector/lib/python3.10/site-packages'
[3.429s] Level 1:colcon.colcon_core.environment:checking '/home/dbot2/dbot_vda5050_ilmatar/install/vda5050_connector/bin'
[3.429s] INFO:colcon.colcon_core.shell:Creating package script '/home/dbot2/dbot_vda5050_ilmatar/install/vda5050_connector/share/vda5050_connector/package.ps1'
[3.430s] INFO:colcon.colcon_core.shell:Creating package descriptor '/home/dbot2/dbot_vda5050_ilmatar/install/vda5050_connector/share/vda5050_connector/package.dsv'
[3.431s] INFO:colcon.colcon_core.shell:Creating package script '/home/dbot2/dbot_vda5050_ilmatar/install/vda5050_connector/share/vda5050_connector/package.sh'
[3.431s] INFO:colcon.colcon_core.shell:Creating package script '/home/dbot2/dbot_vda5050_ilmatar/install/vda5050_connector/share/vda5050_connector/package.bash'
[3.432s] INFO:colcon.colcon_core.shell:Creating package script '/home/dbot2/dbot_vda5050_ilmatar/install/vda5050_connector/share/vda5050_connector/package.zsh'
[3.432s] Level 1:colcon.colcon_core.environment:create_file_with_runtime_dependencies(/home/dbot2/dbot_vda5050_ilmatar/install/vda5050_connector/share/colcon-core/packages/vda5050_connector)
[3.433s] Level 1:colcon.colcon_core.environment:create_environment_scripts_only(vda5050_connector)
[3.433s] Level 1:colcon.colcon_core.environment:checking '/home/dbot2/dbot_vda5050_ilmatar/install/vda5050_connector' for CMake module files
[3.434s] Level 1:colcon.colcon_core.environment:checking '/home/dbot2/dbot_vda5050_ilmatar/install/vda5050_connector' for CMake config files
[3.434s] Level 1:colcon.colcon_core.shell:create_environment_hook('vda5050_connector', 'cmake_prefix_path')
[3.434s] INFO:colcon.colcon_core.shell:Creating environment hook '/home/dbot2/dbot_vda5050_ilmatar/install/vda5050_connector/share/vda5050_connector/hook/cmake_prefix_path.ps1'
[3.435s] INFO:colcon.colcon_core.shell:Creating environment descriptor '/home/dbot2/dbot_vda5050_ilmatar/install/vda5050_connector/share/vda5050_connector/hook/cmake_prefix_path.dsv'
[3.435s] INFO:colcon.colcon_core.shell:Creating environment hook '/home/dbot2/dbot_vda5050_ilmatar/install/vda5050_connector/share/vda5050_connector/hook/cmake_prefix_path.sh'
[3.435s] Level 1:colcon.colcon_core.environment:checking '/home/dbot2/dbot_vda5050_ilmatar/install/vda5050_connector/lib'
[3.435s] Level 1:colcon.colcon_core.shell:create_environment_hook('vda5050_connector', 'ld_library_path_lib')
[3.436s] INFO:colcon.colcon_core.shell:Creating environment hook '/home/dbot2/dbot_vda5050_ilmatar/install/vda5050_connector/share/vda5050_connector/hook/ld_library_path_lib.ps1'
[3.436s] INFO:colcon.colcon_core.shell:Creating environment descriptor '/home/dbot2/dbot_vda5050_ilmatar/install/vda5050_connector/share/vda5050_connector/hook/ld_library_path_lib.dsv'
[3.436s] INFO:colcon.colcon_core.shell:Creating environment hook '/home/dbot2/dbot_vda5050_ilmatar/install/vda5050_connector/share/vda5050_connector/hook/ld_library_path_lib.sh'
[3.436s] Level 1:colcon.colcon_core.environment:checking '/home/dbot2/dbot_vda5050_ilmatar/install/vda5050_connector/bin'
[3.436s] Level 1:colcon.colcon_core.environment:checking '/home/dbot2/dbot_vda5050_ilmatar/install/vda5050_connector/lib/pkgconfig/vda5050_connector.pc'
[3.436s] Level 1:colcon.colcon_core.environment:checking '/home/dbot2/dbot_vda5050_ilmatar/install/vda5050_connector/lib/python3.10/site-packages'
[3.437s] Level 1:colcon.colcon_core.environment:checking '/home/dbot2/dbot_vda5050_ilmatar/install/vda5050_connector/bin'
[3.437s] INFO:colcon.colcon_core.shell:Creating package script '/home/dbot2/dbot_vda5050_ilmatar/install/vda5050_connector/share/vda5050_connector/package.ps1'
[3.437s] INFO:colcon.colcon_core.shell:Creating package descriptor '/home/dbot2/dbot_vda5050_ilmatar/install/vda5050_connector/share/vda5050_connector/package.dsv'
[3.438s] INFO:colcon.colcon_core.shell:Creating package script '/home/dbot2/dbot_vda5050_ilmatar/install/vda5050_connector/share/vda5050_connector/package.sh'
[3.438s] INFO:colcon.colcon_core.shell:Creating package script '/home/dbot2/dbot_vda5050_ilmatar/install/vda5050_connector/share/vda5050_connector/package.bash'
[3.438s] INFO:colcon.colcon_core.shell:Creating package script '/home/dbot2/dbot_vda5050_ilmatar/install/vda5050_connector/share/vda5050_connector/package.zsh'
[3.438s] Level 1:colcon.colcon_core.environment:create_file_with_runtime_dependencies(/home/dbot2/dbot_vda5050_ilmatar/install/vda5050_connector/share/colcon-core/packages/vda5050_connector)
[3.440s] Level 1:colcon.colcon_core.shell:create_environment_hook('gesturecontrol', 'pythonpath_develop')
[3.440s] INFO:colcon.colcon_core.shell:Creating environment hook '/home/dbot2/dbot_vda5050_ilmatar/build/gesturecontrol/share/gesturecontrol/hook/pythonpath_develop.ps1'
[3.440s] INFO:colcon.colcon_core.shell:Creating environment descriptor '/home/dbot2/dbot_vda5050_ilmatar/build/gesturecontrol/share/gesturecontrol/hook/pythonpath_develop.dsv'
[3.441s] DEBUG:colcon.colcon_core.event_handler.log_command:Invoking command in '/home/dbot2/dbot_vda5050_ilmatar/build/motor_driver': CMAKE_PREFIX_PATH=/home/dbot2/dbot_vda5050_ilmatar/install/dbot_custom_msgs:/home/dbot2/dbot_vda5050_ilmatar/install/vda_dbot_nav_slam:/home/dbot2/dbot_vda5050_ilmatar/install/vda5050_connector:/home/dbot2/dbot_vda5050_ilmatar/install/vda5050_msgs:/home/dbot2/dbot_vda5050_ilmatar/install/odometry_estimator:/home/dbot2/dbot_vda5050_ilmatar/install/dbot_nav_slam:/home/dbot2/dbot_src/install/odometry_estimator:/home/dbot2/dbot_src/install/dbot_custom_msgs:/home/dbot2/dbot_remote/install/pointcloud_saver:/home/dbot2/circus_demo/install/pcl_localization_ros2:/home/dbot2/circus_demo/install/ndt_omp_ros2:/home/dbot2/ros2_ws/install/odometry_estimator:/home/dbot2/ros2_ws/install/dbot_nav_slam:/home/dbot2/ros2_ws/install/dbot_custom_msgs:/home/dbot2/ros2_ws/install/ament_lint_common:/home/dbot2/ros2_ws/install/ament_cmake_xmllint:/home/dbot2/ros2_ws/install/ament_cmake_uncrustify:/home/dbot2/ros2_ws/install/ament_cmake_pyflakes:/home/dbot2/ros2_ws/install/ament_cmake_pycodestyle:/home/dbot2/ros2_ws/install/ament_cmake_pep257:/home/dbot2/ros2_ws/install/ament_cmake_pclint:/home/dbot2/ros2_ws/install/ament_cmake_mypy:/home/dbot2/ros2_ws/install/ament_cmake_lint_cmake:/home/dbot2/ros2_ws/install/ament_lint_auto:/home/dbot2/ros2_ws/install/ament_cmake_flake8:/home/dbot2/ros2_ws/install/ament_cmake_copyright:/home/dbot2/ros2_ws/install/ament_cmake_cpplint:/home/dbot2/ros2_ws/install/ament_cmake_cppcheck:/home/dbot2/ros2_ws/install/ament_cmake_clang_tidy:/home/dbot2/ros2_ws/install/ament_cmake_clang_format LD_LIBRARY_PATH=/home/dbot2/dbot_vda5050_ilmatar/install/dbot_custom_msgs/lib:/home/dbot2/dbot_vda5050_ilmatar/install/vda5050_connector/lib:/home/dbot2/dbot_vda5050_ilmatar/install/vda5050_msgs/lib:/home/dbot2/dbot_src/install/dbot_custom_msgs/lib:/home/dbot2/circus_demo/install/pcl_localization_ros2/lib:/home/dbot2/ros2_ws/install/dbot_custom_msgs/lib:/opt/ros/humble/opt/rviz_ogre_vendor/lib:/opt/ros/humble/lib/x86_64-linux-gnu:/opt/ros/humble/lib PYTHONPATH=/home/dbot2/dbot_vda5050_ilmatar/build/motor_driver/prefix_override:/usr/lib/python3/dist-packages/colcon_core/task/python/colcon_distutils_commands:/home/dbot2/dbot_vda5050_ilmatar/install/motor_driver/lib/python3.10/site-packages:${PYTHONPATH} /usr/bin/python3 -W ignore:setup.py install is deprecated -W ignore:easy_install command is deprecated setup.py develop --editable --build-directory /home/dbot2/dbot_vda5050_ilmatar/build/motor_driver/build --no-deps symlink_data
[3.441s] INFO:colcon.colcon_core.shell:Creating environment hook '/home/dbot2/dbot_vda5050_ilmatar/build/gesturecontrol/share/gesturecontrol/hook/pythonpath_develop.sh'
[3.441s] DEBUG:colcon.colcon_core.event_handler.log_command:Invoked command in '/home/dbot2/dbot_vda5050_ilmatar/build/gesturecontrol' returned '0': PYTHONPATH=/home/dbot2/dbot_vda5050_ilmatar/build/gesturecontrol/prefix_override:/usr/lib/python3/dist-packages/colcon_core/task/python/colcon_distutils_commands:/home/dbot2/dbot_vda5050_ilmatar/install/gesturecontrol/lib/python3.10/site-packages:${PYTHONPATH} /usr/bin/python3 -W ignore:setup.py install is deprecated -W ignore:easy_install command is deprecated setup.py develop --editable --build-directory /home/dbot2/dbot_vda5050_ilmatar/build/gesturecontrol/build --no-deps symlink_data
[3.442s] Level 1:colcon.colcon_core.environment:checking '/home/dbot2/dbot_vda5050_ilmatar/install/gesturecontrol' for CMake module files
[3.442s] Level 1:colcon.colcon_core.environment:checking '/home/dbot2/dbot_vda5050_ilmatar/install/gesturecontrol' for CMake config files
[3.442s] Level 1:colcon.colcon_core.environment:checking '/home/dbot2/dbot_vda5050_ilmatar/install/gesturecontrol/lib'
[3.442s] Level 1:colcon.colcon_core.environment:checking '/home/dbot2/dbot_vda5050_ilmatar/install/gesturecontrol/bin'
[3.442s] Level 1:colcon.colcon_core.environment:checking '/home/dbot2/dbot_vda5050_ilmatar/install/gesturecontrol/lib/pkgconfig/gesturecontrol.pc'
[3.443s] Level 1:colcon.colcon_core.environment:checking '/home/dbot2/dbot_vda5050_ilmatar/install/gesturecontrol/lib/python3.10/site-packages'
[3.443s] Level 1:colcon.colcon_core.shell:create_environment_hook('gesturecontrol', 'pythonpath')
[3.443s] INFO:colcon.colcon_core.shell:Creating environment hook '/home/dbot2/dbot_vda5050_ilmatar/install/gesturecontrol/share/gesturecontrol/hook/pythonpath.ps1'
[3.443s] INFO:colcon.colcon_core.shell:Creating environment descriptor '/home/dbot2/dbot_vda5050_ilmatar/install/gesturecontrol/share/gesturecontrol/hook/pythonpath.dsv'
[3.443s] INFO:colcon.colcon_core.shell:Creating environment hook '/home/dbot2/dbot_vda5050_ilmatar/install/gesturecontrol/share/gesturecontrol/hook/pythonpath.sh'
[3.444s] Level 1:colcon.colcon_core.environment:checking '/home/dbot2/dbot_vda5050_ilmatar/install/gesturecontrol/bin'
[3.444s] Level 1:colcon.colcon_core.environment:create_environment_scripts_only(gesturecontrol)
[3.444s] INFO:colcon.colcon_core.shell:Creating package script '/home/dbot2/dbot_vda5050_ilmatar/install/gesturecontrol/share/gesturecontrol/package.ps1'
[3.444s] INFO:colcon.colcon_core.shell:Creating package descriptor '/home/dbot2/dbot_vda5050_ilmatar/install/gesturecontrol/share/gesturecontrol/package.dsv'
[3.445s] INFO:colcon.colcon_core.shell:Creating package script '/home/dbot2/dbot_vda5050_ilmatar/install/gesturecontrol/share/gesturecontrol/package.sh'
[3.445s] INFO:colcon.colcon_core.shell:Creating package script '/home/dbot2/dbot_vda5050_ilmatar/install/gesturecontrol/share/gesturecontrol/package.bash'
[3.445s] INFO:colcon.colcon_core.shell:Creating package script '/home/dbot2/dbot_vda5050_ilmatar/install/gesturecontrol/share/gesturecontrol/package.zsh'
[3.446s] Level 1:colcon.colcon_core.environment:create_file_with_runtime_dependencies(/home/dbot2/dbot_vda5050_ilmatar/install/gesturecontrol/share/colcon-core/packages/gesturecontrol)
[3.446s] INFO:colcon.colcon_ros.task.ament_python.build:Building ROS package in '/home/dbot2/dbot_vda5050_ilmatar/src/vda5050_tb3_adapter' with build type 'ament_python'
[3.447s] Level 1:colcon.colcon_core.shell:create_environment_hook('vda5050_tb3_adapter', 'ament_prefix_path')
[3.447s] INFO:colcon.colcon_core.shell:Creating environment hook '/home/dbot2/dbot_vda5050_ilmatar/install/vda5050_tb3_adapter/share/vda5050_tb3_adapter/hook/ament_prefix_path.ps1'
[3.448s] INFO:colcon.colcon_core.shell:Creating environment descriptor '/home/dbot2/dbot_vda5050_ilmatar/install/vda5050_tb3_adapter/share/vda5050_tb3_adapter/hook/ament_prefix_path.dsv'
[3.448s] INFO:colcon.colcon_core.shell:Creating environment hook '/home/dbot2/dbot_vda5050_ilmatar/install/vda5050_tb3_adapter/share/vda5050_tb3_adapter/hook/ament_prefix_path.sh'
[3.449s] INFO:colcon.colcon_core.shell:Skip shell extension 'powershell' for command environment: Not usable outside of PowerShell
[3.449s] DEBUG:colcon.colcon_core.shell:Skip shell extension 'dsv' for command environment
[3.459s] Level 1:colcon.colcon_core.shell:create_environment_hook('joycontrol', 'pythonpath_develop')
[3.459s] INFO:colcon.colcon_core.shell:Creating environment hook '/home/dbot2/dbot_vda5050_ilmatar/build/joycontrol/share/joycontrol/hook/pythonpath_develop.ps1'
[3.459s] DEBUG:colcon.colcon_core.event_handler.log_command:Invoked command in '/home/dbot2/dbot_vda5050_ilmatar/build/joycontrol' returned '0': PYTHONPATH=/home/dbot2/dbot_vda5050_ilmatar/build/joycontrol/prefix_override:/usr/lib/python3/dist-packages/colcon_core/task/python/colcon_distutils_commands:/home/dbot2/dbot_vda5050_ilmatar/install/joycontrol/lib/python3.10/site-packages:${PYTHONPATH} /usr/bin/python3 -W ignore:setup.py install is deprecated -W ignore:easy_install command is deprecated setup.py develop --editable --build-directory /home/dbot2/dbot_vda5050_ilmatar/build/joycontrol/build --no-deps symlink_data
[3.460s] INFO:colcon.colcon_core.shell:Creating environment descriptor '/home/dbot2/dbot_vda5050_ilmatar/build/joycontrol/share/joycontrol/hook/pythonpath_develop.dsv'
[3.460s] INFO:colcon.colcon_core.shell:Creating environment hook '/home/dbot2/dbot_vda5050_ilmatar/build/joycontrol/share/joycontrol/hook/pythonpath_develop.sh'
[3.460s] Level 1:colcon.colcon_core.environment:checking '/home/dbot2/dbot_vda5050_ilmatar/install/joycontrol' for CMake module files
[3.461s] Level 1:colcon.colcon_core.environment:checking '/home/dbot2/dbot_vda5050_ilmatar/install/joycontrol' for CMake config files
[3.461s] Level 1:colcon.colcon_core.environment:checking '/home/dbot2/dbot_vda5050_ilmatar/install/joycontrol/lib'
[3.461s] Level 1:colcon.colcon_core.environment:checking '/home/dbot2/dbot_vda5050_ilmatar/install/joycontrol/bin'
[3.461s] Level 1:colcon.colcon_core.environment:checking '/home/dbot2/dbot_vda5050_ilmatar/install/joycontrol/lib/pkgconfig/joycontrol.pc'
[3.461s] Level 1:colcon.colcon_core.environment:checking '/home/dbot2/dbot_vda5050_ilmatar/install/joycontrol/lib/python3.10/site-packages'
[3.461s] Level 1:colcon.colcon_core.shell:create_environment_hook('joycontrol', 'pythonpath')
[3.461s] INFO:colcon.colcon_core.shell:Creating environment hook '/home/dbot2/dbot_vda5050_ilmatar/install/joycontrol/share/joycontrol/hook/pythonpath.ps1'
[3.461s] INFO:colcon.colcon_core.shell:Creating environment descriptor '/home/dbot2/dbot_vda5050_ilmatar/install/joycontrol/share/joycontrol/hook/pythonpath.dsv'
[3.462s] INFO:colcon.colcon_core.shell:Creating environment hook '/home/dbot2/dbot_vda5050_ilmatar/install/joycontrol/share/joycontrol/hook/pythonpath.sh'
[3.462s] Level 1:colcon.colcon_core.environment:checking '/home/dbot2/dbot_vda5050_ilmatar/install/joycontrol/bin'
[3.462s] Level 1:colcon.colcon_core.environment:create_environment_scripts_only(joycontrol)
[3.462s] INFO:colcon.colcon_core.shell:Creating package script '/home/dbot2/dbot_vda5050_ilmatar/install/joycontrol/share/joycontrol/package.ps1'
[3.463s] INFO:colcon.colcon_core.shell:Creating package descriptor '/home/dbot2/dbot_vda5050_ilmatar/install/joycontrol/share/joycontrol/package.dsv'
[3.463s] INFO:colcon.colcon_core.shell:Creating package script '/home/dbot2/dbot_vda5050_ilmatar/install/joycontrol/share/joycontrol/package.sh'
[3.463s] INFO:colcon.colcon_core.shell:Creating package script '/home/dbot2/dbot_vda5050_ilmatar/install/joycontrol/share/joycontrol/package.bash'
[3.464s] INFO:colcon.colcon_core.shell:Creating package script '/home/dbot2/dbot_vda5050_ilmatar/install/joycontrol/share/joycontrol/package.zsh'
[3.464s] Level 1:colcon.colcon_core.environment:create_file_with_runtime_dependencies(/home/dbot2/dbot_vda5050_ilmatar/install/joycontrol/share/colcon-core/packages/joycontrol)
[3.464s] Level 1:colcon.colcon_core.shell:create_environment_hook('dbot', 'pythonpath_develop')
[3.465s] INFO:colcon.colcon_core.shell:Creating environment hook '/home/dbot2/dbot_vda5050_ilmatar/build/dbot/share/dbot/hook/pythonpath_develop.ps1'
[3.465s] DEBUG:colcon.colcon_core.event_handler.log_command:Invoked command in '/home/dbot2/dbot_vda5050_ilmatar/build/dbot' returned '0': PYTHONPATH=/home/dbot2/dbot_vda5050_ilmatar/build/dbot/prefix_override:/usr/lib/python3/dist-packages/colcon_core/task/python/colcon_distutils_commands:/home/dbot2/dbot_vda5050_ilmatar/install/dbot/lib/python3.10/site-packages:${PYTHONPATH} /usr/bin/python3 -W ignore:setup.py install is deprecated -W ignore:easy_install command is deprecated setup.py develop --editable --build-directory /home/dbot2/dbot_vda5050_ilmatar/build/dbot/build --no-deps symlink_data
[3.465s] INFO:colcon.colcon_core.shell:Creating environment descriptor '/home/dbot2/dbot_vda5050_ilmatar/build/dbot/share/dbot/hook/pythonpath_develop.dsv'
[3.465s] INFO:colcon.colcon_core.shell:Creating environment hook '/home/dbot2/dbot_vda5050_ilmatar/build/dbot/share/dbot/hook/pythonpath_develop.sh'
[3.466s] Level 1:colcon.colcon_core.environment:checking '/home/dbot2/dbot_vda5050_ilmatar/install/dbot' for CMake module files
[3.466s] Level 1:colcon.colcon_core.environment:checking '/home/dbot2/dbot_vda5050_ilmatar/install/dbot' for CMake config files
[3.466s] Level 1:colcon.colcon_core.environment:checking '/home/dbot2/dbot_vda5050_ilmatar/install/dbot/lib'
[3.466s] Level 1:colcon.colcon_core.environment:checking '/home/dbot2/dbot_vda5050_ilmatar/install/dbot/bin'
[3.466s] Level 1:colcon.colcon_core.environment:checking '/home/dbot2/dbot_vda5050_ilmatar/install/dbot/lib/pkgconfig/dbot.pc'
[3.466s] Level 1:colcon.colcon_core.environment:checking '/home/dbot2/dbot_vda5050_ilmatar/install/dbot/lib/python3.10/site-packages'
[3.466s] Level 1:colcon.colcon_core.shell:create_environment_hook('dbot', 'pythonpath')
[3.467s] INFO:colcon.colcon_core.shell:Creating environment hook '/home/dbot2/dbot_vda5050_ilmatar/install/dbot/share/dbot/hook/pythonpath.ps1'
[3.467s] INFO:colcon.colcon_core.shell:Creating environment descriptor '/home/dbot2/dbot_vda5050_ilmatar/install/dbot/share/dbot/hook/pythonpath.dsv'
[3.467s] INFO:colcon.colcon_core.shell:Creating environment hook '/home/dbot2/dbot_vda5050_ilmatar/install/dbot/share/dbot/hook/pythonpath.sh'
[3.467s] Level 1:colcon.colcon_core.environment:checking '/home/dbot2/dbot_vda5050_ilmatar/install/dbot/bin'
[3.467s] Level 1:colcon.colcon_core.environment:create_environment_scripts_only(dbot)
[3.468s] INFO:colcon.colcon_core.shell:Creating package script '/home/dbot2/dbot_vda5050_ilmatar/install/dbot/share/dbot/package.ps1'
[3.468s] INFO:colcon.colcon_core.shell:Creating package descriptor '/home/dbot2/dbot_vda5050_ilmatar/install/dbot/share/dbot/package.dsv'
[3.468s] INFO:colcon.colcon_core.shell:Creating package script '/home/dbot2/dbot_vda5050_ilmatar/install/dbot/share/dbot/package.sh'
[3.468s] INFO:colcon.colcon_core.shell:Creating package script '/home/dbot2/dbot_vda5050_ilmatar/install/dbot/share/dbot/package.bash'
[3.469s] INFO:colcon.colcon_core.shell:Creating package script '/home/dbot2/dbot_vda5050_ilmatar/install/dbot/share/dbot/package.zsh'
[3.469s] Level 1:colcon.colcon_core.environment:create_file_with_runtime_dependencies(/home/dbot2/dbot_vda5050_ilmatar/install/dbot/share/colcon-core/packages/dbot)
[3.729s] INFO:colcon.colcon_core.task.python.build:Building Python package in '/home/dbot2/dbot_vda5050_ilmatar/src/vda5050_tb3_adapter'
[3.729s] INFO:colcon.colcon_core.shell:Skip shell extension 'powershell' for command environment: Not usable outside of PowerShell
[3.730s] DEBUG:colcon.colcon_core.shell:Skip shell extension 'dsv' for command environment
[3.735s] Level 1:colcon.colcon_core.shell:create_environment_hook('dbot_bridge', 'pythonpath_develop')
[3.736s] INFO:colcon.colcon_core.shell:Creating environment hook '/home/dbot2/dbot_vda5050_ilmatar/build/dbot_bridge/share/dbot_bridge/hook/pythonpath_develop.ps1'
[3.736s] DEBUG:colcon.colcon_core.event_handler.log_command:Invoked command in '/home/dbot2/dbot_vda5050_ilmatar/build/dbot_bridge' returned '0': PYTHONPATH=/home/dbot2/dbot_vda5050_ilmatar/build/dbot_bridge/prefix_override:/usr/lib/python3/dist-packages/colcon_core/task/python/colcon_distutils_commands:/home/dbot2/dbot_vda5050_ilmatar/install/dbot_bridge/lib/python3.10/site-packages:${PYTHONPATH} /usr/bin/python3 -W ignore:setup.py install is deprecated -W ignore:easy_install command is deprecated setup.py develop --editable --build-directory /home/dbot2/dbot_vda5050_ilmatar/build/dbot_bridge/build --no-deps symlink_data
[3.736s] INFO:colcon.colcon_core.shell:Creating environment descriptor '/home/dbot2/dbot_vda5050_ilmatar/build/dbot_bridge/share/dbot_bridge/hook/pythonpath_develop.dsv'
[3.737s] INFO:colcon.colcon_core.shell:Creating environment hook '/home/dbot2/dbot_vda5050_ilmatar/build/dbot_bridge/share/dbot_bridge/hook/pythonpath_develop.sh'
[3.737s] Level 1:colcon.colcon_core.environment:checking '/home/dbot2/dbot_vda5050_ilmatar/install/dbot_bridge' for CMake module files
[3.738s] Level 1:colcon.colcon_core.environment:checking '/home/dbot2/dbot_vda5050_ilmatar/install/dbot_bridge' for CMake config files
[3.738s] Level 1:colcon.colcon_core.environment:checking '/home/dbot2/dbot_vda5050_ilmatar/install/dbot_bridge/lib'
[3.738s] Level 1:colcon.colcon_core.environment:checking '/home/dbot2/dbot_vda5050_ilmatar/install/dbot_bridge/bin'
[3.738s] Level 1:colcon.colcon_core.environment:checking '/home/dbot2/dbot_vda5050_ilmatar/install/dbot_bridge/lib/pkgconfig/dbot_bridge.pc'
[3.738s] Level 1:colcon.colcon_core.environment:checking '/home/dbot2/dbot_vda5050_ilmatar/install/dbot_bridge/lib/python3.10/site-packages'
[3.738s] Level 1:colcon.colcon_core.shell:create_environment_hook('dbot_bridge', 'pythonpath')
[3.738s] INFO:colcon.colcon_core.shell:Creating environment hook '/home/dbot2/dbot_vda5050_ilmatar/install/dbot_bridge/share/dbot_bridge/hook/pythonpath.ps1'
[3.738s] INFO:colcon.colcon_core.shell:Creating environment descriptor '/home/dbot2/dbot_vda5050_ilmatar/install/dbot_bridge/share/dbot_bridge/hook/pythonpath.dsv'
[3.739s] INFO:colcon.colcon_core.shell:Creating environment hook '/home/dbot2/dbot_vda5050_ilmatar/install/dbot_bridge/share/dbot_bridge/hook/pythonpath.sh'
[3.739s] Level 1:colcon.colcon_core.environment:checking '/home/dbot2/dbot_vda5050_ilmatar/install/dbot_bridge/bin'
[3.739s] Level 1:colcon.colcon_core.environment:create_environment_scripts_only(dbot_bridge)
[3.739s] INFO:colcon.colcon_core.shell:Creating package script '/home/dbot2/dbot_vda5050_ilmatar/install/dbot_bridge/share/dbot_bridge/package.ps1'
[3.740s] INFO:colcon.colcon_core.shell:Creating package descriptor '/home/dbot2/dbot_vda5050_ilmatar/install/dbot_bridge/share/dbot_bridge/package.dsv'
[3.740s] INFO:colcon.colcon_core.shell:Creating package script '/home/dbot2/dbot_vda5050_ilmatar/install/dbot_bridge/share/dbot_bridge/package.sh'
[3.740s] INFO:colcon.colcon_core.shell:Creating package script '/home/dbot2/dbot_vda5050_ilmatar/install/dbot_bridge/share/dbot_bridge/package.bash'
[3.740s] INFO:colcon.colcon_core.shell:Creating package script '/home/dbot2/dbot_vda5050_ilmatar/install/dbot_bridge/share/dbot_bridge/package.zsh'
[3.741s] Level 1:colcon.colcon_core.environment:create_file_with_runtime_dependencies(/home/dbot2/dbot_vda5050_ilmatar/install/dbot_bridge/share/colcon-core/packages/dbot_bridge)
[3.741s] Level 1:colcon.colcon_core.shell:create_environment_hook('tf2_dbot', 'pythonpath_develop')
[3.741s] INFO:colcon.colcon_core.shell:Creating environment hook '/home/dbot2/dbot_vda5050_ilmatar/build/tf2_dbot/share/tf2_dbot/hook/pythonpath_develop.ps1'
[3.741s] INFO:colcon.colcon_core.shell:Creating environment descriptor '/home/dbot2/dbot_vda5050_ilmatar/build/tf2_dbot/share/tf2_dbot/hook/pythonpath_develop.dsv'
[3.742s] INFO:colcon.colcon_core.shell:Creating environment hook '/home/dbot2/dbot_vda5050_ilmatar/build/tf2_dbot/share/tf2_dbot/hook/pythonpath_develop.sh'
[3.742s] DEBUG:colcon.colcon_core.event_handler.log_command:Invoked command in '/home/dbot2/dbot_vda5050_ilmatar/build/tf2_dbot' returned '0': PYTHONPATH=/home/dbot2/dbot_vda5050_ilmatar/build/tf2_dbot/prefix_override:/usr/lib/python3/dist-packages/colcon_core/task/python/colcon_distutils_commands:/home/dbot2/dbot_vda5050_ilmatar/install/tf2_dbot/lib/python3.10/site-packages:${PYTHONPATH} /usr/bin/python3 -W ignore:setup.py install is deprecated -W ignore:easy_install command is deprecated setup.py develop --editable --build-directory /home/dbot2/dbot_vda5050_ilmatar/build/tf2_dbot/build --no-deps symlink_data
[3.742s] Level 1:colcon.colcon_core.environment:checking '/home/dbot2/dbot_vda5050_ilmatar/install/tf2_dbot' for CMake module files
[3.742s] Level 1:colcon.colcon_core.environment:checking '/home/dbot2/dbot_vda5050_ilmatar/install/tf2_dbot' for CMake config files
[3.743s] Level 1:colcon.colcon_core.environment:checking '/home/dbot2/dbot_vda5050_ilmatar/install/tf2_dbot/lib'
[3.743s] Level 1:colcon.colcon_core.environment:checking '/home/dbot2/dbot_vda5050_ilmatar/install/tf2_dbot/bin'
[3.743s] Level 1:colcon.colcon_core.environment:checking '/home/dbot2/dbot_vda5050_ilmatar/install/tf2_dbot/lib/pkgconfig/tf2_dbot.pc'
[3.743s] Level 1:colcon.colcon_core.environment:checking '/home/dbot2/dbot_vda5050_ilmatar/install/tf2_dbot/lib/python3.10/site-packages'
[3.743s] Level 1:colcon.colcon_core.shell:create_environment_hook('tf2_dbot', 'pythonpath')
[3.743s] INFO:colcon.colcon_core.shell:Creating environment hook '/home/dbot2/dbot_vda5050_ilmatar/install/tf2_dbot/share/tf2_dbot/hook/pythonpath.ps1'
[3.743s] INFO:colcon.colcon_core.shell:Creating environment descriptor '/home/dbot2/dbot_vda5050_ilmatar/install/tf2_dbot/share/tf2_dbot/hook/pythonpath.dsv'
[3.743s] INFO:colcon.colcon_core.shell:Creating environment hook '/home/dbot2/dbot_vda5050_ilmatar/install/tf2_dbot/share/tf2_dbot/hook/pythonpath.sh'
[3.744s] Level 1:colcon.colcon_core.environment:checking '/home/dbot2/dbot_vda5050_ilmatar/install/tf2_dbot/bin'
[3.744s] Level 1:colcon.colcon_core.environment:create_environment_scripts_only(tf2_dbot)
[3.744s] INFO:colcon.colcon_core.shell:Creating package script '/home/dbot2/dbot_vda5050_ilmatar/install/tf2_dbot/share/tf2_dbot/package.ps1'
[3.744s] INFO:colcon.colcon_core.shell:Creating package descriptor '/home/dbot2/dbot_vda5050_ilmatar/install/tf2_dbot/share/tf2_dbot/package.dsv'
[3.745s] INFO:colcon.colcon_core.shell:Creating package script '/home/dbot2/dbot_vda5050_ilmatar/install/tf2_dbot/share/tf2_dbot/package.sh'
[3.745s] INFO:colcon.colcon_core.shell:Creating package script '/home/dbot2/dbot_vda5050_ilmatar/install/tf2_dbot/share/tf2_dbot/package.bash'
[3.745s] INFO:colcon.colcon_core.shell:Creating package script '/home/dbot2/dbot_vda5050_ilmatar/install/tf2_dbot/share/tf2_dbot/package.zsh'
[3.745s] Level 1:colcon.colcon_core.environment:create_file_with_runtime_dependencies(/home/dbot2/dbot_vda5050_ilmatar/install/tf2_dbot/share/colcon-core/packages/tf2_dbot)
[3.818s] DEBUG:colcon.colcon_core.event_handler.log_command:Invoking command in '/home/dbot2/dbot_vda5050_ilmatar/build/odom_motion_model': CMAKE_PREFIX_PATH=/home/dbot2/dbot_vda5050_ilmatar/install/odometry_estimator:/home/dbot2/dbot_vda5050_ilmatar/install/dbot_custom_msgs:/home/dbot2/dbot_vda5050_ilmatar/install/vda_dbot_nav_slam:/home/dbot2/dbot_vda5050_ilmatar/install/vda5050_connector:/home/dbot2/dbot_vda5050_ilmatar/install/vda5050_msgs:/home/dbot2/dbot_vda5050_ilmatar/install/dbot_nav_slam:/home/dbot2/dbot_src/install/odometry_estimator:/home/dbot2/dbot_src/install/dbot_custom_msgs:/home/dbot2/dbot_remote/install/pointcloud_saver:/home/dbot2/circus_demo/install/pcl_localization_ros2:/home/dbot2/circus_demo/install/ndt_omp_ros2:/home/dbot2/ros2_ws/install/odometry_estimator:/home/dbot2/ros2_ws/install/dbot_nav_slam:/home/dbot2/ros2_ws/install/dbot_custom_msgs:/home/dbot2/ros2_ws/install/ament_lint_common:/home/dbot2/ros2_ws/install/ament_cmake_xmllint:/home/dbot2/ros2_ws/install/ament_cmake_uncrustify:/home/dbot2/ros2_ws/install/ament_cmake_pyflakes:/home/dbot2/ros2_ws/install/ament_cmake_pycodestyle:/home/dbot2/ros2_ws/install/ament_cmake_pep257:/home/dbot2/ros2_ws/install/ament_cmake_pclint:/home/dbot2/ros2_ws/install/ament_cmake_mypy:/home/dbot2/ros2_ws/install/ament_cmake_lint_cmake:/home/dbot2/ros2_ws/install/ament_lint_auto:/home/dbot2/ros2_ws/install/ament_cmake_flake8:/home/dbot2/ros2_ws/install/ament_cmake_copyright:/home/dbot2/ros2_ws/install/ament_cmake_cpplint:/home/dbot2/ros2_ws/install/ament_cmake_cppcheck:/home/dbot2/ros2_ws/install/ament_cmake_clang_tidy:/home/dbot2/ros2_ws/install/ament_cmake_clang_format LD_LIBRARY_PATH=/home/dbot2/dbot_vda5050_ilmatar/install/dbot_custom_msgs/lib:/home/dbot2/dbot_vda5050_ilmatar/install/vda5050_connector/lib:/home/dbot2/dbot_vda5050_ilmatar/install/vda5050_msgs/lib:/home/dbot2/dbot_src/install/dbot_custom_msgs/lib:/home/dbot2/circus_demo/install/pcl_localization_ros2/lib:/home/dbot2/ros2_ws/install/dbot_custom_msgs/lib:/opt/ros/humble/opt/rviz_ogre_vendor/lib:/opt/ros/humble/lib/x86_64-linux-gnu:/opt/ros/humble/lib PYTHONPATH=/home/dbot2/dbot_vda5050_ilmatar/build/odom_motion_model/prefix_override:/usr/lib/python3/dist-packages/colcon_core/task/python/colcon_distutils_commands:/home/dbot2/dbot_vda5050_ilmatar/install/odom_motion_model/lib/python3.10/site-packages:${PYTHONPATH} /usr/bin/python3 -W ignore:setup.py install is deprecated -W ignore:easy_install command is deprecated setup.py develop --editable --build-directory /home/dbot2/dbot_vda5050_ilmatar/build/odom_motion_model/build --no-deps symlink_data
[3.915s] Level 1:colcon.colcon_core.shell:create_environment_hook('motor_driver', 'pythonpath_develop')
[3.915s] INFO:colcon.colcon_core.shell:Creating environment hook '/home/dbot2/dbot_vda5050_ilmatar/build/motor_driver/share/motor_driver/hook/pythonpath_develop.ps1'
[3.916s] DEBUG:colcon.colcon_core.event_handler.log_command:Invoked command in '/home/dbot2/dbot_vda5050_ilmatar/build/motor_driver' returned '0': CMAKE_PREFIX_PATH=/home/dbot2/dbot_vda5050_ilmatar/install/dbot_custom_msgs:/home/dbot2/dbot_vda5050_ilmatar/install/vda_dbot_nav_slam:/home/dbot2/dbot_vda5050_ilmatar/install/vda5050_connector:/home/dbot2/dbot_vda5050_ilmatar/install/vda5050_msgs:/home/dbot2/dbot_vda5050_ilmatar/install/odometry_estimator:/home/dbot2/dbot_vda5050_ilmatar/install/dbot_nav_slam:/home/dbot2/dbot_src/install/odometry_estimator:/home/dbot2/dbot_src/install/dbot_custom_msgs:/home/dbot2/dbot_remote/install/pointcloud_saver:/home/dbot2/circus_demo/install/pcl_localization_ros2:/home/dbot2/circus_demo/install/ndt_omp_ros2:/home/dbot2/ros2_ws/install/odometry_estimator:/home/dbot2/ros2_ws/install/dbot_nav_slam:/home/dbot2/ros2_ws/install/dbot_custom_msgs:/home/dbot2/ros2_ws/install/ament_lint_common:/home/dbot2/ros2_ws/install/ament_cmake_xmllint:/home/dbot2/ros2_ws/install/ament_cmake_uncrustify:/home/dbot2/ros2_ws/install/ament_cmake_pyflakes:/home/dbot2/ros2_ws/install/ament_cmake_pycodestyle:/home/dbot2/ros2_ws/install/ament_cmake_pep257:/home/dbot2/ros2_ws/install/ament_cmake_pclint:/home/dbot2/ros2_ws/install/ament_cmake_mypy:/home/dbot2/ros2_ws/install/ament_cmake_lint_cmake:/home/dbot2/ros2_ws/install/ament_lint_auto:/home/dbot2/ros2_ws/install/ament_cmake_flake8:/home/dbot2/ros2_ws/install/ament_cmake_copyright:/home/dbot2/ros2_ws/install/ament_cmake_cpplint:/home/dbot2/ros2_ws/install/ament_cmake_cppcheck:/home/dbot2/ros2_ws/install/ament_cmake_clang_tidy:/home/dbot2/ros2_ws/install/ament_cmake_clang_format LD_LIBRARY_PATH=/home/dbot2/dbot_vda5050_ilmatar/install/dbot_custom_msgs/lib:/home/dbot2/dbot_vda5050_ilmatar/install/vda5050_connector/lib:/home/dbot2/dbot_vda5050_ilmatar/install/vda5050_msgs/lib:/home/dbot2/dbot_src/install/dbot_custom_msgs/lib:/home/dbot2/circus_demo/install/pcl_localization_ros2/lib:/home/dbot2/ros2_ws/install/dbot_custom_msgs/lib:/opt/ros/humble/opt/rviz_ogre_vendor/lib:/opt/ros/humble/lib/x86_64-linux-gnu:/opt/ros/humble/lib PYTHONPATH=/home/dbot2/dbot_vda5050_ilmatar/build/motor_driver/prefix_override:/usr/lib/python3/dist-packages/colcon_core/task/python/colcon_distutils_commands:/home/dbot2/dbot_vda5050_ilmatar/install/motor_driver/lib/python3.10/site-packages:${PYTHONPATH} /usr/bin/python3 -W ignore:setup.py install is deprecated -W ignore:easy_install command is deprecated setup.py develop --editable --build-directory /home/dbot2/dbot_vda5050_ilmatar/build/motor_driver/build --no-deps symlink_data
[3.916s] INFO:colcon.colcon_core.shell:Creating environment descriptor '/home/dbot2/dbot_vda5050_ilmatar/build/motor_driver/share/motor_driver/hook/pythonpath_develop.dsv'
[3.917s] INFO:colcon.colcon_core.shell:Creating environment hook '/home/dbot2/dbot_vda5050_ilmatar/build/motor_driver/share/motor_driver/hook/pythonpath_develop.sh'
[3.917s] Level 1:colcon.colcon_core.environment:checking '/home/dbot2/dbot_vda5050_ilmatar/install/motor_driver' for CMake module files
[3.918s] Level 1:colcon.colcon_core.environment:checking '/home/dbot2/dbot_vda5050_ilmatar/install/motor_driver' for CMake config files
[3.918s] Level 1:colcon.colcon_core.environment:checking '/home/dbot2/dbot_vda5050_ilmatar/install/motor_driver/lib'
[3.918s] Level 1:colcon.colcon_core.environment:checking '/home/dbot2/dbot_vda5050_ilmatar/install/motor_driver/bin'
[3.918s] Level 1:colcon.colcon_core.environment:checking '/home/dbot2/dbot_vda5050_ilmatar/install/motor_driver/lib/pkgconfig/motor_driver.pc'
[3.919s] Level 1:colcon.colcon_core.environment:checking '/home/dbot2/dbot_vda5050_ilmatar/install/motor_driver/lib/python3.10/site-packages'
[3.919s] Level 1:colcon.colcon_core.shell:create_environment_hook('motor_driver', 'pythonpath')
[3.919s] INFO:colcon.colcon_core.shell:Creating environment hook '/home/dbot2/dbot_vda5050_ilmatar/install/motor_driver/share/motor_driver/hook/pythonpath.ps1'
[3.919s] INFO:colcon.colcon_core.shell:Creating environment descriptor '/home/dbot2/dbot_vda5050_ilmatar/install/motor_driver/share/motor_driver/hook/pythonpath.dsv'
[3.919s] INFO:colcon.colcon_core.shell:Creating environment hook '/home/dbot2/dbot_vda5050_ilmatar/install/motor_driver/share/motor_driver/hook/pythonpath.sh'
[3.920s] Level 1:colcon.colcon_core.environment:checking '/home/dbot2/dbot_vda5050_ilmatar/install/motor_driver/bin'
[3.920s] Level 1:colcon.colcon_core.environment:create_environment_scripts_only(motor_driver)
[3.920s] INFO:colcon.colcon_core.shell:Creating package script '/home/dbot2/dbot_vda5050_ilmatar/install/motor_driver/share/motor_driver/package.ps1'
[3.921s] INFO:colcon.colcon_core.shell:Creating package descriptor '/home/dbot2/dbot_vda5050_ilmatar/install/motor_driver/share/motor_driver/package.dsv'
[3.921s] INFO:colcon.colcon_core.shell:Creating package script '/home/dbot2/dbot_vda5050_ilmatar/install/motor_driver/share/motor_driver/package.sh'
[3.922s] INFO:colcon.colcon_core.shell:Creating package script '/home/dbot2/dbot_vda5050_ilmatar/install/motor_driver/share/motor_driver/package.bash'
[3.922s] INFO:colcon.colcon_core.shell:Creating package script '/home/dbot2/dbot_vda5050_ilmatar/install/motor_driver/share/motor_driver/package.zsh'
[3.922s] Level 1:colcon.colcon_core.environment:create_file_with_runtime_dependencies(/home/dbot2/dbot_vda5050_ilmatar/install/motor_driver/share/colcon-core/packages/motor_driver)
[4.085s] DEBUG:colcon.colcon_core.event_handler.log_command:Invoking command in '/home/dbot2/dbot_vda5050_ilmatar/build/vda5050_tb3_adapter': CMAKE_PREFIX_PATH=/home/dbot2/dbot_vda5050_ilmatar/install/vda5050_connector:/home/dbot2/dbot_vda5050_ilmatar/install/vda5050_msgs:/home/dbot2/dbot_vda5050_ilmatar/install/vda_dbot_nav_slam:/home/dbot2/dbot_vda5050_ilmatar/install/odometry_estimator:/home/dbot2/dbot_vda5050_ilmatar/install/dbot_nav_slam:/home/dbot2/dbot_vda5050_ilmatar/install/dbot_custom_msgs:/home/dbot2/dbot_src/install/odometry_estimator:/home/dbot2/dbot_src/install/dbot_custom_msgs:/home/dbot2/dbot_remote/install/pointcloud_saver:/home/dbot2/circus_demo/install/pcl_localization_ros2:/home/dbot2/circus_demo/install/ndt_omp_ros2:/home/dbot2/ros2_ws/install/odometry_estimator:/home/dbot2/ros2_ws/install/dbot_nav_slam:/home/dbot2/ros2_ws/install/dbot_custom_msgs:/home/dbot2/ros2_ws/install/ament_lint_common:/home/dbot2/ros2_ws/install/ament_cmake_xmllint:/home/dbot2/ros2_ws/install/ament_cmake_uncrustify:/home/dbot2/ros2_ws/install/ament_cmake_pyflakes:/home/dbot2/ros2_ws/install/ament_cmake_pycodestyle:/home/dbot2/ros2_ws/install/ament_cmake_pep257:/home/dbot2/ros2_ws/install/ament_cmake_pclint:/home/dbot2/ros2_ws/install/ament_cmake_mypy:/home/dbot2/ros2_ws/install/ament_cmake_lint_cmake:/home/dbot2/ros2_ws/install/ament_lint_auto:/home/dbot2/ros2_ws/install/ament_cmake_flake8:/home/dbot2/ros2_ws/install/ament_cmake_copyright:/home/dbot2/ros2_ws/install/ament_cmake_cpplint:/home/dbot2/ros2_ws/install/ament_cmake_cppcheck:/home/dbot2/ros2_ws/install/ament_cmake_clang_tidy:/home/dbot2/ros2_ws/install/ament_cmake_clang_format PYTHONPATH=/home/dbot2/dbot_vda5050_ilmatar/build/vda5050_tb3_adapter/prefix_override:/usr/lib/python3/dist-packages/colcon_core/task/python/colcon_distutils_commands:/home/dbot2/dbot_vda5050_ilmatar/install/vda5050_tb3_adapter/lib/python3.10/site-packages:${PYTHONPATH} /usr/bin/python3 -W ignore:setup.py install is deprecated -W ignore:easy_install command is deprecated setup.py develop --editable --build-directory /home/dbot2/dbot_vda5050_ilmatar/build/vda5050_tb3_adapter/build --no-deps symlink_data
[4.273s] Level 1:colcon.colcon_core.shell:create_environment_hook('odom_motion_model', 'pythonpath_develop')
[4.273s] INFO:colcon.colcon_core.shell:Creating environment hook '/home/dbot2/dbot_vda5050_ilmatar/build/odom_motion_model/share/odom_motion_model/hook/pythonpath_develop.ps1'
[4.274s] DEBUG:colcon.colcon_core.event_handler.log_command:Invoked command in '/home/dbot2/dbot_vda5050_ilmatar/build/odom_motion_model' returned '0': CMAKE_PREFIX_PATH=/home/dbot2/dbot_vda5050_ilmatar/install/odometry_estimator:/home/dbot2/dbot_vda5050_ilmatar/install/dbot_custom_msgs:/home/dbot2/dbot_vda5050_ilmatar/install/vda_dbot_nav_slam:/home/dbot2/dbot_vda5050_ilmatar/install/vda5050_connector:/home/dbot2/dbot_vda5050_ilmatar/install/vda5050_msgs:/home/dbot2/dbot_vda5050_ilmatar/install/dbot_nav_slam:/home/dbot2/dbot_src/install/odometry_estimator:/home/dbot2/dbot_src/install/dbot_custom_msgs:/home/dbot2/dbot_remote/install/pointcloud_saver:/home/dbot2/circus_demo/install/pcl_localization_ros2:/home/dbot2/circus_demo/install/ndt_omp_ros2:/home/dbot2/ros2_ws/install/odometry_estimator:/home/dbot2/ros2_ws/install/dbot_nav_slam:/home/dbot2/ros2_ws/install/dbot_custom_msgs:/home/dbot2/ros2_ws/install/ament_lint_common:/home/dbot2/ros2_ws/install/ament_cmake_xmllint:/home/dbot2/ros2_ws/install/ament_cmake_uncrustify:/home/dbot2/ros2_ws/install/ament_cmake_pyflakes:/home/dbot2/ros2_ws/install/ament_cmake_pycodestyle:/home/dbot2/ros2_ws/install/ament_cmake_pep257:/home/dbot2/ros2_ws/install/ament_cmake_pclint:/home/dbot2/ros2_ws/install/ament_cmake_mypy:/home/dbot2/ros2_ws/install/ament_cmake_lint_cmake:/home/dbot2/ros2_ws/install/ament_lint_auto:/home/dbot2/ros2_ws/install/ament_cmake_flake8:/home/dbot2/ros2_ws/install/ament_cmake_copyright:/home/dbot2/ros2_ws/install/ament_cmake_cpplint:/home/dbot2/ros2_ws/install/ament_cmake_cppcheck:/home/dbot2/ros2_ws/install/ament_cmake_clang_tidy:/home/dbot2/ros2_ws/install/ament_cmake_clang_format LD_LIBRARY_PATH=/home/dbot2/dbot_vda5050_ilmatar/install/dbot_custom_msgs/lib:/home/dbot2/dbot_vda5050_ilmatar/install/vda5050_connector/lib:/home/dbot2/dbot_vda5050_ilmatar/install/vda5050_msgs/lib:/home/dbot2/dbot_src/install/dbot_custom_msgs/lib:/home/dbot2/circus_demo/install/pcl_localization_ros2/lib:/home/dbot2/ros2_ws/install/dbot_custom_msgs/lib:/opt/ros/humble/opt/rviz_ogre_vendor/lib:/opt/ros/humble/lib/x86_64-linux-gnu:/opt/ros/humble/lib PYTHONPATH=/home/dbot2/dbot_vda5050_ilmatar/build/odom_motion_model/prefix_override:/usr/lib/python3/dist-packages/colcon_core/task/python/colcon_distutils_commands:/home/dbot2/dbot_vda5050_ilmatar/install/odom_motion_model/lib/python3.10/site-packages:${PYTHONPATH} /usr/bin/python3 -W ignore:setup.py install is deprecated -W ignore:easy_install command is deprecated setup.py develop --editable --build-directory /home/dbot2/dbot_vda5050_ilmatar/build/odom_motion_model/build --no-deps symlink_data
[4.274s] INFO:colcon.colcon_core.shell:Creating environment descriptor '/home/dbot2/dbot_vda5050_ilmatar/build/odom_motion_model/share/odom_motion_model/hook/pythonpath_develop.dsv'
[4.274s] INFO:colcon.colcon_core.shell:Creating environment hook '/home/dbot2/dbot_vda5050_ilmatar/build/odom_motion_model/share/odom_motion_model/hook/pythonpath_develop.sh'
[4.275s] Level 1:colcon.colcon_core.environment:checking '/home/dbot2/dbot_vda5050_ilmatar/install/odom_motion_model' for CMake module files
[4.275s] Level 1:colcon.colcon_core.environment:checking '/home/dbot2/dbot_vda5050_ilmatar/install/odom_motion_model' for CMake config files
[4.275s] Level 1:colcon.colcon_core.environment:checking '/home/dbot2/dbot_vda5050_ilmatar/install/odom_motion_model/lib'
[4.275s] Level 1:colcon.colcon_core.environment:checking '/home/dbot2/dbot_vda5050_ilmatar/install/odom_motion_model/bin'
[4.275s] Level 1:colcon.colcon_core.environment:checking '/home/dbot2/dbot_vda5050_ilmatar/install/odom_motion_model/lib/pkgconfig/odom_motion_model.pc'
[4.275s] Level 1:colcon.colcon_core.environment:checking '/home/dbot2/dbot_vda5050_ilmatar/install/odom_motion_model/lib/python3.10/site-packages'
[4.275s] Level 1:colcon.colcon_core.shell:create_environment_hook('odom_motion_model', 'pythonpath')
[4.276s] INFO:colcon.colcon_core.shell:Creating environment hook '/home/dbot2/dbot_vda5050_ilmatar/install/odom_motion_model/share/odom_motion_model/hook/pythonpath.ps1'
[4.276s] INFO:colcon.colcon_core.shell:Creating environment descriptor '/home/dbot2/dbot_vda5050_ilmatar/install/odom_motion_model/share/odom_motion_model/hook/pythonpath.dsv'
[4.276s] INFO:colcon.colcon_core.shell:Creating environment hook '/home/dbot2/dbot_vda5050_ilmatar/install/odom_motion_model/share/odom_motion_model/hook/pythonpath.sh'
[4.276s] Level 1:colcon.colcon_core.environment:checking '/home/dbot2/dbot_vda5050_ilmatar/install/odom_motion_model/bin'
[4.276s] Level 1:colcon.colcon_core.environment:create_environment_scripts_only(odom_motion_model)
[4.277s] INFO:colcon.colcon_core.shell:Creating package script '/home/dbot2/dbot_vda5050_ilmatar/install/odom_motion_model/share/odom_motion_model/package.ps1'
[4.277s] INFO:colcon.colcon_core.shell:Creating package descriptor '/home/dbot2/dbot_vda5050_ilmatar/install/odom_motion_model/share/odom_motion_model/package.dsv'
[4.277s] INFO:colcon.colcon_core.shell:Creating package script '/home/dbot2/dbot_vda5050_ilmatar/install/odom_motion_model/share/odom_motion_model/package.sh'
[4.277s] INFO:colcon.colcon_core.shell:Creating package script '/home/dbot2/dbot_vda5050_ilmatar/install/odom_motion_model/share/odom_motion_model/package.bash'
[4.278s] INFO:colcon.colcon_core.shell:Creating package script '/home/dbot2/dbot_vda5050_ilmatar/install/odom_motion_model/share/odom_motion_model/package.zsh'
[4.278s] Level 1:colcon.colcon_core.environment:create_file_with_runtime_dependencies(/home/dbot2/dbot_vda5050_ilmatar/install/odom_motion_model/share/colcon-core/packages/odom_motion_model)
[4.522s] Level 1:colcon.colcon_core.shell:create_environment_hook('vda5050_tb3_adapter', 'pythonpath_develop')
[4.523s] INFO:colcon.colcon_core.shell:Creating environment hook '/home/dbot2/dbot_vda5050_ilmatar/build/vda5050_tb3_adapter/share/vda5050_tb3_adapter/hook/pythonpath_develop.ps1'
[4.523s] DEBUG:colcon.colcon_core.event_handler.log_command:Invoked command in '/home/dbot2/dbot_vda5050_ilmatar/build/vda5050_tb3_adapter' returned '0': CMAKE_PREFIX_PATH=/home/dbot2/dbot_vda5050_ilmatar/install/vda5050_connector:/home/dbot2/dbot_vda5050_ilmatar/install/vda5050_msgs:/home/dbot2/dbot_vda5050_ilmatar/install/vda_dbot_nav_slam:/home/dbot2/dbot_vda5050_ilmatar/install/odometry_estimator:/home/dbot2/dbot_vda5050_ilmatar/install/dbot_nav_slam:/home/dbot2/dbot_vda5050_ilmatar/install/dbot_custom_msgs:/home/dbot2/dbot_src/install/odometry_estimator:/home/dbot2/dbot_src/install/dbot_custom_msgs:/home/dbot2/dbot_remote/install/pointcloud_saver:/home/dbot2/circus_demo/install/pcl_localization_ros2:/home/dbot2/circus_demo/install/ndt_omp_ros2:/home/dbot2/ros2_ws/install/odometry_estimator:/home/dbot2/ros2_ws/install/dbot_nav_slam:/home/dbot2/ros2_ws/install/dbot_custom_msgs:/home/dbot2/ros2_ws/install/ament_lint_common:/home/dbot2/ros2_ws/install/ament_cmake_xmllint:/home/dbot2/ros2_ws/install/ament_cmake_uncrustify:/home/dbot2/ros2_ws/install/ament_cmake_pyflakes:/home/dbot2/ros2_ws/install/ament_cmake_pycodestyle:/home/dbot2/ros2_ws/install/ament_cmake_pep257:/home/dbot2/ros2_ws/install/ament_cmake_pclint:/home/dbot2/ros2_ws/install/ament_cmake_mypy:/home/dbot2/ros2_ws/install/ament_cmake_lint_cmake:/home/dbot2/ros2_ws/install/ament_lint_auto:/home/dbot2/ros2_ws/install/ament_cmake_flake8:/home/dbot2/ros2_ws/install/ament_cmake_copyright:/home/dbot2/ros2_ws/install/ament_cmake_cpplint:/home/dbot2/ros2_ws/install/ament_cmake_cppcheck:/home/dbot2/ros2_ws/install/ament_cmake_clang_tidy:/home/dbot2/ros2_ws/install/ament_cmake_clang_format PYTHONPATH=/home/dbot2/dbot_vda5050_ilmatar/build/vda5050_tb3_adapter/prefix_override:/usr/lib/python3/dist-packages/colcon_core/task/python/colcon_distutils_commands:/home/dbot2/dbot_vda5050_ilmatar/install/vda5050_tb3_adapter/lib/python3.10/site-packages:${PYTHONPATH} /usr/bin/python3 -W ignore:setup.py install is deprecated -W ignore:easy_install command is deprecated setup.py develop --editable --build-directory /home/dbot2/dbot_vda5050_ilmatar/build/vda5050_tb3_adapter/build --no-deps symlink_data
[4.523s] INFO:colcon.colcon_core.shell:Creating environment descriptor '/home/dbot2/dbot_vda5050_ilmatar/build/vda5050_tb3_adapter/share/vda5050_tb3_adapter/hook/pythonpath_develop.dsv'
[4.523s] INFO:colcon.colcon_core.shell:Creating environment hook '/home/dbot2/dbot_vda5050_ilmatar/build/vda5050_tb3_adapter/share/vda5050_tb3_adapter/hook/pythonpath_develop.sh'
[4.524s] Level 1:colcon.colcon_core.environment:checking '/home/dbot2/dbot_vda5050_ilmatar/install/vda5050_tb3_adapter' for CMake module files
[4.524s] Level 1:colcon.colcon_core.environment:checking '/home/dbot2/dbot_vda5050_ilmatar/install/vda5050_tb3_adapter' for CMake config files
[4.524s] Level 1:colcon.colcon_core.environment:checking '/home/dbot2/dbot_vda5050_ilmatar/install/vda5050_tb3_adapter/lib'
[4.524s] Level 1:colcon.colcon_core.environment:checking '/home/dbot2/dbot_vda5050_ilmatar/install/vda5050_tb3_adapter/bin'
[4.524s] Level 1:colcon.colcon_core.environment:checking '/home/dbot2/dbot_vda5050_ilmatar/install/vda5050_tb3_adapter/lib/pkgconfig/vda5050_tb3_adapter.pc'
[4.525s] Level 1:colcon.colcon_core.environment:checking '/home/dbot2/dbot_vda5050_ilmatar/install/vda5050_tb3_adapter/lib/python3.10/site-packages'
[4.525s] Level 1:colcon.colcon_core.shell:create_environment_hook('vda5050_tb3_adapter', 'pythonpath')
[4.525s] INFO:colcon.colcon_core.shell:Creating environment hook '/home/dbot2/dbot_vda5050_ilmatar/install/vda5050_tb3_adapter/share/vda5050_tb3_adapter/hook/pythonpath.ps1'
[4.525s] INFO:colcon.colcon_core.shell:Creating environment descriptor '/home/dbot2/dbot_vda5050_ilmatar/install/vda5050_tb3_adapter/share/vda5050_tb3_adapter/hook/pythonpath.dsv'
[4.525s] INFO:colcon.colcon_core.shell:Creating environment hook '/home/dbot2/dbot_vda5050_ilmatar/install/vda5050_tb3_adapter/share/vda5050_tb3_adapter/hook/pythonpath.sh'
[4.525s] Level 1:colcon.colcon_core.environment:checking '/home/dbot2/dbot_vda5050_ilmatar/install/vda5050_tb3_adapter/bin'
[4.526s] Level 1:colcon.colcon_core.environment:create_environment_scripts_only(vda5050_tb3_adapter)
[4.526s] INFO:colcon.colcon_core.shell:Creating package script '/home/dbot2/dbot_vda5050_ilmatar/install/vda5050_tb3_adapter/share/vda5050_tb3_adapter/package.ps1'
[4.526s] INFO:colcon.colcon_core.shell:Creating package descriptor '/home/dbot2/dbot_vda5050_ilmatar/install/vda5050_tb3_adapter/share/vda5050_tb3_adapter/package.dsv'
[4.526s] INFO:colcon.colcon_core.shell:Creating package script '/home/dbot2/dbot_vda5050_ilmatar/install/vda5050_tb3_adapter/share/vda5050_tb3_adapter/package.sh'
[4.527s] INFO:colcon.colcon_core.shell:Creating package script '/home/dbot2/dbot_vda5050_ilmatar/install/vda5050_tb3_adapter/share/vda5050_tb3_adapter/package.bash'
[4.527s] INFO:colcon.colcon_core.shell:Creating package script '/home/dbot2/dbot_vda5050_ilmatar/install/vda5050_tb3_adapter/share/vda5050_tb3_adapter/package.zsh'
[4.527s] Level 1:colcon.colcon_core.environment:create_file_with_runtime_dependencies(/home/dbot2/dbot_vda5050_ilmatar/install/vda5050_tb3_adapter/share/colcon-core/packages/vda5050_tb3_adapter)
[4.527s] DEBUG:colcon.colcon_parallel_executor.executor.parallel:closing loop
[4.527s] DEBUG:colcon.colcon_parallel_executor.executor.parallel:loop closed
[4.527s] DEBUG:colcon.colcon_parallel_executor.executor.parallel:run_until_complete finished with '0'
[4.527s] DEBUG:colcon.colcon_core.event_reactor:joining thread
[4.533s] INFO:colcon.colcon_core.plugin_system:Skipping extension 'colcon_notification.desktop_notification.terminal_notifier': Not used on non-Darwin systems
[4.533s] INFO:colcon.colcon_core.plugin_system:Skipping extension 'colcon_notification.desktop_notification.win32': Not used on non-Windows systems
[4.533s] INFO:colcon.colcon_notification.desktop_notification:Sending desktop notification using 'notify2'
[4.541s] DEBUG:colcon.colcon_core.event_reactor:joined thread
[4.542s] INFO:colcon.colcon_core.shell:Creating prefix script '/home/dbot2/dbot_vda5050_ilmatar/install/local_setup.ps1'
[4.543s] INFO:colcon.colcon_core.shell:Creating prefix util module '/home/dbot2/dbot_vda5050_ilmatar/install/_local_setup_util_ps1.py'
[4.544s] INFO:colcon.colcon_core.shell:Creating prefix chain script '/home/dbot2/dbot_vda5050_ilmatar/install/setup.ps1'
[4.548s] INFO:colcon.colcon_core.shell:Creating prefix script '/home/dbot2/dbot_vda5050_ilmatar/install/local_setup.sh'
[4.548s] INFO:colcon.colcon_core.shell:Creating prefix util module '/home/dbot2/dbot_vda5050_ilmatar/install/_local_setup_util_sh.py'
[4.549s] INFO:colcon.colcon_core.shell:Creating prefix chain script '/home/dbot2/dbot_vda5050_ilmatar/install/setup.sh'
[4.552s] INFO:colcon.colcon_core.shell:Creating prefix script '/home/dbot2/dbot_vda5050_ilmatar/install/local_setup.bash'
[4.552s] INFO:colcon.colcon_core.shell:Creating prefix chain script '/home/dbot2/dbot_vda5050_ilmatar/install/setup.bash'
[4.557s] INFO:colcon.colcon_core.shell:Creating prefix script '/home/dbot2/dbot_vda5050_ilmatar/install/local_setup.zsh'
[4.558s] INFO:colcon.colcon_core.shell:Creating prefix chain script '/home/dbot2/dbot_vda5050_ilmatar/install/setup.zsh'
