[0.183s] DEBUG:colcon:Command line arguments: ['/usr/bin/colcon', 'build']
[0.183s] DEBUG:colcon:Parsed command line arguments: Namespace(log_base=None, log_level=None, verb_name='build', build_base='build', install_base='install', merge_install=False, symlink_install=False, test_result_base=None, continue_on_error=False, executor='parallel', parallel_workers=8, event_handlers=None, ignore_user_meta=False, metas=['./colcon.meta'], base_paths=['.'], packages_ignore=None, packages_ignore_regex=None, paths=None, packages_up_to=None, packages_up_to_regex=None, packages_above=None, packages_above_and_dependencies=None, packages_above_depth=None, packages_select_by_dep=None, packages_skip_by_dep=None, packages_skip_up_to=None, packages_select_build_failed=False, packages_skip_build_finished=False, packages_select_test_failures=False, packages_skip_test_passed=False, packages_select=None, packages_skip=None, packages_select_regex=None, packages_skip_regex=None, packages_start=None, packages_end=None, allow_overriding=[], cmake_args=None, cmake_target=None, cmake_target_skip_unavailable=False, cmake_clean_cache=False, cmake_clean_first=False, cmake_force_configure=False, ament_cmake_args=None, catkin_cmake_args=None, catkin_skip_building_tests=False, mixin_files=None, mixin=None, verb_parser=<colcon_mixin.mixin.mixin_argument.MixinArgumentDecorator object at 0x75d0387ba6b0>, verb_extension=<colcon_core.verb.build.BuildVerb object at 0x75d0387b9ab0>, main=<bound method BuildVerb.main of <colcon_core.verb.build.BuildVerb object at 0x75d0387b9ab0>>, mixin_verb=('build',))
[0.393s] Level 1:colcon.colcon_core.package_discovery:discover_packages(colcon_meta) check parameters
[0.393s] Level 1:colcon.colcon_core.package_discovery:discover_packages(recursive) check parameters
[0.393s] Level 1:colcon.colcon_core.package_discovery:discover_packages(ignore) check parameters
[0.393s] Level 1:colcon.colcon_core.package_discovery:discover_packages(path) check parameters
[0.393s] Level 1:colcon.colcon_core.package_discovery:discover_packages(colcon_meta) discover
[0.393s] Level 1:colcon.colcon_core.package_discovery:discover_packages(recursive) discover
[0.393s] INFO:colcon.colcon_core.package_discovery:Crawling recursively for packages in '/home/dbot2/dbot_vda5050_ilmatar'
[0.393s] Level 1:colcon.colcon_core.package_identification:_identify(.) by extensions ['ignore', 'ignore_ament_install']
[0.393s] Level 1:colcon.colcon_core.package_identification:_identify(.) by extension 'ignore'
[0.393s] Level 1:colcon.colcon_core.package_identification:_identify(.) by extension 'ignore_ament_install'
[0.393s] Level 1:colcon.colcon_core.package_identification:_identify(.) by extensions ['colcon_pkg']
[0.393s] Level 1:colcon.colcon_core.package_identification:_identify(.) by extension 'colcon_pkg'
[0.393s] Level 1:colcon.colcon_core.package_identification:_identify(.) by extensions ['colcon_meta']
[0.393s] Level 1:colcon.colcon_core.package_identification:_identify(.) by extension 'colcon_meta'
[0.393s] Level 1:colcon.colcon_core.package_identification:_identify(.) by extensions ['ros']
[0.393s] Level 1:colcon.colcon_core.package_identification:_identify(.) by extension 'ros'
[0.401s] Level 1:colcon.colcon_core.package_identification:_identify(.) by extensions ['cmake', 'python']
[0.401s] Level 1:colcon.colcon_core.package_identification:_identify(.) by extension 'cmake'
[0.401s] Level 1:colcon.colcon_core.package_identification:_identify(.) by extension 'python'
[0.401s] Level 1:colcon.colcon_core.package_identification:_identify(.) by extensions ['python_setup_py']
[0.401s] Level 1:colcon.colcon_core.package_identification:_identify(.) by extension 'python_setup_py'
[0.401s] Level 1:colcon.colcon_core.package_identification:_identify(build) by extensions ['ignore', 'ignore_ament_install']
[0.401s] Level 1:colcon.colcon_core.package_identification:_identify(build) by extension 'ignore'
[0.401s] Level 1:colcon.colcon_core.package_identification:_identify(build) ignored
[0.401s] Level 1:colcon.colcon_core.package_identification:_identify(install) by extensions ['ignore', 'ignore_ament_install']
[0.401s] Level 1:colcon.colcon_core.package_identification:_identify(install) by extension 'ignore'
[0.401s] Level 1:colcon.colcon_core.package_identification:_identify(install) ignored
[0.401s] Level 1:colcon.colcon_core.package_identification:_identify(log) by extensions ['ignore', 'ignore_ament_install']
[0.401s] Level 1:colcon.colcon_core.package_identification:_identify(log) by extension 'ignore'
[0.401s] Level 1:colcon.colcon_core.package_identification:_identify(log) ignored
[0.401s] Level 1:colcon.colcon_core.package_identification:_identify(src) by extensions ['ignore', 'ignore_ament_install']
[0.402s] Level 1:colcon.colcon_core.package_identification:_identify(src) by extension 'ignore'
[0.402s] Level 1:colcon.colcon_core.package_identification:_identify(src) by extension 'ignore_ament_install'
[0.402s] Level 1:colcon.colcon_core.package_identification:_identify(src) by extensions ['colcon_pkg']
[0.402s] Level 1:colcon.colcon_core.package_identification:_identify(src) by extension 'colcon_pkg'
[0.402s] Level 1:colcon.colcon_core.package_identification:_identify(src) by extensions ['colcon_meta']
[0.402s] Level 1:colcon.colcon_core.package_identification:_identify(src) by extension 'colcon_meta'
[0.402s] Level 1:colcon.colcon_core.package_identification:_identify(src) by extensions ['ros']
[0.402s] Level 1:colcon.colcon_core.package_identification:_identify(src) by extension 'ros'
[0.402s] Level 1:colcon.colcon_core.package_identification:_identify(src) by extensions ['cmake', 'python']
[0.402s] Level 1:colcon.colcon_core.package_identification:_identify(src) by extension 'cmake'
[0.402s] Level 1:colcon.colcon_core.package_identification:_identify(src) by extension 'python'
[0.402s] Level 1:colcon.colcon_core.package_identification:_identify(src) by extensions ['python_setup_py']
[0.402s] Level 1:colcon.colcon_core.package_identification:_identify(src) by extension 'python_setup_py'
[0.402s] Level 1:colcon.colcon_core.package_identification:_identify(src/build) by extensions ['ignore', 'ignore_ament_install']
[0.402s] Level 1:colcon.colcon_core.package_identification:_identify(src/build) by extension 'ignore'
[0.402s] Level 1:colcon.colcon_core.package_identification:_identify(src/build) ignored
[0.402s] Level 1:colcon.colcon_core.package_identification:_identify(src/dbot) by extensions ['ignore', 'ignore_ament_install']
[0.402s] Level 1:colcon.colcon_core.package_identification:_identify(src/dbot) by extension 'ignore'
[0.402s] Level 1:colcon.colcon_core.package_identification:_identify(src/dbot) by extension 'ignore_ament_install'
[0.402s] Level 1:colcon.colcon_core.package_identification:_identify(src/dbot) by extensions ['colcon_pkg']
[0.402s] Level 1:colcon.colcon_core.package_identification:_identify(src/dbot) by extension 'colcon_pkg'
[0.402s] Level 1:colcon.colcon_core.package_identification:_identify(src/dbot) by extensions ['colcon_meta']
[0.402s] Level 1:colcon.colcon_core.package_identification:_identify(src/dbot) by extension 'colcon_meta'
[0.402s] Level 1:colcon.colcon_core.package_identification:_identify(src/dbot) by extensions ['ros']
[0.402s] Level 1:colcon.colcon_core.package_identification:_identify(src/dbot) by extension 'ros'
[0.404s] DEBUG:colcon.colcon_core.package_identification:Package 'src/dbot' with type 'ros.ament_python' and name 'dbot'
[0.404s] Level 1:colcon.colcon_core.package_identification:_identify(src/dbot_bridge) by extensions ['ignore', 'ignore_ament_install']
[0.404s] Level 1:colcon.colcon_core.package_identification:_identify(src/dbot_bridge) by extension 'ignore'
[0.404s] Level 1:colcon.colcon_core.package_identification:_identify(src/dbot_bridge) by extension 'ignore_ament_install'
[0.404s] Level 1:colcon.colcon_core.package_identification:_identify(src/dbot_bridge) by extensions ['colcon_pkg']
[0.404s] Level 1:colcon.colcon_core.package_identification:_identify(src/dbot_bridge) by extension 'colcon_pkg'
[0.404s] Level 1:colcon.colcon_core.package_identification:_identify(src/dbot_bridge) by extensions ['colcon_meta']
[0.404s] Level 1:colcon.colcon_core.package_identification:_identify(src/dbot_bridge) by extension 'colcon_meta'
[0.404s] Level 1:colcon.colcon_core.package_identification:_identify(src/dbot_bridge) by extensions ['ros']
[0.404s] Level 1:colcon.colcon_core.package_identification:_identify(src/dbot_bridge) by extension 'ros'
[0.405s] DEBUG:colcon.colcon_core.package_identification:Package 'src/dbot_bridge' with type 'ros.ament_python' and name 'dbot_bridge'
[0.405s] Level 1:colcon.colcon_core.package_identification:_identify(src/dbot_custom_msgs) by extensions ['ignore', 'ignore_ament_install']
[0.405s] Level 1:colcon.colcon_core.package_identification:_identify(src/dbot_custom_msgs) by extension 'ignore'
[0.405s] Level 1:colcon.colcon_core.package_identification:_identify(src/dbot_custom_msgs) by extension 'ignore_ament_install'
[0.405s] Level 1:colcon.colcon_core.package_identification:_identify(src/dbot_custom_msgs) by extensions ['colcon_pkg']
[0.405s] Level 1:colcon.colcon_core.package_identification:_identify(src/dbot_custom_msgs) by extension 'colcon_pkg'
[0.405s] Level 1:colcon.colcon_core.package_identification:_identify(src/dbot_custom_msgs) by extensions ['colcon_meta']
[0.405s] Level 1:colcon.colcon_core.package_identification:_identify(src/dbot_custom_msgs) by extension 'colcon_meta'
[0.405s] Level 1:colcon.colcon_core.package_identification:_identify(src/dbot_custom_msgs) by extensions ['ros']
[0.405s] Level 1:colcon.colcon_core.package_identification:_identify(src/dbot_custom_msgs) by extension 'ros'
[0.405s] DEBUG:colcon.colcon_core.package_identification:Package 'src/dbot_custom_msgs' with type 'ros.ament_cmake' and name 'dbot_custom_msgs'
[0.405s] Level 1:colcon.colcon_core.package_identification:_identify(src/dbot_nav_slam) by extensions ['ignore', 'ignore_ament_install']
[0.405s] Level 1:colcon.colcon_core.package_identification:_identify(src/dbot_nav_slam) by extension 'ignore'
[0.405s] Level 1:colcon.colcon_core.package_identification:_identify(src/dbot_nav_slam) by extension 'ignore_ament_install'
[0.405s] Level 1:colcon.colcon_core.package_identification:_identify(src/dbot_nav_slam) by extensions ['colcon_pkg']
[0.405s] Level 1:colcon.colcon_core.package_identification:_identify(src/dbot_nav_slam) by extension 'colcon_pkg'
[0.406s] Level 1:colcon.colcon_core.package_identification:_identify(src/dbot_nav_slam) by extensions ['colcon_meta']
[0.406s] Level 1:colcon.colcon_core.package_identification:_identify(src/dbot_nav_slam) by extension 'colcon_meta'
[0.406s] Level 1:colcon.colcon_core.package_identification:_identify(src/dbot_nav_slam) by extensions ['ros']
[0.406s] Level 1:colcon.colcon_core.package_identification:_identify(src/dbot_nav_slam) by extension 'ros'
[0.406s] DEBUG:colcon.colcon_core.package_identification:Package 'src/dbot_nav_slam' with type 'ros.ament_cmake' and name 'dbot_nav_slam'
[0.406s] Level 1:colcon.colcon_core.package_identification:_identify(src/gesturecontrol) by extensions ['ignore', 'ignore_ament_install']
[0.406s] Level 1:colcon.colcon_core.package_identification:_identify(src/gesturecontrol) by extension 'ignore'
[0.406s] Level 1:colcon.colcon_core.package_identification:_identify(src/gesturecontrol) by extension 'ignore_ament_install'
[0.406s] Level 1:colcon.colcon_core.package_identification:_identify(src/gesturecontrol) by extensions ['colcon_pkg']
[0.406s] Level 1:colcon.colcon_core.package_identification:_identify(src/gesturecontrol) by extension 'colcon_pkg'
[0.406s] Level 1:colcon.colcon_core.package_identification:_identify(src/gesturecontrol) by extensions ['colcon_meta']
[0.406s] Level 1:colcon.colcon_core.package_identification:_identify(src/gesturecontrol) by extension 'colcon_meta'
[0.406s] Level 1:colcon.colcon_core.package_identification:_identify(src/gesturecontrol) by extensions ['ros']
[0.406s] Level 1:colcon.colcon_core.package_identification:_identify(src/gesturecontrol) by extension 'ros'
[0.407s] DEBUG:colcon.colcon_core.package_identification:Package 'src/gesturecontrol' with type 'ros.ament_python' and name 'gesturecontrol'
[0.407s] Level 1:colcon.colcon_core.package_identification:_identify(src/install) by extensions ['ignore', 'ignore_ament_install']
[0.407s] Level 1:colcon.colcon_core.package_identification:_identify(src/install) by extension 'ignore'
[0.407s] Level 1:colcon.colcon_core.package_identification:_identify(src/install) ignored
[0.407s] Level 1:colcon.colcon_core.package_identification:_identify(src/joycontrol) by extensions ['ignore', 'ignore_ament_install']
[0.407s] Level 1:colcon.colcon_core.package_identification:_identify(src/joycontrol) by extension 'ignore'
[0.407s] Level 1:colcon.colcon_core.package_identification:_identify(src/joycontrol) by extension 'ignore_ament_install'
[0.407s] Level 1:colcon.colcon_core.package_identification:_identify(src/joycontrol) by extensions ['colcon_pkg']
[0.407s] Level 1:colcon.colcon_core.package_identification:_identify(src/joycontrol) by extension 'colcon_pkg'
[0.407s] Level 1:colcon.colcon_core.package_identification:_identify(src/joycontrol) by extensions ['colcon_meta']
[0.407s] Level 1:colcon.colcon_core.package_identification:_identify(src/joycontrol) by extension 'colcon_meta'
[0.407s] Level 1:colcon.colcon_core.package_identification:_identify(src/joycontrol) by extensions ['ros']
[0.407s] Level 1:colcon.colcon_core.package_identification:_identify(src/joycontrol) by extension 'ros'
[0.408s] DEBUG:colcon.colcon_core.package_identification:Package 'src/joycontrol' with type 'ros.ament_python' and name 'joycontrol'
[0.408s] Level 1:colcon.colcon_core.package_identification:_identify(src/log) by extensions ['ignore', 'ignore_ament_install']
[0.408s] Level 1:colcon.colcon_core.package_identification:_identify(src/log) by extension 'ignore'
[0.408s] Level 1:colcon.colcon_core.package_identification:_identify(src/log) ignored
[0.408s] Level 1:colcon.colcon_core.package_identification:_identify(src/motor_driver) by extensions ['ignore', 'ignore_ament_install']
[0.408s] Level 1:colcon.colcon_core.package_identification:_identify(src/motor_driver) by extension 'ignore'
[0.408s] Level 1:colcon.colcon_core.package_identification:_identify(src/motor_driver) by extension 'ignore_ament_install'
[0.408s] Level 1:colcon.colcon_core.package_identification:_identify(src/motor_driver) by extensions ['colcon_pkg']
[0.408s] Level 1:colcon.colcon_core.package_identification:_identify(src/motor_driver) by extension 'colcon_pkg'
[0.408s] Level 1:colcon.colcon_core.package_identification:_identify(src/motor_driver) by extensions ['colcon_meta']
[0.408s] Level 1:colcon.colcon_core.package_identification:_identify(src/motor_driver) by extension 'colcon_meta'
[0.408s] Level 1:colcon.colcon_core.package_identification:_identify(src/motor_driver) by extensions ['ros']
[0.408s] Level 1:colcon.colcon_core.package_identification:_identify(src/motor_driver) by extension 'ros'
[0.408s] DEBUG:colcon.colcon_core.package_identification:Package 'src/motor_driver' with type 'ros.ament_python' and name 'motor_driver'
[0.408s] Level 1:colcon.colcon_core.package_identification:_identify(src/odom_motion_model) by extensions ['ignore', 'ignore_ament_install']
[0.408s] Level 1:colcon.colcon_core.package_identification:_identify(src/odom_motion_model) by extension 'ignore'
[0.408s] Level 1:colcon.colcon_core.package_identification:_identify(src/odom_motion_model) by extension 'ignore_ament_install'
[0.408s] Level 1:colcon.colcon_core.package_identification:_identify(src/odom_motion_model) by extensions ['colcon_pkg']
[0.408s] Level 1:colcon.colcon_core.package_identification:_identify(src/odom_motion_model) by extension 'colcon_pkg'
[0.408s] Level 1:colcon.colcon_core.package_identification:_identify(src/odom_motion_model) by extensions ['colcon_meta']
[0.409s] Level 1:colcon.colcon_core.package_identification:_identify(src/odom_motion_model) by extension 'colcon_meta'
[0.409s] Level 1:colcon.colcon_core.package_identification:_identify(src/odom_motion_model) by extensions ['ros']
[0.409s] Level 1:colcon.colcon_core.package_identification:_identify(src/odom_motion_model) by extension 'ros'
[0.409s] DEBUG:colcon.colcon_core.package_identification:Package 'src/odom_motion_model' with type 'ros.ament_python' and name 'odom_motion_model'
[0.409s] Level 1:colcon.colcon_core.package_identification:_identify(src/ros2_odometry_estimation) by extensions ['ignore', 'ignore_ament_install']
[0.409s] Level 1:colcon.colcon_core.package_identification:_identify(src/ros2_odometry_estimation) by extension 'ignore'
[0.409s] Level 1:colcon.colcon_core.package_identification:_identify(src/ros2_odometry_estimation) by extension 'ignore_ament_install'
[0.409s] Level 1:colcon.colcon_core.package_identification:_identify(src/ros2_odometry_estimation) by extensions ['colcon_pkg']
[0.409s] Level 1:colcon.colcon_core.package_identification:_identify(src/ros2_odometry_estimation) by extension 'colcon_pkg'
[0.409s] Level 1:colcon.colcon_core.package_identification:_identify(src/ros2_odometry_estimation) by extensions ['colcon_meta']
[0.409s] Level 1:colcon.colcon_core.package_identification:_identify(src/ros2_odometry_estimation) by extension 'colcon_meta'
[0.409s] Level 1:colcon.colcon_core.package_identification:_identify(src/ros2_odometry_estimation) by extensions ['ros']
[0.409s] Level 1:colcon.colcon_core.package_identification:_identify(src/ros2_odometry_estimation) by extension 'ros'
[0.410s] DEBUG:colcon.colcon_core.package_identification:Package 'src/ros2_odometry_estimation' with type 'ros.ament_cmake' and name 'odometry_estimator'
[0.410s] Level 1:colcon.colcon_core.package_identification:_identify(src/tf2_dbot) by extensions ['ignore', 'ignore_ament_install']
[0.410s] Level 1:colcon.colcon_core.package_identification:_identify(src/tf2_dbot) by extension 'ignore'
[0.410s] Level 1:colcon.colcon_core.package_identification:_identify(src/tf2_dbot) by extension 'ignore_ament_install'
[0.410s] Level 1:colcon.colcon_core.package_identification:_identify(src/tf2_dbot) by extensions ['colcon_pkg']
[0.410s] Level 1:colcon.colcon_core.package_identification:_identify(src/tf2_dbot) by extension 'colcon_pkg'
[0.410s] Level 1:colcon.colcon_core.package_identification:_identify(src/tf2_dbot) by extensions ['colcon_meta']
[0.410s] Level 1:colcon.colcon_core.package_identification:_identify(src/tf2_dbot) by extension 'colcon_meta'
[0.410s] Level 1:colcon.colcon_core.package_identification:_identify(src/tf2_dbot) by extensions ['ros']
[0.410s] Level 1:colcon.colcon_core.package_identification:_identify(src/tf2_dbot) by extension 'ros'
[0.411s] DEBUG:colcon.colcon_core.package_identification:Package 'src/tf2_dbot' with type 'ros.ament_python' and name 'tf2_dbot'
[0.411s] Level 1:colcon.colcon_core.package_identification:_identify(src/vda5050_connector) by extensions ['ignore', 'ignore_ament_install']
[0.411s] Level 1:colcon.colcon_core.package_identification:_identify(src/vda5050_connector) by extension 'ignore'
[0.411s] Level 1:colcon.colcon_core.package_identification:_identify(src/vda5050_connector) by extension 'ignore_ament_install'
[0.411s] Level 1:colcon.colcon_core.package_identification:_identify(src/vda5050_connector) by extensions ['colcon_pkg']
[0.411s] Level 1:colcon.colcon_core.package_identification:_identify(src/vda5050_connector) by extension 'colcon_pkg'
[0.411s] Level 1:colcon.colcon_core.package_identification:_identify(src/vda5050_connector) by extensions ['colcon_meta']
[0.411s] Level 1:colcon.colcon_core.package_identification:_identify(src/vda5050_connector) by extension 'colcon_meta'
[0.411s] Level 1:colcon.colcon_core.package_identification:_identify(src/vda5050_connector) by extensions ['ros']
[0.411s] Level 1:colcon.colcon_core.package_identification:_identify(src/vda5050_connector) by extension 'ros'
[0.412s] DEBUG:colcon.colcon_core.package_identification:Package 'src/vda5050_connector' with type 'ros.ament_cmake' and name 'vda5050_connector'
[0.412s] Level 1:colcon.colcon_core.package_identification:_identify(src/vda5050_msgs) by extensions ['ignore', 'ignore_ament_install']
[0.412s] Level 1:colcon.colcon_core.package_identification:_identify(src/vda5050_msgs) by extension 'ignore'
[0.412s] Level 1:colcon.colcon_core.package_identification:_identify(src/vda5050_msgs) by extension 'ignore_ament_install'
[0.412s] Level 1:colcon.colcon_core.package_identification:_identify(src/vda5050_msgs) by extensions ['colcon_pkg']
[0.412s] Level 1:colcon.colcon_core.package_identification:_identify(src/vda5050_msgs) by extension 'colcon_pkg'
[0.412s] Level 1:colcon.colcon_core.package_identification:_identify(src/vda5050_msgs) by extensions ['colcon_meta']
[0.412s] Level 1:colcon.colcon_core.package_identification:_identify(src/vda5050_msgs) by extension 'colcon_meta'
[0.412s] Level 1:colcon.colcon_core.package_identification:_identify(src/vda5050_msgs) by extensions ['ros']
[0.412s] Level 1:colcon.colcon_core.package_identification:_identify(src/vda5050_msgs) by extension 'ros'
[0.412s] DEBUG:colcon.colcon_core.package_identification:Package 'src/vda5050_msgs' with type 'ros.ament_cmake' and name 'vda5050_msgs'
[0.412s] Level 1:colcon.colcon_core.package_identification:_identify(src/vda5050_tb3_adapter) by extensions ['ignore', 'ignore_ament_install']
[0.413s] Level 1:colcon.colcon_core.package_identification:_identify(src/vda5050_tb3_adapter) by extension 'ignore'
[0.413s] Level 1:colcon.colcon_core.package_identification:_identify(src/vda5050_tb3_adapter) by extension 'ignore_ament_install'
[0.413s] Level 1:colcon.colcon_core.package_identification:_identify(src/vda5050_tb3_adapter) by extensions ['colcon_pkg']
[0.413s] Level 1:colcon.colcon_core.package_identification:_identify(src/vda5050_tb3_adapter) by extension 'colcon_pkg'
[0.413s] Level 1:colcon.colcon_core.package_identification:_identify(src/vda5050_tb3_adapter) by extensions ['colcon_meta']
[0.413s] Level 1:colcon.colcon_core.package_identification:_identify(src/vda5050_tb3_adapter) by extension 'colcon_meta'
[0.413s] Level 1:colcon.colcon_core.package_identification:_identify(src/vda5050_tb3_adapter) by extensions ['ros']
[0.413s] Level 1:colcon.colcon_core.package_identification:_identify(src/vda5050_tb3_adapter) by extension 'ros'
[0.414s] DEBUG:colcon.colcon_core.package_identification:Package 'src/vda5050_tb3_adapter' with type 'ros.ament_python' and name 'vda5050_tb3_adapter'
[0.414s] Level 1:colcon.colcon_core.package_identification:_identify(src/vda_dbot_nav_slam) by extensions ['ignore', 'ignore_ament_install']
[0.414s] Level 1:colcon.colcon_core.package_identification:_identify(src/vda_dbot_nav_slam) by extension 'ignore'
[0.414s] Level 1:colcon.colcon_core.package_identification:_identify(src/vda_dbot_nav_slam) by extension 'ignore_ament_install'
[0.414s] Level 1:colcon.colcon_core.package_identification:_identify(src/vda_dbot_nav_slam) by extensions ['colcon_pkg']
[0.414s] Level 1:colcon.colcon_core.package_identification:_identify(src/vda_dbot_nav_slam) by extension 'colcon_pkg'
[0.414s] Level 1:colcon.colcon_core.package_identification:_identify(src/vda_dbot_nav_slam) by extensions ['colcon_meta']
[0.414s] Level 1:colcon.colcon_core.package_identification:_identify(src/vda_dbot_nav_slam) by extension 'colcon_meta'
[0.414s] Level 1:colcon.colcon_core.package_identification:_identify(src/vda_dbot_nav_slam) by extensions ['ros']
[0.414s] Level 1:colcon.colcon_core.package_identification:_identify(src/vda_dbot_nav_slam) by extension 'ros'
[0.414s] DEBUG:colcon.colcon_core.package_identification:Package 'src/vda_dbot_nav_slam' with type 'ros.ament_cmake' and name 'vda_dbot_nav_slam'
[0.414s] Level 1:colcon.colcon_core.package_discovery:discover_packages(recursive) using defaults
[0.414s] Level 1:colcon.colcon_core.package_discovery:discover_packages(ignore) discover
[0.414s] Level 1:colcon.colcon_core.package_discovery:discover_packages(ignore) using defaults
[0.414s] Level 1:colcon.colcon_core.package_discovery:discover_packages(path) discover
[0.414s] Level 1:colcon.colcon_core.package_discovery:discover_packages(path) using defaults
[0.436s] Level 1:colcon.colcon_core.package_discovery:discover_packages(prefix_path) check parameters
[0.436s] Level 1:colcon.colcon_core.package_discovery:discover_packages(prefix_path) discover
[0.441s] DEBUG:colcon.colcon_installed_package_information.package_discovery:Found 14 installed packages in /home/dbot2/dbot_vda5050_ilmatar/install
[0.441s] DEBUG:colcon.colcon_installed_package_information.package_discovery:Found 7 installed packages in /home/dbot2/dbot_src/install
[0.441s] DEBUG:colcon.colcon_installed_package_information.package_discovery:Found 2 installed packages in /home/dbot2/dbot_remote/install
[0.442s] DEBUG:colcon.colcon_installed_package_information.package_discovery:Found 3 installed packages in /home/dbot2/circus_demo/install
[0.443s] DEBUG:colcon.colcon_installed_package_information.package_discovery:Found 41 installed packages in /home/dbot2/ros2_ws/install
[0.444s] DEBUG:colcon.colcon_installed_package_information.package_discovery:Found 414 installed packages in /opt/ros/humble
[0.446s] Level 1:colcon.colcon_core.package_discovery:discover_packages(prefix_path) using defaults
[0.496s] Level 5:colcon.colcon_core.verb:set package 'dbot' build argument 'cmake_args' from command line to 'None'
[0.496s] Level 5:colcon.colcon_core.verb:set package 'dbot' build argument 'cmake_target' from command line to 'None'
[0.496s] Level 5:colcon.colcon_core.verb:set package 'dbot' build argument 'cmake_target_skip_unavailable' from command line to 'False'
[0.496s] Level 5:colcon.colcon_core.verb:set package 'dbot' build argument 'cmake_clean_cache' from command line to 'False'
[0.496s] Level 5:colcon.colcon_core.verb:set package 'dbot' build argument 'cmake_clean_first' from command line to 'False'
[0.496s] Level 5:colcon.colcon_core.verb:set package 'dbot' build argument 'cmake_force_configure' from command line to 'False'
[0.496s] Level 5:colcon.colcon_core.verb:set package 'dbot' build argument 'ament_cmake_args' from command line to 'None'
[0.496s] Level 5:colcon.colcon_core.verb:set package 'dbot' build argument 'catkin_cmake_args' from command line to 'None'
[0.496s] Level 5:colcon.colcon_core.verb:set package 'dbot' build argument 'catkin_skip_building_tests' from command line to 'False'
[0.496s] DEBUG:colcon.colcon_core.verb:Building package 'dbot' with the following arguments: {'ament_cmake_args': None, 'build_base': '/home/dbot2/dbot_vda5050_ilmatar/build/dbot', 'catkin_cmake_args': None, 'catkin_skip_building_tests': False, 'cmake_args': None, 'cmake_clean_cache': False, 'cmake_clean_first': False, 'cmake_force_configure': False, 'cmake_target': None, 'cmake_target_skip_unavailable': False, 'install_base': '/home/dbot2/dbot_vda5050_ilmatar/install/dbot', 'merge_install': False, 'path': '/home/dbot2/dbot_vda5050_ilmatar/src/dbot', 'symlink_install': False, 'test_result_base': None}
[0.496s] Level 5:colcon.colcon_core.verb:set package 'dbot_bridge' build argument 'cmake_args' from command line to 'None'
[0.496s] Level 5:colcon.colcon_core.verb:set package 'dbot_bridge' build argument 'cmake_target' from command line to 'None'
[0.496s] Level 5:colcon.colcon_core.verb:set package 'dbot_bridge' build argument 'cmake_target_skip_unavailable' from command line to 'False'
[0.496s] Level 5:colcon.colcon_core.verb:set package 'dbot_bridge' build argument 'cmake_clean_cache' from command line to 'False'
[0.496s] Level 5:colcon.colcon_core.verb:set package 'dbot_bridge' build argument 'cmake_clean_first' from command line to 'False'
[0.496s] Level 5:colcon.colcon_core.verb:set package 'dbot_bridge' build argument 'cmake_force_configure' from command line to 'False'
[0.496s] Level 5:colcon.colcon_core.verb:set package 'dbot_bridge' build argument 'ament_cmake_args' from command line to 'None'
[0.496s] Level 5:colcon.colcon_core.verb:set package 'dbot_bridge' build argument 'catkin_cmake_args' from command line to 'None'
[0.496s] Level 5:colcon.colcon_core.verb:set package 'dbot_bridge' build argument 'catkin_skip_building_tests' from command line to 'False'
[0.496s] DEBUG:colcon.colcon_core.verb:Building package 'dbot_bridge' with the following arguments: {'ament_cmake_args': None, 'build_base': '/home/dbot2/dbot_vda5050_ilmatar/build/dbot_bridge', 'catkin_cmake_args': None, 'catkin_skip_building_tests': False, 'cmake_args': None, 'cmake_clean_cache': False, 'cmake_clean_first': False, 'cmake_force_configure': False, 'cmake_target': None, 'cmake_target_skip_unavailable': False, 'install_base': '/home/dbot2/dbot_vda5050_ilmatar/install/dbot_bridge', 'merge_install': False, 'path': '/home/dbot2/dbot_vda5050_ilmatar/src/dbot_bridge', 'symlink_install': False, 'test_result_base': None}
[0.496s] Level 5:colcon.colcon_core.verb:set package 'dbot_custom_msgs' build argument 'cmake_args' from command line to 'None'
[0.496s] Level 5:colcon.colcon_core.verb:set package 'dbot_custom_msgs' build argument 'cmake_target' from command line to 'None'
[0.496s] Level 5:colcon.colcon_core.verb:set package 'dbot_custom_msgs' build argument 'cmake_target_skip_unavailable' from command line to 'False'
[0.496s] Level 5:colcon.colcon_core.verb:set package 'dbot_custom_msgs' build argument 'cmake_clean_cache' from command line to 'False'
[0.496s] Level 5:colcon.colcon_core.verb:set package 'dbot_custom_msgs' build argument 'cmake_clean_first' from command line to 'False'
[0.496s] Level 5:colcon.colcon_core.verb:set package 'dbot_custom_msgs' build argument 'cmake_force_configure' from command line to 'False'
[0.497s] Level 5:colcon.colcon_core.verb:set package 'dbot_custom_msgs' build argument 'ament_cmake_args' from command line to 'None'
[0.497s] Level 5:colcon.colcon_core.verb:set package 'dbot_custom_msgs' build argument 'catkin_cmake_args' from command line to 'None'
[0.497s] Level 5:colcon.colcon_core.verb:set package 'dbot_custom_msgs' build argument 'catkin_skip_building_tests' from command line to 'False'
[0.497s] DEBUG:colcon.colcon_core.verb:Building package 'dbot_custom_msgs' with the following arguments: {'ament_cmake_args': None, 'build_base': '/home/dbot2/dbot_vda5050_ilmatar/build/dbot_custom_msgs', 'catkin_cmake_args': None, 'catkin_skip_building_tests': False, 'cmake_args': None, 'cmake_clean_cache': False, 'cmake_clean_first': False, 'cmake_force_configure': False, 'cmake_target': None, 'cmake_target_skip_unavailable': False, 'install_base': '/home/dbot2/dbot_vda5050_ilmatar/install/dbot_custom_msgs', 'merge_install': False, 'path': '/home/dbot2/dbot_vda5050_ilmatar/src/dbot_custom_msgs', 'symlink_install': False, 'test_result_base': None}
[0.497s] Level 5:colcon.colcon_core.verb:set package 'dbot_nav_slam' build argument 'cmake_args' from command line to 'None'
[0.497s] Level 5:colcon.colcon_core.verb:set package 'dbot_nav_slam' build argument 'cmake_target' from command line to 'None'
[0.497s] Level 5:colcon.colcon_core.verb:set package 'dbot_nav_slam' build argument 'cmake_target_skip_unavailable' from command line to 'False'
[0.497s] Level 5:colcon.colcon_core.verb:set package 'dbot_nav_slam' build argument 'cmake_clean_cache' from command line to 'False'
[0.497s] Level 5:colcon.colcon_core.verb:set package 'dbot_nav_slam' build argument 'cmake_clean_first' from command line to 'False'
[0.497s] Level 5:colcon.colcon_core.verb:set package 'dbot_nav_slam' build argument 'cmake_force_configure' from command line to 'False'
[0.497s] Level 5:colcon.colcon_core.verb:set package 'dbot_nav_slam' build argument 'ament_cmake_args' from command line to 'None'
[0.497s] Level 5:colcon.colcon_core.verb:set package 'dbot_nav_slam' build argument 'catkin_cmake_args' from command line to 'None'
[0.497s] Level 5:colcon.colcon_core.verb:set package 'dbot_nav_slam' build argument 'catkin_skip_building_tests' from command line to 'False'
[0.497s] DEBUG:colcon.colcon_core.verb:Building package 'dbot_nav_slam' with the following arguments: {'ament_cmake_args': None, 'build_base': '/home/dbot2/dbot_vda5050_ilmatar/build/dbot_nav_slam', 'catkin_cmake_args': None, 'catkin_skip_building_tests': False, 'cmake_args': None, 'cmake_clean_cache': False, 'cmake_clean_first': False, 'cmake_force_configure': False, 'cmake_target': None, 'cmake_target_skip_unavailable': False, 'install_base': '/home/dbot2/dbot_vda5050_ilmatar/install/dbot_nav_slam', 'merge_install': False, 'path': '/home/dbot2/dbot_vda5050_ilmatar/src/dbot_nav_slam', 'symlink_install': False, 'test_result_base': None}
[0.497s] Level 5:colcon.colcon_core.verb:set package 'gesturecontrol' build argument 'cmake_args' from command line to 'None'
[0.497s] Level 5:colcon.colcon_core.verb:set package 'gesturecontrol' build argument 'cmake_target' from command line to 'None'
[0.497s] Level 5:colcon.colcon_core.verb:set package 'gesturecontrol' build argument 'cmake_target_skip_unavailable' from command line to 'False'
[0.497s] Level 5:colcon.colcon_core.verb:set package 'gesturecontrol' build argument 'cmake_clean_cache' from command line to 'False'
[0.497s] Level 5:colcon.colcon_core.verb:set package 'gesturecontrol' build argument 'cmake_clean_first' from command line to 'False'
[0.497s] Level 5:colcon.colcon_core.verb:set package 'gesturecontrol' build argument 'cmake_force_configure' from command line to 'False'
[0.497s] Level 5:colcon.colcon_core.verb:set package 'gesturecontrol' build argument 'ament_cmake_args' from command line to 'None'
[0.497s] Level 5:colcon.colcon_core.verb:set package 'gesturecontrol' build argument 'catkin_cmake_args' from command line to 'None'
[0.497s] Level 5:colcon.colcon_core.verb:set package 'gesturecontrol' build argument 'catkin_skip_building_tests' from command line to 'False'
[0.497s] DEBUG:colcon.colcon_core.verb:Building package 'gesturecontrol' with the following arguments: {'ament_cmake_args': None, 'build_base': '/home/dbot2/dbot_vda5050_ilmatar/build/gesturecontrol', 'catkin_cmake_args': None, 'catkin_skip_building_tests': False, 'cmake_args': None, 'cmake_clean_cache': False, 'cmake_clean_first': False, 'cmake_force_configure': False, 'cmake_target': None, 'cmake_target_skip_unavailable': False, 'install_base': '/home/dbot2/dbot_vda5050_ilmatar/install/gesturecontrol', 'merge_install': False, 'path': '/home/dbot2/dbot_vda5050_ilmatar/src/gesturecontrol', 'symlink_install': False, 'test_result_base': None}
[0.497s] Level 5:colcon.colcon_core.verb:set package 'joycontrol' build argument 'cmake_args' from command line to 'None'
[0.497s] Level 5:colcon.colcon_core.verb:set package 'joycontrol' build argument 'cmake_target' from command line to 'None'
[0.497s] Level 5:colcon.colcon_core.verb:set package 'joycontrol' build argument 'cmake_target_skip_unavailable' from command line to 'False'
[0.497s] Level 5:colcon.colcon_core.verb:set package 'joycontrol' build argument 'cmake_clean_cache' from command line to 'False'
[0.497s] Level 5:colcon.colcon_core.verb:set package 'joycontrol' build argument 'cmake_clean_first' from command line to 'False'
[0.497s] Level 5:colcon.colcon_core.verb:set package 'joycontrol' build argument 'cmake_force_configure' from command line to 'False'
[0.497s] Level 5:colcon.colcon_core.verb:set package 'joycontrol' build argument 'ament_cmake_args' from command line to 'None'
[0.497s] Level 5:colcon.colcon_core.verb:set package 'joycontrol' build argument 'catkin_cmake_args' from command line to 'None'
[0.497s] Level 5:colcon.colcon_core.verb:set package 'joycontrol' build argument 'catkin_skip_building_tests' from command line to 'False'
[0.497s] DEBUG:colcon.colcon_core.verb:Building package 'joycontrol' with the following arguments: {'ament_cmake_args': None, 'build_base': '/home/dbot2/dbot_vda5050_ilmatar/build/joycontrol', 'catkin_cmake_args': None, 'catkin_skip_building_tests': False, 'cmake_args': None, 'cmake_clean_cache': False, 'cmake_clean_first': False, 'cmake_force_configure': False, 'cmake_target': None, 'cmake_target_skip_unavailable': False, 'install_base': '/home/dbot2/dbot_vda5050_ilmatar/install/joycontrol', 'merge_install': False, 'path': '/home/dbot2/dbot_vda5050_ilmatar/src/joycontrol', 'symlink_install': False, 'test_result_base': None}
[0.498s] Level 5:colcon.colcon_core.verb:set package 'tf2_dbot' build argument 'cmake_args' from command line to 'None'
[0.498s] Level 5:colcon.colcon_core.verb:set package 'tf2_dbot' build argument 'cmake_target' from command line to 'None'
[0.498s] Level 5:colcon.colcon_core.verb:set package 'tf2_dbot' build argument 'cmake_target_skip_unavailable' from command line to 'False'
[0.498s] Level 5:colcon.colcon_core.verb:set package 'tf2_dbot' build argument 'cmake_clean_cache' from command line to 'False'
[0.498s] Level 5:colcon.colcon_core.verb:set package 'tf2_dbot' build argument 'cmake_clean_first' from command line to 'False'
[0.498s] Level 5:colcon.colcon_core.verb:set package 'tf2_dbot' build argument 'cmake_force_configure' from command line to 'False'
[0.498s] Level 5:colcon.colcon_core.verb:set package 'tf2_dbot' build argument 'ament_cmake_args' from command line to 'None'
[0.498s] Level 5:colcon.colcon_core.verb:set package 'tf2_dbot' build argument 'catkin_cmake_args' from command line to 'None'
[0.498s] Level 5:colcon.colcon_core.verb:set package 'tf2_dbot' build argument 'catkin_skip_building_tests' from command line to 'False'
[0.498s] DEBUG:colcon.colcon_core.verb:Building package 'tf2_dbot' with the following arguments: {'ament_cmake_args': None, 'build_base': '/home/dbot2/dbot_vda5050_ilmatar/build/tf2_dbot', 'catkin_cmake_args': None, 'catkin_skip_building_tests': False, 'cmake_args': None, 'cmake_clean_cache': False, 'cmake_clean_first': False, 'cmake_force_configure': False, 'cmake_target': None, 'cmake_target_skip_unavailable': False, 'install_base': '/home/dbot2/dbot_vda5050_ilmatar/install/tf2_dbot', 'merge_install': False, 'path': '/home/dbot2/dbot_vda5050_ilmatar/src/tf2_dbot', 'symlink_install': False, 'test_result_base': None}
[0.498s] Level 5:colcon.colcon_core.verb:set package 'vda5050_msgs' build argument 'cmake_args' from command line to 'None'
[0.498s] Level 5:colcon.colcon_core.verb:set package 'vda5050_msgs' build argument 'cmake_target' from command line to 'None'
[0.498s] Level 5:colcon.colcon_core.verb:set package 'vda5050_msgs' build argument 'cmake_target_skip_unavailable' from command line to 'False'
[0.498s] Level 5:colcon.colcon_core.verb:set package 'vda5050_msgs' build argument 'cmake_clean_cache' from command line to 'False'
[0.498s] Level 5:colcon.colcon_core.verb:set package 'vda5050_msgs' build argument 'cmake_clean_first' from command line to 'False'
[0.498s] Level 5:colcon.colcon_core.verb:set package 'vda5050_msgs' build argument 'cmake_force_configure' from command line to 'False'
[0.498s] Level 5:colcon.colcon_core.verb:set package 'vda5050_msgs' build argument 'ament_cmake_args' from command line to 'None'
[0.498s] Level 5:colcon.colcon_core.verb:set package 'vda5050_msgs' build argument 'catkin_cmake_args' from command line to 'None'
[0.498s] Level 5:colcon.colcon_core.verb:set package 'vda5050_msgs' build argument 'catkin_skip_building_tests' from command line to 'False'
[0.498s] DEBUG:colcon.colcon_core.verb:Building package 'vda5050_msgs' with the following arguments: {'ament_cmake_args': None, 'build_base': '/home/dbot2/dbot_vda5050_ilmatar/build/vda5050_msgs', 'catkin_cmake_args': None, 'catkin_skip_building_tests': False, 'cmake_args': None, 'cmake_clean_cache': False, 'cmake_clean_first': False, 'cmake_force_configure': False, 'cmake_target': None, 'cmake_target_skip_unavailable': False, 'install_base': '/home/dbot2/dbot_vda5050_ilmatar/install/vda5050_msgs', 'merge_install': False, 'path': '/home/dbot2/dbot_vda5050_ilmatar/src/vda5050_msgs', 'symlink_install': False, 'test_result_base': None}
[0.498s] Level 5:colcon.colcon_core.verb:set package 'vda_dbot_nav_slam' build argument 'cmake_args' from command line to 'None'
[0.498s] Level 5:colcon.colcon_core.verb:set package 'vda_dbot_nav_slam' build argument 'cmake_target' from command line to 'None'
[0.498s] Level 5:colcon.colcon_core.verb:set package 'vda_dbot_nav_slam' build argument 'cmake_target_skip_unavailable' from command line to 'False'
[0.498s] Level 5:colcon.colcon_core.verb:set package 'vda_dbot_nav_slam' build argument 'cmake_clean_cache' from command line to 'False'
[0.498s] Level 5:colcon.colcon_core.verb:set package 'vda_dbot_nav_slam' build argument 'cmake_clean_first' from command line to 'False'
[0.498s] Level 5:colcon.colcon_core.verb:set package 'vda_dbot_nav_slam' build argument 'cmake_force_configure' from command line to 'False'
[0.498s] Level 5:colcon.colcon_core.verb:set package 'vda_dbot_nav_slam' build argument 'ament_cmake_args' from command line to 'None'
[0.498s] Level 5:colcon.colcon_core.verb:set package 'vda_dbot_nav_slam' build argument 'catkin_cmake_args' from command line to 'None'
[0.498s] Level 5:colcon.colcon_core.verb:set package 'vda_dbot_nav_slam' build argument 'catkin_skip_building_tests' from command line to 'False'
[0.498s] DEBUG:colcon.colcon_core.verb:Building package 'vda_dbot_nav_slam' with the following arguments: {'ament_cmake_args': None, 'build_base': '/home/dbot2/dbot_vda5050_ilmatar/build/vda_dbot_nav_slam', 'catkin_cmake_args': None, 'catkin_skip_building_tests': False, 'cmake_args': None, 'cmake_clean_cache': False, 'cmake_clean_first': False, 'cmake_force_configure': False, 'cmake_target': None, 'cmake_target_skip_unavailable': False, 'install_base': '/home/dbot2/dbot_vda5050_ilmatar/install/vda_dbot_nav_slam', 'merge_install': False, 'path': '/home/dbot2/dbot_vda5050_ilmatar/src/vda_dbot_nav_slam', 'symlink_install': False, 'test_result_base': None}
[0.499s] Level 5:colcon.colcon_core.verb:set package 'motor_driver' build argument 'cmake_args' from command line to 'None'
[0.499s] Level 5:colcon.colcon_core.verb:set package 'motor_driver' build argument 'cmake_target' from command line to 'None'
[0.499s] Level 5:colcon.colcon_core.verb:set package 'motor_driver' build argument 'cmake_target_skip_unavailable' from command line to 'False'
[0.499s] Level 5:colcon.colcon_core.verb:set package 'motor_driver' build argument 'cmake_clean_cache' from command line to 'False'
[0.499s] Level 5:colcon.colcon_core.verb:set package 'motor_driver' build argument 'cmake_clean_first' from command line to 'False'
[0.499s] Level 5:colcon.colcon_core.verb:set package 'motor_driver' build argument 'cmake_force_configure' from command line to 'False'
[0.499s] Level 5:colcon.colcon_core.verb:set package 'motor_driver' build argument 'ament_cmake_args' from command line to 'None'
[0.499s] Level 5:colcon.colcon_core.verb:set package 'motor_driver' build argument 'catkin_cmake_args' from command line to 'None'
[0.499s] Level 5:colcon.colcon_core.verb:set package 'motor_driver' build argument 'catkin_skip_building_tests' from command line to 'False'
[0.499s] DEBUG:colcon.colcon_core.verb:Building package 'motor_driver' with the following arguments: {'ament_cmake_args': None, 'build_base': '/home/dbot2/dbot_vda5050_ilmatar/build/motor_driver', 'catkin_cmake_args': None, 'catkin_skip_building_tests': False, 'cmake_args': None, 'cmake_clean_cache': False, 'cmake_clean_first': False, 'cmake_force_configure': False, 'cmake_target': None, 'cmake_target_skip_unavailable': False, 'install_base': '/home/dbot2/dbot_vda5050_ilmatar/install/motor_driver', 'merge_install': False, 'path': '/home/dbot2/dbot_vda5050_ilmatar/src/motor_driver', 'symlink_install': False, 'test_result_base': None}
[0.499s] Level 5:colcon.colcon_core.verb:set package 'odometry_estimator' build argument 'cmake_args' from command line to 'None'
[0.499s] Level 5:colcon.colcon_core.verb:set package 'odometry_estimator' build argument 'cmake_target' from command line to 'None'
[0.499s] Level 5:colcon.colcon_core.verb:set package 'odometry_estimator' build argument 'cmake_target_skip_unavailable' from command line to 'False'
[0.499s] Level 5:colcon.colcon_core.verb:set package 'odometry_estimator' build argument 'cmake_clean_cache' from command line to 'False'
[0.499s] Level 5:colcon.colcon_core.verb:set package 'odometry_estimator' build argument 'cmake_clean_first' from command line to 'False'
[0.499s] Level 5:colcon.colcon_core.verb:set package 'odometry_estimator' build argument 'cmake_force_configure' from command line to 'False'
[0.499s] Level 5:colcon.colcon_core.verb:set package 'odometry_estimator' build argument 'ament_cmake_args' from command line to 'None'
[0.499s] Level 5:colcon.colcon_core.verb:set package 'odometry_estimator' build argument 'catkin_cmake_args' from command line to 'None'
[0.499s] Level 5:colcon.colcon_core.verb:set package 'odometry_estimator' build argument 'catkin_skip_building_tests' from command line to 'False'
[0.499s] DEBUG:colcon.colcon_core.verb:Building package 'odometry_estimator' with the following arguments: {'ament_cmake_args': None, 'build_base': '/home/dbot2/dbot_vda5050_ilmatar/build/odometry_estimator', 'catkin_cmake_args': None, 'catkin_skip_building_tests': False, 'cmake_args': None, 'cmake_clean_cache': False, 'cmake_clean_first': False, 'cmake_force_configure': False, 'cmake_target': None, 'cmake_target_skip_unavailable': False, 'install_base': '/home/dbot2/dbot_vda5050_ilmatar/install/odometry_estimator', 'merge_install': False, 'path': '/home/dbot2/dbot_vda5050_ilmatar/src/ros2_odometry_estimation', 'symlink_install': False, 'test_result_base': None}
[0.499s] Level 5:colcon.colcon_core.verb:set package 'vda5050_connector' build argument 'cmake_args' from command line to 'None'
[0.499s] Level 5:colcon.colcon_core.verb:set package 'vda5050_connector' build argument 'cmake_target' from command line to 'None'
[0.499s] Level 5:colcon.colcon_core.verb:set package 'vda5050_connector' build argument 'cmake_target_skip_unavailable' from command line to 'False'
[0.499s] Level 5:colcon.colcon_core.verb:set package 'vda5050_connector' build argument 'cmake_clean_cache' from command line to 'False'
[0.499s] Level 5:colcon.colcon_core.verb:set package 'vda5050_connector' build argument 'cmake_clean_first' from command line to 'False'
[0.499s] Level 5:colcon.colcon_core.verb:set package 'vda5050_connector' build argument 'cmake_force_configure' from command line to 'False'
[0.499s] Level 5:colcon.colcon_core.verb:set package 'vda5050_connector' build argument 'ament_cmake_args' from command line to 'None'
[0.499s] Level 5:colcon.colcon_core.verb:set package 'vda5050_connector' build argument 'catkin_cmake_args' from command line to 'None'
[0.499s] Level 5:colcon.colcon_core.verb:set package 'vda5050_connector' build argument 'catkin_skip_building_tests' from command line to 'False'
[0.499s] DEBUG:colcon.colcon_core.verb:Building package 'vda5050_connector' with the following arguments: {'ament_cmake_args': None, 'build_base': '/home/dbot2/dbot_vda5050_ilmatar/build/vda5050_connector', 'catkin_cmake_args': None, 'catkin_skip_building_tests': False, 'cmake_args': None, 'cmake_clean_cache': False, 'cmake_clean_first': False, 'cmake_force_configure': False, 'cmake_target': None, 'cmake_target_skip_unavailable': False, 'install_base': '/home/dbot2/dbot_vda5050_ilmatar/install/vda5050_connector', 'merge_install': False, 'path': '/home/dbot2/dbot_vda5050_ilmatar/src/vda5050_connector', 'symlink_install': False, 'test_result_base': None}
[0.499s] Level 5:colcon.colcon_core.verb:set package 'odom_motion_model' build argument 'cmake_args' from command line to 'None'
[0.499s] Level 5:colcon.colcon_core.verb:set package 'odom_motion_model' build argument 'cmake_target' from command line to 'None'
[0.499s] Level 5:colcon.colcon_core.verb:set package 'odom_motion_model' build argument 'cmake_target_skip_unavailable' from command line to 'False'
[0.499s] Level 5:colcon.colcon_core.verb:set package 'odom_motion_model' build argument 'cmake_clean_cache' from command line to 'False'
[0.499s] Level 5:colcon.colcon_core.verb:set package 'odom_motion_model' build argument 'cmake_clean_first' from command line to 'False'
[0.500s] Level 5:colcon.colcon_core.verb:set package 'odom_motion_model' build argument 'cmake_force_configure' from command line to 'False'
[0.500s] Level 5:colcon.colcon_core.verb:set package 'odom_motion_model' build argument 'ament_cmake_args' from command line to 'None'
[0.500s] Level 5:colcon.colcon_core.verb:set package 'odom_motion_model' build argument 'catkin_cmake_args' from command line to 'None'
[0.500s] Level 5:colcon.colcon_core.verb:set package 'odom_motion_model' build argument 'catkin_skip_building_tests' from command line to 'False'
[0.500s] DEBUG:colcon.colcon_core.verb:Building package 'odom_motion_model' with the following arguments: {'ament_cmake_args': None, 'build_base': '/home/dbot2/dbot_vda5050_ilmatar/build/odom_motion_model', 'catkin_cmake_args': None, 'catkin_skip_building_tests': False, 'cmake_args': None, 'cmake_clean_cache': False, 'cmake_clean_first': False, 'cmake_force_configure': False, 'cmake_target': None, 'cmake_target_skip_unavailable': False, 'install_base': '/home/dbot2/dbot_vda5050_ilmatar/install/odom_motion_model', 'merge_install': False, 'path': '/home/dbot2/dbot_vda5050_ilmatar/src/odom_motion_model', 'symlink_install': False, 'test_result_base': None}
[0.500s] Level 5:colcon.colcon_core.verb:set package 'vda5050_tb3_adapter' build argument 'cmake_args' from command line to 'None'
[0.500s] Level 5:colcon.colcon_core.verb:set package 'vda5050_tb3_adapter' build argument 'cmake_target' from command line to 'None'
[0.500s] Level 5:colcon.colcon_core.verb:set package 'vda5050_tb3_adapter' build argument 'cmake_target_skip_unavailable' from command line to 'False'
[0.500s] Level 5:colcon.colcon_core.verb:set package 'vda5050_tb3_adapter' build argument 'cmake_clean_cache' from command line to 'False'
[0.500s] Level 5:colcon.colcon_core.verb:set package 'vda5050_tb3_adapter' build argument 'cmake_clean_first' from command line to 'False'
[0.500s] Level 5:colcon.colcon_core.verb:set package 'vda5050_tb3_adapter' build argument 'cmake_force_configure' from command line to 'False'
[0.500s] Level 5:colcon.colcon_core.verb:set package 'vda5050_tb3_adapter' build argument 'ament_cmake_args' from command line to 'None'
[0.500s] Level 5:colcon.colcon_core.verb:set package 'vda5050_tb3_adapter' build argument 'catkin_cmake_args' from command line to 'None'
[0.500s] Level 5:colcon.colcon_core.verb:set package 'vda5050_tb3_adapter' build argument 'catkin_skip_building_tests' from command line to 'False'
[0.500s] DEBUG:colcon.colcon_core.verb:Building package 'vda5050_tb3_adapter' with the following arguments: {'ament_cmake_args': None, 'build_base': '/home/dbot2/dbot_vda5050_ilmatar/build/vda5050_tb3_adapter', 'catkin_cmake_args': None, 'catkin_skip_building_tests': False, 'cmake_args': None, 'cmake_clean_cache': False, 'cmake_clean_first': False, 'cmake_force_configure': False, 'cmake_target': None, 'cmake_target_skip_unavailable': False, 'install_base': '/home/dbot2/dbot_vda5050_ilmatar/install/vda5050_tb3_adapter', 'merge_install': False, 'path': '/home/dbot2/dbot_vda5050_ilmatar/src/vda5050_tb3_adapter', 'symlink_install': False, 'test_result_base': None}
[0.500s] INFO:colcon.colcon_core.executor:Executing jobs using 'parallel' executor
[0.501s] DEBUG:colcon.colcon_parallel_executor.executor.parallel:run_until_complete
[0.501s] INFO:colcon.colcon_ros.task.ament_cmake.build:Building ROS package in '/home/dbot2/dbot_vda5050_ilmatar/src/dbot_custom_msgs' with build type 'ament_cmake'
[0.501s] INFO:colcon.colcon_cmake.task.cmake.build:Building CMake package in '/home/dbot2/dbot_vda5050_ilmatar/src/dbot_custom_msgs'
[0.504s] INFO:colcon.colcon_core.plugin_system:Skipping extension 'colcon_core.shell.bat': Not used on non-Windows systems
[0.504s] INFO:colcon.colcon_core.shell:Skip shell extension 'powershell' for command environment: Not usable outside of PowerShell
[0.504s] DEBUG:colcon.colcon_core.shell:Skip shell extension 'dsv' for command environment
[0.509s] INFO:colcon.colcon_ros.task.ament_cmake.build:Building ROS package in '/home/dbot2/dbot_vda5050_ilmatar/src/vda5050_msgs' with build type 'ament_cmake'
[0.509s] INFO:colcon.colcon_cmake.task.cmake.build:Building CMake package in '/home/dbot2/dbot_vda5050_ilmatar/src/vda5050_msgs'
[0.510s] INFO:colcon.colcon_core.shell:Skip shell extension 'powershell' for command environment: Not usable outside of PowerShell
[0.510s] DEBUG:colcon.colcon_core.shell:Skip shell extension 'dsv' for command environment
[0.515s] INFO:colcon.colcon_ros.task.ament_python.build:Building ROS package in '/home/dbot2/dbot_vda5050_ilmatar/src/dbot' with build type 'ament_python'
[0.515s] Level 1:colcon.colcon_core.shell:create_environment_hook('dbot', 'ament_prefix_path')
[0.515s] INFO:colcon.colcon_core.shell:Creating environment hook '/home/dbot2/dbot_vda5050_ilmatar/install/dbot/share/dbot/hook/ament_prefix_path.ps1'
[0.516s] INFO:colcon.colcon_core.shell:Creating environment descriptor '/home/dbot2/dbot_vda5050_ilmatar/install/dbot/share/dbot/hook/ament_prefix_path.dsv'
[0.516s] INFO:colcon.colcon_core.shell:Creating environment hook '/home/dbot2/dbot_vda5050_ilmatar/install/dbot/share/dbot/hook/ament_prefix_path.sh'
[0.516s] INFO:colcon.colcon_core.shell:Skip shell extension 'powershell' for command environment: Not usable outside of PowerShell
[0.517s] DEBUG:colcon.colcon_core.shell:Skip shell extension 'dsv' for command environment
[0.521s] INFO:colcon.colcon_ros.task.ament_python.build:Building ROS package in '/home/dbot2/dbot_vda5050_ilmatar/src/dbot_bridge' with build type 'ament_python'
[0.522s] Level 1:colcon.colcon_core.shell:create_environment_hook('dbot_bridge', 'ament_prefix_path')
[0.522s] INFO:colcon.colcon_core.shell:Creating environment hook '/home/dbot2/dbot_vda5050_ilmatar/install/dbot_bridge/share/dbot_bridge/hook/ament_prefix_path.ps1'
[0.522s] INFO:colcon.colcon_core.shell:Creating environment descriptor '/home/dbot2/dbot_vda5050_ilmatar/install/dbot_bridge/share/dbot_bridge/hook/ament_prefix_path.dsv'
[0.522s] INFO:colcon.colcon_core.shell:Creating environment hook '/home/dbot2/dbot_vda5050_ilmatar/install/dbot_bridge/share/dbot_bridge/hook/ament_prefix_path.sh'
[0.523s] INFO:colcon.colcon_core.shell:Skip shell extension 'powershell' for command environment: Not usable outside of PowerShell
[0.523s] DEBUG:colcon.colcon_core.shell:Skip shell extension 'dsv' for command environment
[0.527s] INFO:colcon.colcon_ros.task.ament_cmake.build:Building ROS package in '/home/dbot2/dbot_vda5050_ilmatar/src/dbot_nav_slam' with build type 'ament_cmake'
[0.527s] INFO:colcon.colcon_cmake.task.cmake.build:Building CMake package in '/home/dbot2/dbot_vda5050_ilmatar/src/dbot_nav_slam'
[0.528s] INFO:colcon.colcon_core.shell:Skip shell extension 'powershell' for command environment: Not usable outside of PowerShell
[0.528s] DEBUG:colcon.colcon_core.shell:Skip shell extension 'dsv' for command environment
[0.533s] INFO:colcon.colcon_ros.task.ament_python.build:Building ROS package in '/home/dbot2/dbot_vda5050_ilmatar/src/gesturecontrol' with build type 'ament_python'
[0.533s] Level 1:colcon.colcon_core.shell:create_environment_hook('gesturecontrol', 'ament_prefix_path')
[0.534s] INFO:colcon.colcon_core.shell:Creating environment hook '/home/dbot2/dbot_vda5050_ilmatar/install/gesturecontrol/share/gesturecontrol/hook/ament_prefix_path.ps1'
[0.534s] INFO:colcon.colcon_core.shell:Creating environment descriptor '/home/dbot2/dbot_vda5050_ilmatar/install/gesturecontrol/share/gesturecontrol/hook/ament_prefix_path.dsv'
[0.534s] INFO:colcon.colcon_core.shell:Creating environment hook '/home/dbot2/dbot_vda5050_ilmatar/install/gesturecontrol/share/gesturecontrol/hook/ament_prefix_path.sh'
[0.535s] INFO:colcon.colcon_core.shell:Skip shell extension 'powershell' for command environment: Not usable outside of PowerShell
[0.535s] DEBUG:colcon.colcon_core.shell:Skip shell extension 'dsv' for command environment
[0.540s] INFO:colcon.colcon_ros.task.ament_python.build:Building ROS package in '/home/dbot2/dbot_vda5050_ilmatar/src/joycontrol' with build type 'ament_python'
[0.540s] Level 1:colcon.colcon_core.shell:create_environment_hook('joycontrol', 'ament_prefix_path')
[0.540s] INFO:colcon.colcon_core.shell:Creating environment hook '/home/dbot2/dbot_vda5050_ilmatar/install/joycontrol/share/joycontrol/hook/ament_prefix_path.ps1'
[0.540s] INFO:colcon.colcon_core.shell:Creating environment descriptor '/home/dbot2/dbot_vda5050_ilmatar/install/joycontrol/share/joycontrol/hook/ament_prefix_path.dsv'
[0.540s] INFO:colcon.colcon_core.shell:Creating environment hook '/home/dbot2/dbot_vda5050_ilmatar/install/joycontrol/share/joycontrol/hook/ament_prefix_path.sh'
[0.541s] INFO:colcon.colcon_core.shell:Skip shell extension 'powershell' for command environment: Not usable outside of PowerShell
[0.541s] DEBUG:colcon.colcon_core.shell:Skip shell extension 'dsv' for command environment
[0.545s] INFO:colcon.colcon_ros.task.ament_python.build:Building ROS package in '/home/dbot2/dbot_vda5050_ilmatar/src/tf2_dbot' with build type 'ament_python'
[0.545s] Level 1:colcon.colcon_core.shell:create_environment_hook('tf2_dbot', 'ament_prefix_path')
[0.546s] INFO:colcon.colcon_core.shell:Creating environment hook '/home/dbot2/dbot_vda5050_ilmatar/install/tf2_dbot/share/tf2_dbot/hook/ament_prefix_path.ps1'
[0.546s] INFO:colcon.colcon_core.shell:Creating environment descriptor '/home/dbot2/dbot_vda5050_ilmatar/install/tf2_dbot/share/tf2_dbot/hook/ament_prefix_path.dsv'
[0.546s] INFO:colcon.colcon_core.shell:Creating environment hook '/home/dbot2/dbot_vda5050_ilmatar/install/tf2_dbot/share/tf2_dbot/hook/ament_prefix_path.sh'
[0.546s] INFO:colcon.colcon_core.shell:Skip shell extension 'powershell' for command environment: Not usable outside of PowerShell
[0.546s] DEBUG:colcon.colcon_core.shell:Skip shell extension 'dsv' for command environment
[0.555s] DEBUG:colcon.colcon_core.event_handler.log_command:Invoking command in '/home/dbot2/dbot_vda5050_ilmatar/build/dbot_custom_msgs': CMAKE_PREFIX_PATH=${CMAKE_PREFIX_PATH}:/home/dbot2/dbot_vda5050_ilmatar/install/vda5050_tb3_adapter:/home/dbot2/dbot_vda5050_ilmatar/install/tf2_dbot:/home/dbot2/dbot_vda5050_ilmatar/install/odom_motion_model:/home/dbot2/dbot_vda5050_ilmatar/install/motor_driver:/home/dbot2/dbot_vda5050_ilmatar/install/joycontrol:/home/dbot2/dbot_vda5050_ilmatar/install/gesturecontrol:/home/dbot2/dbot_vda5050_ilmatar/install/dbot_bridge:/home/dbot2/dbot_vda5050_ilmatar/install/dbot:/home/dbot2/dbot_src/install/tf2_dbot:/home/dbot2/dbot_src/install/odom_motion_model:/home/dbot2/dbot_src/install/motor_driver:/home/dbot2/dbot_src/install/joycontrol:/home/dbot2/dbot_src/install/dbot:/home/dbot2/dbot_remote/install/pcd_joy_trigger:/home/dbot2/circus_demo/install/circus_demo:/home/dbot2/ros2_ws/install/tf2_dbot:/home/dbot2/ros2_ws/install/odom_motion_model:/home/dbot2/ros2_ws/install/motor_driver:/home/dbot2/ros2_ws/install/joycontrol:/home/dbot2/ros2_ws/install/gesturecontrol:/home/dbot2/ros2_ws/install/dbot_bridge:/home/dbot2/ros2_ws/install/dbot:/home/dbot2/ros2_ws/install/ament_xmllint:/home/dbot2/ros2_ws/install/ament_uncrustify:/home/dbot2/ros2_ws/install/ament_pyflakes:/home/dbot2/ros2_ws/install/ament_pycodestyle:/home/dbot2/ros2_ws/install/ament_pep257:/home/dbot2/ros2_ws/install/ament_pclint:/home/dbot2/ros2_ws/install/ament_mypy:/home/dbot2/ros2_ws/install/ament_lint_cmake:/home/dbot2/ros2_ws/install/ament_flake8:/home/dbot2/ros2_ws/install/ament_copyright:/home/dbot2/ros2_ws/install/ament_lint:/home/dbot2/ros2_ws/install/ament_cpplint:/home/dbot2/ros2_ws/install/ament_cppcheck:/home/dbot2/ros2_ws/install/ament_clang_tidy:/home/dbot2/ros2_ws/install/ament_clang_format:/opt/ros/humble /usr/bin/cmake --build /home/dbot2/dbot_vda5050_ilmatar/build/dbot_custom_msgs -- -j8 -l8
[0.558s] DEBUG:colcon.colcon_core.event_handler.log_command:Invoking command in '/home/dbot2/dbot_vda5050_ilmatar/build/vda5050_msgs': CMAKE_PREFIX_PATH=${CMAKE_PREFIX_PATH}:/home/dbot2/dbot_vda5050_ilmatar/install/vda5050_tb3_adapter:/home/dbot2/dbot_vda5050_ilmatar/install/tf2_dbot:/home/dbot2/dbot_vda5050_ilmatar/install/odom_motion_model:/home/dbot2/dbot_vda5050_ilmatar/install/motor_driver:/home/dbot2/dbot_vda5050_ilmatar/install/joycontrol:/home/dbot2/dbot_vda5050_ilmatar/install/gesturecontrol:/home/dbot2/dbot_vda5050_ilmatar/install/dbot_bridge:/home/dbot2/dbot_vda5050_ilmatar/install/dbot:/home/dbot2/dbot_src/install/tf2_dbot:/home/dbot2/dbot_src/install/odom_motion_model:/home/dbot2/dbot_src/install/motor_driver:/home/dbot2/dbot_src/install/joycontrol:/home/dbot2/dbot_src/install/dbot:/home/dbot2/dbot_remote/install/pcd_joy_trigger:/home/dbot2/circus_demo/install/circus_demo:/home/dbot2/ros2_ws/install/tf2_dbot:/home/dbot2/ros2_ws/install/odom_motion_model:/home/dbot2/ros2_ws/install/motor_driver:/home/dbot2/ros2_ws/install/joycontrol:/home/dbot2/ros2_ws/install/gesturecontrol:/home/dbot2/ros2_ws/install/dbot_bridge:/home/dbot2/ros2_ws/install/dbot:/home/dbot2/ros2_ws/install/ament_xmllint:/home/dbot2/ros2_ws/install/ament_uncrustify:/home/dbot2/ros2_ws/install/ament_pyflakes:/home/dbot2/ros2_ws/install/ament_pycodestyle:/home/dbot2/ros2_ws/install/ament_pep257:/home/dbot2/ros2_ws/install/ament_pclint:/home/dbot2/ros2_ws/install/ament_mypy:/home/dbot2/ros2_ws/install/ament_lint_cmake:/home/dbot2/ros2_ws/install/ament_flake8:/home/dbot2/ros2_ws/install/ament_copyright:/home/dbot2/ros2_ws/install/ament_lint:/home/dbot2/ros2_ws/install/ament_cpplint:/home/dbot2/ros2_ws/install/ament_cppcheck:/home/dbot2/ros2_ws/install/ament_clang_tidy:/home/dbot2/ros2_ws/install/ament_clang_format:/opt/ros/humble /usr/bin/cmake --build /home/dbot2/dbot_vda5050_ilmatar/build/vda5050_msgs -- -j8 -l8
[1.288s] WARNING:colcon.colcon_ros.task.ament_python.build:Package 'dbot' doesn't explicitly install a marker in the package index (colcon-ros currently does it implicitly but that fallback will be removed in the future)
[1.289s] WARNING:colcon.colcon_ros.task.ament_python.build:Package 'dbot' doesn't explicitly install the 'package.xml' file (colcon-ros currently does it implicitly but that fallback will be removed in the future)
[1.289s] INFO:colcon.colcon_core.task.python.build:Building Python package in '/home/dbot2/dbot_vda5050_ilmatar/src/dbot'
[1.290s] INFO:colcon.colcon_core.shell:Skip shell extension 'powershell' for command environment: Not usable outside of PowerShell
[1.290s] DEBUG:colcon.colcon_core.shell:Skip shell extension 'dsv' for command environment
[2.034s] INFO:colcon.colcon_core.task.python.build:Building Python package in '/home/dbot2/dbot_vda5050_ilmatar/src/dbot_bridge'
[2.035s] INFO:colcon.colcon_core.shell:Skip shell extension 'powershell' for command environment: Not usable outside of PowerShell
[2.035s] DEBUG:colcon.colcon_core.shell:Skip shell extension 'dsv' for command environment
[2.049s] DEBUG:colcon.colcon_core.event_handler.log_command:Invoking command in '/home/dbot2/dbot_vda5050_ilmatar/build/dbot_nav_slam': CMAKE_PREFIX_PATH=${CMAKE_PREFIX_PATH}:/home/dbot2/dbot_vda5050_ilmatar/install/vda5050_tb3_adapter:/home/dbot2/dbot_vda5050_ilmatar/install/tf2_dbot:/home/dbot2/dbot_vda5050_ilmatar/install/odom_motion_model:/home/dbot2/dbot_vda5050_ilmatar/install/motor_driver:/home/dbot2/dbot_vda5050_ilmatar/install/joycontrol:/home/dbot2/dbot_vda5050_ilmatar/install/gesturecontrol:/home/dbot2/dbot_vda5050_ilmatar/install/dbot_bridge:/home/dbot2/dbot_vda5050_ilmatar/install/dbot:/home/dbot2/dbot_src/install/tf2_dbot:/home/dbot2/dbot_src/install/odom_motion_model:/home/dbot2/dbot_src/install/motor_driver:/home/dbot2/dbot_src/install/joycontrol:/home/dbot2/dbot_src/install/dbot:/home/dbot2/dbot_remote/install/pcd_joy_trigger:/home/dbot2/circus_demo/install/circus_demo:/home/dbot2/ros2_ws/install/tf2_dbot:/home/dbot2/ros2_ws/install/odom_motion_model:/home/dbot2/ros2_ws/install/motor_driver:/home/dbot2/ros2_ws/install/joycontrol:/home/dbot2/ros2_ws/install/gesturecontrol:/home/dbot2/ros2_ws/install/dbot_bridge:/home/dbot2/ros2_ws/install/dbot:/home/dbot2/ros2_ws/install/ament_xmllint:/home/dbot2/ros2_ws/install/ament_uncrustify:/home/dbot2/ros2_ws/install/ament_pyflakes:/home/dbot2/ros2_ws/install/ament_pycodestyle:/home/dbot2/ros2_ws/install/ament_pep257:/home/dbot2/ros2_ws/install/ament_pclint:/home/dbot2/ros2_ws/install/ament_mypy:/home/dbot2/ros2_ws/install/ament_lint_cmake:/home/dbot2/ros2_ws/install/ament_flake8:/home/dbot2/ros2_ws/install/ament_copyright:/home/dbot2/ros2_ws/install/ament_lint:/home/dbot2/ros2_ws/install/ament_cpplint:/home/dbot2/ros2_ws/install/ament_cppcheck:/home/dbot2/ros2_ws/install/ament_clang_tidy:/home/dbot2/ros2_ws/install/ament_clang_format:/opt/ros/humble /usr/bin/cmake --build /home/dbot2/dbot_vda5050_ilmatar/build/dbot_nav_slam -- -j8 -l8
[2.804s] INFO:colcon.colcon_core.task.python.build:Building Python package in '/home/dbot2/dbot_vda5050_ilmatar/src/gesturecontrol'
[2.805s] INFO:colcon.colcon_core.shell:Skip shell extension 'powershell' for command environment: Not usable outside of PowerShell
[2.805s] DEBUG:colcon.colcon_core.shell:Skip shell extension 'dsv' for command environment
[3.410s] INFO:colcon.colcon_core.task.python.build:Building Python package in '/home/dbot2/dbot_vda5050_ilmatar/src/joycontrol'
[3.411s] INFO:colcon.colcon_core.shell:Skip shell extension 'powershell' for command environment: Not usable outside of PowerShell
[3.411s] DEBUG:colcon.colcon_core.shell:Skip shell extension 'dsv' for command environment
[3.928s] INFO:colcon.colcon_core.task.python.build:Building Python package in '/home/dbot2/dbot_vda5050_ilmatar/src/tf2_dbot'
[3.929s] INFO:colcon.colcon_core.shell:Skip shell extension 'powershell' for command environment: Not usable outside of PowerShell
[3.929s] DEBUG:colcon.colcon_core.shell:Skip shell extension 'dsv' for command environment
[3.944s] DEBUG:colcon.colcon_core.event_handler.log_command:Invoked command in '/home/dbot2/dbot_vda5050_ilmatar/build/dbot_custom_msgs' returned '0': CMAKE_PREFIX_PATH=${CMAKE_PREFIX_PATH}:/home/dbot2/dbot_vda5050_ilmatar/install/vda5050_tb3_adapter:/home/dbot2/dbot_vda5050_ilmatar/install/tf2_dbot:/home/dbot2/dbot_vda5050_ilmatar/install/odom_motion_model:/home/dbot2/dbot_vda5050_ilmatar/install/motor_driver:/home/dbot2/dbot_vda5050_ilmatar/install/joycontrol:/home/dbot2/dbot_vda5050_ilmatar/install/gesturecontrol:/home/dbot2/dbot_vda5050_ilmatar/install/dbot_bridge:/home/dbot2/dbot_vda5050_ilmatar/install/dbot:/home/dbot2/dbot_src/install/tf2_dbot:/home/dbot2/dbot_src/install/odom_motion_model:/home/dbot2/dbot_src/install/motor_driver:/home/dbot2/dbot_src/install/joycontrol:/home/dbot2/dbot_src/install/dbot:/home/dbot2/dbot_remote/install/pcd_joy_trigger:/home/dbot2/circus_demo/install/circus_demo:/home/dbot2/ros2_ws/install/tf2_dbot:/home/dbot2/ros2_ws/install/odom_motion_model:/home/dbot2/ros2_ws/install/motor_driver:/home/dbot2/ros2_ws/install/joycontrol:/home/dbot2/ros2_ws/install/gesturecontrol:/home/dbot2/ros2_ws/install/dbot_bridge:/home/dbot2/ros2_ws/install/dbot:/home/dbot2/ros2_ws/install/ament_xmllint:/home/dbot2/ros2_ws/install/ament_uncrustify:/home/dbot2/ros2_ws/install/ament_pyflakes:/home/dbot2/ros2_ws/install/ament_pycodestyle:/home/dbot2/ros2_ws/install/ament_pep257:/home/dbot2/ros2_ws/install/ament_pclint:/home/dbot2/ros2_ws/install/ament_mypy:/home/dbot2/ros2_ws/install/ament_lint_cmake:/home/dbot2/ros2_ws/install/ament_flake8:/home/dbot2/ros2_ws/install/ament_copyright:/home/dbot2/ros2_ws/install/ament_lint:/home/dbot2/ros2_ws/install/ament_cpplint:/home/dbot2/ros2_ws/install/ament_cppcheck:/home/dbot2/ros2_ws/install/ament_clang_tidy:/home/dbot2/ros2_ws/install/ament_clang_format:/opt/ros/humble /usr/bin/cmake --build /home/dbot2/dbot_vda5050_ilmatar/build/dbot_custom_msgs -- -j8 -l8
[3.969s] DEBUG:colcon.colcon_core.event_handler.log_command:Invoking command in '/home/dbot2/dbot_vda5050_ilmatar/build/dbot_custom_msgs': CMAKE_PREFIX_PATH=${CMAKE_PREFIX_PATH}:/home/dbot2/dbot_vda5050_ilmatar/install/vda5050_tb3_adapter:/home/dbot2/dbot_vda5050_ilmatar/install/tf2_dbot:/home/dbot2/dbot_vda5050_ilmatar/install/odom_motion_model:/home/dbot2/dbot_vda5050_ilmatar/install/motor_driver:/home/dbot2/dbot_vda5050_ilmatar/install/joycontrol:/home/dbot2/dbot_vda5050_ilmatar/install/gesturecontrol:/home/dbot2/dbot_vda5050_ilmatar/install/dbot_bridge:/home/dbot2/dbot_vda5050_ilmatar/install/dbot:/home/dbot2/dbot_src/install/tf2_dbot:/home/dbot2/dbot_src/install/odom_motion_model:/home/dbot2/dbot_src/install/motor_driver:/home/dbot2/dbot_src/install/joycontrol:/home/dbot2/dbot_src/install/dbot:/home/dbot2/dbot_remote/install/pcd_joy_trigger:/home/dbot2/circus_demo/install/circus_demo:/home/dbot2/ros2_ws/install/tf2_dbot:/home/dbot2/ros2_ws/install/odom_motion_model:/home/dbot2/ros2_ws/install/motor_driver:/home/dbot2/ros2_ws/install/joycontrol:/home/dbot2/ros2_ws/install/gesturecontrol:/home/dbot2/ros2_ws/install/dbot_bridge:/home/dbot2/ros2_ws/install/dbot:/home/dbot2/ros2_ws/install/ament_xmllint:/home/dbot2/ros2_ws/install/ament_uncrustify:/home/dbot2/ros2_ws/install/ament_pyflakes:/home/dbot2/ros2_ws/install/ament_pycodestyle:/home/dbot2/ros2_ws/install/ament_pep257:/home/dbot2/ros2_ws/install/ament_pclint:/home/dbot2/ros2_ws/install/ament_mypy:/home/dbot2/ros2_ws/install/ament_lint_cmake:/home/dbot2/ros2_ws/install/ament_flake8:/home/dbot2/ros2_ws/install/ament_copyright:/home/dbot2/ros2_ws/install/ament_lint:/home/dbot2/ros2_ws/install/ament_cpplint:/home/dbot2/ros2_ws/install/ament_cppcheck:/home/dbot2/ros2_ws/install/ament_clang_tidy:/home/dbot2/ros2_ws/install/ament_clang_format:/opt/ros/humble /usr/bin/cmake --install /home/dbot2/dbot_vda5050_ilmatar/build/dbot_custom_msgs
[3.971s] DEBUG:colcon.colcon_core.event_handler.log_command:Invoked command in '/home/dbot2/dbot_vda5050_ilmatar/build/dbot_nav_slam' returned '0': CMAKE_PREFIX_PATH=${CMAKE_PREFIX_PATH}:/home/dbot2/dbot_vda5050_ilmatar/install/vda5050_tb3_adapter:/home/dbot2/dbot_vda5050_ilmatar/install/tf2_dbot:/home/dbot2/dbot_vda5050_ilmatar/install/odom_motion_model:/home/dbot2/dbot_vda5050_ilmatar/install/motor_driver:/home/dbot2/dbot_vda5050_ilmatar/install/joycontrol:/home/dbot2/dbot_vda5050_ilmatar/install/gesturecontrol:/home/dbot2/dbot_vda5050_ilmatar/install/dbot_bridge:/home/dbot2/dbot_vda5050_ilmatar/install/dbot:/home/dbot2/dbot_src/install/tf2_dbot:/home/dbot2/dbot_src/install/odom_motion_model:/home/dbot2/dbot_src/install/motor_driver:/home/dbot2/dbot_src/install/joycontrol:/home/dbot2/dbot_src/install/dbot:/home/dbot2/dbot_remote/install/pcd_joy_trigger:/home/dbot2/circus_demo/install/circus_demo:/home/dbot2/ros2_ws/install/tf2_dbot:/home/dbot2/ros2_ws/install/odom_motion_model:/home/dbot2/ros2_ws/install/motor_driver:/home/dbot2/ros2_ws/install/joycontrol:/home/dbot2/ros2_ws/install/gesturecontrol:/home/dbot2/ros2_ws/install/dbot_bridge:/home/dbot2/ros2_ws/install/dbot:/home/dbot2/ros2_ws/install/ament_xmllint:/home/dbot2/ros2_ws/install/ament_uncrustify:/home/dbot2/ros2_ws/install/ament_pyflakes:/home/dbot2/ros2_ws/install/ament_pycodestyle:/home/dbot2/ros2_ws/install/ament_pep257:/home/dbot2/ros2_ws/install/ament_pclint:/home/dbot2/ros2_ws/install/ament_mypy:/home/dbot2/ros2_ws/install/ament_lint_cmake:/home/dbot2/ros2_ws/install/ament_flake8:/home/dbot2/ros2_ws/install/ament_copyright:/home/dbot2/ros2_ws/install/ament_lint:/home/dbot2/ros2_ws/install/ament_cpplint:/home/dbot2/ros2_ws/install/ament_cppcheck:/home/dbot2/ros2_ws/install/ament_clang_tidy:/home/dbot2/ros2_ws/install/ament_clang_format:/opt/ros/humble /usr/bin/cmake --build /home/dbot2/dbot_vda5050_ilmatar/build/dbot_nav_slam -- -j8 -l8
[3.983s] DEBUG:colcon.colcon_core.event_handler.log_command:Invoking command in '/home/dbot2/dbot_vda5050_ilmatar/build/dbot_nav_slam': CMAKE_PREFIX_PATH=${CMAKE_PREFIX_PATH}:/home/dbot2/dbot_vda5050_ilmatar/install/vda5050_tb3_adapter:/home/dbot2/dbot_vda5050_ilmatar/install/tf2_dbot:/home/dbot2/dbot_vda5050_ilmatar/install/odom_motion_model:/home/dbot2/dbot_vda5050_ilmatar/install/motor_driver:/home/dbot2/dbot_vda5050_ilmatar/install/joycontrol:/home/dbot2/dbot_vda5050_ilmatar/install/gesturecontrol:/home/dbot2/dbot_vda5050_ilmatar/install/dbot_bridge:/home/dbot2/dbot_vda5050_ilmatar/install/dbot:/home/dbot2/dbot_src/install/tf2_dbot:/home/dbot2/dbot_src/install/odom_motion_model:/home/dbot2/dbot_src/install/motor_driver:/home/dbot2/dbot_src/install/joycontrol:/home/dbot2/dbot_src/install/dbot:/home/dbot2/dbot_remote/install/pcd_joy_trigger:/home/dbot2/circus_demo/install/circus_demo:/home/dbot2/ros2_ws/install/tf2_dbot:/home/dbot2/ros2_ws/install/odom_motion_model:/home/dbot2/ros2_ws/install/motor_driver:/home/dbot2/ros2_ws/install/joycontrol:/home/dbot2/ros2_ws/install/gesturecontrol:/home/dbot2/ros2_ws/install/dbot_bridge:/home/dbot2/ros2_ws/install/dbot:/home/dbot2/ros2_ws/install/ament_xmllint:/home/dbot2/ros2_ws/install/ament_uncrustify:/home/dbot2/ros2_ws/install/ament_pyflakes:/home/dbot2/ros2_ws/install/ament_pycodestyle:/home/dbot2/ros2_ws/install/ament_pep257:/home/dbot2/ros2_ws/install/ament_pclint:/home/dbot2/ros2_ws/install/ament_mypy:/home/dbot2/ros2_ws/install/ament_lint_cmake:/home/dbot2/ros2_ws/install/ament_flake8:/home/dbot2/ros2_ws/install/ament_copyright:/home/dbot2/ros2_ws/install/ament_lint:/home/dbot2/ros2_ws/install/ament_cpplint:/home/dbot2/ros2_ws/install/ament_cppcheck:/home/dbot2/ros2_ws/install/ament_clang_tidy:/home/dbot2/ros2_ws/install/ament_clang_format:/opt/ros/humble /usr/bin/cmake --install /home/dbot2/dbot_vda5050_ilmatar/build/dbot_nav_slam
[4.233s] Level 1:colcon.colcon_core.environment:create_environment_scripts_only(dbot_nav_slam)
[4.235s] DEBUG:colcon.colcon_core.event_handler.log_command:Invoked command in '/home/dbot2/dbot_vda5050_ilmatar/build/dbot_nav_slam' returned '0': CMAKE_PREFIX_PATH=${CMAKE_PREFIX_PATH}:/home/dbot2/dbot_vda5050_ilmatar/install/vda5050_tb3_adapter:/home/dbot2/dbot_vda5050_ilmatar/install/tf2_dbot:/home/dbot2/dbot_vda5050_ilmatar/install/odom_motion_model:/home/dbot2/dbot_vda5050_ilmatar/install/motor_driver:/home/dbot2/dbot_vda5050_ilmatar/install/joycontrol:/home/dbot2/dbot_vda5050_ilmatar/install/gesturecontrol:/home/dbot2/dbot_vda5050_ilmatar/install/dbot_bridge:/home/dbot2/dbot_vda5050_ilmatar/install/dbot:/home/dbot2/dbot_src/install/tf2_dbot:/home/dbot2/dbot_src/install/odom_motion_model:/home/dbot2/dbot_src/install/motor_driver:/home/dbot2/dbot_src/install/joycontrol:/home/dbot2/dbot_src/install/dbot:/home/dbot2/dbot_remote/install/pcd_joy_trigger:/home/dbot2/circus_demo/install/circus_demo:/home/dbot2/ros2_ws/install/tf2_dbot:/home/dbot2/ros2_ws/install/odom_motion_model:/home/dbot2/ros2_ws/install/motor_driver:/home/dbot2/ros2_ws/install/joycontrol:/home/dbot2/ros2_ws/install/gesturecontrol:/home/dbot2/ros2_ws/install/dbot_bridge:/home/dbot2/ros2_ws/install/dbot:/home/dbot2/ros2_ws/install/ament_xmllint:/home/dbot2/ros2_ws/install/ament_uncrustify:/home/dbot2/ros2_ws/install/ament_pyflakes:/home/dbot2/ros2_ws/install/ament_pycodestyle:/home/dbot2/ros2_ws/install/ament_pep257:/home/dbot2/ros2_ws/install/ament_pclint:/home/dbot2/ros2_ws/install/ament_mypy:/home/dbot2/ros2_ws/install/ament_lint_cmake:/home/dbot2/ros2_ws/install/ament_flake8:/home/dbot2/ros2_ws/install/ament_copyright:/home/dbot2/ros2_ws/install/ament_lint:/home/dbot2/ros2_ws/install/ament_cpplint:/home/dbot2/ros2_ws/install/ament_cppcheck:/home/dbot2/ros2_ws/install/ament_clang_tidy:/home/dbot2/ros2_ws/install/ament_clang_format:/opt/ros/humble /usr/bin/cmake --install /home/dbot2/dbot_vda5050_ilmatar/build/dbot_nav_slam
[4.249s] Level 1:colcon.colcon_core.environment:checking '/home/dbot2/dbot_vda5050_ilmatar/install/dbot_nav_slam' for CMake module files
[4.250s] Level 1:colcon.colcon_core.environment:checking '/home/dbot2/dbot_vda5050_ilmatar/install/dbot_nav_slam' for CMake config files
[4.256s] Level 1:colcon.colcon_core.shell:create_environment_hook('dbot_nav_slam', 'cmake_prefix_path')
[4.256s] INFO:colcon.colcon_core.shell:Creating environment hook '/home/dbot2/dbot_vda5050_ilmatar/install/dbot_nav_slam/share/dbot_nav_slam/hook/cmake_prefix_path.ps1'
[4.257s] INFO:colcon.colcon_core.shell:Creating environment descriptor '/home/dbot2/dbot_vda5050_ilmatar/install/dbot_nav_slam/share/dbot_nav_slam/hook/cmake_prefix_path.dsv'
[4.257s] INFO:colcon.colcon_core.shell:Creating environment hook '/home/dbot2/dbot_vda5050_ilmatar/install/dbot_nav_slam/share/dbot_nav_slam/hook/cmake_prefix_path.sh'
[4.258s] Level 1:colcon.colcon_core.environment:checking '/home/dbot2/dbot_vda5050_ilmatar/install/dbot_nav_slam/lib'
[4.258s] Level 1:colcon.colcon_core.environment:checking '/home/dbot2/dbot_vda5050_ilmatar/install/dbot_nav_slam/bin'
[4.258s] Level 1:colcon.colcon_core.environment:checking '/home/dbot2/dbot_vda5050_ilmatar/install/dbot_nav_slam/lib/pkgconfig/dbot_nav_slam.pc'
[4.258s] Level 1:colcon.colcon_core.environment:checking '/home/dbot2/dbot_vda5050_ilmatar/install/dbot_nav_slam/lib/python3.10/site-packages'
[4.259s] Level 1:colcon.colcon_core.environment:checking '/home/dbot2/dbot_vda5050_ilmatar/install/dbot_nav_slam/bin'
[4.259s] INFO:colcon.colcon_core.shell:Creating package script '/home/dbot2/dbot_vda5050_ilmatar/install/dbot_nav_slam/share/dbot_nav_slam/package.ps1'
[4.267s] INFO:colcon.colcon_core.shell:Creating package descriptor '/home/dbot2/dbot_vda5050_ilmatar/install/dbot_nav_slam/share/dbot_nav_slam/package.dsv'
[4.271s] INFO:colcon.colcon_core.shell:Creating package script '/home/dbot2/dbot_vda5050_ilmatar/install/dbot_nav_slam/share/dbot_nav_slam/package.sh'
[4.275s] INFO:colcon.colcon_core.shell:Creating package script '/home/dbot2/dbot_vda5050_ilmatar/install/dbot_nav_slam/share/dbot_nav_slam/package.bash'
[4.277s] INFO:colcon.colcon_core.shell:Creating package script '/home/dbot2/dbot_vda5050_ilmatar/install/dbot_nav_slam/share/dbot_nav_slam/package.zsh'
[4.278s] Level 1:colcon.colcon_core.environment:create_file_with_runtime_dependencies(/home/dbot2/dbot_vda5050_ilmatar/install/dbot_nav_slam/share/colcon-core/packages/dbot_nav_slam)
[4.278s] Level 1:colcon.colcon_core.environment:create_environment_scripts_only(dbot_nav_slam)
[4.279s] Level 1:colcon.colcon_core.environment:checking '/home/dbot2/dbot_vda5050_ilmatar/install/dbot_nav_slam' for CMake module files
[4.279s] Level 1:colcon.colcon_core.environment:checking '/home/dbot2/dbot_vda5050_ilmatar/install/dbot_nav_slam' for CMake config files
[4.280s] Level 1:colcon.colcon_core.shell:create_environment_hook('dbot_nav_slam', 'cmake_prefix_path')
[4.280s] INFO:colcon.colcon_core.shell:Creating environment hook '/home/dbot2/dbot_vda5050_ilmatar/install/dbot_nav_slam/share/dbot_nav_slam/hook/cmake_prefix_path.ps1'
[4.280s] INFO:colcon.colcon_core.shell:Creating environment descriptor '/home/dbot2/dbot_vda5050_ilmatar/install/dbot_nav_slam/share/dbot_nav_slam/hook/cmake_prefix_path.dsv'
[4.294s] INFO:colcon.colcon_core.shell:Creating environment hook '/home/dbot2/dbot_vda5050_ilmatar/install/dbot_nav_slam/share/dbot_nav_slam/hook/cmake_prefix_path.sh'
[4.295s] Level 1:colcon.colcon_core.environment:checking '/home/dbot2/dbot_vda5050_ilmatar/install/dbot_nav_slam/lib'
[4.295s] Level 1:colcon.colcon_core.environment:checking '/home/dbot2/dbot_vda5050_ilmatar/install/dbot_nav_slam/bin'
[4.295s] Level 1:colcon.colcon_core.environment:checking '/home/dbot2/dbot_vda5050_ilmatar/install/dbot_nav_slam/lib/pkgconfig/dbot_nav_slam.pc'
[4.295s] Level 1:colcon.colcon_core.environment:checking '/home/dbot2/dbot_vda5050_ilmatar/install/dbot_nav_slam/lib/python3.10/site-packages'
[4.295s] Level 1:colcon.colcon_core.environment:checking '/home/dbot2/dbot_vda5050_ilmatar/install/dbot_nav_slam/bin'
[4.296s] INFO:colcon.colcon_core.shell:Creating package script '/home/dbot2/dbot_vda5050_ilmatar/install/dbot_nav_slam/share/dbot_nav_slam/package.ps1'
[4.301s] INFO:colcon.colcon_core.shell:Creating package descriptor '/home/dbot2/dbot_vda5050_ilmatar/install/dbot_nav_slam/share/dbot_nav_slam/package.dsv'
[4.301s] INFO:colcon.colcon_core.shell:Creating package script '/home/dbot2/dbot_vda5050_ilmatar/install/dbot_nav_slam/share/dbot_nav_slam/package.sh'
[4.302s] INFO:colcon.colcon_core.shell:Creating package script '/home/dbot2/dbot_vda5050_ilmatar/install/dbot_nav_slam/share/dbot_nav_slam/package.bash'
[4.302s] INFO:colcon.colcon_core.shell:Creating package script '/home/dbot2/dbot_vda5050_ilmatar/install/dbot_nav_slam/share/dbot_nav_slam/package.zsh'
[4.303s] Level 1:colcon.colcon_core.environment:create_file_with_runtime_dependencies(/home/dbot2/dbot_vda5050_ilmatar/install/dbot_nav_slam/share/colcon-core/packages/dbot_nav_slam)
[4.307s] INFO:colcon.colcon_ros.task.ament_cmake.build:Building ROS package in '/home/dbot2/dbot_vda5050_ilmatar/src/vda_dbot_nav_slam' with build type 'ament_cmake'
[4.307s] INFO:colcon.colcon_cmake.task.cmake.build:Building CMake package in '/home/dbot2/dbot_vda5050_ilmatar/src/vda_dbot_nav_slam'
[4.307s] INFO:colcon.colcon_core.shell:Skip shell extension 'powershell' for command environment: Not usable outside of PowerShell
[4.307s] DEBUG:colcon.colcon_core.shell:Skip shell extension 'dsv' for command environment
[4.348s] Level 1:colcon.colcon_core.environment:create_environment_scripts_only(dbot_custom_msgs)
[4.349s] Level 1:colcon.colcon_core.environment:checking '/home/dbot2/dbot_vda5050_ilmatar/install/dbot_custom_msgs' for CMake module files
[4.349s] DEBUG:colcon.colcon_core.event_handler.log_command:Invoked command in '/home/dbot2/dbot_vda5050_ilmatar/build/dbot_custom_msgs' returned '0': CMAKE_PREFIX_PATH=${CMAKE_PREFIX_PATH}:/home/dbot2/dbot_vda5050_ilmatar/install/vda5050_tb3_adapter:/home/dbot2/dbot_vda5050_ilmatar/install/tf2_dbot:/home/dbot2/dbot_vda5050_ilmatar/install/odom_motion_model:/home/dbot2/dbot_vda5050_ilmatar/install/motor_driver:/home/dbot2/dbot_vda5050_ilmatar/install/joycontrol:/home/dbot2/dbot_vda5050_ilmatar/install/gesturecontrol:/home/dbot2/dbot_vda5050_ilmatar/install/dbot_bridge:/home/dbot2/dbot_vda5050_ilmatar/install/dbot:/home/dbot2/dbot_src/install/tf2_dbot:/home/dbot2/dbot_src/install/odom_motion_model:/home/dbot2/dbot_src/install/motor_driver:/home/dbot2/dbot_src/install/joycontrol:/home/dbot2/dbot_src/install/dbot:/home/dbot2/dbot_remote/install/pcd_joy_trigger:/home/dbot2/circus_demo/install/circus_demo:/home/dbot2/ros2_ws/install/tf2_dbot:/home/dbot2/ros2_ws/install/odom_motion_model:/home/dbot2/ros2_ws/install/motor_driver:/home/dbot2/ros2_ws/install/joycontrol:/home/dbot2/ros2_ws/install/gesturecontrol:/home/dbot2/ros2_ws/install/dbot_bridge:/home/dbot2/ros2_ws/install/dbot:/home/dbot2/ros2_ws/install/ament_xmllint:/home/dbot2/ros2_ws/install/ament_uncrustify:/home/dbot2/ros2_ws/install/ament_pyflakes:/home/dbot2/ros2_ws/install/ament_pycodestyle:/home/dbot2/ros2_ws/install/ament_pep257:/home/dbot2/ros2_ws/install/ament_pclint:/home/dbot2/ros2_ws/install/ament_mypy:/home/dbot2/ros2_ws/install/ament_lint_cmake:/home/dbot2/ros2_ws/install/ament_flake8:/home/dbot2/ros2_ws/install/ament_copyright:/home/dbot2/ros2_ws/install/ament_lint:/home/dbot2/ros2_ws/install/ament_cpplint:/home/dbot2/ros2_ws/install/ament_cppcheck:/home/dbot2/ros2_ws/install/ament_clang_tidy:/home/dbot2/ros2_ws/install/ament_clang_format:/opt/ros/humble /usr/bin/cmake --install /home/dbot2/dbot_vda5050_ilmatar/build/dbot_custom_msgs
[4.350s] Level 1:colcon.colcon_core.environment:checking '/home/dbot2/dbot_vda5050_ilmatar/install/dbot_custom_msgs' for CMake config files
[4.350s] Level 1:colcon.colcon_core.shell:create_environment_hook('dbot_custom_msgs', 'cmake_prefix_path')
[4.351s] INFO:colcon.colcon_core.shell:Creating environment hook '/home/dbot2/dbot_vda5050_ilmatar/install/dbot_custom_msgs/share/dbot_custom_msgs/hook/cmake_prefix_path.ps1'
[4.351s] INFO:colcon.colcon_core.shell:Creating environment descriptor '/home/dbot2/dbot_vda5050_ilmatar/install/dbot_custom_msgs/share/dbot_custom_msgs/hook/cmake_prefix_path.dsv'
[4.351s] INFO:colcon.colcon_core.shell:Creating environment hook '/home/dbot2/dbot_vda5050_ilmatar/install/dbot_custom_msgs/share/dbot_custom_msgs/hook/cmake_prefix_path.sh'
[4.352s] Level 1:colcon.colcon_core.environment:checking '/home/dbot2/dbot_vda5050_ilmatar/install/dbot_custom_msgs/lib'
[4.352s] Level 1:colcon.colcon_core.shell:create_environment_hook('dbot_custom_msgs', 'ld_library_path_lib')
[4.352s] INFO:colcon.colcon_core.shell:Creating environment hook '/home/dbot2/dbot_vda5050_ilmatar/install/dbot_custom_msgs/share/dbot_custom_msgs/hook/ld_library_path_lib.ps1'
[4.353s] INFO:colcon.colcon_core.shell:Creating environment descriptor '/home/dbot2/dbot_vda5050_ilmatar/install/dbot_custom_msgs/share/dbot_custom_msgs/hook/ld_library_path_lib.dsv'
[4.353s] INFO:colcon.colcon_core.shell:Creating environment hook '/home/dbot2/dbot_vda5050_ilmatar/install/dbot_custom_msgs/share/dbot_custom_msgs/hook/ld_library_path_lib.sh'
[4.354s] Level 1:colcon.colcon_core.environment:checking '/home/dbot2/dbot_vda5050_ilmatar/install/dbot_custom_msgs/bin'
[4.354s] Level 1:colcon.colcon_core.environment:checking '/home/dbot2/dbot_vda5050_ilmatar/install/dbot_custom_msgs/lib/pkgconfig/dbot_custom_msgs.pc'
[4.354s] Level 1:colcon.colcon_core.environment:checking '/home/dbot2/dbot_vda5050_ilmatar/install/dbot_custom_msgs/lib/python3.10/site-packages'
[4.354s] Level 1:colcon.colcon_core.environment:checking '/home/dbot2/dbot_vda5050_ilmatar/install/dbot_custom_msgs/bin'
[4.354s] INFO:colcon.colcon_core.shell:Creating package script '/home/dbot2/dbot_vda5050_ilmatar/install/dbot_custom_msgs/share/dbot_custom_msgs/package.ps1'
[4.355s] INFO:colcon.colcon_core.shell:Creating package descriptor '/home/dbot2/dbot_vda5050_ilmatar/install/dbot_custom_msgs/share/dbot_custom_msgs/package.dsv'
[4.355s] INFO:colcon.colcon_core.shell:Creating package script '/home/dbot2/dbot_vda5050_ilmatar/install/dbot_custom_msgs/share/dbot_custom_msgs/package.sh'
[4.356s] INFO:colcon.colcon_core.shell:Creating package script '/home/dbot2/dbot_vda5050_ilmatar/install/dbot_custom_msgs/share/dbot_custom_msgs/package.bash'
[4.356s] INFO:colcon.colcon_core.shell:Creating package script '/home/dbot2/dbot_vda5050_ilmatar/install/dbot_custom_msgs/share/dbot_custom_msgs/package.zsh'
[4.370s] Level 1:colcon.colcon_core.environment:create_file_with_runtime_dependencies(/home/dbot2/dbot_vda5050_ilmatar/install/dbot_custom_msgs/share/colcon-core/packages/dbot_custom_msgs)
[4.371s] Level 1:colcon.colcon_core.environment:create_environment_scripts_only(dbot_custom_msgs)
[4.371s] Level 1:colcon.colcon_core.environment:checking '/home/dbot2/dbot_vda5050_ilmatar/install/dbot_custom_msgs' for CMake module files
[4.372s] Level 1:colcon.colcon_core.environment:checking '/home/dbot2/dbot_vda5050_ilmatar/install/dbot_custom_msgs' for CMake config files
[4.372s] Level 1:colcon.colcon_core.shell:create_environment_hook('dbot_custom_msgs', 'cmake_prefix_path')
[4.372s] INFO:colcon.colcon_core.shell:Creating environment hook '/home/dbot2/dbot_vda5050_ilmatar/install/dbot_custom_msgs/share/dbot_custom_msgs/hook/cmake_prefix_path.ps1'
[4.373s] INFO:colcon.colcon_core.shell:Creating environment descriptor '/home/dbot2/dbot_vda5050_ilmatar/install/dbot_custom_msgs/share/dbot_custom_msgs/hook/cmake_prefix_path.dsv'
[4.373s] INFO:colcon.colcon_core.shell:Creating environment hook '/home/dbot2/dbot_vda5050_ilmatar/install/dbot_custom_msgs/share/dbot_custom_msgs/hook/cmake_prefix_path.sh'
[4.381s] Level 1:colcon.colcon_core.environment:checking '/home/dbot2/dbot_vda5050_ilmatar/install/dbot_custom_msgs/lib'
[4.381s] Level 1:colcon.colcon_core.shell:create_environment_hook('dbot_custom_msgs', 'ld_library_path_lib')
[4.381s] INFO:colcon.colcon_core.shell:Creating environment hook '/home/dbot2/dbot_vda5050_ilmatar/install/dbot_custom_msgs/share/dbot_custom_msgs/hook/ld_library_path_lib.ps1'
[4.382s] INFO:colcon.colcon_core.shell:Creating environment descriptor '/home/dbot2/dbot_vda5050_ilmatar/install/dbot_custom_msgs/share/dbot_custom_msgs/hook/ld_library_path_lib.dsv'
[4.382s] INFO:colcon.colcon_core.shell:Creating environment hook '/home/dbot2/dbot_vda5050_ilmatar/install/dbot_custom_msgs/share/dbot_custom_msgs/hook/ld_library_path_lib.sh'
[4.383s] Level 1:colcon.colcon_core.environment:checking '/home/dbot2/dbot_vda5050_ilmatar/install/dbot_custom_msgs/bin'
[4.383s] Level 1:colcon.colcon_core.environment:checking '/home/dbot2/dbot_vda5050_ilmatar/install/dbot_custom_msgs/lib/pkgconfig/dbot_custom_msgs.pc'
[4.383s] Level 1:colcon.colcon_core.environment:checking '/home/dbot2/dbot_vda5050_ilmatar/install/dbot_custom_msgs/lib/python3.10/site-packages'
[4.383s] Level 1:colcon.colcon_core.environment:checking '/home/dbot2/dbot_vda5050_ilmatar/install/dbot_custom_msgs/bin'
[4.384s] INFO:colcon.colcon_core.shell:Creating package script '/home/dbot2/dbot_vda5050_ilmatar/install/dbot_custom_msgs/share/dbot_custom_msgs/package.ps1'
[4.384s] INFO:colcon.colcon_core.shell:Creating package descriptor '/home/dbot2/dbot_vda5050_ilmatar/install/dbot_custom_msgs/share/dbot_custom_msgs/package.dsv'
[4.392s] INFO:colcon.colcon_core.shell:Creating package script '/home/dbot2/dbot_vda5050_ilmatar/install/dbot_custom_msgs/share/dbot_custom_msgs/package.sh'
[4.393s] INFO:colcon.colcon_core.shell:Creating package script '/home/dbot2/dbot_vda5050_ilmatar/install/dbot_custom_msgs/share/dbot_custom_msgs/package.bash'
[4.393s] INFO:colcon.colcon_core.shell:Creating package script '/home/dbot2/dbot_vda5050_ilmatar/install/dbot_custom_msgs/share/dbot_custom_msgs/package.zsh'
[4.394s] Level 1:colcon.colcon_core.environment:create_file_with_runtime_dependencies(/home/dbot2/dbot_vda5050_ilmatar/install/dbot_custom_msgs/share/colcon-core/packages/dbot_custom_msgs)
[4.401s] INFO:colcon.colcon_ros.task.ament_cmake.build:Building ROS package in '/home/dbot2/dbot_vda5050_ilmatar/src/ros2_odometry_estimation' with build type 'ament_cmake'
[4.401s] INFO:colcon.colcon_cmake.task.cmake.build:Building CMake package in '/home/dbot2/dbot_vda5050_ilmatar/src/ros2_odometry_estimation'
[4.402s] INFO:colcon.colcon_core.shell:Skip shell extension 'powershell' for command environment: Not usable outside of PowerShell
[4.402s] DEBUG:colcon.colcon_core.shell:Skip shell extension 'dsv' for command environment
[4.434s] DEBUG:colcon.colcon_core.event_handler.log_command:Invoking command in '/home/dbot2/dbot_vda5050_ilmatar/build/vda_dbot_nav_slam': CMAKE_PREFIX_PATH=${CMAKE_PREFIX_PATH}:/home/dbot2/dbot_vda5050_ilmatar/install/vda5050_tb3_adapter:/home/dbot2/dbot_vda5050_ilmatar/install/tf2_dbot:/home/dbot2/dbot_vda5050_ilmatar/install/odom_motion_model:/home/dbot2/dbot_vda5050_ilmatar/install/motor_driver:/home/dbot2/dbot_vda5050_ilmatar/install/joycontrol:/home/dbot2/dbot_vda5050_ilmatar/install/gesturecontrol:/home/dbot2/dbot_vda5050_ilmatar/install/dbot_bridge:/home/dbot2/dbot_vda5050_ilmatar/install/dbot:/home/dbot2/dbot_src/install/tf2_dbot:/home/dbot2/dbot_src/install/odom_motion_model:/home/dbot2/dbot_src/install/motor_driver:/home/dbot2/dbot_src/install/joycontrol:/home/dbot2/dbot_src/install/dbot:/home/dbot2/dbot_remote/install/pcd_joy_trigger:/home/dbot2/circus_demo/install/circus_demo:/home/dbot2/ros2_ws/install/tf2_dbot:/home/dbot2/ros2_ws/install/odom_motion_model:/home/dbot2/ros2_ws/install/motor_driver:/home/dbot2/ros2_ws/install/joycontrol:/home/dbot2/ros2_ws/install/gesturecontrol:/home/dbot2/ros2_ws/install/dbot_bridge:/home/dbot2/ros2_ws/install/dbot:/home/dbot2/ros2_ws/install/ament_xmllint:/home/dbot2/ros2_ws/install/ament_uncrustify:/home/dbot2/ros2_ws/install/ament_pyflakes:/home/dbot2/ros2_ws/install/ament_pycodestyle:/home/dbot2/ros2_ws/install/ament_pep257:/home/dbot2/ros2_ws/install/ament_pclint:/home/dbot2/ros2_ws/install/ament_mypy:/home/dbot2/ros2_ws/install/ament_lint_cmake:/home/dbot2/ros2_ws/install/ament_flake8:/home/dbot2/ros2_ws/install/ament_copyright:/home/dbot2/ros2_ws/install/ament_lint:/home/dbot2/ros2_ws/install/ament_cpplint:/home/dbot2/ros2_ws/install/ament_cppcheck:/home/dbot2/ros2_ws/install/ament_clang_tidy:/home/dbot2/ros2_ws/install/ament_clang_format:/opt/ros/humble /usr/bin/cmake --build /home/dbot2/dbot_vda5050_ilmatar/build/vda_dbot_nav_slam -- -j8 -l8
[4.440s] DEBUG:colcon.colcon_core.event_handler.log_command:Invoking command in '/home/dbot2/dbot_vda5050_ilmatar/build/odometry_estimator': CMAKE_PREFIX_PATH=/home/dbot2/dbot_vda5050_ilmatar/install/dbot_custom_msgs:/home/dbot2/dbot_vda5050_ilmatar/install/vda_dbot_nav_slam:/home/dbot2/dbot_vda5050_ilmatar/install/vda5050_connector:/home/dbot2/dbot_vda5050_ilmatar/install/vda5050_msgs:/home/dbot2/dbot_vda5050_ilmatar/install/odometry_estimator:/home/dbot2/dbot_vda5050_ilmatar/install/dbot_nav_slam:/home/dbot2/dbot_src/install/odometry_estimator:/home/dbot2/dbot_src/install/dbot_custom_msgs:/home/dbot2/dbot_remote/install/pointcloud_saver:/home/dbot2/circus_demo/install/pcl_localization_ros2:/home/dbot2/circus_demo/install/ndt_omp_ros2:/home/dbot2/ros2_ws/install/odometry_estimator:/home/dbot2/ros2_ws/install/dbot_nav_slam:/home/dbot2/ros2_ws/install/dbot_custom_msgs:/home/dbot2/ros2_ws/install/ament_lint_common:/home/dbot2/ros2_ws/install/ament_cmake_xmllint:/home/dbot2/ros2_ws/install/ament_cmake_uncrustify:/home/dbot2/ros2_ws/install/ament_cmake_pyflakes:/home/dbot2/ros2_ws/install/ament_cmake_pycodestyle:/home/dbot2/ros2_ws/install/ament_cmake_pep257:/home/dbot2/ros2_ws/install/ament_cmake_pclint:/home/dbot2/ros2_ws/install/ament_cmake_mypy:/home/dbot2/ros2_ws/install/ament_cmake_lint_cmake:/home/dbot2/ros2_ws/install/ament_lint_auto:/home/dbot2/ros2_ws/install/ament_cmake_flake8:/home/dbot2/ros2_ws/install/ament_cmake_copyright:/home/dbot2/ros2_ws/install/ament_cmake_cpplint:/home/dbot2/ros2_ws/install/ament_cmake_cppcheck:/home/dbot2/ros2_ws/install/ament_cmake_clang_tidy:/home/dbot2/ros2_ws/install/ament_cmake_clang_format:/home/dbot2/dbot_vda5050_ilmatar/install/vda5050_tb3_adapter:/home/dbot2/dbot_vda5050_ilmatar/install/tf2_dbot:/home/dbot2/dbot_vda5050_ilmatar/install/odom_motion_model:/home/dbot2/dbot_vda5050_ilmatar/install/motor_driver:/home/dbot2/dbot_vda5050_ilmatar/install/joycontrol:/home/dbot2/dbot_vda5050_ilmatar/install/gesturecontrol:/home/dbot2/dbot_vda5050_ilmatar/install/dbot_bridge:/home/dbot2/dbot_vda5050_ilmatar/install/dbot:/home/dbot2/dbot_src/install/tf2_dbot:/home/dbot2/dbot_src/install/odom_motion_model:/home/dbot2/dbot_src/install/motor_driver:/home/dbot2/dbot_src/install/joycontrol:/home/dbot2/dbot_src/install/dbot:/home/dbot2/dbot_remote/install/pcd_joy_trigger:/home/dbot2/circus_demo/install/circus_demo:/home/dbot2/ros2_ws/install/tf2_dbot:/home/dbot2/ros2_ws/install/odom_motion_model:/home/dbot2/ros2_ws/install/motor_driver:/home/dbot2/ros2_ws/install/joycontrol:/home/dbot2/ros2_ws/install/gesturecontrol:/home/dbot2/ros2_ws/install/dbot_bridge:/home/dbot2/ros2_ws/install/dbot:/home/dbot2/ros2_ws/install/ament_xmllint:/home/dbot2/ros2_ws/install/ament_uncrustify:/home/dbot2/ros2_ws/install/ament_pyflakes:/home/dbot2/ros2_ws/install/ament_pycodestyle:/home/dbot2/ros2_ws/install/ament_pep257:/home/dbot2/ros2_ws/install/ament_pclint:/home/dbot2/ros2_ws/install/ament_mypy:/home/dbot2/ros2_ws/install/ament_lint_cmake:/home/dbot2/ros2_ws/install/ament_flake8:/home/dbot2/ros2_ws/install/ament_copyright:/home/dbot2/ros2_ws/install/ament_lint:/home/dbot2/ros2_ws/install/ament_cpplint:/home/dbot2/ros2_ws/install/ament_cppcheck:/home/dbot2/ros2_ws/install/ament_clang_tidy:/home/dbot2/ros2_ws/install/ament_clang_format:/opt/ros/humble LD_LIBRARY_PATH=/home/dbot2/dbot_vda5050_ilmatar/install/dbot_custom_msgs/lib:/home/dbot2/dbot_vda5050_ilmatar/install/vda5050_connector/lib:/home/dbot2/dbot_vda5050_ilmatar/install/vda5050_msgs/lib:/home/dbot2/dbot_src/install/dbot_custom_msgs/lib:/home/dbot2/circus_demo/install/pcl_localization_ros2/lib:/home/dbot2/ros2_ws/install/dbot_custom_msgs/lib:/opt/ros/humble/opt/rviz_ogre_vendor/lib:/opt/ros/humble/lib/x86_64-linux-gnu:/opt/ros/humble/lib /usr/bin/cmake --build /home/dbot2/dbot_vda5050_ilmatar/build/odometry_estimator -- -j8 -l8
[5.327s] DEBUG:colcon.colcon_core.event_handler.log_command:Invoking command in '/home/dbot2/dbot_vda5050_ilmatar/src/dbot': PYTHONPATH=/home/dbot2/dbot_vda5050_ilmatar/build/dbot/prefix_override:/usr/lib/python3/dist-packages/colcon_core/task/python/colcon_distutils_commands:/home/dbot2/dbot_vda5050_ilmatar/install/dbot/lib/python3.10/site-packages:${PYTHONPATH} /usr/bin/python3 -W ignore:setup.py install is deprecated -W ignore:easy_install command is deprecated setup.py egg_info --egg-base ../../build/dbot build --build-base /home/dbot2/dbot_vda5050_ilmatar/build/dbot/build install --record /home/dbot2/dbot_vda5050_ilmatar/build/dbot/install.log --single-version-externally-managed install_data
[5.338s] DEBUG:colcon.colcon_core.event_handler.log_command:Invoking command in '/home/dbot2/dbot_vda5050_ilmatar/src/joycontrol': PYTHONPATH=/home/dbot2/dbot_vda5050_ilmatar/build/joycontrol/prefix_override:/usr/lib/python3/dist-packages/colcon_core/task/python/colcon_distutils_commands:/home/dbot2/dbot_vda5050_ilmatar/install/joycontrol/lib/python3.10/site-packages:${PYTHONPATH} /usr/bin/python3 -W ignore:setup.py install is deprecated -W ignore:easy_install command is deprecated setup.py egg_info --egg-base ../../build/joycontrol build --build-base /home/dbot2/dbot_vda5050_ilmatar/build/joycontrol/build install --record /home/dbot2/dbot_vda5050_ilmatar/build/joycontrol/install.log --single-version-externally-managed install_data
[5.376s] DEBUG:colcon.colcon_core.event_handler.log_command:Invoking command in '/home/dbot2/dbot_vda5050_ilmatar/src/gesturecontrol': PYTHONPATH=/home/dbot2/dbot_vda5050_ilmatar/build/gesturecontrol/prefix_override:/usr/lib/python3/dist-packages/colcon_core/task/python/colcon_distutils_commands:/home/dbot2/dbot_vda5050_ilmatar/install/gesturecontrol/lib/python3.10/site-packages:${PYTHONPATH} /usr/bin/python3 -W ignore:setup.py install is deprecated -W ignore:easy_install command is deprecated setup.py egg_info --egg-base ../../build/gesturecontrol build --build-base /home/dbot2/dbot_vda5050_ilmatar/build/gesturecontrol/build install --record /home/dbot2/dbot_vda5050_ilmatar/build/gesturecontrol/install.log --single-version-externally-managed install_data
[5.453s] DEBUG:colcon.colcon_core.event_handler.log_command:Invoking command in '/home/dbot2/dbot_vda5050_ilmatar/src/dbot_bridge': PYTHONPATH=/home/dbot2/dbot_vda5050_ilmatar/build/dbot_bridge/prefix_override:/usr/lib/python3/dist-packages/colcon_core/task/python/colcon_distutils_commands:/home/dbot2/dbot_vda5050_ilmatar/install/dbot_bridge/lib/python3.10/site-packages:${PYTHONPATH} /usr/bin/python3 -W ignore:setup.py install is deprecated -W ignore:easy_install command is deprecated setup.py egg_info --egg-base ../../build/dbot_bridge build --build-base /home/dbot2/dbot_vda5050_ilmatar/build/dbot_bridge/build install --record /home/dbot2/dbot_vda5050_ilmatar/build/dbot_bridge/install.log --single-version-externally-managed install_data
[5.620s] DEBUG:colcon.colcon_core.event_handler.log_command:Invoking command in '/home/dbot2/dbot_vda5050_ilmatar/src/tf2_dbot': PYTHONPATH=/home/dbot2/dbot_vda5050_ilmatar/build/tf2_dbot/prefix_override:/usr/lib/python3/dist-packages/colcon_core/task/python/colcon_distutils_commands:/home/dbot2/dbot_vda5050_ilmatar/install/tf2_dbot/lib/python3.10/site-packages:${PYTHONPATH} /usr/bin/python3 -W ignore:setup.py install is deprecated -W ignore:easy_install command is deprecated setup.py egg_info --egg-base ../../build/tf2_dbot build --build-base /home/dbot2/dbot_vda5050_ilmatar/build/tf2_dbot/build install --record /home/dbot2/dbot_vda5050_ilmatar/build/tf2_dbot/install.log --single-version-externally-managed install_data
[5.896s] DEBUG:colcon.colcon_core.event_handler.log_command:Invoked command in '/home/dbot2/dbot_vda5050_ilmatar/build/vda_dbot_nav_slam' returned '0': CMAKE_PREFIX_PATH=${CMAKE_PREFIX_PATH}:/home/dbot2/dbot_vda5050_ilmatar/install/vda5050_tb3_adapter:/home/dbot2/dbot_vda5050_ilmatar/install/tf2_dbot:/home/dbot2/dbot_vda5050_ilmatar/install/odom_motion_model:/home/dbot2/dbot_vda5050_ilmatar/install/motor_driver:/home/dbot2/dbot_vda5050_ilmatar/install/joycontrol:/home/dbot2/dbot_vda5050_ilmatar/install/gesturecontrol:/home/dbot2/dbot_vda5050_ilmatar/install/dbot_bridge:/home/dbot2/dbot_vda5050_ilmatar/install/dbot:/home/dbot2/dbot_src/install/tf2_dbot:/home/dbot2/dbot_src/install/odom_motion_model:/home/dbot2/dbot_src/install/motor_driver:/home/dbot2/dbot_src/install/joycontrol:/home/dbot2/dbot_src/install/dbot:/home/dbot2/dbot_remote/install/pcd_joy_trigger:/home/dbot2/circus_demo/install/circus_demo:/home/dbot2/ros2_ws/install/tf2_dbot:/home/dbot2/ros2_ws/install/odom_motion_model:/home/dbot2/ros2_ws/install/motor_driver:/home/dbot2/ros2_ws/install/joycontrol:/home/dbot2/ros2_ws/install/gesturecontrol:/home/dbot2/ros2_ws/install/dbot_bridge:/home/dbot2/ros2_ws/install/dbot:/home/dbot2/ros2_ws/install/ament_xmllint:/home/dbot2/ros2_ws/install/ament_uncrustify:/home/dbot2/ros2_ws/install/ament_pyflakes:/home/dbot2/ros2_ws/install/ament_pycodestyle:/home/dbot2/ros2_ws/install/ament_pep257:/home/dbot2/ros2_ws/install/ament_pclint:/home/dbot2/ros2_ws/install/ament_mypy:/home/dbot2/ros2_ws/install/ament_lint_cmake:/home/dbot2/ros2_ws/install/ament_flake8:/home/dbot2/ros2_ws/install/ament_copyright:/home/dbot2/ros2_ws/install/ament_lint:/home/dbot2/ros2_ws/install/ament_cpplint:/home/dbot2/ros2_ws/install/ament_cppcheck:/home/dbot2/ros2_ws/install/ament_clang_tidy:/home/dbot2/ros2_ws/install/ament_clang_format:/opt/ros/humble /usr/bin/cmake --build /home/dbot2/dbot_vda5050_ilmatar/build/vda_dbot_nav_slam -- -j8 -l8
[5.897s] DEBUG:colcon.colcon_core.event_handler.log_command:Invoking command in '/home/dbot2/dbot_vda5050_ilmatar/build/vda_dbot_nav_slam': CMAKE_PREFIX_PATH=${CMAKE_PREFIX_PATH}:/home/dbot2/dbot_vda5050_ilmatar/install/vda5050_tb3_adapter:/home/dbot2/dbot_vda5050_ilmatar/install/tf2_dbot:/home/dbot2/dbot_vda5050_ilmatar/install/odom_motion_model:/home/dbot2/dbot_vda5050_ilmatar/install/motor_driver:/home/dbot2/dbot_vda5050_ilmatar/install/joycontrol:/home/dbot2/dbot_vda5050_ilmatar/install/gesturecontrol:/home/dbot2/dbot_vda5050_ilmatar/install/dbot_bridge:/home/dbot2/dbot_vda5050_ilmatar/install/dbot:/home/dbot2/dbot_src/install/tf2_dbot:/home/dbot2/dbot_src/install/odom_motion_model:/home/dbot2/dbot_src/install/motor_driver:/home/dbot2/dbot_src/install/joycontrol:/home/dbot2/dbot_src/install/dbot:/home/dbot2/dbot_remote/install/pcd_joy_trigger:/home/dbot2/circus_demo/install/circus_demo:/home/dbot2/ros2_ws/install/tf2_dbot:/home/dbot2/ros2_ws/install/odom_motion_model:/home/dbot2/ros2_ws/install/motor_driver:/home/dbot2/ros2_ws/install/joycontrol:/home/dbot2/ros2_ws/install/gesturecontrol:/home/dbot2/ros2_ws/install/dbot_bridge:/home/dbot2/ros2_ws/install/dbot:/home/dbot2/ros2_ws/install/ament_xmllint:/home/dbot2/ros2_ws/install/ament_uncrustify:/home/dbot2/ros2_ws/install/ament_pyflakes:/home/dbot2/ros2_ws/install/ament_pycodestyle:/home/dbot2/ros2_ws/install/ament_pep257:/home/dbot2/ros2_ws/install/ament_pclint:/home/dbot2/ros2_ws/install/ament_mypy:/home/dbot2/ros2_ws/install/ament_lint_cmake:/home/dbot2/ros2_ws/install/ament_flake8:/home/dbot2/ros2_ws/install/ament_copyright:/home/dbot2/ros2_ws/install/ament_lint:/home/dbot2/ros2_ws/install/ament_cpplint:/home/dbot2/ros2_ws/install/ament_cppcheck:/home/dbot2/ros2_ws/install/ament_clang_tidy:/home/dbot2/ros2_ws/install/ament_clang_format:/opt/ros/humble /usr/bin/cmake --install /home/dbot2/dbot_vda5050_ilmatar/build/vda_dbot_nav_slam
[6.635s] Level 1:colcon.colcon_core.environment:checking '/home/dbot2/dbot_vda5050_ilmatar/install/tf2_dbot' for CMake module files
[6.650s] Level 1:colcon.colcon_core.environment:checking '/home/dbot2/dbot_vda5050_ilmatar/install/tf2_dbot' for CMake config files
[6.650s] DEBUG:colcon.colcon_core.event_handler.log_command:Invoked command in '/home/dbot2/dbot_vda5050_ilmatar/src/tf2_dbot' returned '0': PYTHONPATH=/home/dbot2/dbot_vda5050_ilmatar/build/tf2_dbot/prefix_override:/usr/lib/python3/dist-packages/colcon_core/task/python/colcon_distutils_commands:/home/dbot2/dbot_vda5050_ilmatar/install/tf2_dbot/lib/python3.10/site-packages:${PYTHONPATH} /usr/bin/python3 -W ignore:setup.py install is deprecated -W ignore:easy_install command is deprecated setup.py egg_info --egg-base ../../build/tf2_dbot build --build-base /home/dbot2/dbot_vda5050_ilmatar/build/tf2_dbot/build install --record /home/dbot2/dbot_vda5050_ilmatar/build/tf2_dbot/install.log --single-version-externally-managed install_data
[6.651s] Level 1:colcon.colcon_core.environment:checking '/home/dbot2/dbot_vda5050_ilmatar/install/tf2_dbot/lib'
[6.651s] Level 1:colcon.colcon_core.environment:checking '/home/dbot2/dbot_vda5050_ilmatar/install/tf2_dbot/bin'
[6.652s] Level 1:colcon.colcon_core.environment:checking '/home/dbot2/dbot_vda5050_ilmatar/install/tf2_dbot/lib/pkgconfig/tf2_dbot.pc'
[6.652s] Level 1:colcon.colcon_core.environment:checking '/home/dbot2/dbot_vda5050_ilmatar/install/tf2_dbot/lib/python3.10/site-packages'
[6.652s] Level 1:colcon.colcon_core.shell:create_environment_hook('tf2_dbot', 'pythonpath')
[6.652s] INFO:colcon.colcon_core.shell:Creating environment hook '/home/dbot2/dbot_vda5050_ilmatar/install/tf2_dbot/share/tf2_dbot/hook/pythonpath.ps1'
[6.653s] INFO:colcon.colcon_core.shell:Creating environment descriptor '/home/dbot2/dbot_vda5050_ilmatar/install/tf2_dbot/share/tf2_dbot/hook/pythonpath.dsv'
[6.653s] INFO:colcon.colcon_core.shell:Creating environment hook '/home/dbot2/dbot_vda5050_ilmatar/install/tf2_dbot/share/tf2_dbot/hook/pythonpath.sh'
[6.654s] Level 1:colcon.colcon_core.environment:checking '/home/dbot2/dbot_vda5050_ilmatar/install/tf2_dbot/bin'
[6.656s] Level 1:colcon.colcon_core.environment:create_environment_scripts_only(tf2_dbot)
[6.656s] INFO:colcon.colcon_core.shell:Creating package script '/home/dbot2/dbot_vda5050_ilmatar/install/tf2_dbot/share/tf2_dbot/package.ps1'
[6.657s] INFO:colcon.colcon_core.shell:Creating package descriptor '/home/dbot2/dbot_vda5050_ilmatar/install/tf2_dbot/share/tf2_dbot/package.dsv'
[6.657s] INFO:colcon.colcon_core.shell:Creating package script '/home/dbot2/dbot_vda5050_ilmatar/install/tf2_dbot/share/tf2_dbot/package.sh'
[6.658s] INFO:colcon.colcon_core.shell:Creating package script '/home/dbot2/dbot_vda5050_ilmatar/install/tf2_dbot/share/tf2_dbot/package.bash'
[6.658s] INFO:colcon.colcon_core.shell:Creating package script '/home/dbot2/dbot_vda5050_ilmatar/install/tf2_dbot/share/tf2_dbot/package.zsh'
[6.658s] Level 1:colcon.colcon_core.environment:create_file_with_runtime_dependencies(/home/dbot2/dbot_vda5050_ilmatar/install/tf2_dbot/share/colcon-core/packages/tf2_dbot)
[6.663s] INFO:colcon.colcon_ros.task.ament_python.build:Building ROS package in '/home/dbot2/dbot_vda5050_ilmatar/src/motor_driver' with build type 'ament_python'
[6.663s] Level 1:colcon.colcon_core.shell:create_environment_hook('motor_driver', 'ament_prefix_path')
[6.664s] INFO:colcon.colcon_core.shell:Creating environment hook '/home/dbot2/dbot_vda5050_ilmatar/install/motor_driver/share/motor_driver/hook/ament_prefix_path.ps1'
[6.664s] INFO:colcon.colcon_core.shell:Creating environment descriptor '/home/dbot2/dbot_vda5050_ilmatar/install/motor_driver/share/motor_driver/hook/ament_prefix_path.dsv'
[6.665s] INFO:colcon.colcon_core.shell:Creating environment hook '/home/dbot2/dbot_vda5050_ilmatar/install/motor_driver/share/motor_driver/hook/ament_prefix_path.sh'
[6.665s] INFO:colcon.colcon_core.shell:Skip shell extension 'powershell' for command environment: Not usable outside of PowerShell
[6.665s] DEBUG:colcon.colcon_core.shell:Skip shell extension 'dsv' for command environment
[6.691s] Level 1:colcon.colcon_core.environment:checking '/home/dbot2/dbot_vda5050_ilmatar/install/joycontrol' for CMake module files
[6.692s] Level 1:colcon.colcon_core.environment:checking '/home/dbot2/dbot_vda5050_ilmatar/install/joycontrol' for CMake config files
[6.693s] Level 1:colcon.colcon_core.environment:checking '/home/dbot2/dbot_vda5050_ilmatar/install/joycontrol/lib'
[6.693s] Level 1:colcon.colcon_core.environment:checking '/home/dbot2/dbot_vda5050_ilmatar/install/joycontrol/bin'
[6.693s] Level 1:colcon.colcon_core.environment:checking '/home/dbot2/dbot_vda5050_ilmatar/install/joycontrol/lib/pkgconfig/joycontrol.pc'
[6.693s] Level 1:colcon.colcon_core.environment:checking '/home/dbot2/dbot_vda5050_ilmatar/install/joycontrol/lib/python3.10/site-packages'
[6.693s] Level 1:colcon.colcon_core.shell:create_environment_hook('joycontrol', 'pythonpath')
[6.693s] INFO:colcon.colcon_core.shell:Creating environment hook '/home/dbot2/dbot_vda5050_ilmatar/install/joycontrol/share/joycontrol/hook/pythonpath.ps1'
[6.694s] INFO:colcon.colcon_core.shell:Creating environment descriptor '/home/dbot2/dbot_vda5050_ilmatar/install/joycontrol/share/joycontrol/hook/pythonpath.dsv'
[6.694s] INFO:colcon.colcon_core.shell:Creating environment hook '/home/dbot2/dbot_vda5050_ilmatar/install/joycontrol/share/joycontrol/hook/pythonpath.sh'
[6.698s] DEBUG:colcon.colcon_core.event_handler.log_command:Invoked command in '/home/dbot2/dbot_vda5050_ilmatar/src/joycontrol' returned '0': PYTHONPATH=/home/dbot2/dbot_vda5050_ilmatar/build/joycontrol/prefix_override:/usr/lib/python3/dist-packages/colcon_core/task/python/colcon_distutils_commands:/home/dbot2/dbot_vda5050_ilmatar/install/joycontrol/lib/python3.10/site-packages:${PYTHONPATH} /usr/bin/python3 -W ignore:setup.py install is deprecated -W ignore:easy_install command is deprecated setup.py egg_info --egg-base ../../build/joycontrol build --build-base /home/dbot2/dbot_vda5050_ilmatar/build/joycontrol/build install --record /home/dbot2/dbot_vda5050_ilmatar/build/joycontrol/install.log --single-version-externally-managed install_data
[6.699s] Level 1:colcon.colcon_core.environment:checking '/home/dbot2/dbot_vda5050_ilmatar/install/joycontrol/bin'
[6.699s] Level 1:colcon.colcon_core.environment:create_environment_scripts_only(joycontrol)
[6.700s] INFO:colcon.colcon_core.shell:Creating package script '/home/dbot2/dbot_vda5050_ilmatar/install/joycontrol/share/joycontrol/package.ps1'
[6.700s] INFO:colcon.colcon_core.shell:Creating package descriptor '/home/dbot2/dbot_vda5050_ilmatar/install/joycontrol/share/joycontrol/package.dsv'
[6.701s] INFO:colcon.colcon_core.shell:Creating package script '/home/dbot2/dbot_vda5050_ilmatar/install/joycontrol/share/joycontrol/package.sh'
[6.701s] INFO:colcon.colcon_core.shell:Creating package script '/home/dbot2/dbot_vda5050_ilmatar/install/joycontrol/share/joycontrol/package.bash'
[6.701s] INFO:colcon.colcon_core.shell:Creating package script '/home/dbot2/dbot_vda5050_ilmatar/install/joycontrol/share/joycontrol/package.zsh'
[6.707s] Level 1:colcon.colcon_core.environment:create_file_with_runtime_dependencies(/home/dbot2/dbot_vda5050_ilmatar/install/joycontrol/share/colcon-core/packages/joycontrol)
[6.708s] Level 1:colcon.colcon_core.environment:create_environment_scripts_only(vda_dbot_nav_slam)
[6.708s] Level 1:colcon.colcon_core.environment:checking '/home/dbot2/dbot_vda5050_ilmatar/install/vda_dbot_nav_slam' for CMake module files
[6.709s] DEBUG:colcon.colcon_core.event_handler.log_command:Invoked command in '/home/dbot2/dbot_vda5050_ilmatar/build/vda_dbot_nav_slam' returned '0': CMAKE_PREFIX_PATH=${CMAKE_PREFIX_PATH}:/home/dbot2/dbot_vda5050_ilmatar/install/vda5050_tb3_adapter:/home/dbot2/dbot_vda5050_ilmatar/install/tf2_dbot:/home/dbot2/dbot_vda5050_ilmatar/install/odom_motion_model:/home/dbot2/dbot_vda5050_ilmatar/install/motor_driver:/home/dbot2/dbot_vda5050_ilmatar/install/joycontrol:/home/dbot2/dbot_vda5050_ilmatar/install/gesturecontrol:/home/dbot2/dbot_vda5050_ilmatar/install/dbot_bridge:/home/dbot2/dbot_vda5050_ilmatar/install/dbot:/home/dbot2/dbot_src/install/tf2_dbot:/home/dbot2/dbot_src/install/odom_motion_model:/home/dbot2/dbot_src/install/motor_driver:/home/dbot2/dbot_src/install/joycontrol:/home/dbot2/dbot_src/install/dbot:/home/dbot2/dbot_remote/install/pcd_joy_trigger:/home/dbot2/circus_demo/install/circus_demo:/home/dbot2/ros2_ws/install/tf2_dbot:/home/dbot2/ros2_ws/install/odom_motion_model:/home/dbot2/ros2_ws/install/motor_driver:/home/dbot2/ros2_ws/install/joycontrol:/home/dbot2/ros2_ws/install/gesturecontrol:/home/dbot2/ros2_ws/install/dbot_bridge:/home/dbot2/ros2_ws/install/dbot:/home/dbot2/ros2_ws/install/ament_xmllint:/home/dbot2/ros2_ws/install/ament_uncrustify:/home/dbot2/ros2_ws/install/ament_pyflakes:/home/dbot2/ros2_ws/install/ament_pycodestyle:/home/dbot2/ros2_ws/install/ament_pep257:/home/dbot2/ros2_ws/install/ament_pclint:/home/dbot2/ros2_ws/install/ament_mypy:/home/dbot2/ros2_ws/install/ament_lint_cmake:/home/dbot2/ros2_ws/install/ament_flake8:/home/dbot2/ros2_ws/install/ament_copyright:/home/dbot2/ros2_ws/install/ament_lint:/home/dbot2/ros2_ws/install/ament_cpplint:/home/dbot2/ros2_ws/install/ament_cppcheck:/home/dbot2/ros2_ws/install/ament_clang_tidy:/home/dbot2/ros2_ws/install/ament_clang_format:/opt/ros/humble /usr/bin/cmake --install /home/dbot2/dbot_vda5050_ilmatar/build/vda_dbot_nav_slam
[6.709s] Level 1:colcon.colcon_core.environment:checking '/home/dbot2/dbot_vda5050_ilmatar/install/vda_dbot_nav_slam' for CMake config files
[6.711s] Level 1:colcon.colcon_core.shell:create_environment_hook('vda_dbot_nav_slam', 'cmake_prefix_path')
[6.711s] INFO:colcon.colcon_core.shell:Creating environment hook '/home/dbot2/dbot_vda5050_ilmatar/install/vda_dbot_nav_slam/share/vda_dbot_nav_slam/hook/cmake_prefix_path.ps1'
[6.712s] INFO:colcon.colcon_core.shell:Creating environment descriptor '/home/dbot2/dbot_vda5050_ilmatar/install/vda_dbot_nav_slam/share/vda_dbot_nav_slam/hook/cmake_prefix_path.dsv'
[6.714s] INFO:colcon.colcon_core.shell:Creating environment hook '/home/dbot2/dbot_vda5050_ilmatar/install/vda_dbot_nav_slam/share/vda_dbot_nav_slam/hook/cmake_prefix_path.sh'
[6.715s] Level 1:colcon.colcon_core.environment:checking '/home/dbot2/dbot_vda5050_ilmatar/install/vda_dbot_nav_slam/lib'
[6.715s] Level 1:colcon.colcon_core.environment:checking '/home/dbot2/dbot_vda5050_ilmatar/install/vda_dbot_nav_slam/bin'
[6.715s] Level 1:colcon.colcon_core.environment:checking '/home/dbot2/dbot_vda5050_ilmatar/install/vda_dbot_nav_slam/lib/pkgconfig/vda_dbot_nav_slam.pc'
[6.715s] Level 1:colcon.colcon_core.environment:checking '/home/dbot2/dbot_vda5050_ilmatar/install/vda_dbot_nav_slam/lib/python3.10/site-packages'
[6.716s] Level 1:colcon.colcon_core.environment:checking '/home/dbot2/dbot_vda5050_ilmatar/install/vda_dbot_nav_slam/bin'
[6.716s] INFO:colcon.colcon_core.shell:Creating package script '/home/dbot2/dbot_vda5050_ilmatar/install/vda_dbot_nav_slam/share/vda_dbot_nav_slam/package.ps1'
[6.717s] INFO:colcon.colcon_core.shell:Creating package descriptor '/home/dbot2/dbot_vda5050_ilmatar/install/vda_dbot_nav_slam/share/vda_dbot_nav_slam/package.dsv'
[6.717s] INFO:colcon.colcon_core.shell:Creating package script '/home/dbot2/dbot_vda5050_ilmatar/install/vda_dbot_nav_slam/share/vda_dbot_nav_slam/package.sh'
[6.721s] INFO:colcon.colcon_core.shell:Creating package script '/home/dbot2/dbot_vda5050_ilmatar/install/vda_dbot_nav_slam/share/vda_dbot_nav_slam/package.bash'
[6.721s] INFO:colcon.colcon_core.shell:Creating package script '/home/dbot2/dbot_vda5050_ilmatar/install/vda_dbot_nav_slam/share/vda_dbot_nav_slam/package.zsh'
[6.722s] Level 1:colcon.colcon_core.environment:create_file_with_runtime_dependencies(/home/dbot2/dbot_vda5050_ilmatar/install/vda_dbot_nav_slam/share/colcon-core/packages/vda_dbot_nav_slam)
[6.722s] Level 1:colcon.colcon_core.environment:create_environment_scripts_only(vda_dbot_nav_slam)
[6.723s] Level 1:colcon.colcon_core.environment:checking '/home/dbot2/dbot_vda5050_ilmatar/install/vda_dbot_nav_slam' for CMake module files
[6.723s] Level 1:colcon.colcon_core.environment:checking '/home/dbot2/dbot_vda5050_ilmatar/install/vda_dbot_nav_slam' for CMake config files
[6.729s] Level 1:colcon.colcon_core.shell:create_environment_hook('vda_dbot_nav_slam', 'cmake_prefix_path')
[6.730s] INFO:colcon.colcon_core.shell:Creating environment hook '/home/dbot2/dbot_vda5050_ilmatar/install/vda_dbot_nav_slam/share/vda_dbot_nav_slam/hook/cmake_prefix_path.ps1'
[6.731s] INFO:colcon.colcon_core.shell:Creating environment descriptor '/home/dbot2/dbot_vda5050_ilmatar/install/vda_dbot_nav_slam/share/vda_dbot_nav_slam/hook/cmake_prefix_path.dsv'
[6.731s] INFO:colcon.colcon_core.shell:Creating environment hook '/home/dbot2/dbot_vda5050_ilmatar/install/vda_dbot_nav_slam/share/vda_dbot_nav_slam/hook/cmake_prefix_path.sh'
[6.732s] Level 1:colcon.colcon_core.environment:checking '/home/dbot2/dbot_vda5050_ilmatar/install/vda_dbot_nav_slam/lib'
[6.732s] Level 1:colcon.colcon_core.environment:checking '/home/dbot2/dbot_vda5050_ilmatar/install/vda_dbot_nav_slam/bin'
[6.732s] Level 1:colcon.colcon_core.environment:checking '/home/dbot2/dbot_vda5050_ilmatar/install/vda_dbot_nav_slam/lib/pkgconfig/vda_dbot_nav_slam.pc'
[6.732s] Level 1:colcon.colcon_core.environment:checking '/home/dbot2/dbot_vda5050_ilmatar/install/vda_dbot_nav_slam/lib/python3.10/site-packages'
[6.732s] Level 1:colcon.colcon_core.environment:checking '/home/dbot2/dbot_vda5050_ilmatar/install/vda_dbot_nav_slam/bin'
[6.733s] INFO:colcon.colcon_core.shell:Creating package script '/home/dbot2/dbot_vda5050_ilmatar/install/vda_dbot_nav_slam/share/vda_dbot_nav_slam/package.ps1'
[6.733s] INFO:colcon.colcon_core.shell:Creating package descriptor '/home/dbot2/dbot_vda5050_ilmatar/install/vda_dbot_nav_slam/share/vda_dbot_nav_slam/package.dsv'
[6.734s] INFO:colcon.colcon_core.shell:Creating package script '/home/dbot2/dbot_vda5050_ilmatar/install/vda_dbot_nav_slam/share/vda_dbot_nav_slam/package.sh'
[6.734s] INFO:colcon.colcon_core.shell:Creating package script '/home/dbot2/dbot_vda5050_ilmatar/install/vda_dbot_nav_slam/share/vda_dbot_nav_slam/package.bash'
[6.735s] INFO:colcon.colcon_core.shell:Creating package script '/home/dbot2/dbot_vda5050_ilmatar/install/vda_dbot_nav_slam/share/vda_dbot_nav_slam/package.zsh'
[6.735s] Level 1:colcon.colcon_core.environment:create_file_with_runtime_dependencies(/home/dbot2/dbot_vda5050_ilmatar/install/vda_dbot_nav_slam/share/colcon-core/packages/vda_dbot_nav_slam)
[7.527s] INFO:colcon.colcon_core.task.python.build:Building Python package in '/home/dbot2/dbot_vda5050_ilmatar/src/motor_driver'
[7.528s] INFO:colcon.colcon_core.shell:Skip shell extension 'powershell' for command environment: Not usable outside of PowerShell
[7.528s] DEBUG:colcon.colcon_core.shell:Skip shell extension 'dsv' for command environment
[7.554s] Level 1:colcon.colcon_core.environment:checking '/home/dbot2/dbot_vda5050_ilmatar/install/dbot' for CMake module files
[7.558s] Level 1:colcon.colcon_core.environment:checking '/home/dbot2/dbot_vda5050_ilmatar/install/dbot' for CMake config files
[7.558s] DEBUG:colcon.colcon_core.event_handler.log_command:Invoked command in '/home/dbot2/dbot_vda5050_ilmatar/src/dbot' returned '0': PYTHONPATH=/home/dbot2/dbot_vda5050_ilmatar/build/dbot/prefix_override:/usr/lib/python3/dist-packages/colcon_core/task/python/colcon_distutils_commands:/home/dbot2/dbot_vda5050_ilmatar/install/dbot/lib/python3.10/site-packages:${PYTHONPATH} /usr/bin/python3 -W ignore:setup.py install is deprecated -W ignore:easy_install command is deprecated setup.py egg_info --egg-base ../../build/dbot build --build-base /home/dbot2/dbot_vda5050_ilmatar/build/dbot/build install --record /home/dbot2/dbot_vda5050_ilmatar/build/dbot/install.log --single-version-externally-managed install_data
[7.559s] Level 1:colcon.colcon_core.environment:checking '/home/dbot2/dbot_vda5050_ilmatar/install/dbot/lib'
[7.559s] Level 1:colcon.colcon_core.environment:checking '/home/dbot2/dbot_vda5050_ilmatar/install/dbot/bin'
[7.559s] Level 1:colcon.colcon_core.environment:checking '/home/dbot2/dbot_vda5050_ilmatar/install/dbot/lib/pkgconfig/dbot.pc'
[7.560s] Level 1:colcon.colcon_core.environment:checking '/home/dbot2/dbot_vda5050_ilmatar/install/dbot/lib/python3.10/site-packages'
[7.560s] Level 1:colcon.colcon_core.shell:create_environment_hook('dbot', 'pythonpath')
[7.560s] INFO:colcon.colcon_core.shell:Creating environment hook '/home/dbot2/dbot_vda5050_ilmatar/install/dbot/share/dbot/hook/pythonpath.ps1'
[7.561s] INFO:colcon.colcon_core.shell:Creating environment descriptor '/home/dbot2/dbot_vda5050_ilmatar/install/dbot/share/dbot/hook/pythonpath.dsv'
[7.561s] INFO:colcon.colcon_core.shell:Creating environment hook '/home/dbot2/dbot_vda5050_ilmatar/install/dbot/share/dbot/hook/pythonpath.sh'
[7.561s] Level 1:colcon.colcon_core.environment:checking '/home/dbot2/dbot_vda5050_ilmatar/install/dbot/bin'
[7.562s] Level 1:colcon.colcon_core.environment:create_environment_scripts_only(dbot)
[7.562s] INFO:colcon.colcon_core.shell:Creating package script '/home/dbot2/dbot_vda5050_ilmatar/install/dbot/share/dbot/package.ps1'
[7.562s] INFO:colcon.colcon_core.shell:Creating package descriptor '/home/dbot2/dbot_vda5050_ilmatar/install/dbot/share/dbot/package.dsv'
[7.563s] INFO:colcon.colcon_core.shell:Creating package script '/home/dbot2/dbot_vda5050_ilmatar/install/dbot/share/dbot/package.sh'
[7.563s] INFO:colcon.colcon_core.shell:Creating package script '/home/dbot2/dbot_vda5050_ilmatar/install/dbot/share/dbot/package.bash'
[7.570s] INFO:colcon.colcon_core.shell:Creating package script '/home/dbot2/dbot_vda5050_ilmatar/install/dbot/share/dbot/package.zsh'
[7.570s] Level 1:colcon.colcon_core.environment:create_file_with_runtime_dependencies(/home/dbot2/dbot_vda5050_ilmatar/install/dbot/share/colcon-core/packages/dbot)
[7.571s] Level 1:colcon.colcon_core.environment:checking '/home/dbot2/dbot_vda5050_ilmatar/install/dbot_bridge' for CMake module files
[7.572s] DEBUG:colcon.colcon_core.event_handler.log_command:Invoked command in '/home/dbot2/dbot_vda5050_ilmatar/src/dbot_bridge' returned '0': PYTHONPATH=/home/dbot2/dbot_vda5050_ilmatar/build/dbot_bridge/prefix_override:/usr/lib/python3/dist-packages/colcon_core/task/python/colcon_distutils_commands:/home/dbot2/dbot_vda5050_ilmatar/install/dbot_bridge/lib/python3.10/site-packages:${PYTHONPATH} /usr/bin/python3 -W ignore:setup.py install is deprecated -W ignore:easy_install command is deprecated setup.py egg_info --egg-base ../../build/dbot_bridge build --build-base /home/dbot2/dbot_vda5050_ilmatar/build/dbot_bridge/build install --record /home/dbot2/dbot_vda5050_ilmatar/build/dbot_bridge/install.log --single-version-externally-managed install_data
[7.572s] Level 1:colcon.colcon_core.environment:checking '/home/dbot2/dbot_vda5050_ilmatar/install/dbot_bridge' for CMake config files
[7.573s] Level 1:colcon.colcon_core.environment:checking '/home/dbot2/dbot_vda5050_ilmatar/install/dbot_bridge/lib'
[7.573s] Level 1:colcon.colcon_core.environment:checking '/home/dbot2/dbot_vda5050_ilmatar/install/dbot_bridge/bin'
[7.573s] Level 1:colcon.colcon_core.environment:checking '/home/dbot2/dbot_vda5050_ilmatar/install/dbot_bridge/lib/pkgconfig/dbot_bridge.pc'
[7.573s] Level 1:colcon.colcon_core.environment:checking '/home/dbot2/dbot_vda5050_ilmatar/install/dbot_bridge/lib/python3.10/site-packages'
[7.573s] Level 1:colcon.colcon_core.shell:create_environment_hook('dbot_bridge', 'pythonpath')
[7.573s] INFO:colcon.colcon_core.shell:Creating environment hook '/home/dbot2/dbot_vda5050_ilmatar/install/dbot_bridge/share/dbot_bridge/hook/pythonpath.ps1'
[7.578s] INFO:colcon.colcon_core.shell:Creating environment descriptor '/home/dbot2/dbot_vda5050_ilmatar/install/dbot_bridge/share/dbot_bridge/hook/pythonpath.dsv'
[7.578s] INFO:colcon.colcon_core.shell:Creating environment hook '/home/dbot2/dbot_vda5050_ilmatar/install/dbot_bridge/share/dbot_bridge/hook/pythonpath.sh'
[7.579s] Level 1:colcon.colcon_core.environment:checking '/home/dbot2/dbot_vda5050_ilmatar/install/dbot_bridge/bin'
[7.579s] Level 1:colcon.colcon_core.environment:create_environment_scripts_only(dbot_bridge)
[7.580s] INFO:colcon.colcon_core.shell:Creating package script '/home/dbot2/dbot_vda5050_ilmatar/install/dbot_bridge/share/dbot_bridge/package.ps1'
[7.580s] INFO:colcon.colcon_core.shell:Creating package descriptor '/home/dbot2/dbot_vda5050_ilmatar/install/dbot_bridge/share/dbot_bridge/package.dsv'
[7.580s] INFO:colcon.colcon_core.shell:Creating package script '/home/dbot2/dbot_vda5050_ilmatar/install/dbot_bridge/share/dbot_bridge/package.sh'
[7.581s] INFO:colcon.colcon_core.shell:Creating package script '/home/dbot2/dbot_vda5050_ilmatar/install/dbot_bridge/share/dbot_bridge/package.bash'
[7.581s] INFO:colcon.colcon_core.shell:Creating package script '/home/dbot2/dbot_vda5050_ilmatar/install/dbot_bridge/share/dbot_bridge/package.zsh'
[7.582s] Level 1:colcon.colcon_core.environment:create_file_with_runtime_dependencies(/home/dbot2/dbot_vda5050_ilmatar/install/dbot_bridge/share/colcon-core/packages/dbot_bridge)
[7.586s] Level 1:colcon.colcon_core.environment:checking '/home/dbot2/dbot_vda5050_ilmatar/install/gesturecontrol' for CMake module files
[7.587s] Level 1:colcon.colcon_core.environment:checking '/home/dbot2/dbot_vda5050_ilmatar/install/gesturecontrol' for CMake config files
[7.587s] Level 1:colcon.colcon_core.environment:checking '/home/dbot2/dbot_vda5050_ilmatar/install/gesturecontrol/lib'
[7.588s] DEBUG:colcon.colcon_core.event_handler.log_command:Invoked command in '/home/dbot2/dbot_vda5050_ilmatar/src/gesturecontrol' returned '0': PYTHONPATH=/home/dbot2/dbot_vda5050_ilmatar/build/gesturecontrol/prefix_override:/usr/lib/python3/dist-packages/colcon_core/task/python/colcon_distutils_commands:/home/dbot2/dbot_vda5050_ilmatar/install/gesturecontrol/lib/python3.10/site-packages:${PYTHONPATH} /usr/bin/python3 -W ignore:setup.py install is deprecated -W ignore:easy_install command is deprecated setup.py egg_info --egg-base ../../build/gesturecontrol build --build-base /home/dbot2/dbot_vda5050_ilmatar/build/gesturecontrol/build install --record /home/dbot2/dbot_vda5050_ilmatar/build/gesturecontrol/install.log --single-version-externally-managed install_data
[7.588s] Level 1:colcon.colcon_core.environment:checking '/home/dbot2/dbot_vda5050_ilmatar/install/gesturecontrol/bin'
[7.588s] Level 1:colcon.colcon_core.environment:checking '/home/dbot2/dbot_vda5050_ilmatar/install/gesturecontrol/lib/pkgconfig/gesturecontrol.pc'
[7.589s] Level 1:colcon.colcon_core.environment:checking '/home/dbot2/dbot_vda5050_ilmatar/install/gesturecontrol/lib/python3.10/site-packages'
[7.589s] Level 1:colcon.colcon_core.shell:create_environment_hook('gesturecontrol', 'pythonpath')
[7.589s] INFO:colcon.colcon_core.shell:Creating environment hook '/home/dbot2/dbot_vda5050_ilmatar/install/gesturecontrol/share/gesturecontrol/hook/pythonpath.ps1'
[7.589s] INFO:colcon.colcon_core.shell:Creating environment descriptor '/home/dbot2/dbot_vda5050_ilmatar/install/gesturecontrol/share/gesturecontrol/hook/pythonpath.dsv'
[7.590s] INFO:colcon.colcon_core.shell:Creating environment hook '/home/dbot2/dbot_vda5050_ilmatar/install/gesturecontrol/share/gesturecontrol/hook/pythonpath.sh'
[7.590s] Level 1:colcon.colcon_core.environment:checking '/home/dbot2/dbot_vda5050_ilmatar/install/gesturecontrol/bin'
[7.590s] Level 1:colcon.colcon_core.environment:create_environment_scripts_only(gesturecontrol)
[7.591s] INFO:colcon.colcon_core.shell:Creating package script '/home/dbot2/dbot_vda5050_ilmatar/install/gesturecontrol/share/gesturecontrol/package.ps1'
[7.591s] INFO:colcon.colcon_core.shell:Creating package descriptor '/home/dbot2/dbot_vda5050_ilmatar/install/gesturecontrol/share/gesturecontrol/package.dsv'
[7.596s] INFO:colcon.colcon_core.shell:Creating package script '/home/dbot2/dbot_vda5050_ilmatar/install/gesturecontrol/share/gesturecontrol/package.sh'
[7.597s] INFO:colcon.colcon_core.shell:Creating package script '/home/dbot2/dbot_vda5050_ilmatar/install/gesturecontrol/share/gesturecontrol/package.bash'
[7.597s] INFO:colcon.colcon_core.shell:Creating package script '/home/dbot2/dbot_vda5050_ilmatar/install/gesturecontrol/share/gesturecontrol/package.zsh'
[7.597s] Level 1:colcon.colcon_core.environment:create_file_with_runtime_dependencies(/home/dbot2/dbot_vda5050_ilmatar/install/gesturecontrol/share/colcon-core/packages/gesturecontrol)
[8.531s] DEBUG:colcon.colcon_core.event_handler.log_command:Invoking command in '/home/dbot2/dbot_vda5050_ilmatar/src/motor_driver': CMAKE_PREFIX_PATH=/home/dbot2/dbot_vda5050_ilmatar/install/dbot_custom_msgs:/home/dbot2/dbot_vda5050_ilmatar/install/vda_dbot_nav_slam:/home/dbot2/dbot_vda5050_ilmatar/install/vda5050_connector:/home/dbot2/dbot_vda5050_ilmatar/install/vda5050_msgs:/home/dbot2/dbot_vda5050_ilmatar/install/odometry_estimator:/home/dbot2/dbot_vda5050_ilmatar/install/dbot_nav_slam:/home/dbot2/dbot_src/install/odometry_estimator:/home/dbot2/dbot_src/install/dbot_custom_msgs:/home/dbot2/dbot_remote/install/pointcloud_saver:/home/dbot2/circus_demo/install/pcl_localization_ros2:/home/dbot2/circus_demo/install/ndt_omp_ros2:/home/dbot2/ros2_ws/install/odometry_estimator:/home/dbot2/ros2_ws/install/dbot_nav_slam:/home/dbot2/ros2_ws/install/dbot_custom_msgs:/home/dbot2/ros2_ws/install/ament_lint_common:/home/dbot2/ros2_ws/install/ament_cmake_xmllint:/home/dbot2/ros2_ws/install/ament_cmake_uncrustify:/home/dbot2/ros2_ws/install/ament_cmake_pyflakes:/home/dbot2/ros2_ws/install/ament_cmake_pycodestyle:/home/dbot2/ros2_ws/install/ament_cmake_pep257:/home/dbot2/ros2_ws/install/ament_cmake_pclint:/home/dbot2/ros2_ws/install/ament_cmake_mypy:/home/dbot2/ros2_ws/install/ament_cmake_lint_cmake:/home/dbot2/ros2_ws/install/ament_lint_auto:/home/dbot2/ros2_ws/install/ament_cmake_flake8:/home/dbot2/ros2_ws/install/ament_cmake_copyright:/home/dbot2/ros2_ws/install/ament_cmake_cpplint:/home/dbot2/ros2_ws/install/ament_cmake_cppcheck:/home/dbot2/ros2_ws/install/ament_cmake_clang_tidy:/home/dbot2/ros2_ws/install/ament_cmake_clang_format LD_LIBRARY_PATH=/home/dbot2/dbot_vda5050_ilmatar/install/dbot_custom_msgs/lib:/home/dbot2/dbot_vda5050_ilmatar/install/vda5050_connector/lib:/home/dbot2/dbot_vda5050_ilmatar/install/vda5050_msgs/lib:/home/dbot2/dbot_src/install/dbot_custom_msgs/lib:/home/dbot2/circus_demo/install/pcl_localization_ros2/lib:/home/dbot2/ros2_ws/install/dbot_custom_msgs/lib:/opt/ros/humble/opt/rviz_ogre_vendor/lib:/opt/ros/humble/lib/x86_64-linux-gnu:/opt/ros/humble/lib PYTHONPATH=/home/dbot2/dbot_vda5050_ilmatar/build/motor_driver/prefix_override:/usr/lib/python3/dist-packages/colcon_core/task/python/colcon_distutils_commands:/home/dbot2/dbot_vda5050_ilmatar/install/motor_driver/lib/python3.10/site-packages:${PYTHONPATH} /usr/bin/python3 -W ignore:setup.py install is deprecated -W ignore:easy_install command is deprecated setup.py egg_info --egg-base ../../build/motor_driver build --build-base /home/dbot2/dbot_vda5050_ilmatar/build/motor_driver/build install --record /home/dbot2/dbot_vda5050_ilmatar/build/motor_driver/install.log --single-version-externally-managed install_data
[9.213s] Level 1:colcon.colcon_core.environment:checking '/home/dbot2/dbot_vda5050_ilmatar/install/motor_driver' for CMake module files
[9.214s] Level 1:colcon.colcon_core.environment:checking '/home/dbot2/dbot_vda5050_ilmatar/install/motor_driver' for CMake config files
[9.215s] Level 1:colcon.colcon_core.environment:checking '/home/dbot2/dbot_vda5050_ilmatar/install/motor_driver/lib'
[9.215s] Level 1:colcon.colcon_core.environment:checking '/home/dbot2/dbot_vda5050_ilmatar/install/motor_driver/bin'
[9.215s] Level 1:colcon.colcon_core.environment:checking '/home/dbot2/dbot_vda5050_ilmatar/install/motor_driver/lib/pkgconfig/motor_driver.pc'
[9.215s] Level 1:colcon.colcon_core.environment:checking '/home/dbot2/dbot_vda5050_ilmatar/install/motor_driver/lib/python3.10/site-packages'
[9.215s] Level 1:colcon.colcon_core.shell:create_environment_hook('motor_driver', 'pythonpath')
[9.215s] INFO:colcon.colcon_core.shell:Creating environment hook '/home/dbot2/dbot_vda5050_ilmatar/install/motor_driver/share/motor_driver/hook/pythonpath.ps1'
[9.216s] INFO:colcon.colcon_core.shell:Creating environment descriptor '/home/dbot2/dbot_vda5050_ilmatar/install/motor_driver/share/motor_driver/hook/pythonpath.dsv'
[9.216s] INFO:colcon.colcon_core.shell:Creating environment hook '/home/dbot2/dbot_vda5050_ilmatar/install/motor_driver/share/motor_driver/hook/pythonpath.sh'
[9.220s] DEBUG:colcon.colcon_core.event_handler.log_command:Invoked command in '/home/dbot2/dbot_vda5050_ilmatar/src/motor_driver' returned '0': CMAKE_PREFIX_PATH=/home/dbot2/dbot_vda5050_ilmatar/install/dbot_custom_msgs:/home/dbot2/dbot_vda5050_ilmatar/install/vda_dbot_nav_slam:/home/dbot2/dbot_vda5050_ilmatar/install/vda5050_connector:/home/dbot2/dbot_vda5050_ilmatar/install/vda5050_msgs:/home/dbot2/dbot_vda5050_ilmatar/install/odometry_estimator:/home/dbot2/dbot_vda5050_ilmatar/install/dbot_nav_slam:/home/dbot2/dbot_src/install/odometry_estimator:/home/dbot2/dbot_src/install/dbot_custom_msgs:/home/dbot2/dbot_remote/install/pointcloud_saver:/home/dbot2/circus_demo/install/pcl_localization_ros2:/home/dbot2/circus_demo/install/ndt_omp_ros2:/home/dbot2/ros2_ws/install/odometry_estimator:/home/dbot2/ros2_ws/install/dbot_nav_slam:/home/dbot2/ros2_ws/install/dbot_custom_msgs:/home/dbot2/ros2_ws/install/ament_lint_common:/home/dbot2/ros2_ws/install/ament_cmake_xmllint:/home/dbot2/ros2_ws/install/ament_cmake_uncrustify:/home/dbot2/ros2_ws/install/ament_cmake_pyflakes:/home/dbot2/ros2_ws/install/ament_cmake_pycodestyle:/home/dbot2/ros2_ws/install/ament_cmake_pep257:/home/dbot2/ros2_ws/install/ament_cmake_pclint:/home/dbot2/ros2_ws/install/ament_cmake_mypy:/home/dbot2/ros2_ws/install/ament_cmake_lint_cmake:/home/dbot2/ros2_ws/install/ament_lint_auto:/home/dbot2/ros2_ws/install/ament_cmake_flake8:/home/dbot2/ros2_ws/install/ament_cmake_copyright:/home/dbot2/ros2_ws/install/ament_cmake_cpplint:/home/dbot2/ros2_ws/install/ament_cmake_cppcheck:/home/dbot2/ros2_ws/install/ament_cmake_clang_tidy:/home/dbot2/ros2_ws/install/ament_cmake_clang_format LD_LIBRARY_PATH=/home/dbot2/dbot_vda5050_ilmatar/install/dbot_custom_msgs/lib:/home/dbot2/dbot_vda5050_ilmatar/install/vda5050_connector/lib:/home/dbot2/dbot_vda5050_ilmatar/install/vda5050_msgs/lib:/home/dbot2/dbot_src/install/dbot_custom_msgs/lib:/home/dbot2/circus_demo/install/pcl_localization_ros2/lib:/home/dbot2/ros2_ws/install/dbot_custom_msgs/lib:/opt/ros/humble/opt/rviz_ogre_vendor/lib:/opt/ros/humble/lib/x86_64-linux-gnu:/opt/ros/humble/lib PYTHONPATH=/home/dbot2/dbot_vda5050_ilmatar/build/motor_driver/prefix_override:/usr/lib/python3/dist-packages/colcon_core/task/python/colcon_distutils_commands:/home/dbot2/dbot_vda5050_ilmatar/install/motor_driver/lib/python3.10/site-packages:${PYTHONPATH} /usr/bin/python3 -W ignore:setup.py install is deprecated -W ignore:easy_install command is deprecated setup.py egg_info --egg-base ../../build/motor_driver build --build-base /home/dbot2/dbot_vda5050_ilmatar/build/motor_driver/build install --record /home/dbot2/dbot_vda5050_ilmatar/build/motor_driver/install.log --single-version-externally-managed install_data
[9.221s] Level 1:colcon.colcon_core.environment:checking '/home/dbot2/dbot_vda5050_ilmatar/install/motor_driver/bin'
[9.221s] Level 1:colcon.colcon_core.environment:create_environment_scripts_only(motor_driver)
[9.221s] INFO:colcon.colcon_core.shell:Creating package script '/home/dbot2/dbot_vda5050_ilmatar/install/motor_driver/share/motor_driver/package.ps1'
[9.223s] INFO:colcon.colcon_core.shell:Creating package descriptor '/home/dbot2/dbot_vda5050_ilmatar/install/motor_driver/share/motor_driver/package.dsv'
[9.224s] INFO:colcon.colcon_core.shell:Creating package script '/home/dbot2/dbot_vda5050_ilmatar/install/motor_driver/share/motor_driver/package.sh'
[9.230s] INFO:colcon.colcon_core.shell:Creating package script '/home/dbot2/dbot_vda5050_ilmatar/install/motor_driver/share/motor_driver/package.bash'
[9.231s] INFO:colcon.colcon_core.shell:Creating package script '/home/dbot2/dbot_vda5050_ilmatar/install/motor_driver/share/motor_driver/package.zsh'
[9.231s] Level 1:colcon.colcon_core.environment:create_file_with_runtime_dependencies(/home/dbot2/dbot_vda5050_ilmatar/install/motor_driver/share/colcon-core/packages/motor_driver)
[14.938s] DEBUG:colcon.colcon_core.event_handler.log_command:Invoked command in '/home/dbot2/dbot_vda5050_ilmatar/build/vda5050_msgs' returned '0': CMAKE_PREFIX_PATH=${CMAKE_PREFIX_PATH}:/home/dbot2/dbot_vda5050_ilmatar/install/vda5050_tb3_adapter:/home/dbot2/dbot_vda5050_ilmatar/install/tf2_dbot:/home/dbot2/dbot_vda5050_ilmatar/install/odom_motion_model:/home/dbot2/dbot_vda5050_ilmatar/install/motor_driver:/home/dbot2/dbot_vda5050_ilmatar/install/joycontrol:/home/dbot2/dbot_vda5050_ilmatar/install/gesturecontrol:/home/dbot2/dbot_vda5050_ilmatar/install/dbot_bridge:/home/dbot2/dbot_vda5050_ilmatar/install/dbot:/home/dbot2/dbot_src/install/tf2_dbot:/home/dbot2/dbot_src/install/odom_motion_model:/home/dbot2/dbot_src/install/motor_driver:/home/dbot2/dbot_src/install/joycontrol:/home/dbot2/dbot_src/install/dbot:/home/dbot2/dbot_remote/install/pcd_joy_trigger:/home/dbot2/circus_demo/install/circus_demo:/home/dbot2/ros2_ws/install/tf2_dbot:/home/dbot2/ros2_ws/install/odom_motion_model:/home/dbot2/ros2_ws/install/motor_driver:/home/dbot2/ros2_ws/install/joycontrol:/home/dbot2/ros2_ws/install/gesturecontrol:/home/dbot2/ros2_ws/install/dbot_bridge:/home/dbot2/ros2_ws/install/dbot:/home/dbot2/ros2_ws/install/ament_xmllint:/home/dbot2/ros2_ws/install/ament_uncrustify:/home/dbot2/ros2_ws/install/ament_pyflakes:/home/dbot2/ros2_ws/install/ament_pycodestyle:/home/dbot2/ros2_ws/install/ament_pep257:/home/dbot2/ros2_ws/install/ament_pclint:/home/dbot2/ros2_ws/install/ament_mypy:/home/dbot2/ros2_ws/install/ament_lint_cmake:/home/dbot2/ros2_ws/install/ament_flake8:/home/dbot2/ros2_ws/install/ament_copyright:/home/dbot2/ros2_ws/install/ament_lint:/home/dbot2/ros2_ws/install/ament_cpplint:/home/dbot2/ros2_ws/install/ament_cppcheck:/home/dbot2/ros2_ws/install/ament_clang_tidy:/home/dbot2/ros2_ws/install/ament_clang_format:/opt/ros/humble /usr/bin/cmake --build /home/dbot2/dbot_vda5050_ilmatar/build/vda5050_msgs -- -j8 -l8
[14.940s] DEBUG:colcon.colcon_core.event_handler.log_command:Invoking command in '/home/dbot2/dbot_vda5050_ilmatar/build/vda5050_msgs': CMAKE_PREFIX_PATH=${CMAKE_PREFIX_PATH}:/home/dbot2/dbot_vda5050_ilmatar/install/vda5050_tb3_adapter:/home/dbot2/dbot_vda5050_ilmatar/install/tf2_dbot:/home/dbot2/dbot_vda5050_ilmatar/install/odom_motion_model:/home/dbot2/dbot_vda5050_ilmatar/install/motor_driver:/home/dbot2/dbot_vda5050_ilmatar/install/joycontrol:/home/dbot2/dbot_vda5050_ilmatar/install/gesturecontrol:/home/dbot2/dbot_vda5050_ilmatar/install/dbot_bridge:/home/dbot2/dbot_vda5050_ilmatar/install/dbot:/home/dbot2/dbot_src/install/tf2_dbot:/home/dbot2/dbot_src/install/odom_motion_model:/home/dbot2/dbot_src/install/motor_driver:/home/dbot2/dbot_src/install/joycontrol:/home/dbot2/dbot_src/install/dbot:/home/dbot2/dbot_remote/install/pcd_joy_trigger:/home/dbot2/circus_demo/install/circus_demo:/home/dbot2/ros2_ws/install/tf2_dbot:/home/dbot2/ros2_ws/install/odom_motion_model:/home/dbot2/ros2_ws/install/motor_driver:/home/dbot2/ros2_ws/install/joycontrol:/home/dbot2/ros2_ws/install/gesturecontrol:/home/dbot2/ros2_ws/install/dbot_bridge:/home/dbot2/ros2_ws/install/dbot:/home/dbot2/ros2_ws/install/ament_xmllint:/home/dbot2/ros2_ws/install/ament_uncrustify:/home/dbot2/ros2_ws/install/ament_pyflakes:/home/dbot2/ros2_ws/install/ament_pycodestyle:/home/dbot2/ros2_ws/install/ament_pep257:/home/dbot2/ros2_ws/install/ament_pclint:/home/dbot2/ros2_ws/install/ament_mypy:/home/dbot2/ros2_ws/install/ament_lint_cmake:/home/dbot2/ros2_ws/install/ament_flake8:/home/dbot2/ros2_ws/install/ament_copyright:/home/dbot2/ros2_ws/install/ament_lint:/home/dbot2/ros2_ws/install/ament_cpplint:/home/dbot2/ros2_ws/install/ament_cppcheck:/home/dbot2/ros2_ws/install/ament_clang_tidy:/home/dbot2/ros2_ws/install/ament_clang_format:/opt/ros/humble /usr/bin/cmake --install /home/dbot2/dbot_vda5050_ilmatar/build/vda5050_msgs
[15.161s] Level 1:colcon.colcon_core.environment:create_environment_scripts_only(vda5050_msgs)
[15.161s] Level 1:colcon.colcon_core.environment:checking '/home/dbot2/dbot_vda5050_ilmatar/install/vda5050_msgs' for CMake module files
[15.161s] DEBUG:colcon.colcon_core.event_handler.log_command:Invoked command in '/home/dbot2/dbot_vda5050_ilmatar/build/vda5050_msgs' returned '0': CMAKE_PREFIX_PATH=${CMAKE_PREFIX_PATH}:/home/dbot2/dbot_vda5050_ilmatar/install/vda5050_tb3_adapter:/home/dbot2/dbot_vda5050_ilmatar/install/tf2_dbot:/home/dbot2/dbot_vda5050_ilmatar/install/odom_motion_model:/home/dbot2/dbot_vda5050_ilmatar/install/motor_driver:/home/dbot2/dbot_vda5050_ilmatar/install/joycontrol:/home/dbot2/dbot_vda5050_ilmatar/install/gesturecontrol:/home/dbot2/dbot_vda5050_ilmatar/install/dbot_bridge:/home/dbot2/dbot_vda5050_ilmatar/install/dbot:/home/dbot2/dbot_src/install/tf2_dbot:/home/dbot2/dbot_src/install/odom_motion_model:/home/dbot2/dbot_src/install/motor_driver:/home/dbot2/dbot_src/install/joycontrol:/home/dbot2/dbot_src/install/dbot:/home/dbot2/dbot_remote/install/pcd_joy_trigger:/home/dbot2/circus_demo/install/circus_demo:/home/dbot2/ros2_ws/install/tf2_dbot:/home/dbot2/ros2_ws/install/odom_motion_model:/home/dbot2/ros2_ws/install/motor_driver:/home/dbot2/ros2_ws/install/joycontrol:/home/dbot2/ros2_ws/install/gesturecontrol:/home/dbot2/ros2_ws/install/dbot_bridge:/home/dbot2/ros2_ws/install/dbot:/home/dbot2/ros2_ws/install/ament_xmllint:/home/dbot2/ros2_ws/install/ament_uncrustify:/home/dbot2/ros2_ws/install/ament_pyflakes:/home/dbot2/ros2_ws/install/ament_pycodestyle:/home/dbot2/ros2_ws/install/ament_pep257:/home/dbot2/ros2_ws/install/ament_pclint:/home/dbot2/ros2_ws/install/ament_mypy:/home/dbot2/ros2_ws/install/ament_lint_cmake:/home/dbot2/ros2_ws/install/ament_flake8:/home/dbot2/ros2_ws/install/ament_copyright:/home/dbot2/ros2_ws/install/ament_lint:/home/dbot2/ros2_ws/install/ament_cpplint:/home/dbot2/ros2_ws/install/ament_cppcheck:/home/dbot2/ros2_ws/install/ament_clang_tidy:/home/dbot2/ros2_ws/install/ament_clang_format:/opt/ros/humble /usr/bin/cmake --install /home/dbot2/dbot_vda5050_ilmatar/build/vda5050_msgs
[15.162s] Level 1:colcon.colcon_core.environment:checking '/home/dbot2/dbot_vda5050_ilmatar/install/vda5050_msgs' for CMake config files
[15.166s] Level 1:colcon.colcon_core.shell:create_environment_hook('vda5050_msgs', 'cmake_prefix_path')
[15.166s] INFO:colcon.colcon_core.shell:Creating environment hook '/home/dbot2/dbot_vda5050_ilmatar/install/vda5050_msgs/share/vda5050_msgs/hook/cmake_prefix_path.ps1'
[15.167s] INFO:colcon.colcon_core.shell:Creating environment descriptor '/home/dbot2/dbot_vda5050_ilmatar/install/vda5050_msgs/share/vda5050_msgs/hook/cmake_prefix_path.dsv'
[15.167s] INFO:colcon.colcon_core.shell:Creating environment hook '/home/dbot2/dbot_vda5050_ilmatar/install/vda5050_msgs/share/vda5050_msgs/hook/cmake_prefix_path.sh'
[15.168s] Level 1:colcon.colcon_core.environment:checking '/home/dbot2/dbot_vda5050_ilmatar/install/vda5050_msgs/lib'
[15.168s] Level 1:colcon.colcon_core.shell:create_environment_hook('vda5050_msgs', 'ld_library_path_lib')
[15.168s] INFO:colcon.colcon_core.shell:Creating environment hook '/home/dbot2/dbot_vda5050_ilmatar/install/vda5050_msgs/share/vda5050_msgs/hook/ld_library_path_lib.ps1'
[15.168s] INFO:colcon.colcon_core.shell:Creating environment descriptor '/home/dbot2/dbot_vda5050_ilmatar/install/vda5050_msgs/share/vda5050_msgs/hook/ld_library_path_lib.dsv'
[15.169s] INFO:colcon.colcon_core.shell:Creating environment hook '/home/dbot2/dbot_vda5050_ilmatar/install/vda5050_msgs/share/vda5050_msgs/hook/ld_library_path_lib.sh'
[15.169s] Level 1:colcon.colcon_core.environment:checking '/home/dbot2/dbot_vda5050_ilmatar/install/vda5050_msgs/bin'
[15.169s] Level 1:colcon.colcon_core.environment:checking '/home/dbot2/dbot_vda5050_ilmatar/install/vda5050_msgs/lib/pkgconfig/vda5050_msgs.pc'
[15.169s] Level 1:colcon.colcon_core.environment:checking '/home/dbot2/dbot_vda5050_ilmatar/install/vda5050_msgs/lib/python3.10/site-packages'
[15.169s] Level 1:colcon.colcon_core.environment:checking '/home/dbot2/dbot_vda5050_ilmatar/install/vda5050_msgs/bin'
[15.170s] INFO:colcon.colcon_core.shell:Creating package script '/home/dbot2/dbot_vda5050_ilmatar/install/vda5050_msgs/share/vda5050_msgs/package.ps1'
[15.170s] INFO:colcon.colcon_core.shell:Creating package descriptor '/home/dbot2/dbot_vda5050_ilmatar/install/vda5050_msgs/share/vda5050_msgs/package.dsv'
[15.171s] INFO:colcon.colcon_core.shell:Creating package script '/home/dbot2/dbot_vda5050_ilmatar/install/vda5050_msgs/share/vda5050_msgs/package.sh'
[15.171s] INFO:colcon.colcon_core.shell:Creating package script '/home/dbot2/dbot_vda5050_ilmatar/install/vda5050_msgs/share/vda5050_msgs/package.bash'
[15.171s] INFO:colcon.colcon_core.shell:Creating package script '/home/dbot2/dbot_vda5050_ilmatar/install/vda5050_msgs/share/vda5050_msgs/package.zsh'
[15.172s] Level 1:colcon.colcon_core.environment:create_file_with_runtime_dependencies(/home/dbot2/dbot_vda5050_ilmatar/install/vda5050_msgs/share/colcon-core/packages/vda5050_msgs)
[15.172s] Level 1:colcon.colcon_core.environment:create_environment_scripts_only(vda5050_msgs)
[15.172s] Level 1:colcon.colcon_core.environment:checking '/home/dbot2/dbot_vda5050_ilmatar/install/vda5050_msgs' for CMake module files
[15.173s] Level 1:colcon.colcon_core.environment:checking '/home/dbot2/dbot_vda5050_ilmatar/install/vda5050_msgs' for CMake config files
[15.177s] Level 1:colcon.colcon_core.shell:create_environment_hook('vda5050_msgs', 'cmake_prefix_path')
[15.177s] INFO:colcon.colcon_core.shell:Creating environment hook '/home/dbot2/dbot_vda5050_ilmatar/install/vda5050_msgs/share/vda5050_msgs/hook/cmake_prefix_path.ps1'
[15.177s] INFO:colcon.colcon_core.shell:Creating environment descriptor '/home/dbot2/dbot_vda5050_ilmatar/install/vda5050_msgs/share/vda5050_msgs/hook/cmake_prefix_path.dsv'
[15.178s] INFO:colcon.colcon_core.shell:Creating environment hook '/home/dbot2/dbot_vda5050_ilmatar/install/vda5050_msgs/share/vda5050_msgs/hook/cmake_prefix_path.sh'
[15.178s] Level 1:colcon.colcon_core.environment:checking '/home/dbot2/dbot_vda5050_ilmatar/install/vda5050_msgs/lib'
[15.178s] Level 1:colcon.colcon_core.shell:create_environment_hook('vda5050_msgs', 'ld_library_path_lib')
[15.178s] INFO:colcon.colcon_core.shell:Creating environment hook '/home/dbot2/dbot_vda5050_ilmatar/install/vda5050_msgs/share/vda5050_msgs/hook/ld_library_path_lib.ps1'
[15.179s] INFO:colcon.colcon_core.shell:Creating environment descriptor '/home/dbot2/dbot_vda5050_ilmatar/install/vda5050_msgs/share/vda5050_msgs/hook/ld_library_path_lib.dsv'
[15.179s] INFO:colcon.colcon_core.shell:Creating environment hook '/home/dbot2/dbot_vda5050_ilmatar/install/vda5050_msgs/share/vda5050_msgs/hook/ld_library_path_lib.sh'
[15.180s] Level 1:colcon.colcon_core.environment:checking '/home/dbot2/dbot_vda5050_ilmatar/install/vda5050_msgs/bin'
[15.180s] Level 1:colcon.colcon_core.environment:checking '/home/dbot2/dbot_vda5050_ilmatar/install/vda5050_msgs/lib/pkgconfig/vda5050_msgs.pc'
[15.181s] Level 1:colcon.colcon_core.environment:checking '/home/dbot2/dbot_vda5050_ilmatar/install/vda5050_msgs/lib/python3.10/site-packages'
[15.181s] Level 1:colcon.colcon_core.environment:checking '/home/dbot2/dbot_vda5050_ilmatar/install/vda5050_msgs/bin'
[15.182s] INFO:colcon.colcon_core.shell:Creating package script '/home/dbot2/dbot_vda5050_ilmatar/install/vda5050_msgs/share/vda5050_msgs/package.ps1'
[15.182s] INFO:colcon.colcon_core.shell:Creating package descriptor '/home/dbot2/dbot_vda5050_ilmatar/install/vda5050_msgs/share/vda5050_msgs/package.dsv'
[15.183s] INFO:colcon.colcon_core.shell:Creating package script '/home/dbot2/dbot_vda5050_ilmatar/install/vda5050_msgs/share/vda5050_msgs/package.sh'
[15.183s] INFO:colcon.colcon_core.shell:Creating package script '/home/dbot2/dbot_vda5050_ilmatar/install/vda5050_msgs/share/vda5050_msgs/package.bash'
[15.183s] INFO:colcon.colcon_core.shell:Creating package script '/home/dbot2/dbot_vda5050_ilmatar/install/vda5050_msgs/share/vda5050_msgs/package.zsh'
[15.184s] Level 1:colcon.colcon_core.environment:create_file_with_runtime_dependencies(/home/dbot2/dbot_vda5050_ilmatar/install/vda5050_msgs/share/colcon-core/packages/vda5050_msgs)
[15.184s] INFO:colcon.colcon_ros.task.ament_cmake.build:Building ROS package in '/home/dbot2/dbot_vda5050_ilmatar/src/vda5050_connector' with build type 'ament_cmake'
[15.184s] INFO:colcon.colcon_cmake.task.cmake.build:Building CMake package in '/home/dbot2/dbot_vda5050_ilmatar/src/vda5050_connector'
[15.185s] INFO:colcon.colcon_core.shell:Skip shell extension 'powershell' for command environment: Not usable outside of PowerShell
[15.185s] DEBUG:colcon.colcon_core.shell:Skip shell extension 'dsv' for command environment
[15.198s] DEBUG:colcon.colcon_core.event_handler.log_command:Invoking command in '/home/dbot2/dbot_vda5050_ilmatar/build/vda5050_connector': CMAKE_PREFIX_PATH=/home/dbot2/dbot_vda5050_ilmatar/install/vda5050_msgs:/home/dbot2/dbot_vda5050_ilmatar/install/vda_dbot_nav_slam:/home/dbot2/dbot_vda5050_ilmatar/install/vda5050_connector:/home/dbot2/dbot_vda5050_ilmatar/install/odometry_estimator:/home/dbot2/dbot_vda5050_ilmatar/install/dbot_nav_slam:/home/dbot2/dbot_vda5050_ilmatar/install/dbot_custom_msgs:/home/dbot2/dbot_src/install/odometry_estimator:/home/dbot2/dbot_src/install/dbot_custom_msgs:/home/dbot2/dbot_remote/install/pointcloud_saver:/home/dbot2/circus_demo/install/pcl_localization_ros2:/home/dbot2/circus_demo/install/ndt_omp_ros2:/home/dbot2/ros2_ws/install/odometry_estimator:/home/dbot2/ros2_ws/install/dbot_nav_slam:/home/dbot2/ros2_ws/install/dbot_custom_msgs:/home/dbot2/ros2_ws/install/ament_lint_common:/home/dbot2/ros2_ws/install/ament_cmake_xmllint:/home/dbot2/ros2_ws/install/ament_cmake_uncrustify:/home/dbot2/ros2_ws/install/ament_cmake_pyflakes:/home/dbot2/ros2_ws/install/ament_cmake_pycodestyle:/home/dbot2/ros2_ws/install/ament_cmake_pep257:/home/dbot2/ros2_ws/install/ament_cmake_pclint:/home/dbot2/ros2_ws/install/ament_cmake_mypy:/home/dbot2/ros2_ws/install/ament_cmake_lint_cmake:/home/dbot2/ros2_ws/install/ament_lint_auto:/home/dbot2/ros2_ws/install/ament_cmake_flake8:/home/dbot2/ros2_ws/install/ament_cmake_copyright:/home/dbot2/ros2_ws/install/ament_cmake_cpplint:/home/dbot2/ros2_ws/install/ament_cmake_cppcheck:/home/dbot2/ros2_ws/install/ament_cmake_clang_tidy:/home/dbot2/ros2_ws/install/ament_cmake_clang_format:/home/dbot2/dbot_vda5050_ilmatar/install/vda5050_tb3_adapter:/home/dbot2/dbot_vda5050_ilmatar/install/tf2_dbot:/home/dbot2/dbot_vda5050_ilmatar/install/odom_motion_model:/home/dbot2/dbot_vda5050_ilmatar/install/motor_driver:/home/dbot2/dbot_vda5050_ilmatar/install/joycontrol:/home/dbot2/dbot_vda5050_ilmatar/install/gesturecontrol:/home/dbot2/dbot_vda5050_ilmatar/install/dbot_bridge:/home/dbot2/dbot_vda5050_ilmatar/install/dbot:/home/dbot2/dbot_src/install/tf2_dbot:/home/dbot2/dbot_src/install/odom_motion_model:/home/dbot2/dbot_src/install/motor_driver:/home/dbot2/dbot_src/install/joycontrol:/home/dbot2/dbot_src/install/dbot:/home/dbot2/dbot_remote/install/pcd_joy_trigger:/home/dbot2/circus_demo/install/circus_demo:/home/dbot2/ros2_ws/install/tf2_dbot:/home/dbot2/ros2_ws/install/odom_motion_model:/home/dbot2/ros2_ws/install/motor_driver:/home/dbot2/ros2_ws/install/joycontrol:/home/dbot2/ros2_ws/install/gesturecontrol:/home/dbot2/ros2_ws/install/dbot_bridge:/home/dbot2/ros2_ws/install/dbot:/home/dbot2/ros2_ws/install/ament_xmllint:/home/dbot2/ros2_ws/install/ament_uncrustify:/home/dbot2/ros2_ws/install/ament_pyflakes:/home/dbot2/ros2_ws/install/ament_pycodestyle:/home/dbot2/ros2_ws/install/ament_pep257:/home/dbot2/ros2_ws/install/ament_pclint:/home/dbot2/ros2_ws/install/ament_mypy:/home/dbot2/ros2_ws/install/ament_lint_cmake:/home/dbot2/ros2_ws/install/ament_flake8:/home/dbot2/ros2_ws/install/ament_copyright:/home/dbot2/ros2_ws/install/ament_lint:/home/dbot2/ros2_ws/install/ament_cpplint:/home/dbot2/ros2_ws/install/ament_cppcheck:/home/dbot2/ros2_ws/install/ament_clang_tidy:/home/dbot2/ros2_ws/install/ament_clang_format:/opt/ros/humble LD_LIBRARY_PATH=/home/dbot2/dbot_vda5050_ilmatar/install/vda5050_msgs/lib:/home/dbot2/dbot_vda5050_ilmatar/install/vda5050_connector/lib:/home/dbot2/dbot_vda5050_ilmatar/install/dbot_custom_msgs/lib:/home/dbot2/dbot_src/install/dbot_custom_msgs/lib:/home/dbot2/circus_demo/install/pcl_localization_ros2/lib:/home/dbot2/ros2_ws/install/dbot_custom_msgs/lib:/opt/ros/humble/opt/rviz_ogre_vendor/lib:/opt/ros/humble/lib/x86_64-linux-gnu:/opt/ros/humble/lib /usr/bin/cmake --build /home/dbot2/dbot_vda5050_ilmatar/build/vda5050_connector -- -j8 -l8
[17.581s] DEBUG:colcon.colcon_core.event_handler.log_command:Invoked command in '/home/dbot2/dbot_vda5050_ilmatar/build/odometry_estimator' returned '0': CMAKE_PREFIX_PATH=/home/dbot2/dbot_vda5050_ilmatar/install/dbot_custom_msgs:/home/dbot2/dbot_vda5050_ilmatar/install/vda_dbot_nav_slam:/home/dbot2/dbot_vda5050_ilmatar/install/vda5050_connector:/home/dbot2/dbot_vda5050_ilmatar/install/vda5050_msgs:/home/dbot2/dbot_vda5050_ilmatar/install/odometry_estimator:/home/dbot2/dbot_vda5050_ilmatar/install/dbot_nav_slam:/home/dbot2/dbot_src/install/odometry_estimator:/home/dbot2/dbot_src/install/dbot_custom_msgs:/home/dbot2/dbot_remote/install/pointcloud_saver:/home/dbot2/circus_demo/install/pcl_localization_ros2:/home/dbot2/circus_demo/install/ndt_omp_ros2:/home/dbot2/ros2_ws/install/odometry_estimator:/home/dbot2/ros2_ws/install/dbot_nav_slam:/home/dbot2/ros2_ws/install/dbot_custom_msgs:/home/dbot2/ros2_ws/install/ament_lint_common:/home/dbot2/ros2_ws/install/ament_cmake_xmllint:/home/dbot2/ros2_ws/install/ament_cmake_uncrustify:/home/dbot2/ros2_ws/install/ament_cmake_pyflakes:/home/dbot2/ros2_ws/install/ament_cmake_pycodestyle:/home/dbot2/ros2_ws/install/ament_cmake_pep257:/home/dbot2/ros2_ws/install/ament_cmake_pclint:/home/dbot2/ros2_ws/install/ament_cmake_mypy:/home/dbot2/ros2_ws/install/ament_cmake_lint_cmake:/home/dbot2/ros2_ws/install/ament_lint_auto:/home/dbot2/ros2_ws/install/ament_cmake_flake8:/home/dbot2/ros2_ws/install/ament_cmake_copyright:/home/dbot2/ros2_ws/install/ament_cmake_cpplint:/home/dbot2/ros2_ws/install/ament_cmake_cppcheck:/home/dbot2/ros2_ws/install/ament_cmake_clang_tidy:/home/dbot2/ros2_ws/install/ament_cmake_clang_format:/home/dbot2/dbot_vda5050_ilmatar/install/vda5050_tb3_adapter:/home/dbot2/dbot_vda5050_ilmatar/install/tf2_dbot:/home/dbot2/dbot_vda5050_ilmatar/install/odom_motion_model:/home/dbot2/dbot_vda5050_ilmatar/install/motor_driver:/home/dbot2/dbot_vda5050_ilmatar/install/joycontrol:/home/dbot2/dbot_vda5050_ilmatar/install/gesturecontrol:/home/dbot2/dbot_vda5050_ilmatar/install/dbot_bridge:/home/dbot2/dbot_vda5050_ilmatar/install/dbot:/home/dbot2/dbot_src/install/tf2_dbot:/home/dbot2/dbot_src/install/odom_motion_model:/home/dbot2/dbot_src/install/motor_driver:/home/dbot2/dbot_src/install/joycontrol:/home/dbot2/dbot_src/install/dbot:/home/dbot2/dbot_remote/install/pcd_joy_trigger:/home/dbot2/circus_demo/install/circus_demo:/home/dbot2/ros2_ws/install/tf2_dbot:/home/dbot2/ros2_ws/install/odom_motion_model:/home/dbot2/ros2_ws/install/motor_driver:/home/dbot2/ros2_ws/install/joycontrol:/home/dbot2/ros2_ws/install/gesturecontrol:/home/dbot2/ros2_ws/install/dbot_bridge:/home/dbot2/ros2_ws/install/dbot:/home/dbot2/ros2_ws/install/ament_xmllint:/home/dbot2/ros2_ws/install/ament_uncrustify:/home/dbot2/ros2_ws/install/ament_pyflakes:/home/dbot2/ros2_ws/install/ament_pycodestyle:/home/dbot2/ros2_ws/install/ament_pep257:/home/dbot2/ros2_ws/install/ament_pclint:/home/dbot2/ros2_ws/install/ament_mypy:/home/dbot2/ros2_ws/install/ament_lint_cmake:/home/dbot2/ros2_ws/install/ament_flake8:/home/dbot2/ros2_ws/install/ament_copyright:/home/dbot2/ros2_ws/install/ament_lint:/home/dbot2/ros2_ws/install/ament_cpplint:/home/dbot2/ros2_ws/install/ament_cppcheck:/home/dbot2/ros2_ws/install/ament_clang_tidy:/home/dbot2/ros2_ws/install/ament_clang_format:/opt/ros/humble LD_LIBRARY_PATH=/home/dbot2/dbot_vda5050_ilmatar/install/dbot_custom_msgs/lib:/home/dbot2/dbot_vda5050_ilmatar/install/vda5050_connector/lib:/home/dbot2/dbot_vda5050_ilmatar/install/vda5050_msgs/lib:/home/dbot2/dbot_src/install/dbot_custom_msgs/lib:/home/dbot2/circus_demo/install/pcl_localization_ros2/lib:/home/dbot2/ros2_ws/install/dbot_custom_msgs/lib:/opt/ros/humble/opt/rviz_ogre_vendor/lib:/opt/ros/humble/lib/x86_64-linux-gnu:/opt/ros/humble/lib /usr/bin/cmake --build /home/dbot2/dbot_vda5050_ilmatar/build/odometry_estimator -- -j8 -l8
[17.583s] DEBUG:colcon.colcon_core.event_handler.log_command:Invoking command in '/home/dbot2/dbot_vda5050_ilmatar/build/odometry_estimator': CMAKE_PREFIX_PATH=/home/dbot2/dbot_vda5050_ilmatar/install/dbot_custom_msgs:/home/dbot2/dbot_vda5050_ilmatar/install/vda_dbot_nav_slam:/home/dbot2/dbot_vda5050_ilmatar/install/vda5050_connector:/home/dbot2/dbot_vda5050_ilmatar/install/vda5050_msgs:/home/dbot2/dbot_vda5050_ilmatar/install/odometry_estimator:/home/dbot2/dbot_vda5050_ilmatar/install/dbot_nav_slam:/home/dbot2/dbot_src/install/odometry_estimator:/home/dbot2/dbot_src/install/dbot_custom_msgs:/home/dbot2/dbot_remote/install/pointcloud_saver:/home/dbot2/circus_demo/install/pcl_localization_ros2:/home/dbot2/circus_demo/install/ndt_omp_ros2:/home/dbot2/ros2_ws/install/odometry_estimator:/home/dbot2/ros2_ws/install/dbot_nav_slam:/home/dbot2/ros2_ws/install/dbot_custom_msgs:/home/dbot2/ros2_ws/install/ament_lint_common:/home/dbot2/ros2_ws/install/ament_cmake_xmllint:/home/dbot2/ros2_ws/install/ament_cmake_uncrustify:/home/dbot2/ros2_ws/install/ament_cmake_pyflakes:/home/dbot2/ros2_ws/install/ament_cmake_pycodestyle:/home/dbot2/ros2_ws/install/ament_cmake_pep257:/home/dbot2/ros2_ws/install/ament_cmake_pclint:/home/dbot2/ros2_ws/install/ament_cmake_mypy:/home/dbot2/ros2_ws/install/ament_cmake_lint_cmake:/home/dbot2/ros2_ws/install/ament_lint_auto:/home/dbot2/ros2_ws/install/ament_cmake_flake8:/home/dbot2/ros2_ws/install/ament_cmake_copyright:/home/dbot2/ros2_ws/install/ament_cmake_cpplint:/home/dbot2/ros2_ws/install/ament_cmake_cppcheck:/home/dbot2/ros2_ws/install/ament_cmake_clang_tidy:/home/dbot2/ros2_ws/install/ament_cmake_clang_format:/home/dbot2/dbot_vda5050_ilmatar/install/vda5050_tb3_adapter:/home/dbot2/dbot_vda5050_ilmatar/install/tf2_dbot:/home/dbot2/dbot_vda5050_ilmatar/install/odom_motion_model:/home/dbot2/dbot_vda5050_ilmatar/install/motor_driver:/home/dbot2/dbot_vda5050_ilmatar/install/joycontrol:/home/dbot2/dbot_vda5050_ilmatar/install/gesturecontrol:/home/dbot2/dbot_vda5050_ilmatar/install/dbot_bridge:/home/dbot2/dbot_vda5050_ilmatar/install/dbot:/home/dbot2/dbot_src/install/tf2_dbot:/home/dbot2/dbot_src/install/odom_motion_model:/home/dbot2/dbot_src/install/motor_driver:/home/dbot2/dbot_src/install/joycontrol:/home/dbot2/dbot_src/install/dbot:/home/dbot2/dbot_remote/install/pcd_joy_trigger:/home/dbot2/circus_demo/install/circus_demo:/home/dbot2/ros2_ws/install/tf2_dbot:/home/dbot2/ros2_ws/install/odom_motion_model:/home/dbot2/ros2_ws/install/motor_driver:/home/dbot2/ros2_ws/install/joycontrol:/home/dbot2/ros2_ws/install/gesturecontrol:/home/dbot2/ros2_ws/install/dbot_bridge:/home/dbot2/ros2_ws/install/dbot:/home/dbot2/ros2_ws/install/ament_xmllint:/home/dbot2/ros2_ws/install/ament_uncrustify:/home/dbot2/ros2_ws/install/ament_pyflakes:/home/dbot2/ros2_ws/install/ament_pycodestyle:/home/dbot2/ros2_ws/install/ament_pep257:/home/dbot2/ros2_ws/install/ament_pclint:/home/dbot2/ros2_ws/install/ament_mypy:/home/dbot2/ros2_ws/install/ament_lint_cmake:/home/dbot2/ros2_ws/install/ament_flake8:/home/dbot2/ros2_ws/install/ament_copyright:/home/dbot2/ros2_ws/install/ament_lint:/home/dbot2/ros2_ws/install/ament_cpplint:/home/dbot2/ros2_ws/install/ament_cppcheck:/home/dbot2/ros2_ws/install/ament_clang_tidy:/home/dbot2/ros2_ws/install/ament_clang_format:/opt/ros/humble LD_LIBRARY_PATH=/home/dbot2/dbot_vda5050_ilmatar/install/dbot_custom_msgs/lib:/home/dbot2/dbot_vda5050_ilmatar/install/vda5050_connector/lib:/home/dbot2/dbot_vda5050_ilmatar/install/vda5050_msgs/lib:/home/dbot2/dbot_src/install/dbot_custom_msgs/lib:/home/dbot2/circus_demo/install/pcl_localization_ros2/lib:/home/dbot2/ros2_ws/install/dbot_custom_msgs/lib:/opt/ros/humble/opt/rviz_ogre_vendor/lib:/opt/ros/humble/lib/x86_64-linux-gnu:/opt/ros/humble/lib /usr/bin/cmake --install /home/dbot2/dbot_vda5050_ilmatar/build/odometry_estimator
[17.611s] Level 1:colcon.colcon_core.environment:create_environment_scripts_only(odometry_estimator)
[17.612s] Level 1:colcon.colcon_core.environment:checking '/home/dbot2/dbot_vda5050_ilmatar/install/odometry_estimator' for CMake module files
[17.612s] Level 1:colcon.colcon_core.environment:checking '/home/dbot2/dbot_vda5050_ilmatar/install/odometry_estimator' for CMake config files
[17.612s] Level 1:colcon.colcon_core.shell:create_environment_hook('odometry_estimator', 'cmake_prefix_path')
[17.613s] INFO:colcon.colcon_core.shell:Creating environment hook '/home/dbot2/dbot_vda5050_ilmatar/install/odometry_estimator/share/odometry_estimator/hook/cmake_prefix_path.ps1'
[17.613s] INFO:colcon.colcon_core.shell:Creating environment descriptor '/home/dbot2/dbot_vda5050_ilmatar/install/odometry_estimator/share/odometry_estimator/hook/cmake_prefix_path.dsv'
[17.614s] INFO:colcon.colcon_core.shell:Creating environment hook '/home/dbot2/dbot_vda5050_ilmatar/install/odometry_estimator/share/odometry_estimator/hook/cmake_prefix_path.sh'
[17.614s] Level 1:colcon.colcon_core.environment:checking '/home/dbot2/dbot_vda5050_ilmatar/install/odometry_estimator/lib'
[17.614s] Level 1:colcon.colcon_core.environment:checking '/home/dbot2/dbot_vda5050_ilmatar/install/odometry_estimator/bin'
[17.614s] Level 1:colcon.colcon_core.environment:checking '/home/dbot2/dbot_vda5050_ilmatar/install/odometry_estimator/lib/pkgconfig/odometry_estimator.pc'
[17.615s] Level 1:colcon.colcon_core.environment:checking '/home/dbot2/dbot_vda5050_ilmatar/install/odometry_estimator/lib/python3.10/site-packages'
[17.615s] Level 1:colcon.colcon_core.environment:checking '/home/dbot2/dbot_vda5050_ilmatar/install/odometry_estimator/bin'
[17.615s] INFO:colcon.colcon_core.shell:Creating package script '/home/dbot2/dbot_vda5050_ilmatar/install/odometry_estimator/share/odometry_estimator/package.ps1'
[17.616s] DEBUG:colcon.colcon_core.event_handler.log_command:Invoked command in '/home/dbot2/dbot_vda5050_ilmatar/build/odometry_estimator' returned '0': CMAKE_PREFIX_PATH=/home/dbot2/dbot_vda5050_ilmatar/install/dbot_custom_msgs:/home/dbot2/dbot_vda5050_ilmatar/install/vda_dbot_nav_slam:/home/dbot2/dbot_vda5050_ilmatar/install/vda5050_connector:/home/dbot2/dbot_vda5050_ilmatar/install/vda5050_msgs:/home/dbot2/dbot_vda5050_ilmatar/install/odometry_estimator:/home/dbot2/dbot_vda5050_ilmatar/install/dbot_nav_slam:/home/dbot2/dbot_src/install/odometry_estimator:/home/dbot2/dbot_src/install/dbot_custom_msgs:/home/dbot2/dbot_remote/install/pointcloud_saver:/home/dbot2/circus_demo/install/pcl_localization_ros2:/home/dbot2/circus_demo/install/ndt_omp_ros2:/home/dbot2/ros2_ws/install/odometry_estimator:/home/dbot2/ros2_ws/install/dbot_nav_slam:/home/dbot2/ros2_ws/install/dbot_custom_msgs:/home/dbot2/ros2_ws/install/ament_lint_common:/home/dbot2/ros2_ws/install/ament_cmake_xmllint:/home/dbot2/ros2_ws/install/ament_cmake_uncrustify:/home/dbot2/ros2_ws/install/ament_cmake_pyflakes:/home/dbot2/ros2_ws/install/ament_cmake_pycodestyle:/home/dbot2/ros2_ws/install/ament_cmake_pep257:/home/dbot2/ros2_ws/install/ament_cmake_pclint:/home/dbot2/ros2_ws/install/ament_cmake_mypy:/home/dbot2/ros2_ws/install/ament_cmake_lint_cmake:/home/dbot2/ros2_ws/install/ament_lint_auto:/home/dbot2/ros2_ws/install/ament_cmake_flake8:/home/dbot2/ros2_ws/install/ament_cmake_copyright:/home/dbot2/ros2_ws/install/ament_cmake_cpplint:/home/dbot2/ros2_ws/install/ament_cmake_cppcheck:/home/dbot2/ros2_ws/install/ament_cmake_clang_tidy:/home/dbot2/ros2_ws/install/ament_cmake_clang_format:/home/dbot2/dbot_vda5050_ilmatar/install/vda5050_tb3_adapter:/home/dbot2/dbot_vda5050_ilmatar/install/tf2_dbot:/home/dbot2/dbot_vda5050_ilmatar/install/odom_motion_model:/home/dbot2/dbot_vda5050_ilmatar/install/motor_driver:/home/dbot2/dbot_vda5050_ilmatar/install/joycontrol:/home/dbot2/dbot_vda5050_ilmatar/install/gesturecontrol:/home/dbot2/dbot_vda5050_ilmatar/install/dbot_bridge:/home/dbot2/dbot_vda5050_ilmatar/install/dbot:/home/dbot2/dbot_src/install/tf2_dbot:/home/dbot2/dbot_src/install/odom_motion_model:/home/dbot2/dbot_src/install/motor_driver:/home/dbot2/dbot_src/install/joycontrol:/home/dbot2/dbot_src/install/dbot:/home/dbot2/dbot_remote/install/pcd_joy_trigger:/home/dbot2/circus_demo/install/circus_demo:/home/dbot2/ros2_ws/install/tf2_dbot:/home/dbot2/ros2_ws/install/odom_motion_model:/home/dbot2/ros2_ws/install/motor_driver:/home/dbot2/ros2_ws/install/joycontrol:/home/dbot2/ros2_ws/install/gesturecontrol:/home/dbot2/ros2_ws/install/dbot_bridge:/home/dbot2/ros2_ws/install/dbot:/home/dbot2/ros2_ws/install/ament_xmllint:/home/dbot2/ros2_ws/install/ament_uncrustify:/home/dbot2/ros2_ws/install/ament_pyflakes:/home/dbot2/ros2_ws/install/ament_pycodestyle:/home/dbot2/ros2_ws/install/ament_pep257:/home/dbot2/ros2_ws/install/ament_pclint:/home/dbot2/ros2_ws/install/ament_mypy:/home/dbot2/ros2_ws/install/ament_lint_cmake:/home/dbot2/ros2_ws/install/ament_flake8:/home/dbot2/ros2_ws/install/ament_copyright:/home/dbot2/ros2_ws/install/ament_lint:/home/dbot2/ros2_ws/install/ament_cpplint:/home/dbot2/ros2_ws/install/ament_cppcheck:/home/dbot2/ros2_ws/install/ament_clang_tidy:/home/dbot2/ros2_ws/install/ament_clang_format:/opt/ros/humble LD_LIBRARY_PATH=/home/dbot2/dbot_vda5050_ilmatar/install/dbot_custom_msgs/lib:/home/dbot2/dbot_vda5050_ilmatar/install/vda5050_connector/lib:/home/dbot2/dbot_vda5050_ilmatar/install/vda5050_msgs/lib:/home/dbot2/dbot_src/install/dbot_custom_msgs/lib:/home/dbot2/circus_demo/install/pcl_localization_ros2/lib:/home/dbot2/ros2_ws/install/dbot_custom_msgs/lib:/opt/ros/humble/opt/rviz_ogre_vendor/lib:/opt/ros/humble/lib/x86_64-linux-gnu:/opt/ros/humble/lib /usr/bin/cmake --install /home/dbot2/dbot_vda5050_ilmatar/build/odometry_estimator
[17.616s] INFO:colcon.colcon_core.shell:Creating package descriptor '/home/dbot2/dbot_vda5050_ilmatar/install/odometry_estimator/share/odometry_estimator/package.dsv'
[17.617s] INFO:colcon.colcon_core.shell:Creating package script '/home/dbot2/dbot_vda5050_ilmatar/install/odometry_estimator/share/odometry_estimator/package.sh'
[17.617s] INFO:colcon.colcon_core.shell:Creating package script '/home/dbot2/dbot_vda5050_ilmatar/install/odometry_estimator/share/odometry_estimator/package.bash'
[17.617s] INFO:colcon.colcon_core.shell:Creating package script '/home/dbot2/dbot_vda5050_ilmatar/install/odometry_estimator/share/odometry_estimator/package.zsh'
[17.618s] Level 1:colcon.colcon_core.environment:create_file_with_runtime_dependencies(/home/dbot2/dbot_vda5050_ilmatar/install/odometry_estimator/share/colcon-core/packages/odometry_estimator)
[17.618s] Level 1:colcon.colcon_core.environment:create_environment_scripts_only(odometry_estimator)
[17.619s] Level 1:colcon.colcon_core.environment:checking '/home/dbot2/dbot_vda5050_ilmatar/install/odometry_estimator' for CMake module files
[17.619s] Level 1:colcon.colcon_core.environment:checking '/home/dbot2/dbot_vda5050_ilmatar/install/odometry_estimator' for CMake config files
[17.619s] Level 1:colcon.colcon_core.shell:create_environment_hook('odometry_estimator', 'cmake_prefix_path')
[17.619s] INFO:colcon.colcon_core.shell:Creating environment hook '/home/dbot2/dbot_vda5050_ilmatar/install/odometry_estimator/share/odometry_estimator/hook/cmake_prefix_path.ps1'
[17.620s] INFO:colcon.colcon_core.shell:Creating environment descriptor '/home/dbot2/dbot_vda5050_ilmatar/install/odometry_estimator/share/odometry_estimator/hook/cmake_prefix_path.dsv'
[17.620s] INFO:colcon.colcon_core.shell:Creating environment hook '/home/dbot2/dbot_vda5050_ilmatar/install/odometry_estimator/share/odometry_estimator/hook/cmake_prefix_path.sh'
[17.621s] Level 1:colcon.colcon_core.environment:checking '/home/dbot2/dbot_vda5050_ilmatar/install/odometry_estimator/lib'
[17.621s] Level 1:colcon.colcon_core.environment:checking '/home/dbot2/dbot_vda5050_ilmatar/install/odometry_estimator/bin'
[17.621s] Level 1:colcon.colcon_core.environment:checking '/home/dbot2/dbot_vda5050_ilmatar/install/odometry_estimator/lib/pkgconfig/odometry_estimator.pc'
[17.621s] Level 1:colcon.colcon_core.environment:checking '/home/dbot2/dbot_vda5050_ilmatar/install/odometry_estimator/lib/python3.10/site-packages'
[17.621s] Level 1:colcon.colcon_core.environment:checking '/home/dbot2/dbot_vda5050_ilmatar/install/odometry_estimator/bin'
[17.622s] INFO:colcon.colcon_core.shell:Creating package script '/home/dbot2/dbot_vda5050_ilmatar/install/odometry_estimator/share/odometry_estimator/package.ps1'
[17.622s] INFO:colcon.colcon_core.shell:Creating package descriptor '/home/dbot2/dbot_vda5050_ilmatar/install/odometry_estimator/share/odometry_estimator/package.dsv'
[17.623s] INFO:colcon.colcon_core.shell:Creating package script '/home/dbot2/dbot_vda5050_ilmatar/install/odometry_estimator/share/odometry_estimator/package.sh'
[17.623s] INFO:colcon.colcon_core.shell:Creating package script '/home/dbot2/dbot_vda5050_ilmatar/install/odometry_estimator/share/odometry_estimator/package.bash'
[17.624s] INFO:colcon.colcon_core.shell:Creating package script '/home/dbot2/dbot_vda5050_ilmatar/install/odometry_estimator/share/odometry_estimator/package.zsh'
[17.624s] Level 1:colcon.colcon_core.environment:create_file_with_runtime_dependencies(/home/dbot2/dbot_vda5050_ilmatar/install/odometry_estimator/share/colcon-core/packages/odometry_estimator)
[17.624s] INFO:colcon.colcon_ros.task.ament_python.build:Building ROS package in '/home/dbot2/dbot_vda5050_ilmatar/src/odom_motion_model' with build type 'ament_python'
[17.624s] Level 1:colcon.colcon_core.shell:create_environment_hook('odom_motion_model', 'ament_prefix_path')
[17.625s] INFO:colcon.colcon_core.shell:Creating environment hook '/home/dbot2/dbot_vda5050_ilmatar/install/odom_motion_model/share/odom_motion_model/hook/ament_prefix_path.ps1'
[17.625s] INFO:colcon.colcon_core.shell:Creating environment descriptor '/home/dbot2/dbot_vda5050_ilmatar/install/odom_motion_model/share/odom_motion_model/hook/ament_prefix_path.dsv'
[17.626s] INFO:colcon.colcon_core.shell:Creating environment hook '/home/dbot2/dbot_vda5050_ilmatar/install/odom_motion_model/share/odom_motion_model/hook/ament_prefix_path.sh'
[17.627s] INFO:colcon.colcon_core.shell:Skip shell extension 'powershell' for command environment: Not usable outside of PowerShell
[17.627s] DEBUG:colcon.colcon_core.shell:Skip shell extension 'dsv' for command environment
[17.967s] INFO:colcon.colcon_core.task.python.build:Building Python package in '/home/dbot2/dbot_vda5050_ilmatar/src/odom_motion_model'
[17.968s] INFO:colcon.colcon_core.shell:Skip shell extension 'powershell' for command environment: Not usable outside of PowerShell
[17.968s] DEBUG:colcon.colcon_core.shell:Skip shell extension 'dsv' for command environment
[18.320s] DEBUG:colcon.colcon_core.event_handler.log_command:Invoking command in '/home/dbot2/dbot_vda5050_ilmatar/src/odom_motion_model': CMAKE_PREFIX_PATH=/home/dbot2/dbot_vda5050_ilmatar/install/odometry_estimator:/home/dbot2/dbot_vda5050_ilmatar/install/dbot_custom_msgs:/home/dbot2/dbot_vda5050_ilmatar/install/vda_dbot_nav_slam:/home/dbot2/dbot_vda5050_ilmatar/install/vda5050_connector:/home/dbot2/dbot_vda5050_ilmatar/install/vda5050_msgs:/home/dbot2/dbot_vda5050_ilmatar/install/dbot_nav_slam:/home/dbot2/dbot_src/install/odometry_estimator:/home/dbot2/dbot_src/install/dbot_custom_msgs:/home/dbot2/dbot_remote/install/pointcloud_saver:/home/dbot2/circus_demo/install/pcl_localization_ros2:/home/dbot2/circus_demo/install/ndt_omp_ros2:/home/dbot2/ros2_ws/install/odometry_estimator:/home/dbot2/ros2_ws/install/dbot_nav_slam:/home/dbot2/ros2_ws/install/dbot_custom_msgs:/home/dbot2/ros2_ws/install/ament_lint_common:/home/dbot2/ros2_ws/install/ament_cmake_xmllint:/home/dbot2/ros2_ws/install/ament_cmake_uncrustify:/home/dbot2/ros2_ws/install/ament_cmake_pyflakes:/home/dbot2/ros2_ws/install/ament_cmake_pycodestyle:/home/dbot2/ros2_ws/install/ament_cmake_pep257:/home/dbot2/ros2_ws/install/ament_cmake_pclint:/home/dbot2/ros2_ws/install/ament_cmake_mypy:/home/dbot2/ros2_ws/install/ament_cmake_lint_cmake:/home/dbot2/ros2_ws/install/ament_lint_auto:/home/dbot2/ros2_ws/install/ament_cmake_flake8:/home/dbot2/ros2_ws/install/ament_cmake_copyright:/home/dbot2/ros2_ws/install/ament_cmake_cpplint:/home/dbot2/ros2_ws/install/ament_cmake_cppcheck:/home/dbot2/ros2_ws/install/ament_cmake_clang_tidy:/home/dbot2/ros2_ws/install/ament_cmake_clang_format LD_LIBRARY_PATH=/home/dbot2/dbot_vda5050_ilmatar/install/dbot_custom_msgs/lib:/home/dbot2/dbot_vda5050_ilmatar/install/vda5050_connector/lib:/home/dbot2/dbot_vda5050_ilmatar/install/vda5050_msgs/lib:/home/dbot2/dbot_src/install/dbot_custom_msgs/lib:/home/dbot2/circus_demo/install/pcl_localization_ros2/lib:/home/dbot2/ros2_ws/install/dbot_custom_msgs/lib:/opt/ros/humble/opt/rviz_ogre_vendor/lib:/opt/ros/humble/lib/x86_64-linux-gnu:/opt/ros/humble/lib PYTHONPATH=/home/dbot2/dbot_vda5050_ilmatar/build/odom_motion_model/prefix_override:/usr/lib/python3/dist-packages/colcon_core/task/python/colcon_distutils_commands:/home/dbot2/dbot_vda5050_ilmatar/install/odom_motion_model/lib/python3.10/site-packages:${PYTHONPATH} /usr/bin/python3 -W ignore:setup.py install is deprecated -W ignore:easy_install command is deprecated setup.py egg_info --egg-base ../../build/odom_motion_model build --build-base /home/dbot2/dbot_vda5050_ilmatar/build/odom_motion_model/build install --record /home/dbot2/dbot_vda5050_ilmatar/build/odom_motion_model/install.log --install-scripts $base/lib/odom_motion_model --single-version-externally-managed install_data
[18.615s] Level 1:colcon.colcon_core.environment:checking '/home/dbot2/dbot_vda5050_ilmatar/install/odom_motion_model' for CMake module files
[18.616s] DEBUG:colcon.colcon_core.event_handler.log_command:Invoked command in '/home/dbot2/dbot_vda5050_ilmatar/src/odom_motion_model' returned '0': CMAKE_PREFIX_PATH=/home/dbot2/dbot_vda5050_ilmatar/install/odometry_estimator:/home/dbot2/dbot_vda5050_ilmatar/install/dbot_custom_msgs:/home/dbot2/dbot_vda5050_ilmatar/install/vda_dbot_nav_slam:/home/dbot2/dbot_vda5050_ilmatar/install/vda5050_connector:/home/dbot2/dbot_vda5050_ilmatar/install/vda5050_msgs:/home/dbot2/dbot_vda5050_ilmatar/install/dbot_nav_slam:/home/dbot2/dbot_src/install/odometry_estimator:/home/dbot2/dbot_src/install/dbot_custom_msgs:/home/dbot2/dbot_remote/install/pointcloud_saver:/home/dbot2/circus_demo/install/pcl_localization_ros2:/home/dbot2/circus_demo/install/ndt_omp_ros2:/home/dbot2/ros2_ws/install/odometry_estimator:/home/dbot2/ros2_ws/install/dbot_nav_slam:/home/dbot2/ros2_ws/install/dbot_custom_msgs:/home/dbot2/ros2_ws/install/ament_lint_common:/home/dbot2/ros2_ws/install/ament_cmake_xmllint:/home/dbot2/ros2_ws/install/ament_cmake_uncrustify:/home/dbot2/ros2_ws/install/ament_cmake_pyflakes:/home/dbot2/ros2_ws/install/ament_cmake_pycodestyle:/home/dbot2/ros2_ws/install/ament_cmake_pep257:/home/dbot2/ros2_ws/install/ament_cmake_pclint:/home/dbot2/ros2_ws/install/ament_cmake_mypy:/home/dbot2/ros2_ws/install/ament_cmake_lint_cmake:/home/dbot2/ros2_ws/install/ament_lint_auto:/home/dbot2/ros2_ws/install/ament_cmake_flake8:/home/dbot2/ros2_ws/install/ament_cmake_copyright:/home/dbot2/ros2_ws/install/ament_cmake_cpplint:/home/dbot2/ros2_ws/install/ament_cmake_cppcheck:/home/dbot2/ros2_ws/install/ament_cmake_clang_tidy:/home/dbot2/ros2_ws/install/ament_cmake_clang_format LD_LIBRARY_PATH=/home/dbot2/dbot_vda5050_ilmatar/install/dbot_custom_msgs/lib:/home/dbot2/dbot_vda5050_ilmatar/install/vda5050_connector/lib:/home/dbot2/dbot_vda5050_ilmatar/install/vda5050_msgs/lib:/home/dbot2/dbot_src/install/dbot_custom_msgs/lib:/home/dbot2/circus_demo/install/pcl_localization_ros2/lib:/home/dbot2/ros2_ws/install/dbot_custom_msgs/lib:/opt/ros/humble/opt/rviz_ogre_vendor/lib:/opt/ros/humble/lib/x86_64-linux-gnu:/opt/ros/humble/lib PYTHONPATH=/home/dbot2/dbot_vda5050_ilmatar/build/odom_motion_model/prefix_override:/usr/lib/python3/dist-packages/colcon_core/task/python/colcon_distutils_commands:/home/dbot2/dbot_vda5050_ilmatar/install/odom_motion_model/lib/python3.10/site-packages:${PYTHONPATH} /usr/bin/python3 -W ignore:setup.py install is deprecated -W ignore:easy_install command is deprecated setup.py egg_info --egg-base ../../build/odom_motion_model build --build-base /home/dbot2/dbot_vda5050_ilmatar/build/odom_motion_model/build install --record /home/dbot2/dbot_vda5050_ilmatar/build/odom_motion_model/install.log --install-scripts $base/lib/odom_motion_model --single-version-externally-managed install_data
[18.616s] Level 1:colcon.colcon_core.environment:checking '/home/dbot2/dbot_vda5050_ilmatar/install/odom_motion_model' for CMake config files
[18.617s] Level 1:colcon.colcon_core.environment:checking '/home/dbot2/dbot_vda5050_ilmatar/install/odom_motion_model/lib'
[18.617s] Level 1:colcon.colcon_core.environment:checking '/home/dbot2/dbot_vda5050_ilmatar/install/odom_motion_model/bin'
[18.617s] Level 1:colcon.colcon_core.environment:checking '/home/dbot2/dbot_vda5050_ilmatar/install/odom_motion_model/lib/pkgconfig/odom_motion_model.pc'
[18.617s] Level 1:colcon.colcon_core.environment:checking '/home/dbot2/dbot_vda5050_ilmatar/install/odom_motion_model/lib/python3.10/site-packages'
[18.617s] Level 1:colcon.colcon_core.shell:create_environment_hook('odom_motion_model', 'pythonpath')
[18.617s] INFO:colcon.colcon_core.shell:Creating environment hook '/home/dbot2/dbot_vda5050_ilmatar/install/odom_motion_model/share/odom_motion_model/hook/pythonpath.ps1'
[18.618s] INFO:colcon.colcon_core.shell:Creating environment descriptor '/home/dbot2/dbot_vda5050_ilmatar/install/odom_motion_model/share/odom_motion_model/hook/pythonpath.dsv'
[18.618s] INFO:colcon.colcon_core.shell:Creating environment hook '/home/dbot2/dbot_vda5050_ilmatar/install/odom_motion_model/share/odom_motion_model/hook/pythonpath.sh'
[18.619s] Level 1:colcon.colcon_core.environment:checking '/home/dbot2/dbot_vda5050_ilmatar/install/odom_motion_model/bin'
[18.619s] Level 1:colcon.colcon_core.environment:create_environment_scripts_only(odom_motion_model)
[18.619s] INFO:colcon.colcon_core.shell:Creating package script '/home/dbot2/dbot_vda5050_ilmatar/install/odom_motion_model/share/odom_motion_model/package.ps1'
[18.620s] INFO:colcon.colcon_core.shell:Creating package descriptor '/home/dbot2/dbot_vda5050_ilmatar/install/odom_motion_model/share/odom_motion_model/package.dsv'
[18.620s] INFO:colcon.colcon_core.shell:Creating package script '/home/dbot2/dbot_vda5050_ilmatar/install/odom_motion_model/share/odom_motion_model/package.sh'
[18.620s] INFO:colcon.colcon_core.shell:Creating package script '/home/dbot2/dbot_vda5050_ilmatar/install/odom_motion_model/share/odom_motion_model/package.bash'
[18.621s] INFO:colcon.colcon_core.shell:Creating package script '/home/dbot2/dbot_vda5050_ilmatar/install/odom_motion_model/share/odom_motion_model/package.zsh'
[18.621s] Level 1:colcon.colcon_core.environment:create_file_with_runtime_dependencies(/home/dbot2/dbot_vda5050_ilmatar/install/odom_motion_model/share/colcon-core/packages/odom_motion_model)
[31.175s] DEBUG:colcon.colcon_core.event_handler.log_command:Invoked command in '/home/dbot2/dbot_vda5050_ilmatar/build/vda5050_connector' returned '0': CMAKE_PREFIX_PATH=/home/dbot2/dbot_vda5050_ilmatar/install/vda5050_msgs:/home/dbot2/dbot_vda5050_ilmatar/install/vda_dbot_nav_slam:/home/dbot2/dbot_vda5050_ilmatar/install/vda5050_connector:/home/dbot2/dbot_vda5050_ilmatar/install/odometry_estimator:/home/dbot2/dbot_vda5050_ilmatar/install/dbot_nav_slam:/home/dbot2/dbot_vda5050_ilmatar/install/dbot_custom_msgs:/home/dbot2/dbot_src/install/odometry_estimator:/home/dbot2/dbot_src/install/dbot_custom_msgs:/home/dbot2/dbot_remote/install/pointcloud_saver:/home/dbot2/circus_demo/install/pcl_localization_ros2:/home/dbot2/circus_demo/install/ndt_omp_ros2:/home/dbot2/ros2_ws/install/odometry_estimator:/home/dbot2/ros2_ws/install/dbot_nav_slam:/home/dbot2/ros2_ws/install/dbot_custom_msgs:/home/dbot2/ros2_ws/install/ament_lint_common:/home/dbot2/ros2_ws/install/ament_cmake_xmllint:/home/dbot2/ros2_ws/install/ament_cmake_uncrustify:/home/dbot2/ros2_ws/install/ament_cmake_pyflakes:/home/dbot2/ros2_ws/install/ament_cmake_pycodestyle:/home/dbot2/ros2_ws/install/ament_cmake_pep257:/home/dbot2/ros2_ws/install/ament_cmake_pclint:/home/dbot2/ros2_ws/install/ament_cmake_mypy:/home/dbot2/ros2_ws/install/ament_cmake_lint_cmake:/home/dbot2/ros2_ws/install/ament_lint_auto:/home/dbot2/ros2_ws/install/ament_cmake_flake8:/home/dbot2/ros2_ws/install/ament_cmake_copyright:/home/dbot2/ros2_ws/install/ament_cmake_cpplint:/home/dbot2/ros2_ws/install/ament_cmake_cppcheck:/home/dbot2/ros2_ws/install/ament_cmake_clang_tidy:/home/dbot2/ros2_ws/install/ament_cmake_clang_format:/home/dbot2/dbot_vda5050_ilmatar/install/vda5050_tb3_adapter:/home/dbot2/dbot_vda5050_ilmatar/install/tf2_dbot:/home/dbot2/dbot_vda5050_ilmatar/install/odom_motion_model:/home/dbot2/dbot_vda5050_ilmatar/install/motor_driver:/home/dbot2/dbot_vda5050_ilmatar/install/joycontrol:/home/dbot2/dbot_vda5050_ilmatar/install/gesturecontrol:/home/dbot2/dbot_vda5050_ilmatar/install/dbot_bridge:/home/dbot2/dbot_vda5050_ilmatar/install/dbot:/home/dbot2/dbot_src/install/tf2_dbot:/home/dbot2/dbot_src/install/odom_motion_model:/home/dbot2/dbot_src/install/motor_driver:/home/dbot2/dbot_src/install/joycontrol:/home/dbot2/dbot_src/install/dbot:/home/dbot2/dbot_remote/install/pcd_joy_trigger:/home/dbot2/circus_demo/install/circus_demo:/home/dbot2/ros2_ws/install/tf2_dbot:/home/dbot2/ros2_ws/install/odom_motion_model:/home/dbot2/ros2_ws/install/motor_driver:/home/dbot2/ros2_ws/install/joycontrol:/home/dbot2/ros2_ws/install/gesturecontrol:/home/dbot2/ros2_ws/install/dbot_bridge:/home/dbot2/ros2_ws/install/dbot:/home/dbot2/ros2_ws/install/ament_xmllint:/home/dbot2/ros2_ws/install/ament_uncrustify:/home/dbot2/ros2_ws/install/ament_pyflakes:/home/dbot2/ros2_ws/install/ament_pycodestyle:/home/dbot2/ros2_ws/install/ament_pep257:/home/dbot2/ros2_ws/install/ament_pclint:/home/dbot2/ros2_ws/install/ament_mypy:/home/dbot2/ros2_ws/install/ament_lint_cmake:/home/dbot2/ros2_ws/install/ament_flake8:/home/dbot2/ros2_ws/install/ament_copyright:/home/dbot2/ros2_ws/install/ament_lint:/home/dbot2/ros2_ws/install/ament_cpplint:/home/dbot2/ros2_ws/install/ament_cppcheck:/home/dbot2/ros2_ws/install/ament_clang_tidy:/home/dbot2/ros2_ws/install/ament_clang_format:/opt/ros/humble LD_LIBRARY_PATH=/home/dbot2/dbot_vda5050_ilmatar/install/vda5050_msgs/lib:/home/dbot2/dbot_vda5050_ilmatar/install/vda5050_connector/lib:/home/dbot2/dbot_vda5050_ilmatar/install/dbot_custom_msgs/lib:/home/dbot2/dbot_src/install/dbot_custom_msgs/lib:/home/dbot2/circus_demo/install/pcl_localization_ros2/lib:/home/dbot2/ros2_ws/install/dbot_custom_msgs/lib:/opt/ros/humble/opt/rviz_ogre_vendor/lib:/opt/ros/humble/lib/x86_64-linux-gnu:/opt/ros/humble/lib /usr/bin/cmake --build /home/dbot2/dbot_vda5050_ilmatar/build/vda5050_connector -- -j8 -l8
[31.177s] DEBUG:colcon.colcon_core.event_handler.log_command:Invoking command in '/home/dbot2/dbot_vda5050_ilmatar/build/vda5050_connector': CMAKE_PREFIX_PATH=/home/dbot2/dbot_vda5050_ilmatar/install/vda5050_msgs:/home/dbot2/dbot_vda5050_ilmatar/install/vda_dbot_nav_slam:/home/dbot2/dbot_vda5050_ilmatar/install/vda5050_connector:/home/dbot2/dbot_vda5050_ilmatar/install/odometry_estimator:/home/dbot2/dbot_vda5050_ilmatar/install/dbot_nav_slam:/home/dbot2/dbot_vda5050_ilmatar/install/dbot_custom_msgs:/home/dbot2/dbot_src/install/odometry_estimator:/home/dbot2/dbot_src/install/dbot_custom_msgs:/home/dbot2/dbot_remote/install/pointcloud_saver:/home/dbot2/circus_demo/install/pcl_localization_ros2:/home/dbot2/circus_demo/install/ndt_omp_ros2:/home/dbot2/ros2_ws/install/odometry_estimator:/home/dbot2/ros2_ws/install/dbot_nav_slam:/home/dbot2/ros2_ws/install/dbot_custom_msgs:/home/dbot2/ros2_ws/install/ament_lint_common:/home/dbot2/ros2_ws/install/ament_cmake_xmllint:/home/dbot2/ros2_ws/install/ament_cmake_uncrustify:/home/dbot2/ros2_ws/install/ament_cmake_pyflakes:/home/dbot2/ros2_ws/install/ament_cmake_pycodestyle:/home/dbot2/ros2_ws/install/ament_cmake_pep257:/home/dbot2/ros2_ws/install/ament_cmake_pclint:/home/dbot2/ros2_ws/install/ament_cmake_mypy:/home/dbot2/ros2_ws/install/ament_cmake_lint_cmake:/home/dbot2/ros2_ws/install/ament_lint_auto:/home/dbot2/ros2_ws/install/ament_cmake_flake8:/home/dbot2/ros2_ws/install/ament_cmake_copyright:/home/dbot2/ros2_ws/install/ament_cmake_cpplint:/home/dbot2/ros2_ws/install/ament_cmake_cppcheck:/home/dbot2/ros2_ws/install/ament_cmake_clang_tidy:/home/dbot2/ros2_ws/install/ament_cmake_clang_format:/home/dbot2/dbot_vda5050_ilmatar/install/vda5050_tb3_adapter:/home/dbot2/dbot_vda5050_ilmatar/install/tf2_dbot:/home/dbot2/dbot_vda5050_ilmatar/install/odom_motion_model:/home/dbot2/dbot_vda5050_ilmatar/install/motor_driver:/home/dbot2/dbot_vda5050_ilmatar/install/joycontrol:/home/dbot2/dbot_vda5050_ilmatar/install/gesturecontrol:/home/dbot2/dbot_vda5050_ilmatar/install/dbot_bridge:/home/dbot2/dbot_vda5050_ilmatar/install/dbot:/home/dbot2/dbot_src/install/tf2_dbot:/home/dbot2/dbot_src/install/odom_motion_model:/home/dbot2/dbot_src/install/motor_driver:/home/dbot2/dbot_src/install/joycontrol:/home/dbot2/dbot_src/install/dbot:/home/dbot2/dbot_remote/install/pcd_joy_trigger:/home/dbot2/circus_demo/install/circus_demo:/home/dbot2/ros2_ws/install/tf2_dbot:/home/dbot2/ros2_ws/install/odom_motion_model:/home/dbot2/ros2_ws/install/motor_driver:/home/dbot2/ros2_ws/install/joycontrol:/home/dbot2/ros2_ws/install/gesturecontrol:/home/dbot2/ros2_ws/install/dbot_bridge:/home/dbot2/ros2_ws/install/dbot:/home/dbot2/ros2_ws/install/ament_xmllint:/home/dbot2/ros2_ws/install/ament_uncrustify:/home/dbot2/ros2_ws/install/ament_pyflakes:/home/dbot2/ros2_ws/install/ament_pycodestyle:/home/dbot2/ros2_ws/install/ament_pep257:/home/dbot2/ros2_ws/install/ament_pclint:/home/dbot2/ros2_ws/install/ament_mypy:/home/dbot2/ros2_ws/install/ament_lint_cmake:/home/dbot2/ros2_ws/install/ament_flake8:/home/dbot2/ros2_ws/install/ament_copyright:/home/dbot2/ros2_ws/install/ament_lint:/home/dbot2/ros2_ws/install/ament_cpplint:/home/dbot2/ros2_ws/install/ament_cppcheck:/home/dbot2/ros2_ws/install/ament_clang_tidy:/home/dbot2/ros2_ws/install/ament_clang_format:/opt/ros/humble LD_LIBRARY_PATH=/home/dbot2/dbot_vda5050_ilmatar/install/vda5050_msgs/lib:/home/dbot2/dbot_vda5050_ilmatar/install/vda5050_connector/lib:/home/dbot2/dbot_vda5050_ilmatar/install/dbot_custom_msgs/lib:/home/dbot2/dbot_src/install/dbot_custom_msgs/lib:/home/dbot2/circus_demo/install/pcl_localization_ros2/lib:/home/dbot2/ros2_ws/install/dbot_custom_msgs/lib:/opt/ros/humble/opt/rviz_ogre_vendor/lib:/opt/ros/humble/lib/x86_64-linux-gnu:/opt/ros/humble/lib /usr/bin/cmake --install /home/dbot2/dbot_vda5050_ilmatar/build/vda5050_connector
[31.323s] Level 1:colcon.colcon_core.environment:create_environment_scripts_only(vda5050_connector)
[31.323s] Level 1:colcon.colcon_core.environment:checking '/home/dbot2/dbot_vda5050_ilmatar/install/vda5050_connector' for CMake module files
[31.323s] DEBUG:colcon.colcon_core.event_handler.log_command:Invoked command in '/home/dbot2/dbot_vda5050_ilmatar/build/vda5050_connector' returned '0': CMAKE_PREFIX_PATH=/home/dbot2/dbot_vda5050_ilmatar/install/vda5050_msgs:/home/dbot2/dbot_vda5050_ilmatar/install/vda_dbot_nav_slam:/home/dbot2/dbot_vda5050_ilmatar/install/vda5050_connector:/home/dbot2/dbot_vda5050_ilmatar/install/odometry_estimator:/home/dbot2/dbot_vda5050_ilmatar/install/dbot_nav_slam:/home/dbot2/dbot_vda5050_ilmatar/install/dbot_custom_msgs:/home/dbot2/dbot_src/install/odometry_estimator:/home/dbot2/dbot_src/install/dbot_custom_msgs:/home/dbot2/dbot_remote/install/pointcloud_saver:/home/dbot2/circus_demo/install/pcl_localization_ros2:/home/dbot2/circus_demo/install/ndt_omp_ros2:/home/dbot2/ros2_ws/install/odometry_estimator:/home/dbot2/ros2_ws/install/dbot_nav_slam:/home/dbot2/ros2_ws/install/dbot_custom_msgs:/home/dbot2/ros2_ws/install/ament_lint_common:/home/dbot2/ros2_ws/install/ament_cmake_xmllint:/home/dbot2/ros2_ws/install/ament_cmake_uncrustify:/home/dbot2/ros2_ws/install/ament_cmake_pyflakes:/home/dbot2/ros2_ws/install/ament_cmake_pycodestyle:/home/dbot2/ros2_ws/install/ament_cmake_pep257:/home/dbot2/ros2_ws/install/ament_cmake_pclint:/home/dbot2/ros2_ws/install/ament_cmake_mypy:/home/dbot2/ros2_ws/install/ament_cmake_lint_cmake:/home/dbot2/ros2_ws/install/ament_lint_auto:/home/dbot2/ros2_ws/install/ament_cmake_flake8:/home/dbot2/ros2_ws/install/ament_cmake_copyright:/home/dbot2/ros2_ws/install/ament_cmake_cpplint:/home/dbot2/ros2_ws/install/ament_cmake_cppcheck:/home/dbot2/ros2_ws/install/ament_cmake_clang_tidy:/home/dbot2/ros2_ws/install/ament_cmake_clang_format:/home/dbot2/dbot_vda5050_ilmatar/install/vda5050_tb3_adapter:/home/dbot2/dbot_vda5050_ilmatar/install/tf2_dbot:/home/dbot2/dbot_vda5050_ilmatar/install/odom_motion_model:/home/dbot2/dbot_vda5050_ilmatar/install/motor_driver:/home/dbot2/dbot_vda5050_ilmatar/install/joycontrol:/home/dbot2/dbot_vda5050_ilmatar/install/gesturecontrol:/home/dbot2/dbot_vda5050_ilmatar/install/dbot_bridge:/home/dbot2/dbot_vda5050_ilmatar/install/dbot:/home/dbot2/dbot_src/install/tf2_dbot:/home/dbot2/dbot_src/install/odom_motion_model:/home/dbot2/dbot_src/install/motor_driver:/home/dbot2/dbot_src/install/joycontrol:/home/dbot2/dbot_src/install/dbot:/home/dbot2/dbot_remote/install/pcd_joy_trigger:/home/dbot2/circus_demo/install/circus_demo:/home/dbot2/ros2_ws/install/tf2_dbot:/home/dbot2/ros2_ws/install/odom_motion_model:/home/dbot2/ros2_ws/install/motor_driver:/home/dbot2/ros2_ws/install/joycontrol:/home/dbot2/ros2_ws/install/gesturecontrol:/home/dbot2/ros2_ws/install/dbot_bridge:/home/dbot2/ros2_ws/install/dbot:/home/dbot2/ros2_ws/install/ament_xmllint:/home/dbot2/ros2_ws/install/ament_uncrustify:/home/dbot2/ros2_ws/install/ament_pyflakes:/home/dbot2/ros2_ws/install/ament_pycodestyle:/home/dbot2/ros2_ws/install/ament_pep257:/home/dbot2/ros2_ws/install/ament_pclint:/home/dbot2/ros2_ws/install/ament_mypy:/home/dbot2/ros2_ws/install/ament_lint_cmake:/home/dbot2/ros2_ws/install/ament_flake8:/home/dbot2/ros2_ws/install/ament_copyright:/home/dbot2/ros2_ws/install/ament_lint:/home/dbot2/ros2_ws/install/ament_cpplint:/home/dbot2/ros2_ws/install/ament_cppcheck:/home/dbot2/ros2_ws/install/ament_clang_tidy:/home/dbot2/ros2_ws/install/ament_clang_format:/opt/ros/humble LD_LIBRARY_PATH=/home/dbot2/dbot_vda5050_ilmatar/install/vda5050_msgs/lib:/home/dbot2/dbot_vda5050_ilmatar/install/vda5050_connector/lib:/home/dbot2/dbot_vda5050_ilmatar/install/dbot_custom_msgs/lib:/home/dbot2/dbot_src/install/dbot_custom_msgs/lib:/home/dbot2/circus_demo/install/pcl_localization_ros2/lib:/home/dbot2/ros2_ws/install/dbot_custom_msgs/lib:/opt/ros/humble/opt/rviz_ogre_vendor/lib:/opt/ros/humble/lib/x86_64-linux-gnu:/opt/ros/humble/lib /usr/bin/cmake --install /home/dbot2/dbot_vda5050_ilmatar/build/vda5050_connector
[31.324s] Level 1:colcon.colcon_core.environment:checking '/home/dbot2/dbot_vda5050_ilmatar/install/vda5050_connector' for CMake config files
[31.324s] Level 1:colcon.colcon_core.shell:create_environment_hook('vda5050_connector', 'cmake_prefix_path')
[31.325s] INFO:colcon.colcon_core.shell:Creating environment hook '/home/dbot2/dbot_vda5050_ilmatar/install/vda5050_connector/share/vda5050_connector/hook/cmake_prefix_path.ps1'
[31.325s] INFO:colcon.colcon_core.shell:Creating environment descriptor '/home/dbot2/dbot_vda5050_ilmatar/install/vda5050_connector/share/vda5050_connector/hook/cmake_prefix_path.dsv'
[31.325s] INFO:colcon.colcon_core.shell:Creating environment hook '/home/dbot2/dbot_vda5050_ilmatar/install/vda5050_connector/share/vda5050_connector/hook/cmake_prefix_path.sh'
[31.326s] Level 1:colcon.colcon_core.environment:checking '/home/dbot2/dbot_vda5050_ilmatar/install/vda5050_connector/lib'
[31.326s] Level 1:colcon.colcon_core.shell:create_environment_hook('vda5050_connector', 'ld_library_path_lib')
[31.326s] INFO:colcon.colcon_core.shell:Creating environment hook '/home/dbot2/dbot_vda5050_ilmatar/install/vda5050_connector/share/vda5050_connector/hook/ld_library_path_lib.ps1'
[31.326s] INFO:colcon.colcon_core.shell:Creating environment descriptor '/home/dbot2/dbot_vda5050_ilmatar/install/vda5050_connector/share/vda5050_connector/hook/ld_library_path_lib.dsv'
[31.326s] INFO:colcon.colcon_core.shell:Creating environment hook '/home/dbot2/dbot_vda5050_ilmatar/install/vda5050_connector/share/vda5050_connector/hook/ld_library_path_lib.sh'
[31.326s] Level 1:colcon.colcon_core.environment:checking '/home/dbot2/dbot_vda5050_ilmatar/install/vda5050_connector/bin'
[31.326s] Level 1:colcon.colcon_core.environment:checking '/home/dbot2/dbot_vda5050_ilmatar/install/vda5050_connector/lib/pkgconfig/vda5050_connector.pc'
[31.327s] Level 1:colcon.colcon_core.environment:checking '/home/dbot2/dbot_vda5050_ilmatar/install/vda5050_connector/lib/python3.10/site-packages'
[31.327s] Level 1:colcon.colcon_core.environment:checking '/home/dbot2/dbot_vda5050_ilmatar/install/vda5050_connector/bin'
[31.327s] INFO:colcon.colcon_core.shell:Creating package script '/home/dbot2/dbot_vda5050_ilmatar/install/vda5050_connector/share/vda5050_connector/package.ps1'
[31.327s] INFO:colcon.colcon_core.shell:Creating package descriptor '/home/dbot2/dbot_vda5050_ilmatar/install/vda5050_connector/share/vda5050_connector/package.dsv'
[31.327s] INFO:colcon.colcon_core.shell:Creating package script '/home/dbot2/dbot_vda5050_ilmatar/install/vda5050_connector/share/vda5050_connector/package.sh'
[31.328s] INFO:colcon.colcon_core.shell:Creating package script '/home/dbot2/dbot_vda5050_ilmatar/install/vda5050_connector/share/vda5050_connector/package.bash'
[31.328s] INFO:colcon.colcon_core.shell:Creating package script '/home/dbot2/dbot_vda5050_ilmatar/install/vda5050_connector/share/vda5050_connector/package.zsh'
[31.328s] Level 1:colcon.colcon_core.environment:create_file_with_runtime_dependencies(/home/dbot2/dbot_vda5050_ilmatar/install/vda5050_connector/share/colcon-core/packages/vda5050_connector)
[31.328s] Level 1:colcon.colcon_core.environment:create_environment_scripts_only(vda5050_connector)
[31.329s] Level 1:colcon.colcon_core.environment:checking '/home/dbot2/dbot_vda5050_ilmatar/install/vda5050_connector' for CMake module files
[31.329s] Level 1:colcon.colcon_core.environment:checking '/home/dbot2/dbot_vda5050_ilmatar/install/vda5050_connector' for CMake config files
[31.329s] Level 1:colcon.colcon_core.shell:create_environment_hook('vda5050_connector', 'cmake_prefix_path')
[31.330s] INFO:colcon.colcon_core.shell:Creating environment hook '/home/dbot2/dbot_vda5050_ilmatar/install/vda5050_connector/share/vda5050_connector/hook/cmake_prefix_path.ps1'
[31.330s] INFO:colcon.colcon_core.shell:Creating environment descriptor '/home/dbot2/dbot_vda5050_ilmatar/install/vda5050_connector/share/vda5050_connector/hook/cmake_prefix_path.dsv'
[31.330s] INFO:colcon.colcon_core.shell:Creating environment hook '/home/dbot2/dbot_vda5050_ilmatar/install/vda5050_connector/share/vda5050_connector/hook/cmake_prefix_path.sh'
[31.330s] Level 1:colcon.colcon_core.environment:checking '/home/dbot2/dbot_vda5050_ilmatar/install/vda5050_connector/lib'
[31.330s] Level 1:colcon.colcon_core.shell:create_environment_hook('vda5050_connector', 'ld_library_path_lib')
[31.331s] INFO:colcon.colcon_core.shell:Creating environment hook '/home/dbot2/dbot_vda5050_ilmatar/install/vda5050_connector/share/vda5050_connector/hook/ld_library_path_lib.ps1'
[31.331s] INFO:colcon.colcon_core.shell:Creating environment descriptor '/home/dbot2/dbot_vda5050_ilmatar/install/vda5050_connector/share/vda5050_connector/hook/ld_library_path_lib.dsv'
[31.331s] INFO:colcon.colcon_core.shell:Creating environment hook '/home/dbot2/dbot_vda5050_ilmatar/install/vda5050_connector/share/vda5050_connector/hook/ld_library_path_lib.sh'
[31.331s] Level 1:colcon.colcon_core.environment:checking '/home/dbot2/dbot_vda5050_ilmatar/install/vda5050_connector/bin'
[31.331s] Level 1:colcon.colcon_core.environment:checking '/home/dbot2/dbot_vda5050_ilmatar/install/vda5050_connector/lib/pkgconfig/vda5050_connector.pc'
[31.331s] Level 1:colcon.colcon_core.environment:checking '/home/dbot2/dbot_vda5050_ilmatar/install/vda5050_connector/lib/python3.10/site-packages'
[31.331s] Level 1:colcon.colcon_core.environment:checking '/home/dbot2/dbot_vda5050_ilmatar/install/vda5050_connector/bin'
[31.332s] INFO:colcon.colcon_core.shell:Creating package script '/home/dbot2/dbot_vda5050_ilmatar/install/vda5050_connector/share/vda5050_connector/package.ps1'
[31.332s] INFO:colcon.colcon_core.shell:Creating package descriptor '/home/dbot2/dbot_vda5050_ilmatar/install/vda5050_connector/share/vda5050_connector/package.dsv'
[31.332s] INFO:colcon.colcon_core.shell:Creating package script '/home/dbot2/dbot_vda5050_ilmatar/install/vda5050_connector/share/vda5050_connector/package.sh'
[31.332s] INFO:colcon.colcon_core.shell:Creating package script '/home/dbot2/dbot_vda5050_ilmatar/install/vda5050_connector/share/vda5050_connector/package.bash'
[31.333s] INFO:colcon.colcon_core.shell:Creating package script '/home/dbot2/dbot_vda5050_ilmatar/install/vda5050_connector/share/vda5050_connector/package.zsh'
[31.333s] Level 1:colcon.colcon_core.environment:create_file_with_runtime_dependencies(/home/dbot2/dbot_vda5050_ilmatar/install/vda5050_connector/share/colcon-core/packages/vda5050_connector)
[31.333s] INFO:colcon.colcon_ros.task.ament_python.build:Building ROS package in '/home/dbot2/dbot_vda5050_ilmatar/src/vda5050_tb3_adapter' with build type 'ament_python'
[31.333s] Level 1:colcon.colcon_core.shell:create_environment_hook('vda5050_tb3_adapter', 'ament_prefix_path')
[31.333s] INFO:colcon.colcon_core.shell:Creating environment hook '/home/dbot2/dbot_vda5050_ilmatar/install/vda5050_tb3_adapter/share/vda5050_tb3_adapter/hook/ament_prefix_path.ps1'
[31.334s] INFO:colcon.colcon_core.shell:Creating environment descriptor '/home/dbot2/dbot_vda5050_ilmatar/install/vda5050_tb3_adapter/share/vda5050_tb3_adapter/hook/ament_prefix_path.dsv'
[31.334s] INFO:colcon.colcon_core.shell:Creating environment hook '/home/dbot2/dbot_vda5050_ilmatar/install/vda5050_tb3_adapter/share/vda5050_tb3_adapter/hook/ament_prefix_path.sh'
[31.334s] INFO:colcon.colcon_core.shell:Skip shell extension 'powershell' for command environment: Not usable outside of PowerShell
[31.334s] DEBUG:colcon.colcon_core.shell:Skip shell extension 'dsv' for command environment
[31.578s] INFO:colcon.colcon_core.task.python.build:Building Python package in '/home/dbot2/dbot_vda5050_ilmatar/src/vda5050_tb3_adapter'
[31.578s] INFO:colcon.colcon_core.shell:Skip shell extension 'powershell' for command environment: Not usable outside of PowerShell
[31.578s] DEBUG:colcon.colcon_core.shell:Skip shell extension 'dsv' for command environment
[31.889s] DEBUG:colcon.colcon_core.event_handler.log_command:Invoking command in '/home/dbot2/dbot_vda5050_ilmatar/src/vda5050_tb3_adapter': CMAKE_PREFIX_PATH=/home/dbot2/dbot_vda5050_ilmatar/install/vda5050_connector:/home/dbot2/dbot_vda5050_ilmatar/install/vda5050_msgs:/home/dbot2/dbot_vda5050_ilmatar/install/vda_dbot_nav_slam:/home/dbot2/dbot_vda5050_ilmatar/install/odometry_estimator:/home/dbot2/dbot_vda5050_ilmatar/install/dbot_nav_slam:/home/dbot2/dbot_vda5050_ilmatar/install/dbot_custom_msgs:/home/dbot2/dbot_src/install/odometry_estimator:/home/dbot2/dbot_src/install/dbot_custom_msgs:/home/dbot2/dbot_remote/install/pointcloud_saver:/home/dbot2/circus_demo/install/pcl_localization_ros2:/home/dbot2/circus_demo/install/ndt_omp_ros2:/home/dbot2/ros2_ws/install/odometry_estimator:/home/dbot2/ros2_ws/install/dbot_nav_slam:/home/dbot2/ros2_ws/install/dbot_custom_msgs:/home/dbot2/ros2_ws/install/ament_lint_common:/home/dbot2/ros2_ws/install/ament_cmake_xmllint:/home/dbot2/ros2_ws/install/ament_cmake_uncrustify:/home/dbot2/ros2_ws/install/ament_cmake_pyflakes:/home/dbot2/ros2_ws/install/ament_cmake_pycodestyle:/home/dbot2/ros2_ws/install/ament_cmake_pep257:/home/dbot2/ros2_ws/install/ament_cmake_pclint:/home/dbot2/ros2_ws/install/ament_cmake_mypy:/home/dbot2/ros2_ws/install/ament_cmake_lint_cmake:/home/dbot2/ros2_ws/install/ament_lint_auto:/home/dbot2/ros2_ws/install/ament_cmake_flake8:/home/dbot2/ros2_ws/install/ament_cmake_copyright:/home/dbot2/ros2_ws/install/ament_cmake_cpplint:/home/dbot2/ros2_ws/install/ament_cmake_cppcheck:/home/dbot2/ros2_ws/install/ament_cmake_clang_tidy:/home/dbot2/ros2_ws/install/ament_cmake_clang_format PYTHONPATH=/home/dbot2/dbot_vda5050_ilmatar/build/vda5050_tb3_adapter/prefix_override:/usr/lib/python3/dist-packages/colcon_core/task/python/colcon_distutils_commands:/home/dbot2/dbot_vda5050_ilmatar/install/vda5050_tb3_adapter/lib/python3.10/site-packages:${PYTHONPATH} /usr/bin/python3 -W ignore:setup.py install is deprecated -W ignore:easy_install command is deprecated setup.py egg_info --egg-base ../../build/vda5050_tb3_adapter build --build-base /home/dbot2/dbot_vda5050_ilmatar/build/vda5050_tb3_adapter/build install --record /home/dbot2/dbot_vda5050_ilmatar/build/vda5050_tb3_adapter/install.log --single-version-externally-managed install_data
[32.153s] Level 1:colcon.colcon_core.environment:checking '/home/dbot2/dbot_vda5050_ilmatar/install/vda5050_tb3_adapter' for CMake module files
[32.153s] DEBUG:colcon.colcon_core.event_handler.log_command:Invoked command in '/home/dbot2/dbot_vda5050_ilmatar/src/vda5050_tb3_adapter' returned '0': CMAKE_PREFIX_PATH=/home/dbot2/dbot_vda5050_ilmatar/install/vda5050_connector:/home/dbot2/dbot_vda5050_ilmatar/install/vda5050_msgs:/home/dbot2/dbot_vda5050_ilmatar/install/vda_dbot_nav_slam:/home/dbot2/dbot_vda5050_ilmatar/install/odometry_estimator:/home/dbot2/dbot_vda5050_ilmatar/install/dbot_nav_slam:/home/dbot2/dbot_vda5050_ilmatar/install/dbot_custom_msgs:/home/dbot2/dbot_src/install/odometry_estimator:/home/dbot2/dbot_src/install/dbot_custom_msgs:/home/dbot2/dbot_remote/install/pointcloud_saver:/home/dbot2/circus_demo/install/pcl_localization_ros2:/home/dbot2/circus_demo/install/ndt_omp_ros2:/home/dbot2/ros2_ws/install/odometry_estimator:/home/dbot2/ros2_ws/install/dbot_nav_slam:/home/dbot2/ros2_ws/install/dbot_custom_msgs:/home/dbot2/ros2_ws/install/ament_lint_common:/home/dbot2/ros2_ws/install/ament_cmake_xmllint:/home/dbot2/ros2_ws/install/ament_cmake_uncrustify:/home/dbot2/ros2_ws/install/ament_cmake_pyflakes:/home/dbot2/ros2_ws/install/ament_cmake_pycodestyle:/home/dbot2/ros2_ws/install/ament_cmake_pep257:/home/dbot2/ros2_ws/install/ament_cmake_pclint:/home/dbot2/ros2_ws/install/ament_cmake_mypy:/home/dbot2/ros2_ws/install/ament_cmake_lint_cmake:/home/dbot2/ros2_ws/install/ament_lint_auto:/home/dbot2/ros2_ws/install/ament_cmake_flake8:/home/dbot2/ros2_ws/install/ament_cmake_copyright:/home/dbot2/ros2_ws/install/ament_cmake_cpplint:/home/dbot2/ros2_ws/install/ament_cmake_cppcheck:/home/dbot2/ros2_ws/install/ament_cmake_clang_tidy:/home/dbot2/ros2_ws/install/ament_cmake_clang_format PYTHONPATH=/home/dbot2/dbot_vda5050_ilmatar/build/vda5050_tb3_adapter/prefix_override:/usr/lib/python3/dist-packages/colcon_core/task/python/colcon_distutils_commands:/home/dbot2/dbot_vda5050_ilmatar/install/vda5050_tb3_adapter/lib/python3.10/site-packages:${PYTHONPATH} /usr/bin/python3 -W ignore:setup.py install is deprecated -W ignore:easy_install command is deprecated setup.py egg_info --egg-base ../../build/vda5050_tb3_adapter build --build-base /home/dbot2/dbot_vda5050_ilmatar/build/vda5050_tb3_adapter/build install --record /home/dbot2/dbot_vda5050_ilmatar/build/vda5050_tb3_adapter/install.log --single-version-externally-managed install_data
[32.153s] Level 1:colcon.colcon_core.environment:checking '/home/dbot2/dbot_vda5050_ilmatar/install/vda5050_tb3_adapter' for CMake config files
[32.154s] Level 1:colcon.colcon_core.environment:checking '/home/dbot2/dbot_vda5050_ilmatar/install/vda5050_tb3_adapter/lib'
[32.154s] Level 1:colcon.colcon_core.environment:checking '/home/dbot2/dbot_vda5050_ilmatar/install/vda5050_tb3_adapter/bin'
[32.154s] Level 1:colcon.colcon_core.environment:checking '/home/dbot2/dbot_vda5050_ilmatar/install/vda5050_tb3_adapter/lib/pkgconfig/vda5050_tb3_adapter.pc'
[32.154s] Level 1:colcon.colcon_core.environment:checking '/home/dbot2/dbot_vda5050_ilmatar/install/vda5050_tb3_adapter/lib/python3.10/site-packages'
[32.154s] Level 1:colcon.colcon_core.shell:create_environment_hook('vda5050_tb3_adapter', 'pythonpath')
[32.154s] INFO:colcon.colcon_core.shell:Creating environment hook '/home/dbot2/dbot_vda5050_ilmatar/install/vda5050_tb3_adapter/share/vda5050_tb3_adapter/hook/pythonpath.ps1'
[32.155s] INFO:colcon.colcon_core.shell:Creating environment descriptor '/home/dbot2/dbot_vda5050_ilmatar/install/vda5050_tb3_adapter/share/vda5050_tb3_adapter/hook/pythonpath.dsv'
[32.155s] INFO:colcon.colcon_core.shell:Creating environment hook '/home/dbot2/dbot_vda5050_ilmatar/install/vda5050_tb3_adapter/share/vda5050_tb3_adapter/hook/pythonpath.sh'
[32.155s] Level 1:colcon.colcon_core.environment:checking '/home/dbot2/dbot_vda5050_ilmatar/install/vda5050_tb3_adapter/bin'
[32.155s] Level 1:colcon.colcon_core.environment:create_environment_scripts_only(vda5050_tb3_adapter)
[32.155s] INFO:colcon.colcon_core.shell:Creating package script '/home/dbot2/dbot_vda5050_ilmatar/install/vda5050_tb3_adapter/share/vda5050_tb3_adapter/package.ps1'
[32.156s] INFO:colcon.colcon_core.shell:Creating package descriptor '/home/dbot2/dbot_vda5050_ilmatar/install/vda5050_tb3_adapter/share/vda5050_tb3_adapter/package.dsv'
[32.156s] INFO:colcon.colcon_core.shell:Creating package script '/home/dbot2/dbot_vda5050_ilmatar/install/vda5050_tb3_adapter/share/vda5050_tb3_adapter/package.sh'
[32.156s] INFO:colcon.colcon_core.shell:Creating package script '/home/dbot2/dbot_vda5050_ilmatar/install/vda5050_tb3_adapter/share/vda5050_tb3_adapter/package.bash'
[32.156s] INFO:colcon.colcon_core.shell:Creating package script '/home/dbot2/dbot_vda5050_ilmatar/install/vda5050_tb3_adapter/share/vda5050_tb3_adapter/package.zsh'
[32.156s] Level 1:colcon.colcon_core.environment:create_file_with_runtime_dependencies(/home/dbot2/dbot_vda5050_ilmatar/install/vda5050_tb3_adapter/share/colcon-core/packages/vda5050_tb3_adapter)
[32.157s] DEBUG:colcon.colcon_parallel_executor.executor.parallel:closing loop
[32.157s] DEBUG:colcon.colcon_parallel_executor.executor.parallel:loop closed
[32.157s] DEBUG:colcon.colcon_parallel_executor.executor.parallel:run_until_complete finished with '0'
[32.157s] DEBUG:colcon.colcon_core.event_reactor:joining thread
[32.162s] INFO:colcon.colcon_core.plugin_system:Skipping extension 'colcon_notification.desktop_notification.terminal_notifier': Not used on non-Darwin systems
[32.162s] INFO:colcon.colcon_core.plugin_system:Skipping extension 'colcon_notification.desktop_notification.win32': Not used on non-Windows systems
[32.162s] INFO:colcon.colcon_notification.desktop_notification:Sending desktop notification using 'notify2'
[32.171s] DEBUG:colcon.colcon_core.event_reactor:joined thread
[32.171s] INFO:colcon.colcon_core.shell:Creating prefix script '/home/dbot2/dbot_vda5050_ilmatar/install/local_setup.ps1'
[32.172s] INFO:colcon.colcon_core.shell:Creating prefix util module '/home/dbot2/dbot_vda5050_ilmatar/install/_local_setup_util_ps1.py'
[32.173s] INFO:colcon.colcon_core.shell:Creating prefix chain script '/home/dbot2/dbot_vda5050_ilmatar/install/setup.ps1'
[32.175s] INFO:colcon.colcon_core.shell:Creating prefix script '/home/dbot2/dbot_vda5050_ilmatar/install/local_setup.sh'
[32.176s] INFO:colcon.colcon_core.shell:Creating prefix util module '/home/dbot2/dbot_vda5050_ilmatar/install/_local_setup_util_sh.py'
[32.176s] INFO:colcon.colcon_core.shell:Creating prefix chain script '/home/dbot2/dbot_vda5050_ilmatar/install/setup.sh'
[32.180s] INFO:colcon.colcon_core.shell:Creating prefix script '/home/dbot2/dbot_vda5050_ilmatar/install/local_setup.bash'
[32.180s] INFO:colcon.colcon_core.shell:Creating prefix chain script '/home/dbot2/dbot_vda5050_ilmatar/install/setup.bash'
[32.183s] INFO:colcon.colcon_core.shell:Creating prefix script '/home/dbot2/dbot_vda5050_ilmatar/install/local_setup.zsh'
[32.184s] INFO:colcon.colcon_core.shell:Creating prefix chain script '/home/dbot2/dbot_vda5050_ilmatar/install/setup.zsh'
