-- Found ament_cmake: 1.3.14 (/opt/ros/humble/share/ament_cmake/cmake)
-- Override CMake install command with custom implementation using symlinks instead of copying resources
-- Found builtin_interfaces: 1.2.2 (/opt/ros/humble/share/builtin_interfaces/cmake)
-- Found rosidl_generator_c: 3.1.8 (/opt/ros/humble/share/rosidl_generator_c/cmake)
-- Found rosidl_adapter: 3.1.8 (/opt/ros/humble/share/rosidl_adapter/cmake)
-- Found rosidl_generator_cpp: 3.1.8 (/opt/ros/humble/share/rosidl_generator_cpp/cmake)
-- Using all available rosidl_typesupport_c: rosidl_typesupport_fastrtps_c;rosidl_typesupport_introspection_c
-- Using all available rosidl_typesupport_cpp: rosidl_typesupport_fastrtps_cpp;rosidl_typesupport_introspection_cpp
-- Found rosidl_default_generators: 1.2.1 (/opt/ros/humble/share/rosidl_default_generators/cmake)
-- Found std_msgs: 4.9.1 (/opt/ros/humble/share/std_msgs/cmake)
-- Found ament_cmake_ros: 0.10.0 (/opt/ros/humble/share/ament_cmake_ros/cmake)
-- Using all available rosidl_typesupport_c: rosidl_typesupport_fastrtps_c;rosidl_typesupport_introspection_c
-- Using all available rosidl_typesupport_cpp: rosidl_typesupport_fastrtps_cpp;rosidl_typesupport_introspection_cpp
-- Found python_cmake_module: 0.10.0 (/opt/ros/humble/share/python_cmake_module/cmake)
-- Using PYTHON_EXECUTABLE: /usr/bin/python3
-- Using PYTHON_INCLUDE_DIRS: /usr/include/python3.10
-- Using PYTHON_LIBRARIES: /usr/lib/x86_64-linux-gnu/libpython3.10.so
-- Configuring done
-- Generating done
-- Build files have been written to: /home/dbot2/dbot_vda5050_ilmatar/build/vda5050_msgs
[  0%] [34m[1mGenerating C code for ROS interfaces[0m
[  1%] [34m[1mGenerating Rust code for ROS interfaces[0m
[  1%] [34m[1mGenerating C++ code for ROS interfaces[0m
[  1%] Built target ament_cmake_python_symlink_vda5050_msgs
running egg_info
writing vda5050_msgs.egg-info/PKG-INFO
writing dependency_links to vda5050_msgs.egg-info/dependency_links.txt
writing top-level names to vda5050_msgs.egg-info/top_level.txt
reading manifest file 'vda5050_msgs.egg-info/SOURCES.txt'
writing manifest file 'vda5050_msgs.egg-info/SOURCES.txt'
[  1%] Built target ament_cmake_python_build_vda5050_msgs_egg
[  1%] Built target vda5050_msgs__rs
[  1%] Built target vda5050_msgs__cpp
[  1%] [34m[1mGenerating C++ introspection for ROS interfaces[0m
[  1%] [34m[1mGenerating C++ type support dispatch for ROS interfaces[0m
[  1%] [34m[1mGenerating C++ type support for eProsima Fast-RTPS[0m
[35m[1mConsolidate compiler generated dependencies of target vda5050_msgs__rosidl_generator_c[0m
[  1%] [32mBuilding C object CMakeFiles/vda5050_msgs__rosidl_generator_c.dir/rosidl_generator_c/vda5050_msgs/msg/detail/action_parameter_definition__functions.c.o[0m
[  2%] [32mBuilding C object CMakeFiles/vda5050_msgs__rosidl_generator_c.dir/rosidl_generator_c/vda5050_msgs/msg/detail/agv_geometry__functions.c.o[0m
[  2%] [32mBuilding C object CMakeFiles/vda5050_msgs__rosidl_generator_c.dir/rosidl_generator_c/vda5050_msgs/msg/detail/agv_action__functions.c.o[0m
[  3%] [32mBuilding C object CMakeFiles/vda5050_msgs__rosidl_generator_c.dir/rosidl_generator_c/vda5050_msgs/msg/detail/action__functions.c.o[0m
[  3%] [32mBuilding C object CMakeFiles/vda5050_msgs__rosidl_generator_c.dir/rosidl_generator_c/vda5050_msgs/msg/detail/action_parameter__functions.c.o[0m
[  3%] [32mBuilding C object CMakeFiles/vda5050_msgs__rosidl_generator_c.dir/rosidl_generator_c/vda5050_msgs/msg/detail/bounding_box_reference__functions.c.o[0m
[  3%] [32mBuilding C object CMakeFiles/vda5050_msgs__rosidl_generator_c.dir/rosidl_generator_c/vda5050_msgs/msg/detail/agv_position__functions.c.o[0m
[  3%] [32mBuilding C object CMakeFiles/vda5050_msgs__rosidl_generator_c.dir/rosidl_generator_c/vda5050_msgs/msg/detail/battery_state__functions.c.o[0m
[  4%] [32mBuilding C object CMakeFiles/vda5050_msgs__rosidl_generator_c.dir/rosidl_generator_c/vda5050_msgs/msg/detail/connection__functions.c.o[0m
[  4%] [32mBuilding C object CMakeFiles/vda5050_msgs__rosidl_generator_c.dir/rosidl_generator_c/vda5050_msgs/msg/detail/control_point__functions.c.o[0m
[  4%] [32mBuilding C object CMakeFiles/vda5050_msgs__rosidl_generator_c.dir/rosidl_generator_c/vda5050_msgs/msg/detail/current_action__functions.c.o[0m
[  5%] [32mBuilding C object CMakeFiles/vda5050_msgs__rosidl_generator_c.dir/rosidl_generator_c/vda5050_msgs/msg/detail/edge_state__functions.c.o[0m
[  5%] [32mBuilding C object CMakeFiles/vda5050_msgs__rosidl_generator_c.dir/rosidl_generator_c/vda5050_msgs/msg/detail/edge__functions.c.o[0m
[  5%] [32mBuilding C object CMakeFiles/vda5050_msgs__rosidl_generator_c.dir/rosidl_generator_c/vda5050_msgs/msg/detail/envelope3_d__functions.c.o[0m
[  5%] [32mBuilding C object CMakeFiles/vda5050_msgs__rosidl_generator_c.dir/rosidl_generator_c/vda5050_msgs/msg/detail/envelope2_d__functions.c.o[0m
[  5%] [32mBuilding C object CMakeFiles/vda5050_msgs__rosidl_generator_c.dir/rosidl_generator_c/vda5050_msgs/msg/detail/error__functions.c.o[0m
[  6%] [32mBuilding C object CMakeFiles/vda5050_msgs__rosidl_generator_c.dir/rosidl_generator_c/vda5050_msgs/msg/detail/error_reference__functions.c.o[0m
[  6%] [32mBuilding C object CMakeFiles/vda5050_msgs__rosidl_generator_c.dir/rosidl_generator_c/vda5050_msgs/msg/detail/factsheet__functions.c.o[0m
[  6%] [32mBuilding C object CMakeFiles/vda5050_msgs__rosidl_generator_c.dir/rosidl_generator_c/vda5050_msgs/msg/detail/info__functions.c.o[0m
[  6%] [32mBuilding C object CMakeFiles/vda5050_msgs__rosidl_generator_c.dir/rosidl_generator_c/vda5050_msgs/msg/detail/info_reference__functions.c.o[0m
[  7%] [32mBuilding C object CMakeFiles/vda5050_msgs__rosidl_generator_c.dir/rosidl_generator_c/vda5050_msgs/msg/detail/header__functions.c.o[0m
[  7%] [32mBuilding C object CMakeFiles/vda5050_msgs__rosidl_generator_c.dir/rosidl_generator_c/vda5050_msgs/msg/detail/load__functions.c.o[0m
[  7%] [32mBuilding C object CMakeFiles/vda5050_msgs__rosidl_generator_c.dir/rosidl_generator_c/vda5050_msgs/msg/detail/instant_actions__functions.c.o[0m
[  7%] [32mBuilding C object CMakeFiles/vda5050_msgs__rosidl_generator_c.dir/rosidl_generator_c/vda5050_msgs/msg/detail/load_dimensions__functions.c.o[0m
[  8%] [32mBuilding C object CMakeFiles/vda5050_msgs__rosidl_generator_c.dir/rosidl_generator_c/vda5050_msgs/msg/detail/load_set__functions.c.o[0m
[  8%] [32mBuilding C object CMakeFiles/vda5050_msgs__rosidl_generator_c.dir/rosidl_generator_c/vda5050_msgs/msg/detail/load_specification__functions.c.o[0m
[  8%] [32mBuilding C object CMakeFiles/vda5050_msgs__rosidl_generator_c.dir/rosidl_generator_c/vda5050_msgs/msg/detail/max_array_lens__functions.c.o[0m
[  8%] [32mBuilding C object CMakeFiles/vda5050_msgs__rosidl_generator_c.dir/rosidl_generator_c/vda5050_msgs/msg/detail/max_string_lens__functions.c.o[0m
[  9%] [32mBuilding C object CMakeFiles/vda5050_msgs__rosidl_generator_c.dir/rosidl_generator_c/vda5050_msgs/msg/detail/node__functions.c.o[0m
[  9%] [32mBuilding C object CMakeFiles/vda5050_msgs__rosidl_generator_c.dir/rosidl_generator_c/vda5050_msgs/msg/detail/node_position__functions.c.o[0m
[  9%] [32mBuilding C object CMakeFiles/vda5050_msgs__rosidl_generator_c.dir/rosidl_generator_c/vda5050_msgs/msg/detail/node_state__functions.c.o[0m
[  9%] [32mBuilding C object CMakeFiles/vda5050_msgs__rosidl_generator_c.dir/rosidl_generator_c/vda5050_msgs/msg/detail/optional_parameter__functions.c.o[0m
[ 10%] [32mBuilding C object CMakeFiles/vda5050_msgs__rosidl_generator_c.dir/rosidl_generator_c/vda5050_msgs/msg/detail/order__functions.c.o[0m
[ 10%] [32mBuilding C object CMakeFiles/vda5050_msgs__rosidl_generator_c.dir/rosidl_generator_c/vda5050_msgs/msg/detail/order_state__functions.c.o[0m
[ 10%] [32mBuilding C object CMakeFiles/vda5050_msgs__rosidl_generator_c.dir/rosidl_generator_c/vda5050_msgs/msg/detail/physical_parameters__functions.c.o[0m
[ 10%] [32mBuilding C object CMakeFiles/vda5050_msgs__rosidl_generator_c.dir/rosidl_generator_c/vda5050_msgs/msg/detail/polygon_point__functions.c.o[0m
[ 11%] [32mBuilding C object CMakeFiles/vda5050_msgs__rosidl_generator_c.dir/rosidl_generator_c/vda5050_msgs/msg/detail/position__functions.c.o[0m
[ 11%] [32mBuilding C object CMakeFiles/vda5050_msgs__rosidl_generator_c.dir/rosidl_generator_c/vda5050_msgs/msg/detail/protocol_features__functions.c.o[0m
[ 11%] [32mBuilding C object CMakeFiles/vda5050_msgs__rosidl_generator_c.dir/rosidl_generator_c/vda5050_msgs/msg/detail/protocol_limits__functions.c.o[0m
[ 11%] [32mBuilding C object CMakeFiles/vda5050_msgs__rosidl_generator_c.dir/rosidl_generator_c/vda5050_msgs/msg/detail/safety_state__functions.c.o[0m
[ 12%] [32mBuilding C object CMakeFiles/vda5050_msgs__rosidl_generator_c.dir/rosidl_generator_c/vda5050_msgs/msg/detail/timing__functions.c.o[0m
[ 12%] [32mBuilding C object CMakeFiles/vda5050_msgs__rosidl_generator_c.dir/rosidl_generator_c/vda5050_msgs/msg/detail/trajectory__functions.c.o[0m
[ 12%] [32mBuilding C object CMakeFiles/vda5050_msgs__rosidl_generator_c.dir/rosidl_generator_c/vda5050_msgs/msg/detail/type_specification__functions.c.o[0m
[ 12%] [32mBuilding C object CMakeFiles/vda5050_msgs__rosidl_generator_c.dir/rosidl_generator_c/vda5050_msgs/msg/detail/velocity__functions.c.o[0m
[ 13%] [32mBuilding C object CMakeFiles/vda5050_msgs__rosidl_generator_c.dir/rosidl_generator_c/vda5050_msgs/msg/detail/visualization__functions.c.o[0m
[ 13%] [32mBuilding C object CMakeFiles/vda5050_msgs__rosidl_generator_c.dir/rosidl_generator_c/vda5050_msgs/msg/detail/wheel_definition__functions.c.o[0m
[ 13%] [32m[1mLinking C shared library libvda5050_msgs__rosidl_generator_c.so[0m
[ 13%] Built target vda5050_msgs__rosidl_generator_c
[ 14%] [34m[1mGenerating C introspection for ROS interfaces[0m
[ 15%] [34m[1mGenerating C type support for eProsima Fast-RTPS[0m
[ 16%] [34m[1mGenerating C type support dispatch for ROS interfaces[0m
[35m[1mConsolidate compiler generated dependencies of target vda5050_msgs__rosidl_typesupport_cpp[0m
[ 17%] [32mBuilding CXX object CMakeFiles/vda5050_msgs__rosidl_typesupport_cpp.dir/rosidl_typesupport_cpp/vda5050_msgs/msg/action__type_support.cpp.o[0m
[ 17%] [32mBuilding CXX object CMakeFiles/vda5050_msgs__rosidl_typesupport_cpp.dir/rosidl_typesupport_cpp/vda5050_msgs/msg/action_parameter__type_support.cpp.o[0m
[ 17%] [32mBuilding CXX object CMakeFiles/vda5050_msgs__rosidl_typesupport_cpp.dir/rosidl_typesupport_cpp/vda5050_msgs/msg/action_parameter_definition__type_support.cpp.o[0m
[ 17%] [32mBuilding CXX object CMakeFiles/vda5050_msgs__rosidl_typesupport_cpp.dir/rosidl_typesupport_cpp/vda5050_msgs/msg/agv_action__type_support.cpp.o[0m
[ 18%] [32mBuilding CXX object CMakeFiles/vda5050_msgs__rosidl_typesupport_cpp.dir/rosidl_typesupport_cpp/vda5050_msgs/msg/agv_geometry__type_support.cpp.o[0m
[ 18%] [32mBuilding CXX object CMakeFiles/vda5050_msgs__rosidl_typesupport_cpp.dir/rosidl_typesupport_cpp/vda5050_msgs/msg/agv_position__type_support.cpp.o[0m
[ 18%] [32mBuilding CXX object CMakeFiles/vda5050_msgs__rosidl_typesupport_cpp.dir/rosidl_typesupport_cpp/vda5050_msgs/msg/battery_state__type_support.cpp.o[0m
[ 18%] [32mBuilding CXX object CMakeFiles/vda5050_msgs__rosidl_typesupport_cpp.dir/rosidl_typesupport_cpp/vda5050_msgs/msg/bounding_box_reference__type_support.cpp.o[0m
[ 19%] [32mBuilding CXX object CMakeFiles/vda5050_msgs__rosidl_typesupport_cpp.dir/rosidl_typesupport_cpp/vda5050_msgs/msg/connection__type_support.cpp.o[0m
[ 19%] [32mBuilding CXX object CMakeFiles/vda5050_msgs__rosidl_typesupport_cpp.dir/rosidl_typesupport_cpp/vda5050_msgs/msg/control_point__type_support.cpp.o[0m
[ 19%] [32mBuilding CXX object CMakeFiles/vda5050_msgs__rosidl_typesupport_cpp.dir/rosidl_typesupport_cpp/vda5050_msgs/msg/current_action__type_support.cpp.o[0m
[ 19%] [32mBuilding CXX object CMakeFiles/vda5050_msgs__rosidl_typesupport_cpp.dir/rosidl_typesupport_cpp/vda5050_msgs/msg/edge__type_support.cpp.o[0m
[ 20%] [32mBuilding CXX object CMakeFiles/vda5050_msgs__rosidl_typesupport_cpp.dir/rosidl_typesupport_cpp/vda5050_msgs/msg/edge_state__type_support.cpp.o[0m
[ 20%] [32mBuilding CXX object CMakeFiles/vda5050_msgs__rosidl_typesupport_cpp.dir/rosidl_typesupport_cpp/vda5050_msgs/msg/envelope2_d__type_support.cpp.o[0m
[ 20%] [32mBuilding CXX object CMakeFiles/vda5050_msgs__rosidl_typesupport_cpp.dir/rosidl_typesupport_cpp/vda5050_msgs/msg/envelope3_d__type_support.cpp.o[0m
[35m[1mConsolidate compiler generated dependencies of target vda5050_msgs__rosidl_typesupport_introspection_cpp[0m
[ 21%] [32mBuilding CXX object CMakeFiles/vda5050_msgs__rosidl_typesupport_introspection_cpp.dir/rosidl_typesupport_introspection_cpp/vda5050_msgs/msg/detail/action__type_support.cpp.o[0m
[ 21%] [32mBuilding CXX object CMakeFiles/vda5050_msgs__rosidl_typesupport_introspection_cpp.dir/rosidl_typesupport_introspection_cpp/vda5050_msgs/msg/detail/action_parameter__type_support.cpp.o[0m
[ 21%] [32mBuilding CXX object CMakeFiles/vda5050_msgs__rosidl_typesupport_introspection_cpp.dir/rosidl_typesupport_introspection_cpp/vda5050_msgs/msg/detail/action_parameter_definition__type_support.cpp.o[0m
[ 21%] [32mBuilding CXX object CMakeFiles/vda5050_msgs__rosidl_typesupport_cpp.dir/rosidl_typesupport_cpp/vda5050_msgs/msg/error__type_support.cpp.o[0m
[ 22%] [32mBuilding CXX object CMakeFiles/vda5050_msgs__rosidl_typesupport_cpp.dir/rosidl_typesupport_cpp/vda5050_msgs/msg/error_reference__type_support.cpp.o[0m
[35m[1mConsolidate compiler generated dependencies of target vda5050_msgs__rosidl_typesupport_fastrtps_cpp[0m
[35m[1mConsolidate compiler generated dependencies of target vda5050_msgs__rosidl_typesupport_c[0m
[ 22%] [32mBuilding CXX object CMakeFiles/vda5050_msgs__rosidl_typesupport_cpp.dir/rosidl_typesupport_cpp/vda5050_msgs/msg/factsheet__type_support.cpp.o[0m
[ 23%] [32mBuilding CXX object CMakeFiles/vda5050_msgs__rosidl_typesupport_fastrtps_cpp.dir/rosidl_typesupport_fastrtps_cpp/vda5050_msgs/msg/detail/dds_fastrtps/action__type_support.cpp.o[0m
[ 23%] [32mBuilding CXX object CMakeFiles/vda5050_msgs__rosidl_typesupport_c.dir/rosidl_typesupport_c/vda5050_msgs/msg/action__type_support.cpp.o[0m
[ 23%] [32mBuilding CXX object CMakeFiles/vda5050_msgs__rosidl_typesupport_introspection_cpp.dir/rosidl_typesupport_introspection_cpp/vda5050_msgs/msg/detail/agv_action__type_support.cpp.o[0m
[ 23%] [32mBuilding CXX object CMakeFiles/vda5050_msgs__rosidl_typesupport_c.dir/rosidl_typesupport_c/vda5050_msgs/msg/action_parameter__type_support.cpp.o[0m
[ 23%] [32mBuilding CXX object CMakeFiles/vda5050_msgs__rosidl_typesupport_c.dir/rosidl_typesupport_c/vda5050_msgs/msg/action_parameter_definition__type_support.cpp.o[0m
[ 24%] [32mBuilding CXX object CMakeFiles/vda5050_msgs__rosidl_typesupport_introspection_cpp.dir/rosidl_typesupport_introspection_cpp/vda5050_msgs/msg/detail/agv_geometry__type_support.cpp.o[0m
[ 25%] [32mBuilding CXX object CMakeFiles/vda5050_msgs__rosidl_typesupport_c.dir/rosidl_typesupport_c/vda5050_msgs/msg/agv_action__type_support.cpp.o[0m
[ 25%] [32mBuilding CXX object CMakeFiles/vda5050_msgs__rosidl_typesupport_c.dir/rosidl_typesupport_c/vda5050_msgs/msg/agv_geometry__type_support.cpp.o[0m
[ 25%] [32mBuilding CXX object CMakeFiles/vda5050_msgs__rosidl_typesupport_introspection_cpp.dir/rosidl_typesupport_introspection_cpp/vda5050_msgs/msg/detail/agv_position__type_support.cpp.o[0m
[ 25%] [32mBuilding CXX object CMakeFiles/vda5050_msgs__rosidl_typesupport_c.dir/rosidl_typesupport_c/vda5050_msgs/msg/agv_position__type_support.cpp.o[0m
[ 25%] [32mBuilding CXX object CMakeFiles/vda5050_msgs__rosidl_typesupport_c.dir/rosidl_typesupport_c/vda5050_msgs/msg/battery_state__type_support.cpp.o[0m
[ 25%] [32mBuilding CXX object CMakeFiles/vda5050_msgs__rosidl_typesupport_cpp.dir/rosidl_typesupport_cpp/vda5050_msgs/msg/info__type_support.cpp.o[0m
[ 26%] [32mBuilding CXX object CMakeFiles/vda5050_msgs__rosidl_typesupport_c.dir/rosidl_typesupport_c/vda5050_msgs/msg/bounding_box_reference__type_support.cpp.o[0m
[ 26%] [32mBuilding CXX object CMakeFiles/vda5050_msgs__rosidl_typesupport_c.dir/rosidl_typesupport_c/vda5050_msgs/msg/connection__type_support.cpp.o[0m
[ 26%] [32mBuilding CXX object CMakeFiles/vda5050_msgs__rosidl_typesupport_c.dir/rosidl_typesupport_c/vda5050_msgs/msg/control_point__type_support.cpp.o[0m
[ 26%] [32mBuilding CXX object CMakeFiles/vda5050_msgs__rosidl_typesupport_c.dir/rosidl_typesupport_c/vda5050_msgs/msg/current_action__type_support.cpp.o[0m
[ 27%] [32mBuilding CXX object CMakeFiles/vda5050_msgs__rosidl_typesupport_c.dir/rosidl_typesupport_c/vda5050_msgs/msg/edge__type_support.cpp.o[0m
[ 27%] [32mBuilding CXX object CMakeFiles/vda5050_msgs__rosidl_typesupport_fastrtps_cpp.dir/rosidl_typesupport_fastrtps_cpp/vda5050_msgs/msg/detail/dds_fastrtps/action_parameter__type_support.cpp.o[0m
[ 27%] [32mBuilding CXX object CMakeFiles/vda5050_msgs__rosidl_typesupport_c.dir/rosidl_typesupport_c/vda5050_msgs/msg/edge_state__type_support.cpp.o[0m
[ 27%] [32mBuilding CXX object CMakeFiles/vda5050_msgs__rosidl_typesupport_fastrtps_cpp.dir/rosidl_typesupport_fastrtps_cpp/vda5050_msgs/msg/detail/dds_fastrtps/action_parameter_definition__type_support.cpp.o[0m
[ 27%] [32mBuilding CXX object CMakeFiles/vda5050_msgs__rosidl_typesupport_cpp.dir/rosidl_typesupport_cpp/vda5050_msgs/msg/info_reference__type_support.cpp.o[0m
[ 27%] [32mBuilding CXX object CMakeFiles/vda5050_msgs__rosidl_typesupport_c.dir/rosidl_typesupport_c/vda5050_msgs/msg/envelope2_d__type_support.cpp.o[0m
[ 27%] [32mBuilding CXX object CMakeFiles/vda5050_msgs__rosidl_typesupport_fastrtps_cpp.dir/rosidl_typesupport_fastrtps_cpp/vda5050_msgs/msg/detail/dds_fastrtps/agv_action__type_support.cpp.o[0m
[ 27%] [32mBuilding CXX object CMakeFiles/vda5050_msgs__rosidl_typesupport_c.dir/rosidl_typesupport_c/vda5050_msgs/msg/envelope3_d__type_support.cpp.o[0m
[ 27%] [32mBuilding CXX object CMakeFiles/vda5050_msgs__rosidl_typesupport_introspection_cpp.dir/rosidl_typesupport_introspection_cpp/vda5050_msgs/msg/detail/battery_state__type_support.cpp.o[0m
[ 28%] [32mBuilding CXX object CMakeFiles/vda5050_msgs__rosidl_typesupport_c.dir/rosidl_typesupport_c/vda5050_msgs/msg/error__type_support.cpp.o[0m
[ 28%] [32mBuilding CXX object CMakeFiles/vda5050_msgs__rosidl_typesupport_c.dir/rosidl_typesupport_c/vda5050_msgs/msg/error_reference__type_support.cpp.o[0m
[ 28%] [32mBuilding CXX object CMakeFiles/vda5050_msgs__rosidl_typesupport_c.dir/rosidl_typesupport_c/vda5050_msgs/msg/factsheet__type_support.cpp.o[0m
[ 28%] [32mBuilding CXX object CMakeFiles/vda5050_msgs__rosidl_typesupport_c.dir/rosidl_typesupport_c/vda5050_msgs/msg/info__type_support.cpp.o[0m
[ 29%] [32mBuilding CXX object CMakeFiles/vda5050_msgs__rosidl_typesupport_c.dir/rosidl_typesupport_c/vda5050_msgs/msg/info_reference__type_support.cpp.o[0m
[ 29%] [32mBuilding CXX object CMakeFiles/vda5050_msgs__rosidl_typesupport_c.dir/rosidl_typesupport_c/vda5050_msgs/msg/header__type_support.cpp.o[0m
[ 30%] [32mBuilding CXX object CMakeFiles/vda5050_msgs__rosidl_typesupport_cpp.dir/rosidl_typesupport_cpp/vda5050_msgs/msg/header__type_support.cpp.o[0m
[ 30%] [32mBuilding CXX object CMakeFiles/vda5050_msgs__rosidl_typesupport_c.dir/rosidl_typesupport_c/vda5050_msgs/msg/instant_actions__type_support.cpp.o[0m
[ 31%] [32mBuilding CXX object CMakeFiles/vda5050_msgs__rosidl_typesupport_fastrtps_cpp.dir/rosidl_typesupport_fastrtps_cpp/vda5050_msgs/msg/detail/dds_fastrtps/agv_geometry__type_support.cpp.o[0m
[ 31%] [32mBuilding CXX object CMakeFiles/vda5050_msgs__rosidl_typesupport_c.dir/rosidl_typesupport_c/vda5050_msgs/msg/load__type_support.cpp.o[0m
[ 32%] [32mBuilding CXX object CMakeFiles/vda5050_msgs__rosidl_typesupport_c.dir/rosidl_typesupport_c/vda5050_msgs/msg/load_dimensions__type_support.cpp.o[0m
[ 32%] [32mBuilding CXX object CMakeFiles/vda5050_msgs__rosidl_typesupport_c.dir/rosidl_typesupport_c/vda5050_msgs/msg/load_set__type_support.cpp.o[0m
[ 32%] [32mBuilding CXX object CMakeFiles/vda5050_msgs__rosidl_typesupport_c.dir/rosidl_typesupport_c/vda5050_msgs/msg/load_specification__type_support.cpp.o[0m
[ 32%] [32mBuilding CXX object CMakeFiles/vda5050_msgs__rosidl_typesupport_introspection_cpp.dir/rosidl_typesupport_introspection_cpp/vda5050_msgs/msg/detail/bounding_box_reference__type_support.cpp.o[0m
[ 32%] [32mBuilding CXX object CMakeFiles/vda5050_msgs__rosidl_typesupport_c.dir/rosidl_typesupport_c/vda5050_msgs/msg/max_array_lens__type_support.cpp.o[0m
[ 33%] [32mBuilding CXX object CMakeFiles/vda5050_msgs__rosidl_typesupport_c.dir/rosidl_typesupport_c/vda5050_msgs/msg/max_string_lens__type_support.cpp.o[0m
[ 33%] [32mBuilding CXX object CMakeFiles/vda5050_msgs__rosidl_typesupport_c.dir/rosidl_typesupport_c/vda5050_msgs/msg/node__type_support.cpp.o[0m
[ 33%] [32mBuilding CXX object CMakeFiles/vda5050_msgs__rosidl_typesupport_fastrtps_cpp.dir/rosidl_typesupport_fastrtps_cpp/vda5050_msgs/msg/detail/dds_fastrtps/agv_position__type_support.cpp.o[0m
[ 33%] [32mBuilding CXX object CMakeFiles/vda5050_msgs__rosidl_typesupport_c.dir/rosidl_typesupport_c/vda5050_msgs/msg/node_position__type_support.cpp.o[0m
[35m[1mConsolidate compiler generated dependencies of target vda5050_msgs__rosidl_typesupport_introspection_c[0m
[ 33%] [32mBuilding CXX object CMakeFiles/vda5050_msgs__rosidl_typesupport_cpp.dir/rosidl_typesupport_cpp/vda5050_msgs/msg/instant_actions__type_support.cpp.o[0m
[ 33%] [32mBuilding CXX object CMakeFiles/vda5050_msgs__rosidl_typesupport_c.dir/rosidl_typesupport_c/vda5050_msgs/msg/node_state__type_support.cpp.o[0m
[ 33%] [32mBuilding C object CMakeFiles/vda5050_msgs__rosidl_typesupport_introspection_c.dir/rosidl_typesupport_introspection_c/vda5050_msgs/msg/detail/action__type_support.c.o[0m
[ 33%] [32mBuilding CXX object CMakeFiles/vda5050_msgs__rosidl_typesupport_fastrtps_cpp.dir/rosidl_typesupport_fastrtps_cpp/vda5050_msgs/msg/detail/dds_fastrtps/battery_state__type_support.cpp.o[0m
[ 34%] [32mBuilding CXX object CMakeFiles/vda5050_msgs__rosidl_typesupport_c.dir/rosidl_typesupport_c/vda5050_msgs/msg/optional_parameter__type_support.cpp.o[0m
[ 34%] [32mBuilding C object CMakeFiles/vda5050_msgs__rosidl_typesupport_introspection_c.dir/rosidl_typesupport_introspection_c/vda5050_msgs/msg/detail/action_parameter__type_support.c.o[0m
[ 34%] [32mBuilding CXX object CMakeFiles/vda5050_msgs__rosidl_typesupport_c.dir/rosidl_typesupport_c/vda5050_msgs/msg/order__type_support.cpp.o[0m
[ 34%] [32mBuilding C object CMakeFiles/vda5050_msgs__rosidl_typesupport_introspection_c.dir/rosidl_typesupport_introspection_c/vda5050_msgs/msg/detail/action_parameter_definition__type_support.c.o[0m
[ 34%] [32mBuilding CXX object CMakeFiles/vda5050_msgs__rosidl_typesupport_c.dir/rosidl_typesupport_c/vda5050_msgs/msg/order_state__type_support.cpp.o[0m
[ 35%] [32mBuilding C object CMakeFiles/vda5050_msgs__rosidl_typesupport_introspection_c.dir/rosidl_typesupport_introspection_c/vda5050_msgs/msg/detail/agv_action__type_support.c.o[0m
[ 35%] [32mBuilding CXX object CMakeFiles/vda5050_msgs__rosidl_typesupport_c.dir/rosidl_typesupport_c/vda5050_msgs/msg/physical_parameters__type_support.cpp.o[0m
[ 36%] [32mBuilding CXX object CMakeFiles/vda5050_msgs__rosidl_typesupport_c.dir/rosidl_typesupport_c/vda5050_msgs/msg/polygon_point__type_support.cpp.o[0m
[ 37%] [32mBuilding CXX object CMakeFiles/vda5050_msgs__rosidl_typesupport_introspection_cpp.dir/rosidl_typesupport_introspection_cpp/vda5050_msgs/msg/detail/connection__type_support.cpp.o[0m
[ 37%] [32mBuilding C object CMakeFiles/vda5050_msgs__rosidl_typesupport_introspection_c.dir/rosidl_typesupport_introspection_c/vda5050_msgs/msg/detail/agv_geometry__type_support.c.o[0m
[ 37%] [32mBuilding CXX object CMakeFiles/vda5050_msgs__rosidl_typesupport_cpp.dir/rosidl_typesupport_cpp/vda5050_msgs/msg/load__type_support.cpp.o[0m
[ 37%] [32mBuilding CXX object CMakeFiles/vda5050_msgs__rosidl_typesupport_c.dir/rosidl_typesupport_c/vda5050_msgs/msg/position__type_support.cpp.o[0m
[ 37%] [32mBuilding CXX object CMakeFiles/vda5050_msgs__rosidl_typesupport_cpp.dir/rosidl_typesupport_cpp/vda5050_msgs/msg/load_dimensions__type_support.cpp.o[0m
[ 37%] [32mBuilding CXX object CMakeFiles/vda5050_msgs__rosidl_typesupport_c.dir/rosidl_typesupport_c/vda5050_msgs/msg/protocol_features__type_support.cpp.o[0m
[ 37%] [32mBuilding C object CMakeFiles/vda5050_msgs__rosidl_typesupport_introspection_c.dir/rosidl_typesupport_introspection_c/vda5050_msgs/msg/detail/agv_position__type_support.c.o[0m
[ 38%] [32mBuilding CXX object CMakeFiles/vda5050_msgs__rosidl_typesupport_cpp.dir/rosidl_typesupport_cpp/vda5050_msgs/msg/load_set__type_support.cpp.o[0m
[ 38%] [32mBuilding CXX object CMakeFiles/vda5050_msgs__rosidl_typesupport_c.dir/rosidl_typesupport_c/vda5050_msgs/msg/protocol_limits__type_support.cpp.o[0m
[ 38%] [32mBuilding C object CMakeFiles/vda5050_msgs__rosidl_typesupport_introspection_c.dir/rosidl_typesupport_introspection_c/vda5050_msgs/msg/detail/battery_state__type_support.c.o[0m
[ 39%] [32mBuilding CXX object CMakeFiles/vda5050_msgs__rosidl_typesupport_c.dir/rosidl_typesupport_c/vda5050_msgs/msg/safety_state__type_support.cpp.o[0m
[35m[1mConsolidate compiler generated dependencies of target vda5050_msgs__rosidl_typesupport_fastrtps_c[0m
[ 39%] [32mBuilding CXX object CMakeFiles/vda5050_msgs__rosidl_typesupport_c.dir/rosidl_typesupport_c/vda5050_msgs/msg/timing__type_support.cpp.o[0m
[ 39%] [32mBuilding CXX object CMakeFiles/vda5050_msgs__rosidl_typesupport_fastrtps_c.dir/rosidl_typesupport_fastrtps_c/vda5050_msgs/msg/detail/action__type_support_c.cpp.o[0m
[ 40%] [32mBuilding C object CMakeFiles/vda5050_msgs__rosidl_typesupport_introspection_c.dir/rosidl_typesupport_introspection_c/vda5050_msgs/msg/detail/bounding_box_reference__type_support.c.o[0m
[ 40%] [32mBuilding CXX object CMakeFiles/vda5050_msgs__rosidl_typesupport_fastrtps_cpp.dir/rosidl_typesupport_fastrtps_cpp/vda5050_msgs/msg/detail/dds_fastrtps/bounding_box_reference__type_support.cpp.o[0m
[ 40%] [32mBuilding CXX object CMakeFiles/vda5050_msgs__rosidl_typesupport_c.dir/rosidl_typesupport_c/vda5050_msgs/msg/trajectory__type_support.cpp.o[0m
[ 40%] [32mBuilding CXX object CMakeFiles/vda5050_msgs__rosidl_typesupport_c.dir/rosidl_typesupport_c/vda5050_msgs/msg/type_specification__type_support.cpp.o[0m
[ 40%] [32mBuilding C object CMakeFiles/vda5050_msgs__rosidl_typesupport_introspection_c.dir/rosidl_typesupport_introspection_c/vda5050_msgs/msg/detail/connection__type_support.c.o[0m
[ 40%] [32mBuilding C object CMakeFiles/vda5050_msgs__rosidl_typesupport_introspection_c.dir/rosidl_typesupport_introspection_c/vda5050_msgs/msg/detail/control_point__type_support.c.o[0m
[ 41%] [32mBuilding CXX object CMakeFiles/vda5050_msgs__rosidl_typesupport_fastrtps_cpp.dir/rosidl_typesupport_fastrtps_cpp/vda5050_msgs/msg/detail/dds_fastrtps/connection__type_support.cpp.o[0m
[ 42%] [32mBuilding CXX object CMakeFiles/vda5050_msgs__rosidl_typesupport_c.dir/rosidl_typesupport_c/vda5050_msgs/msg/velocity__type_support.cpp.o[0m
[ 42%] [32mBuilding CXX object CMakeFiles/vda5050_msgs__rosidl_typesupport_c.dir/rosidl_typesupport_c/vda5050_msgs/msg/visualization__type_support.cpp.o[0m
[ 42%] [32mBuilding CXX object CMakeFiles/vda5050_msgs__rosidl_typesupport_introspection_cpp.dir/rosidl_typesupport_introspection_cpp/vda5050_msgs/msg/detail/control_point__type_support.cpp.o[0m
[ 42%] [32mBuilding C object CMakeFiles/vda5050_msgs__rosidl_typesupport_introspection_c.dir/rosidl_typesupport_introspection_c/vda5050_msgs/msg/detail/current_action__type_support.c.o[0m
[ 42%] [32mBuilding CXX object CMakeFiles/vda5050_msgs__rosidl_typesupport_c.dir/rosidl_typesupport_c/vda5050_msgs/msg/wheel_definition__type_support.cpp.o[0m
[ 43%] [32mBuilding C object CMakeFiles/vda5050_msgs__rosidl_typesupport_introspection_c.dir/rosidl_typesupport_introspection_c/vda5050_msgs/msg/detail/edge__type_support.c.o[0m
[ 43%] [32mBuilding CXX object CMakeFiles/vda5050_msgs__rosidl_typesupport_cpp.dir/rosidl_typesupport_cpp/vda5050_msgs/msg/load_specification__type_support.cpp.o[0m
[ 43%] [32m[1mLinking CXX shared library libvda5050_msgs__rosidl_typesupport_c.so[0m
[ 43%] [32mBuilding C object CMakeFiles/vda5050_msgs__rosidl_typesupport_introspection_c.dir/rosidl_typesupport_introspection_c/vda5050_msgs/msg/detail/edge_state__type_support.c.o[0m
[ 43%] [32mBuilding CXX object CMakeFiles/vda5050_msgs__rosidl_typesupport_fastrtps_cpp.dir/rosidl_typesupport_fastrtps_cpp/vda5050_msgs/msg/detail/dds_fastrtps/control_point__type_support.cpp.o[0m
[ 43%] Built target vda5050_msgs__rosidl_typesupport_c
[ 43%] [32mBuilding C object CMakeFiles/vda5050_msgs__rosidl_typesupport_introspection_c.dir/rosidl_typesupport_introspection_c/vda5050_msgs/msg/detail/envelope2_d__type_support.c.o[0m
[ 43%] [32mBuilding CXX object CMakeFiles/vda5050_msgs__rosidl_typesupport_fastrtps_cpp.dir/rosidl_typesupport_fastrtps_cpp/vda5050_msgs/msg/detail/dds_fastrtps/current_action__type_support.cpp.o[0m
[ 43%] [32mBuilding C object CMakeFiles/vda5050_msgs__rosidl_typesupport_introspection_c.dir/rosidl_typesupport_introspection_c/vda5050_msgs/msg/detail/envelope3_d__type_support.c.o[0m
[ 44%] [32mBuilding C object CMakeFiles/vda5050_msgs__rosidl_typesupport_introspection_c.dir/rosidl_typesupport_introspection_c/vda5050_msgs/msg/detail/error__type_support.c.o[0m
[ 44%] [32mBuilding CXX object CMakeFiles/vda5050_msgs__rosidl_typesupport_fastrtps_c.dir/rosidl_typesupport_fastrtps_c/vda5050_msgs/msg/detail/action_parameter__type_support_c.cpp.o[0m
[ 44%] [32mBuilding C object CMakeFiles/vda5050_msgs__rosidl_typesupport_introspection_c.dir/rosidl_typesupport_introspection_c/vda5050_msgs/msg/detail/error_reference__type_support.c.o[0m
[ 44%] [32mBuilding CXX object CMakeFiles/vda5050_msgs__rosidl_typesupport_fastrtps_c.dir/rosidl_typesupport_fastrtps_c/vda5050_msgs/msg/detail/action_parameter_definition__type_support_c.cpp.o[0m
[ 44%] [32mBuilding CXX object CMakeFiles/vda5050_msgs__rosidl_typesupport_cpp.dir/rosidl_typesupport_cpp/vda5050_msgs/msg/max_array_lens__type_support.cpp.o[0m
[ 44%] [32mBuilding C object CMakeFiles/vda5050_msgs__rosidl_typesupport_introspection_c.dir/rosidl_typesupport_introspection_c/vda5050_msgs/msg/detail/factsheet__type_support.c.o[0m
[ 44%] [32mBuilding CXX object CMakeFiles/vda5050_msgs__rosidl_typesupport_cpp.dir/rosidl_typesupport_cpp/vda5050_msgs/msg/max_string_lens__type_support.cpp.o[0m
[ 44%] [32mBuilding C object CMakeFiles/vda5050_msgs__rosidl_typesupport_introspection_c.dir/rosidl_typesupport_introspection_c/vda5050_msgs/msg/detail/info__type_support.c.o[0m
[ 44%] [32mBuilding CXX object CMakeFiles/vda5050_msgs__rosidl_typesupport_introspection_cpp.dir/rosidl_typesupport_introspection_cpp/vda5050_msgs/msg/detail/current_action__type_support.cpp.o[0m
[ 45%] [32mBuilding C object CMakeFiles/vda5050_msgs__rosidl_typesupport_introspection_c.dir/rosidl_typesupport_introspection_c/vda5050_msgs/msg/detail/info_reference__type_support.c.o[0m
[ 45%] [32mBuilding C object CMakeFiles/vda5050_msgs__rosidl_typesupport_introspection_c.dir/rosidl_typesupport_introspection_c/vda5050_msgs/msg/detail/header__type_support.c.o[0m
[ 45%] [32mBuilding C object CMakeFiles/vda5050_msgs__rosidl_typesupport_introspection_c.dir/rosidl_typesupport_introspection_c/vda5050_msgs/msg/detail/instant_actions__type_support.c.o[0m
[ 45%] [32mBuilding CXX object CMakeFiles/vda5050_msgs__rosidl_typesupport_fastrtps_cpp.dir/rosidl_typesupport_fastrtps_cpp/vda5050_msgs/msg/detail/dds_fastrtps/edge__type_support.cpp.o[0m
[ 45%] [32mBuilding C object CMakeFiles/vda5050_msgs__rosidl_typesupport_introspection_c.dir/rosidl_typesupport_introspection_c/vda5050_msgs/msg/detail/load__type_support.c.o[0m
[ 46%] [32mBuilding CXX object CMakeFiles/vda5050_msgs__rosidl_typesupport_fastrtps_cpp.dir/rosidl_typesupport_fastrtps_cpp/vda5050_msgs/msg/detail/dds_fastrtps/edge_state__type_support.cpp.o[0m
[ 47%] [32mBuilding C object CMakeFiles/vda5050_msgs__rosidl_typesupport_introspection_c.dir/rosidl_typesupport_introspection_c/vda5050_msgs/msg/detail/load_dimensions__type_support.c.o[0m
[ 47%] [32mBuilding CXX object CMakeFiles/vda5050_msgs__rosidl_typesupport_fastrtps_cpp.dir/rosidl_typesupport_fastrtps_cpp/vda5050_msgs/msg/detail/dds_fastrtps/envelope2_d__type_support.cpp.o[0m
[ 47%] [32mBuilding C object CMakeFiles/vda5050_msgs__rosidl_typesupport_introspection_c.dir/rosidl_typesupport_introspection_c/vda5050_msgs/msg/detail/load_set__type_support.c.o[0m
[ 47%] [32mBuilding C object CMakeFiles/vda5050_msgs__rosidl_typesupport_introspection_c.dir/rosidl_typesupport_introspection_c/vda5050_msgs/msg/detail/load_specification__type_support.c.o[0m
[ 49%] [32mBuilding CXX object CMakeFiles/vda5050_msgs__rosidl_typesupport_fastrtps_c.dir/rosidl_typesupport_fastrtps_c/vda5050_msgs/msg/detail/agv_action__type_support_c.cpp.o[0m
[ 49%] [32mBuilding CXX object CMakeFiles/vda5050_msgs__rosidl_typesupport_cpp.dir/rosidl_typesupport_cpp/vda5050_msgs/msg/node__type_support.cpp.o[0m
[ 49%] [32mBuilding C object CMakeFiles/vda5050_msgs__rosidl_typesupport_introspection_c.dir/rosidl_typesupport_introspection_c/vda5050_msgs/msg/detail/max_array_lens__type_support.c.o[0m
[ 49%] [32mBuilding CXX object CMakeFiles/vda5050_msgs__rosidl_typesupport_fastrtps_c.dir/rosidl_typesupport_fastrtps_c/vda5050_msgs/msg/detail/agv_geometry__type_support_c.cpp.o[0m
[ 50%] [32mBuilding C object CMakeFiles/vda5050_msgs__rosidl_typesupport_introspection_c.dir/rosidl_typesupport_introspection_c/vda5050_msgs/msg/detail/max_string_lens__type_support.c.o[0m
[ 50%] [32mBuilding C object CMakeFiles/vda5050_msgs__rosidl_typesupport_introspection_c.dir/rosidl_typesupport_introspection_c/vda5050_msgs/msg/detail/node__type_support.c.o[0m
[ 50%] [32mBuilding CXX object CMakeFiles/vda5050_msgs__rosidl_typesupport_introspection_cpp.dir/rosidl_typesupport_introspection_cpp/vda5050_msgs/msg/detail/edge__type_support.cpp.o[0m
[ 50%] [32mBuilding C object CMakeFiles/vda5050_msgs__rosidl_typesupport_introspection_c.dir/rosidl_typesupport_introspection_c/vda5050_msgs/msg/detail/node_position__type_support.c.o[0m
[ 50%] [32mBuilding C object CMakeFiles/vda5050_msgs__rosidl_typesupport_introspection_c.dir/rosidl_typesupport_introspection_c/vda5050_msgs/msg/detail/node_state__type_support.c.o[0m
[ 51%] [32mBuilding C object CMakeFiles/vda5050_msgs__rosidl_typesupport_introspection_c.dir/rosidl_typesupport_introspection_c/vda5050_msgs/msg/detail/optional_parameter__type_support.c.o[0m
[ 51%] [32mBuilding C object CMakeFiles/vda5050_msgs__rosidl_typesupport_introspection_c.dir/rosidl_typesupport_introspection_c/vda5050_msgs/msg/detail/order__type_support.c.o[0m
[ 51%] [32mBuilding CXX object CMakeFiles/vda5050_msgs__rosidl_typesupport_cpp.dir/rosidl_typesupport_cpp/vda5050_msgs/msg/node_position__type_support.cpp.o[0m
[ 51%] [32mBuilding C object CMakeFiles/vda5050_msgs__rosidl_typesupport_introspection_c.dir/rosidl_typesupport_introspection_c/vda5050_msgs/msg/detail/order_state__type_support.c.o[0m
[ 52%] [32mBuilding CXX object CMakeFiles/vda5050_msgs__rosidl_typesupport_introspection_cpp.dir/rosidl_typesupport_introspection_cpp/vda5050_msgs/msg/detail/edge_state__type_support.cpp.o[0m
[ 52%] [32mBuilding CXX object CMakeFiles/vda5050_msgs__rosidl_typesupport_fastrtps_c.dir/rosidl_typesupport_fastrtps_c/vda5050_msgs/msg/detail/battery_state__type_support_c.cpp.o[0m
[ 52%] [32mBuilding CXX object CMakeFiles/vda5050_msgs__rosidl_typesupport_fastrtps_c.dir/rosidl_typesupport_fastrtps_c/vda5050_msgs/msg/detail/agv_position__type_support_c.cpp.o[0m
[ 52%] [32mBuilding C object CMakeFiles/vda5050_msgs__rosidl_typesupport_introspection_c.dir/rosidl_typesupport_introspection_c/vda5050_msgs/msg/detail/physical_parameters__type_support.c.o[0m
[ 52%] [32mBuilding CXX object CMakeFiles/vda5050_msgs__rosidl_typesupport_fastrtps_cpp.dir/rosidl_typesupport_fastrtps_cpp/vda5050_msgs/msg/detail/dds_fastrtps/envelope3_d__type_support.cpp.o[0m
[ 53%] [32mBuilding C object CMakeFiles/vda5050_msgs__rosidl_typesupport_introspection_c.dir/rosidl_typesupport_introspection_c/vda5050_msgs/msg/detail/polygon_point__type_support.c.o[0m
[ 53%] [32mBuilding CXX object CMakeFiles/vda5050_msgs__rosidl_typesupport_cpp.dir/rosidl_typesupport_cpp/vda5050_msgs/msg/node_state__type_support.cpp.o[0m
[ 53%] [32mBuilding C object CMakeFiles/vda5050_msgs__rosidl_typesupport_introspection_c.dir/rosidl_typesupport_introspection_c/vda5050_msgs/msg/detail/position__type_support.c.o[0m
[ 53%] [32mBuilding C object CMakeFiles/vda5050_msgs__rosidl_typesupport_introspection_c.dir/rosidl_typesupport_introspection_c/vda5050_msgs/msg/detail/protocol_features__type_support.c.o[0m
[ 53%] [32mBuilding C object CMakeFiles/vda5050_msgs__rosidl_typesupport_introspection_c.dir/rosidl_typesupport_introspection_c/vda5050_msgs/msg/detail/protocol_limits__type_support.c.o[0m
[ 54%] [32mBuilding C object CMakeFiles/vda5050_msgs__rosidl_typesupport_introspection_c.dir/rosidl_typesupport_introspection_c/vda5050_msgs/msg/detail/safety_state__type_support.c.o[0m
[ 54%] [32mBuilding C object CMakeFiles/vda5050_msgs__rosidl_typesupport_introspection_c.dir/rosidl_typesupport_introspection_c/vda5050_msgs/msg/detail/timing__type_support.c.o[0m
[ 54%] [32mBuilding C object CMakeFiles/vda5050_msgs__rosidl_typesupport_introspection_c.dir/rosidl_typesupport_introspection_c/vda5050_msgs/msg/detail/trajectory__type_support.c.o[0m
[ 54%] [32mBuilding CXX object CMakeFiles/vda5050_msgs__rosidl_typesupport_introspection_cpp.dir/rosidl_typesupport_introspection_cpp/vda5050_msgs/msg/detail/envelope2_d__type_support.cpp.o[0m
[ 54%] [32mBuilding C object CMakeFiles/vda5050_msgs__rosidl_typesupport_introspection_c.dir/rosidl_typesupport_introspection_c/vda5050_msgs/msg/detail/type_specification__type_support.c.o[0m
[ 54%] [32mBuilding CXX object CMakeFiles/vda5050_msgs__rosidl_typesupport_fastrtps_cpp.dir/rosidl_typesupport_fastrtps_cpp/vda5050_msgs/msg/detail/dds_fastrtps/error__type_support.cpp.o[0m
[ 55%] [32mBuilding CXX object CMakeFiles/vda5050_msgs__rosidl_typesupport_fastrtps_c.dir/rosidl_typesupport_fastrtps_c/vda5050_msgs/msg/detail/bounding_box_reference__type_support_c.cpp.o[0m
[ 56%] [32mBuilding C object CMakeFiles/vda5050_msgs__rosidl_typesupport_introspection_c.dir/rosidl_typesupport_introspection_c/vda5050_msgs/msg/detail/velocity__type_support.c.o[0m
[ 57%] [32mBuilding CXX object CMakeFiles/vda5050_msgs__rosidl_typesupport_fastrtps_cpp.dir/rosidl_typesupport_fastrtps_cpp/vda5050_msgs/msg/detail/dds_fastrtps/error_reference__type_support.cpp.o[0m
[ 57%] [32mBuilding C object CMakeFiles/vda5050_msgs__rosidl_typesupport_introspection_c.dir/rosidl_typesupport_introspection_c/vda5050_msgs/msg/detail/visualization__type_support.c.o[0m
[ 57%] [32mBuilding CXX object CMakeFiles/vda5050_msgs__rosidl_typesupport_cpp.dir/rosidl_typesupport_cpp/vda5050_msgs/msg/optional_parameter__type_support.cpp.o[0m
[ 57%] [32mBuilding C object CMakeFiles/vda5050_msgs__rosidl_typesupport_introspection_c.dir/rosidl_typesupport_introspection_c/vda5050_msgs/msg/detail/wheel_definition__type_support.c.o[0m
[ 58%] [32mBuilding CXX object CMakeFiles/vda5050_msgs__rosidl_typesupport_cpp.dir/rosidl_typesupport_cpp/vda5050_msgs/msg/order__type_support.cpp.o[0m
[ 58%] [32mBuilding CXX object CMakeFiles/vda5050_msgs__rosidl_typesupport_fastrtps_c.dir/rosidl_typesupport_fastrtps_c/vda5050_msgs/msg/detail/connection__type_support_c.cpp.o[0m
[ 58%] [32m[1mLinking C shared library libvda5050_msgs__rosidl_typesupport_introspection_c.so[0m
[ 58%] Built target vda5050_msgs__rosidl_typesupport_introspection_c
[ 58%] [32mBuilding CXX object CMakeFiles/vda5050_msgs__rosidl_typesupport_cpp.dir/rosidl_typesupport_cpp/vda5050_msgs/msg/order_state__type_support.cpp.o[0m
[ 58%] [32mBuilding CXX object CMakeFiles/vda5050_msgs__rosidl_typesupport_cpp.dir/rosidl_typesupport_cpp/vda5050_msgs/msg/physical_parameters__type_support.cpp.o[0m
[ 58%] [32mBuilding CXX object CMakeFiles/vda5050_msgs__rosidl_typesupport_introspection_cpp.dir/rosidl_typesupport_introspection_cpp/vda5050_msgs/msg/detail/envelope3_d__type_support.cpp.o[0m
[ 58%] [32mBuilding CXX object CMakeFiles/vda5050_msgs__rosidl_typesupport_cpp.dir/rosidl_typesupport_cpp/vda5050_msgs/msg/polygon_point__type_support.cpp.o[0m
[ 58%] [32mBuilding CXX object CMakeFiles/vda5050_msgs__rosidl_typesupport_fastrtps_cpp.dir/rosidl_typesupport_fastrtps_cpp/vda5050_msgs/msg/detail/dds_fastrtps/factsheet__type_support.cpp.o[0m
[ 58%] [32mBuilding CXX object CMakeFiles/vda5050_msgs__rosidl_typesupport_fastrtps_c.dir/rosidl_typesupport_fastrtps_c/vda5050_msgs/msg/detail/control_point__type_support_c.cpp.o[0m
[ 59%] [32mBuilding CXX object CMakeFiles/vda5050_msgs__rosidl_typesupport_cpp.dir/rosidl_typesupport_cpp/vda5050_msgs/msg/position__type_support.cpp.o[0m
[ 59%] [32mBuilding CXX object CMakeFiles/vda5050_msgs__rosidl_typesupport_introspection_cpp.dir/rosidl_typesupport_introspection_cpp/vda5050_msgs/msg/detail/error__type_support.cpp.o[0m
[ 59%] [32mBuilding CXX object CMakeFiles/vda5050_msgs__rosidl_typesupport_fastrtps_cpp.dir/rosidl_typesupport_fastrtps_cpp/vda5050_msgs/msg/detail/dds_fastrtps/info__type_support.cpp.o[0m
[ 59%] [32mBuilding CXX object CMakeFiles/vda5050_msgs__rosidl_typesupport_fastrtps_cpp.dir/rosidl_typesupport_fastrtps_cpp/vda5050_msgs/msg/detail/dds_fastrtps/info_reference__type_support.cpp.o[0m
[ 60%] [32mBuilding CXX object CMakeFiles/vda5050_msgs__rosidl_typesupport_introspection_cpp.dir/rosidl_typesupport_introspection_cpp/vda5050_msgs/msg/detail/error_reference__type_support.cpp.o[0m
[ 60%] [32mBuilding CXX object CMakeFiles/vda5050_msgs__rosidl_typesupport_cpp.dir/rosidl_typesupport_cpp/vda5050_msgs/msg/protocol_features__type_support.cpp.o[0m
[ 60%] [32mBuilding CXX object CMakeFiles/vda5050_msgs__rosidl_typesupport_fastrtps_c.dir/rosidl_typesupport_fastrtps_c/vda5050_msgs/msg/detail/current_action__type_support_c.cpp.o[0m
[ 61%] [32mBuilding CXX object CMakeFiles/vda5050_msgs__rosidl_typesupport_fastrtps_cpp.dir/rosidl_typesupport_fastrtps_cpp/vda5050_msgs/msg/detail/dds_fastrtps/header__type_support.cpp.o[0m
[ 61%] [32mBuilding CXX object CMakeFiles/vda5050_msgs__rosidl_typesupport_introspection_cpp.dir/rosidl_typesupport_introspection_cpp/vda5050_msgs/msg/detail/factsheet__type_support.cpp.o[0m
[ 61%] [32mBuilding CXX object CMakeFiles/vda5050_msgs__rosidl_typesupport_fastrtps_cpp.dir/rosidl_typesupport_fastrtps_cpp/vda5050_msgs/msg/detail/dds_fastrtps/instant_actions__type_support.cpp.o[0m
[ 61%] [32mBuilding CXX object CMakeFiles/vda5050_msgs__rosidl_typesupport_cpp.dir/rosidl_typesupport_cpp/vda5050_msgs/msg/protocol_limits__type_support.cpp.o[0m
[ 61%] [32mBuilding CXX object CMakeFiles/vda5050_msgs__rosidl_typesupport_cpp.dir/rosidl_typesupport_cpp/vda5050_msgs/msg/safety_state__type_support.cpp.o[0m
[ 62%] [32mBuilding CXX object CMakeFiles/vda5050_msgs__rosidl_typesupport_fastrtps_c.dir/rosidl_typesupport_fastrtps_c/vda5050_msgs/msg/detail/edge__type_support_c.cpp.o[0m
[ 62%] [32mBuilding CXX object CMakeFiles/vda5050_msgs__rosidl_typesupport_fastrtps_cpp.dir/rosidl_typesupport_fastrtps_cpp/vda5050_msgs/msg/detail/dds_fastrtps/load__type_support.cpp.o[0m
[ 62%] [32mBuilding CXX object CMakeFiles/vda5050_msgs__rosidl_typesupport_introspection_cpp.dir/rosidl_typesupport_introspection_cpp/vda5050_msgs/msg/detail/info__type_support.cpp.o[0m
[ 62%] [32mBuilding CXX object CMakeFiles/vda5050_msgs__rosidl_typesupport_fastrtps_cpp.dir/rosidl_typesupport_fastrtps_cpp/vda5050_msgs/msg/detail/dds_fastrtps/load_dimensions__type_support.cpp.o[0m
[ 63%] [32mBuilding CXX object CMakeFiles/vda5050_msgs__rosidl_typesupport_cpp.dir/rosidl_typesupport_cpp/vda5050_msgs/msg/timing__type_support.cpp.o[0m
[ 63%] [32mBuilding CXX object CMakeFiles/vda5050_msgs__rosidl_typesupport_fastrtps_c.dir/rosidl_typesupport_fastrtps_c/vda5050_msgs/msg/detail/edge_state__type_support_c.cpp.o[0m
[ 63%] [32mBuilding CXX object CMakeFiles/vda5050_msgs__rosidl_typesupport_introspection_cpp.dir/rosidl_typesupport_introspection_cpp/vda5050_msgs/msg/detail/info_reference__type_support.cpp.o[0m
[ 63%] [32mBuilding CXX object CMakeFiles/vda5050_msgs__rosidl_typesupport_fastrtps_c.dir/rosidl_typesupport_fastrtps_c/vda5050_msgs/msg/detail/envelope2_d__type_support_c.cpp.o[0m
[ 64%] [32mBuilding CXX object CMakeFiles/vda5050_msgs__rosidl_typesupport_fastrtps_cpp.dir/rosidl_typesupport_fastrtps_cpp/vda5050_msgs/msg/detail/dds_fastrtps/load_set__type_support.cpp.o[0m
[ 64%] [32mBuilding CXX object CMakeFiles/vda5050_msgs__rosidl_typesupport_fastrtps_c.dir/rosidl_typesupport_fastrtps_c/vda5050_msgs/msg/detail/envelope3_d__type_support_c.cpp.o[0m
[ 64%] [32mBuilding CXX object CMakeFiles/vda5050_msgs__rosidl_typesupport_cpp.dir/rosidl_typesupport_cpp/vda5050_msgs/msg/trajectory__type_support.cpp.o[0m
[ 64%] [32mBuilding CXX object CMakeFiles/vda5050_msgs__rosidl_typesupport_cpp.dir/rosidl_typesupport_cpp/vda5050_msgs/msg/type_specification__type_support.cpp.o[0m
[ 65%] [32mBuilding CXX object CMakeFiles/vda5050_msgs__rosidl_typesupport_fastrtps_c.dir/rosidl_typesupport_fastrtps_c/vda5050_msgs/msg/detail/error__type_support_c.cpp.o[0m
[ 65%] [32mBuilding CXX object CMakeFiles/vda5050_msgs__rosidl_typesupport_fastrtps_cpp.dir/rosidl_typesupport_fastrtps_cpp/vda5050_msgs/msg/detail/dds_fastrtps/load_specification__type_support.cpp.o[0m
[ 65%] [32mBuilding CXX object CMakeFiles/vda5050_msgs__rosidl_typesupport_fastrtps_cpp.dir/rosidl_typesupport_fastrtps_cpp/vda5050_msgs/msg/detail/dds_fastrtps/max_array_lens__type_support.cpp.o[0m
[ 65%] [32mBuilding CXX object CMakeFiles/vda5050_msgs__rosidl_typesupport_fastrtps_cpp.dir/rosidl_typesupport_fastrtps_cpp/vda5050_msgs/msg/detail/dds_fastrtps/max_string_lens__type_support.cpp.o[0m
[ 66%] [32mBuilding CXX object CMakeFiles/vda5050_msgs__rosidl_typesupport_introspection_cpp.dir/rosidl_typesupport_introspection_cpp/vda5050_msgs/msg/detail/header__type_support.cpp.o[0m
[ 66%] [32mBuilding CXX object CMakeFiles/vda5050_msgs__rosidl_typesupport_cpp.dir/rosidl_typesupport_cpp/vda5050_msgs/msg/velocity__type_support.cpp.o[0m
[ 67%] [32mBuilding CXX object CMakeFiles/vda5050_msgs__rosidl_typesupport_cpp.dir/rosidl_typesupport_cpp/vda5050_msgs/msg/visualization__type_support.cpp.o[0m
[ 67%] [32mBuilding CXX object CMakeFiles/vda5050_msgs__rosidl_typesupport_introspection_cpp.dir/rosidl_typesupport_introspection_cpp/vda5050_msgs/msg/detail/instant_actions__type_support.cpp.o[0m
[ 67%] [32mBuilding CXX object CMakeFiles/vda5050_msgs__rosidl_typesupport_fastrtps_c.dir/rosidl_typesupport_fastrtps_c/vda5050_msgs/msg/detail/error_reference__type_support_c.cpp.o[0m
[ 67%] [32mBuilding CXX object CMakeFiles/vda5050_msgs__rosidl_typesupport_fastrtps_c.dir/rosidl_typesupport_fastrtps_c/vda5050_msgs/msg/detail/factsheet__type_support_c.cpp.o[0m
[ 68%] [32mBuilding CXX object CMakeFiles/vda5050_msgs__rosidl_typesupport_fastrtps_cpp.dir/rosidl_typesupport_fastrtps_cpp/vda5050_msgs/msg/detail/dds_fastrtps/node__type_support.cpp.o[0m
[ 68%] [32mBuilding CXX object CMakeFiles/vda5050_msgs__rosidl_typesupport_cpp.dir/rosidl_typesupport_cpp/vda5050_msgs/msg/wheel_definition__type_support.cpp.o[0m
[ 68%] [32mBuilding CXX object CMakeFiles/vda5050_msgs__rosidl_typesupport_introspection_cpp.dir/rosidl_typesupport_introspection_cpp/vda5050_msgs/msg/detail/load__type_support.cpp.o[0m
[ 68%] [32mBuilding CXX object CMakeFiles/vda5050_msgs__rosidl_typesupport_fastrtps_c.dir/rosidl_typesupport_fastrtps_c/vda5050_msgs/msg/detail/info__type_support_c.cpp.o[0m
[ 69%] [32mBuilding CXX object CMakeFiles/vda5050_msgs__rosidl_typesupport_fastrtps_c.dir/rosidl_typesupport_fastrtps_c/vda5050_msgs/msg/detail/info_reference__type_support_c.cpp.o[0m
[ 69%] [32mBuilding CXX object CMakeFiles/vda5050_msgs__rosidl_typesupport_introspection_cpp.dir/rosidl_typesupport_introspection_cpp/vda5050_msgs/msg/detail/load_dimensions__type_support.cpp.o[0m
[ 70%] [32mBuilding CXX object CMakeFiles/vda5050_msgs__rosidl_typesupport_introspection_cpp.dir/rosidl_typesupport_introspection_cpp/vda5050_msgs/msg/detail/load_set__type_support.cpp.o[0m
[ 70%] [32m[1mLinking CXX shared library libvda5050_msgs__rosidl_typesupport_cpp.so[0m
[ 70%] Built target vda5050_msgs__rosidl_typesupport_cpp
[ 70%] [32mBuilding CXX object CMakeFiles/vda5050_msgs__rosidl_typesupport_fastrtps_cpp.dir/rosidl_typesupport_fastrtps_cpp/vda5050_msgs/msg/detail/dds_fastrtps/node_position__type_support.cpp.o[0m
[ 70%] [32mBuilding CXX object CMakeFiles/vda5050_msgs__rosidl_typesupport_fastrtps_cpp.dir/rosidl_typesupport_fastrtps_cpp/vda5050_msgs/msg/detail/dds_fastrtps/node_state__type_support.cpp.o[0m
[ 70%] [32mBuilding CXX object CMakeFiles/vda5050_msgs__rosidl_typesupport_fastrtps_c.dir/rosidl_typesupport_fastrtps_c/vda5050_msgs/msg/detail/header__type_support_c.cpp.o[0m
[ 70%] [32mBuilding CXX object CMakeFiles/vda5050_msgs__rosidl_typesupport_fastrtps_cpp.dir/rosidl_typesupport_fastrtps_cpp/vda5050_msgs/msg/detail/dds_fastrtps/optional_parameter__type_support.cpp.o[0m
[ 70%] [32mBuilding CXX object CMakeFiles/vda5050_msgs__rosidl_typesupport_introspection_cpp.dir/rosidl_typesupport_introspection_cpp/vda5050_msgs/msg/detail/load_specification__type_support.cpp.o[0m
[ 70%] [32mBuilding CXX object CMakeFiles/vda5050_msgs__rosidl_typesupport_fastrtps_c.dir/rosidl_typesupport_fastrtps_c/vda5050_msgs/msg/detail/instant_actions__type_support_c.cpp.o[0m
[ 70%] [32mBuilding CXX object CMakeFiles/vda5050_msgs__rosidl_typesupport_fastrtps_c.dir/rosidl_typesupport_fastrtps_c/vda5050_msgs/msg/detail/load__type_support_c.cpp.o[0m
[ 71%] [32mBuilding CXX object CMakeFiles/vda5050_msgs__rosidl_typesupport_fastrtps_c.dir/rosidl_typesupport_fastrtps_c/vda5050_msgs/msg/detail/load_dimensions__type_support_c.cpp.o[0m
[ 72%] [32mBuilding CXX object CMakeFiles/vda5050_msgs__rosidl_typesupport_fastrtps_cpp.dir/rosidl_typesupport_fastrtps_cpp/vda5050_msgs/msg/detail/dds_fastrtps/order__type_support.cpp.o[0m
[ 72%] [32mBuilding CXX object CMakeFiles/vda5050_msgs__rosidl_typesupport_fastrtps_c.dir/rosidl_typesupport_fastrtps_c/vda5050_msgs/msg/detail/load_set__type_support_c.cpp.o[0m
[ 72%] [32mBuilding CXX object CMakeFiles/vda5050_msgs__rosidl_typesupport_introspection_cpp.dir/rosidl_typesupport_introspection_cpp/vda5050_msgs/msg/detail/max_array_lens__type_support.cpp.o[0m
[ 72%] [32mBuilding CXX object CMakeFiles/vda5050_msgs__rosidl_typesupport_fastrtps_cpp.dir/rosidl_typesupport_fastrtps_cpp/vda5050_msgs/msg/detail/dds_fastrtps/order_state__type_support.cpp.o[0m
[ 72%] [32mBuilding CXX object CMakeFiles/vda5050_msgs__rosidl_typesupport_fastrtps_c.dir/rosidl_typesupport_fastrtps_c/vda5050_msgs/msg/detail/load_specification__type_support_c.cpp.o[0m
[ 72%] [32mBuilding CXX object CMakeFiles/vda5050_msgs__rosidl_typesupport_introspection_cpp.dir/rosidl_typesupport_introspection_cpp/vda5050_msgs/msg/detail/max_string_lens__type_support.cpp.o[0m
[ 72%] [32mBuilding CXX object CMakeFiles/vda5050_msgs__rosidl_typesupport_fastrtps_cpp.dir/rosidl_typesupport_fastrtps_cpp/vda5050_msgs/msg/detail/dds_fastrtps/physical_parameters__type_support.cpp.o[0m
[ 72%] [32mBuilding CXX object CMakeFiles/vda5050_msgs__rosidl_typesupport_fastrtps_cpp.dir/rosidl_typesupport_fastrtps_cpp/vda5050_msgs/msg/detail/dds_fastrtps/polygon_point__type_support.cpp.o[0m
[ 73%] [32mBuilding CXX object CMakeFiles/vda5050_msgs__rosidl_typesupport_fastrtps_cpp.dir/rosidl_typesupport_fastrtps_cpp/vda5050_msgs/msg/detail/dds_fastrtps/position__type_support.cpp.o[0m
[ 73%] [32mBuilding CXX object CMakeFiles/vda5050_msgs__rosidl_typesupport_fastrtps_cpp.dir/rosidl_typesupport_fastrtps_cpp/vda5050_msgs/msg/detail/dds_fastrtps/protocol_features__type_support.cpp.o[0m
[ 74%] [32mBuilding CXX object CMakeFiles/vda5050_msgs__rosidl_typesupport_introspection_cpp.dir/rosidl_typesupport_introspection_cpp/vda5050_msgs/msg/detail/node__type_support.cpp.o[0m
[ 74%] [32mBuilding CXX object CMakeFiles/vda5050_msgs__rosidl_typesupport_fastrtps_c.dir/rosidl_typesupport_fastrtps_c/vda5050_msgs/msg/detail/max_array_lens__type_support_c.cpp.o[0m
[ 75%] [32mBuilding CXX object CMakeFiles/vda5050_msgs__rosidl_typesupport_fastrtps_c.dir/rosidl_typesupport_fastrtps_c/vda5050_msgs/msg/detail/max_string_lens__type_support_c.cpp.o[0m
[ 75%] [32mBuilding CXX object CMakeFiles/vda5050_msgs__rosidl_typesupport_introspection_cpp.dir/rosidl_typesupport_introspection_cpp/vda5050_msgs/msg/detail/node_position__type_support.cpp.o[0m
[ 75%] [32mBuilding CXX object CMakeFiles/vda5050_msgs__rosidl_typesupport_introspection_cpp.dir/rosidl_typesupport_introspection_cpp/vda5050_msgs/msg/detail/node_state__type_support.cpp.o[0m
[ 75%] [32mBuilding CXX object CMakeFiles/vda5050_msgs__rosidl_typesupport_introspection_cpp.dir/rosidl_typesupport_introspection_cpp/vda5050_msgs/msg/detail/optional_parameter__type_support.cpp.o[0m
[ 75%] [32mBuilding CXX object CMakeFiles/vda5050_msgs__rosidl_typesupport_fastrtps_cpp.dir/rosidl_typesupport_fastrtps_cpp/vda5050_msgs/msg/detail/dds_fastrtps/protocol_limits__type_support.cpp.o[0m
[ 76%] [32mBuilding CXX object CMakeFiles/vda5050_msgs__rosidl_typesupport_introspection_cpp.dir/rosidl_typesupport_introspection_cpp/vda5050_msgs/msg/detail/order__type_support.cpp.o[0m
[ 76%] [32mBuilding CXX object CMakeFiles/vda5050_msgs__rosidl_typesupport_fastrtps_cpp.dir/rosidl_typesupport_fastrtps_cpp/vda5050_msgs/msg/detail/dds_fastrtps/safety_state__type_support.cpp.o[0m
[ 76%] [32mBuilding CXX object CMakeFiles/vda5050_msgs__rosidl_typesupport_fastrtps_c.dir/rosidl_typesupport_fastrtps_c/vda5050_msgs/msg/detail/node__type_support_c.cpp.o[0m
[ 76%] [32mBuilding CXX object CMakeFiles/vda5050_msgs__rosidl_typesupport_fastrtps_c.dir/rosidl_typesupport_fastrtps_c/vda5050_msgs/msg/detail/node_position__type_support_c.cpp.o[0m
[ 76%] [32mBuilding CXX object CMakeFiles/vda5050_msgs__rosidl_typesupport_fastrtps_c.dir/rosidl_typesupport_fastrtps_c/vda5050_msgs/msg/detail/node_state__type_support_c.cpp.o[0m
[ 77%] [32mBuilding CXX object CMakeFiles/vda5050_msgs__rosidl_typesupport_fastrtps_c.dir/rosidl_typesupport_fastrtps_c/vda5050_msgs/msg/detail/optional_parameter__type_support_c.cpp.o[0m
[ 77%] [32mBuilding CXX object CMakeFiles/vda5050_msgs__rosidl_typesupport_fastrtps_c.dir/rosidl_typesupport_fastrtps_c/vda5050_msgs/msg/detail/order__type_support_c.cpp.o[0m
[ 78%] [32mBuilding CXX object CMakeFiles/vda5050_msgs__rosidl_typesupport_fastrtps_cpp.dir/rosidl_typesupport_fastrtps_cpp/vda5050_msgs/msg/detail/dds_fastrtps/timing__type_support.cpp.o[0m
[ 78%] [32mBuilding CXX object CMakeFiles/vda5050_msgs__rosidl_typesupport_introspection_cpp.dir/rosidl_typesupport_introspection_cpp/vda5050_msgs/msg/detail/order_state__type_support.cpp.o[0m
[ 78%] [32mBuilding CXX object CMakeFiles/vda5050_msgs__rosidl_typesupport_introspection_cpp.dir/rosidl_typesupport_introspection_cpp/vda5050_msgs/msg/detail/physical_parameters__type_support.cpp.o[0m
[ 78%] [32mBuilding CXX object CMakeFiles/vda5050_msgs__rosidl_typesupport_fastrtps_cpp.dir/rosidl_typesupport_fastrtps_cpp/vda5050_msgs/msg/detail/dds_fastrtps/trajectory__type_support.cpp.o[0m
[ 78%] [32mBuilding CXX object CMakeFiles/vda5050_msgs__rosidl_typesupport_introspection_cpp.dir/rosidl_typesupport_introspection_cpp/vda5050_msgs/msg/detail/polygon_point__type_support.cpp.o[0m
[ 78%] [32mBuilding CXX object CMakeFiles/vda5050_msgs__rosidl_typesupport_fastrtps_cpp.dir/rosidl_typesupport_fastrtps_cpp/vda5050_msgs/msg/detail/dds_fastrtps/type_specification__type_support.cpp.o[0m
[ 78%] [32mBuilding CXX object CMakeFiles/vda5050_msgs__rosidl_typesupport_fastrtps_c.dir/rosidl_typesupport_fastrtps_c/vda5050_msgs/msg/detail/order_state__type_support_c.cpp.o[0m
[ 79%] [32mBuilding CXX object CMakeFiles/vda5050_msgs__rosidl_typesupport_introspection_cpp.dir/rosidl_typesupport_introspection_cpp/vda5050_msgs/msg/detail/position__type_support.cpp.o[0m
[ 79%] [32mBuilding CXX object CMakeFiles/vda5050_msgs__rosidl_typesupport_fastrtps_cpp.dir/rosidl_typesupport_fastrtps_cpp/vda5050_msgs/msg/detail/dds_fastrtps/velocity__type_support.cpp.o[0m
[ 79%] [32mBuilding CXX object CMakeFiles/vda5050_msgs__rosidl_typesupport_fastrtps_c.dir/rosidl_typesupport_fastrtps_c/vda5050_msgs/msg/detail/physical_parameters__type_support_c.cpp.o[0m
[ 80%] [32mBuilding CXX object CMakeFiles/vda5050_msgs__rosidl_typesupport_fastrtps_c.dir/rosidl_typesupport_fastrtps_c/vda5050_msgs/msg/detail/polygon_point__type_support_c.cpp.o[0m
[ 81%] [32mBuilding CXX object CMakeFiles/vda5050_msgs__rosidl_typesupport_fastrtps_cpp.dir/rosidl_typesupport_fastrtps_cpp/vda5050_msgs/msg/detail/dds_fastrtps/visualization__type_support.cpp.o[0m
[ 81%] [32mBuilding CXX object CMakeFiles/vda5050_msgs__rosidl_typesupport_introspection_cpp.dir/rosidl_typesupport_introspection_cpp/vda5050_msgs/msg/detail/protocol_features__type_support.cpp.o[0m
[ 81%] [32mBuilding CXX object CMakeFiles/vda5050_msgs__rosidl_typesupport_introspection_cpp.dir/rosidl_typesupport_introspection_cpp/vda5050_msgs/msg/detail/protocol_limits__type_support.cpp.o[0m
[ 81%] [32mBuilding CXX object CMakeFiles/vda5050_msgs__rosidl_typesupport_fastrtps_c.dir/rosidl_typesupport_fastrtps_c/vda5050_msgs/msg/detail/position__type_support_c.cpp.o[0m
[ 81%] [32mBuilding CXX object CMakeFiles/vda5050_msgs__rosidl_typesupport_fastrtps_cpp.dir/rosidl_typesupport_fastrtps_cpp/vda5050_msgs/msg/detail/dds_fastrtps/wheel_definition__type_support.cpp.o[0m
[ 81%] [32mBuilding CXX object CMakeFiles/vda5050_msgs__rosidl_typesupport_fastrtps_c.dir/rosidl_typesupport_fastrtps_c/vda5050_msgs/msg/detail/protocol_features__type_support_c.cpp.o[0m
[ 81%] [32mBuilding CXX object CMakeFiles/vda5050_msgs__rosidl_typesupport_introspection_cpp.dir/rosidl_typesupport_introspection_cpp/vda5050_msgs/msg/detail/safety_state__type_support.cpp.o[0m
[ 81%] [32mBuilding CXX object CMakeFiles/vda5050_msgs__rosidl_typesupport_fastrtps_c.dir/rosidl_typesupport_fastrtps_c/vda5050_msgs/msg/detail/protocol_limits__type_support_c.cpp.o[0m
[ 82%] [32mBuilding CXX object CMakeFiles/vda5050_msgs__rosidl_typesupport_fastrtps_c.dir/rosidl_typesupport_fastrtps_c/vda5050_msgs/msg/detail/safety_state__type_support_c.cpp.o[0m
[ 83%] [32mBuilding CXX object CMakeFiles/vda5050_msgs__rosidl_typesupport_introspection_cpp.dir/rosidl_typesupport_introspection_cpp/vda5050_msgs/msg/detail/timing__type_support.cpp.o[0m
[ 83%] [32mBuilding CXX object CMakeFiles/vda5050_msgs__rosidl_typesupport_introspection_cpp.dir/rosidl_typesupport_introspection_cpp/vda5050_msgs/msg/detail/trajectory__type_support.cpp.o[0m
[ 83%] [32m[1mLinking CXX shared library libvda5050_msgs__rosidl_typesupport_fastrtps_cpp.so[0m
[ 83%] [32mBuilding CXX object CMakeFiles/vda5050_msgs__rosidl_typesupport_introspection_cpp.dir/rosidl_typesupport_introspection_cpp/vda5050_msgs/msg/detail/type_specification__type_support.cpp.o[0m
[ 83%] [32mBuilding CXX object CMakeFiles/vda5050_msgs__rosidl_typesupport_introspection_cpp.dir/rosidl_typesupport_introspection_cpp/vda5050_msgs/msg/detail/velocity__type_support.cpp.o[0m
[ 83%] Built target vda5050_msgs__rosidl_typesupport_fastrtps_cpp
[ 84%] [32mBuilding CXX object CMakeFiles/vda5050_msgs__rosidl_typesupport_introspection_cpp.dir/rosidl_typesupport_introspection_cpp/vda5050_msgs/msg/detail/visualization__type_support.cpp.o[0m
[ 84%] [32mBuilding CXX object CMakeFiles/vda5050_msgs__rosidl_typesupport_fastrtps_c.dir/rosidl_typesupport_fastrtps_c/vda5050_msgs/msg/detail/timing__type_support_c.cpp.o[0m
[ 84%] [32mBuilding CXX object CMakeFiles/vda5050_msgs__rosidl_typesupport_fastrtps_c.dir/rosidl_typesupport_fastrtps_c/vda5050_msgs/msg/detail/trajectory__type_support_c.cpp.o[0m
[ 84%] [32mBuilding CXX object CMakeFiles/vda5050_msgs__rosidl_typesupport_introspection_cpp.dir/rosidl_typesupport_introspection_cpp/vda5050_msgs/msg/detail/wheel_definition__type_support.cpp.o[0m
[ 84%] [32mBuilding CXX object CMakeFiles/vda5050_msgs__rosidl_typesupport_fastrtps_c.dir/rosidl_typesupport_fastrtps_c/vda5050_msgs/msg/detail/type_specification__type_support_c.cpp.o[0m
[ 85%] [32mBuilding CXX object CMakeFiles/vda5050_msgs__rosidl_typesupport_fastrtps_c.dir/rosidl_typesupport_fastrtps_c/vda5050_msgs/msg/detail/velocity__type_support_c.cpp.o[0m
[ 85%] [32mBuilding CXX object CMakeFiles/vda5050_msgs__rosidl_typesupport_fastrtps_c.dir/rosidl_typesupport_fastrtps_c/vda5050_msgs/msg/detail/visualization__type_support_c.cpp.o[0m
[ 85%] [32mBuilding CXX object CMakeFiles/vda5050_msgs__rosidl_typesupport_fastrtps_c.dir/rosidl_typesupport_fastrtps_c/vda5050_msgs/msg/detail/wheel_definition__type_support_c.cpp.o[0m
[ 85%] [32m[1mLinking CXX shared library libvda5050_msgs__rosidl_typesupport_introspection_cpp.so[0m
[ 85%] Built target vda5050_msgs__rosidl_typesupport_introspection_cpp
[ 85%] [32m[1mLinking CXX shared library libvda5050_msgs__rosidl_typesupport_fastrtps_c.so[0m
[ 85%] Built target vda5050_msgs__rosidl_typesupport_fastrtps_c
[ 85%] Built target vda5050_msgs
[ 85%] [34m[1mGenerating Python code for ROS interfaces[0m
[ 85%] Built target vda5050_msgs__py
[35m[1mConsolidate compiler generated dependencies of target vda5050_msgs__rosidl_generator_py[0m
[ 85%] [32mBuilding C object CMakeFiles/vda5050_msgs__rosidl_generator_py.dir/rosidl_generator_py/vda5050_msgs/msg/_action_parameter_definition_s.c.o[0m
[ 85%] [32mBuilding C object CMakeFiles/vda5050_msgs__rosidl_generator_py.dir/rosidl_generator_py/vda5050_msgs/msg/_action_parameter_s.c.o[0m
[ 85%] [32mBuilding C object CMakeFiles/vda5050_msgs__rosidl_generator_py.dir/rosidl_generator_py/vda5050_msgs/msg/_agv_position_s.c.o[0m
[ 86%] [32mBuilding C object CMakeFiles/vda5050_msgs__rosidl_generator_py.dir/rosidl_generator_py/vda5050_msgs/msg/_agv_geometry_s.c.o[0m
[ 86%] [32mBuilding C object CMakeFiles/vda5050_msgs__rosidl_generator_py.dir/rosidl_generator_py/vda5050_msgs/msg/_bounding_box_reference_s.c.o[0m
[ 86%] [32mBuilding C object CMakeFiles/vda5050_msgs__rosidl_generator_py.dir/rosidl_generator_py/vda5050_msgs/msg/_agv_action_s.c.o[0m
[ 87%] [32mBuilding C object CMakeFiles/vda5050_msgs__rosidl_generator_py.dir/rosidl_generator_py/vda5050_msgs/msg/_action_s.c.o[0m
[ 87%] [32mBuilding C object CMakeFiles/vda5050_msgs__rosidl_generator_py.dir/rosidl_generator_py/vda5050_msgs/msg/_battery_state_s.c.o[0m
[ 88%] [32mBuilding C object CMakeFiles/vda5050_msgs__rosidl_generator_py.dir/rosidl_generator_py/vda5050_msgs/msg/_current_action_s.c.o[0m
[ 88%] [32mBuilding C object CMakeFiles/vda5050_msgs__rosidl_generator_py.dir/rosidl_generator_py/vda5050_msgs/msg/_connection_s.c.o[0m
[ 89%] [32mBuilding C object CMakeFiles/vda5050_msgs__rosidl_generator_py.dir/rosidl_generator_py/vda5050_msgs/msg/_edge_state_s.c.o[0m
[ 89%] [32mBuilding C object CMakeFiles/vda5050_msgs__rosidl_generator_py.dir/rosidl_generator_py/vda5050_msgs/msg/_control_point_s.c.o[0m
[ 89%] [32mBuilding C object CMakeFiles/vda5050_msgs__rosidl_generator_py.dir/rosidl_generator_py/vda5050_msgs/msg/_envelope2_d_s.c.o[0m
[ 89%] [32mBuilding C object CMakeFiles/vda5050_msgs__rosidl_generator_py.dir/rosidl_generator_py/vda5050_msgs/msg/_edge_s.c.o[0m
[ 89%] [32mBuilding C object CMakeFiles/vda5050_msgs__rosidl_generator_py.dir/rosidl_generator_py/vda5050_msgs/msg/_envelope3_d_s.c.o[0m
[ 89%] [32mBuilding C object CMakeFiles/vda5050_msgs__rosidl_generator_py.dir/rosidl_generator_py/vda5050_msgs/msg/_error_s.c.o[0m
[ 90%] [32mBuilding C object CMakeFiles/vda5050_msgs__rosidl_generator_py.dir/rosidl_generator_py/vda5050_msgs/msg/_error_reference_s.c.o[0m
[ 90%] [32mBuilding C object CMakeFiles/vda5050_msgs__rosidl_generator_py.dir/rosidl_generator_py/vda5050_msgs/msg/_factsheet_s.c.o[0m
[ 90%] [32mBuilding C object CMakeFiles/vda5050_msgs__rosidl_generator_py.dir/rosidl_generator_py/vda5050_msgs/msg/_info_s.c.o[0m
[ 90%] [32mBuilding C object CMakeFiles/vda5050_msgs__rosidl_generator_py.dir/rosidl_generator_py/vda5050_msgs/msg/_info_reference_s.c.o[0m
[ 91%] [32mBuilding C object CMakeFiles/vda5050_msgs__rosidl_generator_py.dir/rosidl_generator_py/vda5050_msgs/msg/_header_s.c.o[0m
[ 91%] [32mBuilding C object CMakeFiles/vda5050_msgs__rosidl_generator_py.dir/rosidl_generator_py/vda5050_msgs/msg/_instant_actions_s.c.o[0m
[ 91%] [32mBuilding C object CMakeFiles/vda5050_msgs__rosidl_generator_py.dir/rosidl_generator_py/vda5050_msgs/msg/_load_s.c.o[0m
[ 91%] [32mBuilding C object CMakeFiles/vda5050_msgs__rosidl_generator_py.dir/rosidl_generator_py/vda5050_msgs/msg/_load_dimensions_s.c.o[0m
[ 92%] [32mBuilding C object CMakeFiles/vda5050_msgs__rosidl_generator_py.dir/rosidl_generator_py/vda5050_msgs/msg/_load_set_s.c.o[0m
[ 92%] [32mBuilding C object CMakeFiles/vda5050_msgs__rosidl_generator_py.dir/rosidl_generator_py/vda5050_msgs/msg/_load_specification_s.c.o[0m
[ 92%] [32mBuilding C object CMakeFiles/vda5050_msgs__rosidl_generator_py.dir/rosidl_generator_py/vda5050_msgs/msg/_max_array_lens_s.c.o[0m
[ 92%] [32mBuilding C object CMakeFiles/vda5050_msgs__rosidl_generator_py.dir/rosidl_generator_py/vda5050_msgs/msg/_max_string_lens_s.c.o[0m
[ 93%] [32mBuilding C object CMakeFiles/vda5050_msgs__rosidl_generator_py.dir/rosidl_generator_py/vda5050_msgs/msg/_node_s.c.o[0m
[ 93%] [32mBuilding C object CMakeFiles/vda5050_msgs__rosidl_generator_py.dir/rosidl_generator_py/vda5050_msgs/msg/_node_position_s.c.o[0m
[ 93%] [32mBuilding C object CMakeFiles/vda5050_msgs__rosidl_generator_py.dir/rosidl_generator_py/vda5050_msgs/msg/_node_state_s.c.o[0m
[ 93%] [32mBuilding C object CMakeFiles/vda5050_msgs__rosidl_generator_py.dir/rosidl_generator_py/vda5050_msgs/msg/_optional_parameter_s.c.o[0m
[ 94%] [32mBuilding C object CMakeFiles/vda5050_msgs__rosidl_generator_py.dir/rosidl_generator_py/vda5050_msgs/msg/_order_s.c.o[0m
[ 94%] [32mBuilding C object CMakeFiles/vda5050_msgs__rosidl_generator_py.dir/rosidl_generator_py/vda5050_msgs/msg/_order_state_s.c.o[0m
[ 94%] [32mBuilding C object CMakeFiles/vda5050_msgs__rosidl_generator_py.dir/rosidl_generator_py/vda5050_msgs/msg/_physical_parameters_s.c.o[0m
[ 94%] [32mBuilding C object CMakeFiles/vda5050_msgs__rosidl_generator_py.dir/rosidl_generator_py/vda5050_msgs/msg/_polygon_point_s.c.o[0m
[ 95%] [32mBuilding C object CMakeFiles/vda5050_msgs__rosidl_generator_py.dir/rosidl_generator_py/vda5050_msgs/msg/_position_s.c.o[0m
[ 95%] [32mBuilding C object CMakeFiles/vda5050_msgs__rosidl_generator_py.dir/rosidl_generator_py/vda5050_msgs/msg/_protocol_features_s.c.o[0m
[ 95%] [32mBuilding C object CMakeFiles/vda5050_msgs__rosidl_generator_py.dir/rosidl_generator_py/vda5050_msgs/msg/_protocol_limits_s.c.o[0m
[ 95%] [32mBuilding C object CMakeFiles/vda5050_msgs__rosidl_generator_py.dir/rosidl_generator_py/vda5050_msgs/msg/_safety_state_s.c.o[0m
[ 96%] [32mBuilding C object CMakeFiles/vda5050_msgs__rosidl_generator_py.dir/rosidl_generator_py/vda5050_msgs/msg/_timing_s.c.o[0m
[ 96%] [32mBuilding C object CMakeFiles/vda5050_msgs__rosidl_generator_py.dir/rosidl_generator_py/vda5050_msgs/msg/_trajectory_s.c.o[0m
[ 96%] [32mBuilding C object CMakeFiles/vda5050_msgs__rosidl_generator_py.dir/rosidl_generator_py/vda5050_msgs/msg/_type_specification_s.c.o[0m
[ 96%] [32mBuilding C object CMakeFiles/vda5050_msgs__rosidl_generator_py.dir/rosidl_generator_py/vda5050_msgs/msg/_velocity_s.c.o[0m
[ 97%] [32mBuilding C object CMakeFiles/vda5050_msgs__rosidl_generator_py.dir/rosidl_generator_py/vda5050_msgs/msg/_visualization_s.c.o[0m
[ 97%] [32mBuilding C object CMakeFiles/vda5050_msgs__rosidl_generator_py.dir/rosidl_generator_py/vda5050_msgs/msg/_wheel_definition_s.c.o[0m
[ 97%] [32m[1mLinking C shared library rosidl_generator_py/vda5050_msgs/libvda5050_msgs__rosidl_generator_py.so[0m
[ 97%] Built target vda5050_msgs__rosidl_generator_py
[35m[1mConsolidate compiler generated dependencies of target vda5050_msgs__rosidl_typesupport_c__pyext[0m
[35m[1mConsolidate compiler generated dependencies of target vda5050_msgs__rosidl_typesupport_introspection_c__pyext[0m
[35m[1mConsolidate compiler generated dependencies of target vda5050_msgs__rosidl_typesupport_fastrtps_c__pyext[0m
[100%] [32mBuilding C object CMakeFiles/vda5050_msgs__rosidl_typesupport_c__pyext.dir/rosidl_generator_py/vda5050_msgs/_vda5050_msgs_s.ep.rosidl_typesupport_c.c.o[0m
[100%] [32mBuilding C object CMakeFiles/vda5050_msgs__rosidl_typesupport_fastrtps_c__pyext.dir/rosidl_generator_py/vda5050_msgs/_vda5050_msgs_s.ep.rosidl_typesupport_fastrtps_c.c.o[0m
[100%] [32mBuilding C object CMakeFiles/vda5050_msgs__rosidl_typesupport_introspection_c__pyext.dir/rosidl_generator_py/vda5050_msgs/_vda5050_msgs_s.ep.rosidl_typesupport_introspection_c.c.o[0m
[100%] [32m[1mLinking C shared library rosidl_generator_py/vda5050_msgs/vda5050_msgs_s__rosidl_typesupport_c.cpython-310-x86_64-linux-gnu.so[0m
[100%] [32m[1mLinking C shared library rosidl_generator_py/vda5050_msgs/vda5050_msgs_s__rosidl_typesupport_introspection_c.cpython-310-x86_64-linux-gnu.so[0m
[100%] [32m[1mLinking C shared library rosidl_generator_py/vda5050_msgs/vda5050_msgs_s__rosidl_typesupport_fastrtps_c.cpython-310-x86_64-linux-gnu.so[0m
[100%] Built target vda5050_msgs__rosidl_typesupport_c__pyext
[100%] Built target vda5050_msgs__rosidl_typesupport_fastrtps_c__pyext
[100%] Built target vda5050_msgs__rosidl_typesupport_introspection_c__pyext
-- Install configuration: ""
-- Execute custom install script
-- Up-to-date symlink: /home/dbot2/dbot_vda5050_ilmatar/install/vda5050_msgs/share/ament_index/resource_index/rosidl_interfaces/vda5050_msgs
-- Up-to-date symlink: /home/dbot2/dbot_vda5050_ilmatar/install/vda5050_msgs/include/vda5050_msgs/vda5050_msgs/msg/action.h
-- Up-to-date symlink: /home/dbot2/dbot_vda5050_ilmatar/install/vda5050_msgs/include/vda5050_msgs/vda5050_msgs/msg/action_parameter.h
-- Up-to-date symlink: /home/dbot2/dbot_vda5050_ilmatar/install/vda5050_msgs/include/vda5050_msgs/vda5050_msgs/msg/action_parameter_definition.h
-- Up-to-date symlink: /home/dbot2/dbot_vda5050_ilmatar/install/vda5050_msgs/include/vda5050_msgs/vda5050_msgs/msg/agv_action.h
-- Up-to-date symlink: /home/dbot2/dbot_vda5050_ilmatar/install/vda5050_msgs/include/vda5050_msgs/vda5050_msgs/msg/agv_geometry.h
-- Up-to-date symlink: /home/dbot2/dbot_vda5050_ilmatar/install/vda5050_msgs/include/vda5050_msgs/vda5050_msgs/msg/agv_position.h
-- Up-to-date symlink: /home/dbot2/dbot_vda5050_ilmatar/install/vda5050_msgs/include/vda5050_msgs/vda5050_msgs/msg/battery_state.h
-- Up-to-date symlink: /home/dbot2/dbot_vda5050_ilmatar/install/vda5050_msgs/include/vda5050_msgs/vda5050_msgs/msg/bounding_box_reference.h
-- Up-to-date symlink: /home/dbot2/dbot_vda5050_ilmatar/install/vda5050_msgs/include/vda5050_msgs/vda5050_msgs/msg/connection.h
-- Up-to-date symlink: /home/dbot2/dbot_vda5050_ilmatar/install/vda5050_msgs/include/vda5050_msgs/vda5050_msgs/msg/control_point.h
-- Up-to-date symlink: /home/dbot2/dbot_vda5050_ilmatar/install/vda5050_msgs/include/vda5050_msgs/vda5050_msgs/msg/current_action.h
-- Up-to-date symlink: /home/dbot2/dbot_vda5050_ilmatar/install/vda5050_msgs/include/vda5050_msgs/vda5050_msgs/msg/detail/action__functions.h
-- Up-to-date symlink: /home/dbot2/dbot_vda5050_ilmatar/install/vda5050_msgs/include/vda5050_msgs/vda5050_msgs/msg/detail/action__struct.h
-- Up-to-date symlink: /home/dbot2/dbot_vda5050_ilmatar/install/vda5050_msgs/include/vda5050_msgs/vda5050_msgs/msg/detail/action__type_support.h
-- Up-to-date symlink: /home/dbot2/dbot_vda5050_ilmatar/install/vda5050_msgs/include/vda5050_msgs/vda5050_msgs/msg/detail/action_parameter__functions.h
-- Up-to-date symlink: /home/dbot2/dbot_vda5050_ilmatar/install/vda5050_msgs/include/vda5050_msgs/vda5050_msgs/msg/detail/action_parameter__struct.h
-- Up-to-date symlink: /home/dbot2/dbot_vda5050_ilmatar/install/vda5050_msgs/include/vda5050_msgs/vda5050_msgs/msg/detail/action_parameter__type_support.h
-- Up-to-date symlink: /home/dbot2/dbot_vda5050_ilmatar/install/vda5050_msgs/include/vda5050_msgs/vda5050_msgs/msg/detail/action_parameter_definition__functions.h
-- Up-to-date symlink: /home/dbot2/dbot_vda5050_ilmatar/install/vda5050_msgs/include/vda5050_msgs/vda5050_msgs/msg/detail/action_parameter_definition__struct.h
-- Up-to-date symlink: /home/dbot2/dbot_vda5050_ilmatar/install/vda5050_msgs/include/vda5050_msgs/vda5050_msgs/msg/detail/action_parameter_definition__type_support.h
-- Up-to-date symlink: /home/dbot2/dbot_vda5050_ilmatar/install/vda5050_msgs/include/vda5050_msgs/vda5050_msgs/msg/detail/agv_action__functions.h
-- Up-to-date symlink: /home/dbot2/dbot_vda5050_ilmatar/install/vda5050_msgs/include/vda5050_msgs/vda5050_msgs/msg/detail/agv_action__struct.h
-- Up-to-date symlink: /home/dbot2/dbot_vda5050_ilmatar/install/vda5050_msgs/include/vda5050_msgs/vda5050_msgs/msg/detail/agv_action__type_support.h
-- Up-to-date symlink: /home/dbot2/dbot_vda5050_ilmatar/install/vda5050_msgs/include/vda5050_msgs/vda5050_msgs/msg/detail/agv_geometry__functions.h
-- Up-to-date symlink: /home/dbot2/dbot_vda5050_ilmatar/install/vda5050_msgs/include/vda5050_msgs/vda5050_msgs/msg/detail/agv_geometry__struct.h
-- Up-to-date symlink: /home/dbot2/dbot_vda5050_ilmatar/install/vda5050_msgs/include/vda5050_msgs/vda5050_msgs/msg/detail/agv_geometry__type_support.h
-- Up-to-date symlink: /home/dbot2/dbot_vda5050_ilmatar/install/vda5050_msgs/include/vda5050_msgs/vda5050_msgs/msg/detail/agv_position__functions.h
-- Up-to-date symlink: /home/dbot2/dbot_vda5050_ilmatar/install/vda5050_msgs/include/vda5050_msgs/vda5050_msgs/msg/detail/agv_position__struct.h
-- Up-to-date symlink: /home/dbot2/dbot_vda5050_ilmatar/install/vda5050_msgs/include/vda5050_msgs/vda5050_msgs/msg/detail/agv_position__type_support.h
-- Up-to-date symlink: /home/dbot2/dbot_vda5050_ilmatar/install/vda5050_msgs/include/vda5050_msgs/vda5050_msgs/msg/detail/battery_state__functions.h
-- Up-to-date symlink: /home/dbot2/dbot_vda5050_ilmatar/install/vda5050_msgs/include/vda5050_msgs/vda5050_msgs/msg/detail/battery_state__struct.h
-- Up-to-date symlink: /home/dbot2/dbot_vda5050_ilmatar/install/vda5050_msgs/include/vda5050_msgs/vda5050_msgs/msg/detail/battery_state__type_support.h
-- Up-to-date symlink: /home/dbot2/dbot_vda5050_ilmatar/install/vda5050_msgs/include/vda5050_msgs/vda5050_msgs/msg/detail/bounding_box_reference__functions.h
-- Up-to-date symlink: /home/dbot2/dbot_vda5050_ilmatar/install/vda5050_msgs/include/vda5050_msgs/vda5050_msgs/msg/detail/bounding_box_reference__struct.h
-- Up-to-date symlink: /home/dbot2/dbot_vda5050_ilmatar/install/vda5050_msgs/include/vda5050_msgs/vda5050_msgs/msg/detail/bounding_box_reference__type_support.h
-- Up-to-date symlink: /home/dbot2/dbot_vda5050_ilmatar/install/vda5050_msgs/include/vda5050_msgs/vda5050_msgs/msg/detail/connection__functions.h
-- Up-to-date symlink: /home/dbot2/dbot_vda5050_ilmatar/install/vda5050_msgs/include/vda5050_msgs/vda5050_msgs/msg/detail/connection__struct.h
-- Up-to-date symlink: /home/dbot2/dbot_vda5050_ilmatar/install/vda5050_msgs/include/vda5050_msgs/vda5050_msgs/msg/detail/connection__type_support.h
-- Up-to-date symlink: /home/dbot2/dbot_vda5050_ilmatar/install/vda5050_msgs/include/vda5050_msgs/vda5050_msgs/msg/detail/control_point__functions.h
-- Up-to-date symlink: /home/dbot2/dbot_vda5050_ilmatar/install/vda5050_msgs/include/vda5050_msgs/vda5050_msgs/msg/detail/control_point__struct.h
-- Up-to-date symlink: /home/dbot2/dbot_vda5050_ilmatar/install/vda5050_msgs/include/vda5050_msgs/vda5050_msgs/msg/detail/control_point__type_support.h
-- Up-to-date symlink: /home/dbot2/dbot_vda5050_ilmatar/install/vda5050_msgs/include/vda5050_msgs/vda5050_msgs/msg/detail/current_action__functions.h
-- Up-to-date symlink: /home/dbot2/dbot_vda5050_ilmatar/install/vda5050_msgs/include/vda5050_msgs/vda5050_msgs/msg/detail/current_action__struct.h
-- Up-to-date symlink: /home/dbot2/dbot_vda5050_ilmatar/install/vda5050_msgs/include/vda5050_msgs/vda5050_msgs/msg/detail/current_action__type_support.h
-- Up-to-date symlink: /home/dbot2/dbot_vda5050_ilmatar/install/vda5050_msgs/include/vda5050_msgs/vda5050_msgs/msg/detail/edge__functions.h
-- Up-to-date symlink: /home/dbot2/dbot_vda5050_ilmatar/install/vda5050_msgs/include/vda5050_msgs/vda5050_msgs/msg/detail/edge__struct.h
-- Up-to-date symlink: /home/dbot2/dbot_vda5050_ilmatar/install/vda5050_msgs/include/vda5050_msgs/vda5050_msgs/msg/detail/edge__type_support.h
-- Up-to-date symlink: /home/dbot2/dbot_vda5050_ilmatar/install/vda5050_msgs/include/vda5050_msgs/vda5050_msgs/msg/detail/edge_state__functions.h
-- Up-to-date symlink: /home/dbot2/dbot_vda5050_ilmatar/install/vda5050_msgs/include/vda5050_msgs/vda5050_msgs/msg/detail/edge_state__struct.h
-- Up-to-date symlink: /home/dbot2/dbot_vda5050_ilmatar/install/vda5050_msgs/include/vda5050_msgs/vda5050_msgs/msg/detail/edge_state__type_support.h
-- Up-to-date symlink: /home/dbot2/dbot_vda5050_ilmatar/install/vda5050_msgs/include/vda5050_msgs/vda5050_msgs/msg/detail/envelope2_d__functions.h
-- Up-to-date symlink: /home/dbot2/dbot_vda5050_ilmatar/install/vda5050_msgs/include/vda5050_msgs/vda5050_msgs/msg/detail/envelope2_d__struct.h
-- Up-to-date symlink: /home/dbot2/dbot_vda5050_ilmatar/install/vda5050_msgs/include/vda5050_msgs/vda5050_msgs/msg/detail/envelope2_d__type_support.h
-- Up-to-date symlink: /home/dbot2/dbot_vda5050_ilmatar/install/vda5050_msgs/include/vda5050_msgs/vda5050_msgs/msg/detail/envelope3_d__functions.h
-- Up-to-date symlink: /home/dbot2/dbot_vda5050_ilmatar/install/vda5050_msgs/include/vda5050_msgs/vda5050_msgs/msg/detail/envelope3_d__struct.h
-- Up-to-date symlink: /home/dbot2/dbot_vda5050_ilmatar/install/vda5050_msgs/include/vda5050_msgs/vda5050_msgs/msg/detail/envelope3_d__type_support.h
-- Up-to-date symlink: /home/dbot2/dbot_vda5050_ilmatar/install/vda5050_msgs/include/vda5050_msgs/vda5050_msgs/msg/detail/error__functions.h
-- Up-to-date symlink: /home/dbot2/dbot_vda5050_ilmatar/install/vda5050_msgs/include/vda5050_msgs/vda5050_msgs/msg/detail/error__struct.h
-- Up-to-date symlink: /home/dbot2/dbot_vda5050_ilmatar/install/vda5050_msgs/include/vda5050_msgs/vda5050_msgs/msg/detail/error__type_support.h
-- Up-to-date symlink: /home/dbot2/dbot_vda5050_ilmatar/install/vda5050_msgs/include/vda5050_msgs/vda5050_msgs/msg/detail/error_reference__functions.h
-- Up-to-date symlink: /home/dbot2/dbot_vda5050_ilmatar/install/vda5050_msgs/include/vda5050_msgs/vda5050_msgs/msg/detail/error_reference__struct.h
-- Up-to-date symlink: /home/dbot2/dbot_vda5050_ilmatar/install/vda5050_msgs/include/vda5050_msgs/vda5050_msgs/msg/detail/error_reference__type_support.h
-- Up-to-date symlink: /home/dbot2/dbot_vda5050_ilmatar/install/vda5050_msgs/include/vda5050_msgs/vda5050_msgs/msg/detail/factsheet__functions.h
-- Up-to-date symlink: /home/dbot2/dbot_vda5050_ilmatar/install/vda5050_msgs/include/vda5050_msgs/vda5050_msgs/msg/detail/factsheet__struct.h
-- Up-to-date symlink: /home/dbot2/dbot_vda5050_ilmatar/install/vda5050_msgs/include/vda5050_msgs/vda5050_msgs/msg/detail/factsheet__type_support.h
-- Up-to-date symlink: /home/dbot2/dbot_vda5050_ilmatar/install/vda5050_msgs/include/vda5050_msgs/vda5050_msgs/msg/detail/header__functions.h
-- Up-to-date symlink: /home/dbot2/dbot_vda5050_ilmatar/install/vda5050_msgs/include/vda5050_msgs/vda5050_msgs/msg/detail/header__struct.h
-- Up-to-date symlink: /home/dbot2/dbot_vda5050_ilmatar/install/vda5050_msgs/include/vda5050_msgs/vda5050_msgs/msg/detail/header__type_support.h
-- Up-to-date symlink: /home/dbot2/dbot_vda5050_ilmatar/install/vda5050_msgs/include/vda5050_msgs/vda5050_msgs/msg/detail/info__functions.h
-- Up-to-date symlink: /home/dbot2/dbot_vda5050_ilmatar/install/vda5050_msgs/include/vda5050_msgs/vda5050_msgs/msg/detail/info__struct.h
-- Up-to-date symlink: /home/dbot2/dbot_vda5050_ilmatar/install/vda5050_msgs/include/vda5050_msgs/vda5050_msgs/msg/detail/info__type_support.h
-- Up-to-date symlink: /home/dbot2/dbot_vda5050_ilmatar/install/vda5050_msgs/include/vda5050_msgs/vda5050_msgs/msg/detail/info_reference__functions.h
-- Up-to-date symlink: /home/dbot2/dbot_vda5050_ilmatar/install/vda5050_msgs/include/vda5050_msgs/vda5050_msgs/msg/detail/info_reference__struct.h
-- Up-to-date symlink: /home/dbot2/dbot_vda5050_ilmatar/install/vda5050_msgs/include/vda5050_msgs/vda5050_msgs/msg/detail/info_reference__type_support.h
-- Up-to-date symlink: /home/dbot2/dbot_vda5050_ilmatar/install/vda5050_msgs/include/vda5050_msgs/vda5050_msgs/msg/detail/instant_actions__functions.h
-- Up-to-date symlink: /home/dbot2/dbot_vda5050_ilmatar/install/vda5050_msgs/include/vda5050_msgs/vda5050_msgs/msg/detail/instant_actions__struct.h
-- Up-to-date symlink: /home/dbot2/dbot_vda5050_ilmatar/install/vda5050_msgs/include/vda5050_msgs/vda5050_msgs/msg/detail/instant_actions__type_support.h
-- Up-to-date symlink: /home/dbot2/dbot_vda5050_ilmatar/install/vda5050_msgs/include/vda5050_msgs/vda5050_msgs/msg/detail/load__functions.h
-- Up-to-date symlink: /home/dbot2/dbot_vda5050_ilmatar/install/vda5050_msgs/include/vda5050_msgs/vda5050_msgs/msg/detail/load__struct.h
-- Up-to-date symlink: /home/dbot2/dbot_vda5050_ilmatar/install/vda5050_msgs/include/vda5050_msgs/vda5050_msgs/msg/detail/load__type_support.h
-- Up-to-date symlink: /home/dbot2/dbot_vda5050_ilmatar/install/vda5050_msgs/include/vda5050_msgs/vda5050_msgs/msg/detail/load_dimensions__functions.h
-- Up-to-date symlink: /home/dbot2/dbot_vda5050_ilmatar/install/vda5050_msgs/include/vda5050_msgs/vda5050_msgs/msg/detail/load_dimensions__struct.h
-- Up-to-date symlink: /home/dbot2/dbot_vda5050_ilmatar/install/vda5050_msgs/include/vda5050_msgs/vda5050_msgs/msg/detail/load_dimensions__type_support.h
-- Up-to-date symlink: /home/dbot2/dbot_vda5050_ilmatar/install/vda5050_msgs/include/vda5050_msgs/vda5050_msgs/msg/detail/load_set__functions.h
-- Up-to-date symlink: /home/dbot2/dbot_vda5050_ilmatar/install/vda5050_msgs/include/vda5050_msgs/vda5050_msgs/msg/detail/load_set__struct.h
-- Up-to-date symlink: /home/dbot2/dbot_vda5050_ilmatar/install/vda5050_msgs/include/vda5050_msgs/vda5050_msgs/msg/detail/load_set__type_support.h
-- Up-to-date symlink: /home/dbot2/dbot_vda5050_ilmatar/install/vda5050_msgs/include/vda5050_msgs/vda5050_msgs/msg/detail/load_specification__functions.h
-- Up-to-date symlink: /home/dbot2/dbot_vda5050_ilmatar/install/vda5050_msgs/include/vda5050_msgs/vda5050_msgs/msg/detail/load_specification__struct.h
-- Up-to-date symlink: /home/dbot2/dbot_vda5050_ilmatar/install/vda5050_msgs/include/vda5050_msgs/vda5050_msgs/msg/detail/load_specification__type_support.h
-- Up-to-date symlink: /home/dbot2/dbot_vda5050_ilmatar/install/vda5050_msgs/include/vda5050_msgs/vda5050_msgs/msg/detail/max_array_lens__functions.h
-- Up-to-date symlink: /home/dbot2/dbot_vda5050_ilmatar/install/vda5050_msgs/include/vda5050_msgs/vda5050_msgs/msg/detail/max_array_lens__struct.h
-- Up-to-date symlink: /home/dbot2/dbot_vda5050_ilmatar/install/vda5050_msgs/include/vda5050_msgs/vda5050_msgs/msg/detail/max_array_lens__type_support.h
-- Up-to-date symlink: /home/dbot2/dbot_vda5050_ilmatar/install/vda5050_msgs/include/vda5050_msgs/vda5050_msgs/msg/detail/max_string_lens__functions.h
-- Up-to-date symlink: /home/dbot2/dbot_vda5050_ilmatar/install/vda5050_msgs/include/vda5050_msgs/vda5050_msgs/msg/detail/max_string_lens__struct.h
-- Up-to-date symlink: /home/dbot2/dbot_vda5050_ilmatar/install/vda5050_msgs/include/vda5050_msgs/vda5050_msgs/msg/detail/max_string_lens__type_support.h
-- Up-to-date symlink: /home/dbot2/dbot_vda5050_ilmatar/install/vda5050_msgs/include/vda5050_msgs/vda5050_msgs/msg/detail/node__functions.h
-- Up-to-date symlink: /home/dbot2/dbot_vda5050_ilmatar/install/vda5050_msgs/include/vda5050_msgs/vda5050_msgs/msg/detail/node__struct.h
-- Up-to-date symlink: /home/dbot2/dbot_vda5050_ilmatar/install/vda5050_msgs/include/vda5050_msgs/vda5050_msgs/msg/detail/node__type_support.h
-- Up-to-date symlink: /home/dbot2/dbot_vda5050_ilmatar/install/vda5050_msgs/include/vda5050_msgs/vda5050_msgs/msg/detail/node_position__functions.h
-- Up-to-date symlink: /home/dbot2/dbot_vda5050_ilmatar/install/vda5050_msgs/include/vda5050_msgs/vda5050_msgs/msg/detail/node_position__struct.h
-- Up-to-date symlink: /home/dbot2/dbot_vda5050_ilmatar/install/vda5050_msgs/include/vda5050_msgs/vda5050_msgs/msg/detail/node_position__type_support.h
-- Up-to-date symlink: /home/dbot2/dbot_vda5050_ilmatar/install/vda5050_msgs/include/vda5050_msgs/vda5050_msgs/msg/detail/node_state__functions.h
-- Up-to-date symlink: /home/dbot2/dbot_vda5050_ilmatar/install/vda5050_msgs/include/vda5050_msgs/vda5050_msgs/msg/detail/node_state__struct.h
-- Up-to-date symlink: /home/dbot2/dbot_vda5050_ilmatar/install/vda5050_msgs/include/vda5050_msgs/vda5050_msgs/msg/detail/node_state__type_support.h
-- Up-to-date symlink: /home/dbot2/dbot_vda5050_ilmatar/install/vda5050_msgs/include/vda5050_msgs/vda5050_msgs/msg/detail/optional_parameter__functions.h
-- Up-to-date symlink: /home/dbot2/dbot_vda5050_ilmatar/install/vda5050_msgs/include/vda5050_msgs/vda5050_msgs/msg/detail/optional_parameter__struct.h
-- Up-to-date symlink: /home/dbot2/dbot_vda5050_ilmatar/install/vda5050_msgs/include/vda5050_msgs/vda5050_msgs/msg/detail/optional_parameter__type_support.h
-- Up-to-date symlink: /home/dbot2/dbot_vda5050_ilmatar/install/vda5050_msgs/include/vda5050_msgs/vda5050_msgs/msg/detail/order__functions.h
-- Up-to-date symlink: /home/dbot2/dbot_vda5050_ilmatar/install/vda5050_msgs/include/vda5050_msgs/vda5050_msgs/msg/detail/order__struct.h
-- Up-to-date symlink: /home/dbot2/dbot_vda5050_ilmatar/install/vda5050_msgs/include/vda5050_msgs/vda5050_msgs/msg/detail/order__type_support.h
-- Up-to-date symlink: /home/dbot2/dbot_vda5050_ilmatar/install/vda5050_msgs/include/vda5050_msgs/vda5050_msgs/msg/detail/order_state__functions.h
-- Up-to-date symlink: /home/dbot2/dbot_vda5050_ilmatar/install/vda5050_msgs/include/vda5050_msgs/vda5050_msgs/msg/detail/order_state__struct.h
-- Up-to-date symlink: /home/dbot2/dbot_vda5050_ilmatar/install/vda5050_msgs/include/vda5050_msgs/vda5050_msgs/msg/detail/order_state__type_support.h
-- Up-to-date symlink: /home/dbot2/dbot_vda5050_ilmatar/install/vda5050_msgs/include/vda5050_msgs/vda5050_msgs/msg/detail/physical_parameters__functions.h
-- Up-to-date symlink: /home/dbot2/dbot_vda5050_ilmatar/install/vda5050_msgs/include/vda5050_msgs/vda5050_msgs/msg/detail/physical_parameters__struct.h
-- Up-to-date symlink: /home/dbot2/dbot_vda5050_ilmatar/install/vda5050_msgs/include/vda5050_msgs/vda5050_msgs/msg/detail/physical_parameters__type_support.h
-- Up-to-date symlink: /home/dbot2/dbot_vda5050_ilmatar/install/vda5050_msgs/include/vda5050_msgs/vda5050_msgs/msg/detail/polygon_point__functions.h
-- Up-to-date symlink: /home/dbot2/dbot_vda5050_ilmatar/install/vda5050_msgs/include/vda5050_msgs/vda5050_msgs/msg/detail/polygon_point__struct.h
-- Up-to-date symlink: /home/dbot2/dbot_vda5050_ilmatar/install/vda5050_msgs/include/vda5050_msgs/vda5050_msgs/msg/detail/polygon_point__type_support.h
-- Up-to-date symlink: /home/dbot2/dbot_vda5050_ilmatar/install/vda5050_msgs/include/vda5050_msgs/vda5050_msgs/msg/detail/position__functions.h
-- Up-to-date symlink: /home/dbot2/dbot_vda5050_ilmatar/install/vda5050_msgs/include/vda5050_msgs/vda5050_msgs/msg/detail/position__struct.h
-- Up-to-date symlink: /home/dbot2/dbot_vda5050_ilmatar/install/vda5050_msgs/include/vda5050_msgs/vda5050_msgs/msg/detail/position__type_support.h
-- Up-to-date symlink: /home/dbot2/dbot_vda5050_ilmatar/install/vda5050_msgs/include/vda5050_msgs/vda5050_msgs/msg/detail/protocol_features__functions.h
-- Up-to-date symlink: /home/dbot2/dbot_vda5050_ilmatar/install/vda5050_msgs/include/vda5050_msgs/vda5050_msgs/msg/detail/protocol_features__struct.h
-- Up-to-date symlink: /home/dbot2/dbot_vda5050_ilmatar/install/vda5050_msgs/include/vda5050_msgs/vda5050_msgs/msg/detail/protocol_features__type_support.h
-- Up-to-date symlink: /home/dbot2/dbot_vda5050_ilmatar/install/vda5050_msgs/include/vda5050_msgs/vda5050_msgs/msg/detail/protocol_limits__functions.h
-- Up-to-date symlink: /home/dbot2/dbot_vda5050_ilmatar/install/vda5050_msgs/include/vda5050_msgs/vda5050_msgs/msg/detail/protocol_limits__struct.h
-- Up-to-date symlink: /home/dbot2/dbot_vda5050_ilmatar/install/vda5050_msgs/include/vda5050_msgs/vda5050_msgs/msg/detail/protocol_limits__type_support.h
-- Up-to-date symlink: /home/dbot2/dbot_vda5050_ilmatar/install/vda5050_msgs/include/vda5050_msgs/vda5050_msgs/msg/detail/safety_state__functions.h
-- Up-to-date symlink: /home/dbot2/dbot_vda5050_ilmatar/install/vda5050_msgs/include/vda5050_msgs/vda5050_msgs/msg/detail/safety_state__struct.h
-- Up-to-date symlink: /home/dbot2/dbot_vda5050_ilmatar/install/vda5050_msgs/include/vda5050_msgs/vda5050_msgs/msg/detail/safety_state__type_support.h
-- Up-to-date symlink: /home/dbot2/dbot_vda5050_ilmatar/install/vda5050_msgs/include/vda5050_msgs/vda5050_msgs/msg/detail/timing__functions.h
-- Up-to-date symlink: /home/dbot2/dbot_vda5050_ilmatar/install/vda5050_msgs/include/vda5050_msgs/vda5050_msgs/msg/detail/timing__struct.h
-- Up-to-date symlink: /home/dbot2/dbot_vda5050_ilmatar/install/vda5050_msgs/include/vda5050_msgs/vda5050_msgs/msg/detail/timing__type_support.h
-- Up-to-date symlink: /home/dbot2/dbot_vda5050_ilmatar/install/vda5050_msgs/include/vda5050_msgs/vda5050_msgs/msg/detail/trajectory__functions.h
-- Up-to-date symlink: /home/dbot2/dbot_vda5050_ilmatar/install/vda5050_msgs/include/vda5050_msgs/vda5050_msgs/msg/detail/trajectory__struct.h
-- Up-to-date symlink: /home/dbot2/dbot_vda5050_ilmatar/install/vda5050_msgs/include/vda5050_msgs/vda5050_msgs/msg/detail/trajectory__type_support.h
-- Up-to-date symlink: /home/dbot2/dbot_vda5050_ilmatar/install/vda5050_msgs/include/vda5050_msgs/vda5050_msgs/msg/detail/type_specification__functions.h
-- Up-to-date symlink: /home/dbot2/dbot_vda5050_ilmatar/install/vda5050_msgs/include/vda5050_msgs/vda5050_msgs/msg/detail/type_specification__struct.h
-- Up-to-date symlink: /home/dbot2/dbot_vda5050_ilmatar/install/vda5050_msgs/include/vda5050_msgs/vda5050_msgs/msg/detail/type_specification__type_support.h
-- Up-to-date symlink: /home/dbot2/dbot_vda5050_ilmatar/install/vda5050_msgs/include/vda5050_msgs/vda5050_msgs/msg/detail/velocity__functions.h
-- Up-to-date symlink: /home/dbot2/dbot_vda5050_ilmatar/install/vda5050_msgs/include/vda5050_msgs/vda5050_msgs/msg/detail/velocity__struct.h
-- Up-to-date symlink: /home/dbot2/dbot_vda5050_ilmatar/install/vda5050_msgs/include/vda5050_msgs/vda5050_msgs/msg/detail/velocity__type_support.h
-- Up-to-date symlink: /home/dbot2/dbot_vda5050_ilmatar/install/vda5050_msgs/include/vda5050_msgs/vda5050_msgs/msg/detail/visualization__functions.h
-- Up-to-date symlink: /home/dbot2/dbot_vda5050_ilmatar/install/vda5050_msgs/include/vda5050_msgs/vda5050_msgs/msg/detail/visualization__struct.h
-- Up-to-date symlink: /home/dbot2/dbot_vda5050_ilmatar/install/vda5050_msgs/include/vda5050_msgs/vda5050_msgs/msg/detail/visualization__type_support.h
-- Up-to-date symlink: /home/dbot2/dbot_vda5050_ilmatar/install/vda5050_msgs/include/vda5050_msgs/vda5050_msgs/msg/detail/wheel_definition__functions.h
-- Up-to-date symlink: /home/dbot2/dbot_vda5050_ilmatar/install/vda5050_msgs/include/vda5050_msgs/vda5050_msgs/msg/detail/wheel_definition__struct.h
-- Up-to-date symlink: /home/dbot2/dbot_vda5050_ilmatar/install/vda5050_msgs/include/vda5050_msgs/vda5050_msgs/msg/detail/wheel_definition__type_support.h
-- Up-to-date symlink: /home/dbot2/dbot_vda5050_ilmatar/install/vda5050_msgs/include/vda5050_msgs/vda5050_msgs/msg/edge.h
-- Up-to-date symlink: /home/dbot2/dbot_vda5050_ilmatar/install/vda5050_msgs/include/vda5050_msgs/vda5050_msgs/msg/edge_state.h
-- Up-to-date symlink: /home/dbot2/dbot_vda5050_ilmatar/install/vda5050_msgs/include/vda5050_msgs/vda5050_msgs/msg/envelope2_d.h
-- Up-to-date symlink: /home/dbot2/dbot_vda5050_ilmatar/install/vda5050_msgs/include/vda5050_msgs/vda5050_msgs/msg/envelope3_d.h
-- Up-to-date symlink: /home/dbot2/dbot_vda5050_ilmatar/install/vda5050_msgs/include/vda5050_msgs/vda5050_msgs/msg/error.h
-- Up-to-date symlink: /home/dbot2/dbot_vda5050_ilmatar/install/vda5050_msgs/include/vda5050_msgs/vda5050_msgs/msg/error_reference.h
-- Up-to-date symlink: /home/dbot2/dbot_vda5050_ilmatar/install/vda5050_msgs/include/vda5050_msgs/vda5050_msgs/msg/factsheet.h
-- Up-to-date symlink: /home/dbot2/dbot_vda5050_ilmatar/install/vda5050_msgs/include/vda5050_msgs/vda5050_msgs/msg/header.h
-- Up-to-date symlink: /home/dbot2/dbot_vda5050_ilmatar/install/vda5050_msgs/include/vda5050_msgs/vda5050_msgs/msg/info.h
-- Up-to-date symlink: /home/dbot2/dbot_vda5050_ilmatar/install/vda5050_msgs/include/vda5050_msgs/vda5050_msgs/msg/info_reference.h
-- Up-to-date symlink: /home/dbot2/dbot_vda5050_ilmatar/install/vda5050_msgs/include/vda5050_msgs/vda5050_msgs/msg/instant_actions.h
-- Up-to-date symlink: /home/dbot2/dbot_vda5050_ilmatar/install/vda5050_msgs/include/vda5050_msgs/vda5050_msgs/msg/load.h
-- Up-to-date symlink: /home/dbot2/dbot_vda5050_ilmatar/install/vda5050_msgs/include/vda5050_msgs/vda5050_msgs/msg/load_dimensions.h
-- Up-to-date symlink: /home/dbot2/dbot_vda5050_ilmatar/install/vda5050_msgs/include/vda5050_msgs/vda5050_msgs/msg/load_set.h
-- Up-to-date symlink: /home/dbot2/dbot_vda5050_ilmatar/install/vda5050_msgs/include/vda5050_msgs/vda5050_msgs/msg/load_specification.h
-- Up-to-date symlink: /home/dbot2/dbot_vda5050_ilmatar/install/vda5050_msgs/include/vda5050_msgs/vda5050_msgs/msg/max_array_lens.h
-- Up-to-date symlink: /home/dbot2/dbot_vda5050_ilmatar/install/vda5050_msgs/include/vda5050_msgs/vda5050_msgs/msg/max_string_lens.h
-- Up-to-date symlink: /home/dbot2/dbot_vda5050_ilmatar/install/vda5050_msgs/include/vda5050_msgs/vda5050_msgs/msg/node.h
-- Up-to-date symlink: /home/dbot2/dbot_vda5050_ilmatar/install/vda5050_msgs/include/vda5050_msgs/vda5050_msgs/msg/node_position.h
-- Up-to-date symlink: /home/dbot2/dbot_vda5050_ilmatar/install/vda5050_msgs/include/vda5050_msgs/vda5050_msgs/msg/node_state.h
-- Up-to-date symlink: /home/dbot2/dbot_vda5050_ilmatar/install/vda5050_msgs/include/vda5050_msgs/vda5050_msgs/msg/optional_parameter.h
-- Up-to-date symlink: /home/dbot2/dbot_vda5050_ilmatar/install/vda5050_msgs/include/vda5050_msgs/vda5050_msgs/msg/order.h
-- Up-to-date symlink: /home/dbot2/dbot_vda5050_ilmatar/install/vda5050_msgs/include/vda5050_msgs/vda5050_msgs/msg/order_state.h
-- Up-to-date symlink: /home/dbot2/dbot_vda5050_ilmatar/install/vda5050_msgs/include/vda5050_msgs/vda5050_msgs/msg/physical_parameters.h
-- Up-to-date symlink: /home/dbot2/dbot_vda5050_ilmatar/install/vda5050_msgs/include/vda5050_msgs/vda5050_msgs/msg/polygon_point.h
-- Up-to-date symlink: /home/dbot2/dbot_vda5050_ilmatar/install/vda5050_msgs/include/vda5050_msgs/vda5050_msgs/msg/position.h
-- Up-to-date symlink: /home/dbot2/dbot_vda5050_ilmatar/install/vda5050_msgs/include/vda5050_msgs/vda5050_msgs/msg/protocol_features.h
-- Up-to-date symlink: /home/dbot2/dbot_vda5050_ilmatar/install/vda5050_msgs/include/vda5050_msgs/vda5050_msgs/msg/protocol_limits.h
-- Up-to-date symlink: /home/dbot2/dbot_vda5050_ilmatar/install/vda5050_msgs/include/vda5050_msgs/vda5050_msgs/msg/rosidl_generator_c__visibility_control.h
-- Up-to-date symlink: /home/dbot2/dbot_vda5050_ilmatar/install/vda5050_msgs/include/vda5050_msgs/vda5050_msgs/msg/safety_state.h
-- Up-to-date symlink: /home/dbot2/dbot_vda5050_ilmatar/install/vda5050_msgs/include/vda5050_msgs/vda5050_msgs/msg/timing.h
-- Up-to-date symlink: /home/dbot2/dbot_vda5050_ilmatar/install/vda5050_msgs/include/vda5050_msgs/vda5050_msgs/msg/trajectory.h
-- Up-to-date symlink: /home/dbot2/dbot_vda5050_ilmatar/install/vda5050_msgs/include/vda5050_msgs/vda5050_msgs/msg/type_specification.h
-- Up-to-date symlink: /home/dbot2/dbot_vda5050_ilmatar/install/vda5050_msgs/include/vda5050_msgs/vda5050_msgs/msg/velocity.h
-- Up-to-date symlink: /home/dbot2/dbot_vda5050_ilmatar/install/vda5050_msgs/include/vda5050_msgs/vda5050_msgs/msg/visualization.h
-- Up-to-date symlink: /home/dbot2/dbot_vda5050_ilmatar/install/vda5050_msgs/include/vda5050_msgs/vda5050_msgs/msg/wheel_definition.h
-- Up-to-date symlink: /home/dbot2/dbot_vda5050_ilmatar/install/vda5050_msgs/share/vda5050_msgs/environment/library_path.sh
-- Up-to-date symlink: /home/dbot2/dbot_vda5050_ilmatar/install/vda5050_msgs/share/vda5050_msgs/environment/library_path.dsv
-- Up-to-date symlink: /home/dbot2/dbot_vda5050_ilmatar/install/vda5050_msgs/include/vda5050_msgs/vda5050_msgs/msg/detail/action__rosidl_typesupport_fastrtps_c.h
-- Up-to-date symlink: /home/dbot2/dbot_vda5050_ilmatar/install/vda5050_msgs/include/vda5050_msgs/vda5050_msgs/msg/detail/action_parameter__rosidl_typesupport_fastrtps_c.h
-- Up-to-date symlink: /home/dbot2/dbot_vda5050_ilmatar/install/vda5050_msgs/include/vda5050_msgs/vda5050_msgs/msg/detail/action_parameter_definition__rosidl_typesupport_fastrtps_c.h
-- Up-to-date symlink: /home/dbot2/dbot_vda5050_ilmatar/install/vda5050_msgs/include/vda5050_msgs/vda5050_msgs/msg/detail/agv_action__rosidl_typesupport_fastrtps_c.h
-- Up-to-date symlink: /home/dbot2/dbot_vda5050_ilmatar/install/vda5050_msgs/include/vda5050_msgs/vda5050_msgs/msg/detail/agv_geometry__rosidl_typesupport_fastrtps_c.h
-- Up-to-date symlink: /home/dbot2/dbot_vda5050_ilmatar/install/vda5050_msgs/include/vda5050_msgs/vda5050_msgs/msg/detail/agv_position__rosidl_typesupport_fastrtps_c.h
-- Up-to-date symlink: /home/dbot2/dbot_vda5050_ilmatar/install/vda5050_msgs/include/vda5050_msgs/vda5050_msgs/msg/detail/battery_state__rosidl_typesupport_fastrtps_c.h
-- Up-to-date symlink: /home/dbot2/dbot_vda5050_ilmatar/install/vda5050_msgs/include/vda5050_msgs/vda5050_msgs/msg/detail/bounding_box_reference__rosidl_typesupport_fastrtps_c.h
-- Up-to-date symlink: /home/dbot2/dbot_vda5050_ilmatar/install/vda5050_msgs/include/vda5050_msgs/vda5050_msgs/msg/detail/connection__rosidl_typesupport_fastrtps_c.h
-- Up-to-date symlink: /home/dbot2/dbot_vda5050_ilmatar/install/vda5050_msgs/include/vda5050_msgs/vda5050_msgs/msg/detail/control_point__rosidl_typesupport_fastrtps_c.h
-- Up-to-date symlink: /home/dbot2/dbot_vda5050_ilmatar/install/vda5050_msgs/include/vda5050_msgs/vda5050_msgs/msg/detail/current_action__rosidl_typesupport_fastrtps_c.h
-- Up-to-date symlink: /home/dbot2/dbot_vda5050_ilmatar/install/vda5050_msgs/include/vda5050_msgs/vda5050_msgs/msg/detail/edge__rosidl_typesupport_fastrtps_c.h
-- Up-to-date symlink: /home/dbot2/dbot_vda5050_ilmatar/install/vda5050_msgs/include/vda5050_msgs/vda5050_msgs/msg/detail/edge_state__rosidl_typesupport_fastrtps_c.h
-- Up-to-date symlink: /home/dbot2/dbot_vda5050_ilmatar/install/vda5050_msgs/include/vda5050_msgs/vda5050_msgs/msg/detail/envelope2_d__rosidl_typesupport_fastrtps_c.h
-- Up-to-date symlink: /home/dbot2/dbot_vda5050_ilmatar/install/vda5050_msgs/include/vda5050_msgs/vda5050_msgs/msg/detail/envelope3_d__rosidl_typesupport_fastrtps_c.h
-- Up-to-date symlink: /home/dbot2/dbot_vda5050_ilmatar/install/vda5050_msgs/include/vda5050_msgs/vda5050_msgs/msg/detail/error__rosidl_typesupport_fastrtps_c.h
-- Up-to-date symlink: /home/dbot2/dbot_vda5050_ilmatar/install/vda5050_msgs/include/vda5050_msgs/vda5050_msgs/msg/detail/error_reference__rosidl_typesupport_fastrtps_c.h
-- Up-to-date symlink: /home/dbot2/dbot_vda5050_ilmatar/install/vda5050_msgs/include/vda5050_msgs/vda5050_msgs/msg/detail/factsheet__rosidl_typesupport_fastrtps_c.h
-- Up-to-date symlink: /home/dbot2/dbot_vda5050_ilmatar/install/vda5050_msgs/include/vda5050_msgs/vda5050_msgs/msg/detail/header__rosidl_typesupport_fastrtps_c.h
-- Up-to-date symlink: /home/dbot2/dbot_vda5050_ilmatar/install/vda5050_msgs/include/vda5050_msgs/vda5050_msgs/msg/detail/info__rosidl_typesupport_fastrtps_c.h
-- Up-to-date symlink: /home/dbot2/dbot_vda5050_ilmatar/install/vda5050_msgs/include/vda5050_msgs/vda5050_msgs/msg/detail/info_reference__rosidl_typesupport_fastrtps_c.h
-- Up-to-date symlink: /home/dbot2/dbot_vda5050_ilmatar/install/vda5050_msgs/include/vda5050_msgs/vda5050_msgs/msg/detail/instant_actions__rosidl_typesupport_fastrtps_c.h
-- Up-to-date symlink: /home/dbot2/dbot_vda5050_ilmatar/install/vda5050_msgs/include/vda5050_msgs/vda5050_msgs/msg/detail/load__rosidl_typesupport_fastrtps_c.h
-- Up-to-date symlink: /home/dbot2/dbot_vda5050_ilmatar/install/vda5050_msgs/include/vda5050_msgs/vda5050_msgs/msg/detail/load_dimensions__rosidl_typesupport_fastrtps_c.h
-- Up-to-date symlink: /home/dbot2/dbot_vda5050_ilmatar/install/vda5050_msgs/include/vda5050_msgs/vda5050_msgs/msg/detail/load_set__rosidl_typesupport_fastrtps_c.h
-- Up-to-date symlink: /home/dbot2/dbot_vda5050_ilmatar/install/vda5050_msgs/include/vda5050_msgs/vda5050_msgs/msg/detail/load_specification__rosidl_typesupport_fastrtps_c.h
-- Up-to-date symlink: /home/dbot2/dbot_vda5050_ilmatar/install/vda5050_msgs/include/vda5050_msgs/vda5050_msgs/msg/detail/max_array_lens__rosidl_typesupport_fastrtps_c.h
-- Up-to-date symlink: /home/dbot2/dbot_vda5050_ilmatar/install/vda5050_msgs/include/vda5050_msgs/vda5050_msgs/msg/detail/max_string_lens__rosidl_typesupport_fastrtps_c.h
-- Up-to-date symlink: /home/dbot2/dbot_vda5050_ilmatar/install/vda5050_msgs/include/vda5050_msgs/vda5050_msgs/msg/detail/node__rosidl_typesupport_fastrtps_c.h
-- Up-to-date symlink: /home/dbot2/dbot_vda5050_ilmatar/install/vda5050_msgs/include/vda5050_msgs/vda5050_msgs/msg/detail/node_position__rosidl_typesupport_fastrtps_c.h
-- Up-to-date symlink: /home/dbot2/dbot_vda5050_ilmatar/install/vda5050_msgs/include/vda5050_msgs/vda5050_msgs/msg/detail/node_state__rosidl_typesupport_fastrtps_c.h
-- Up-to-date symlink: /home/dbot2/dbot_vda5050_ilmatar/install/vda5050_msgs/include/vda5050_msgs/vda5050_msgs/msg/detail/optional_parameter__rosidl_typesupport_fastrtps_c.h
-- Up-to-date symlink: /home/dbot2/dbot_vda5050_ilmatar/install/vda5050_msgs/include/vda5050_msgs/vda5050_msgs/msg/detail/order__rosidl_typesupport_fastrtps_c.h
-- Up-to-date symlink: /home/dbot2/dbot_vda5050_ilmatar/install/vda5050_msgs/include/vda5050_msgs/vda5050_msgs/msg/detail/order_state__rosidl_typesupport_fastrtps_c.h
-- Up-to-date symlink: /home/dbot2/dbot_vda5050_ilmatar/install/vda5050_msgs/include/vda5050_msgs/vda5050_msgs/msg/detail/physical_parameters__rosidl_typesupport_fastrtps_c.h
-- Up-to-date symlink: /home/dbot2/dbot_vda5050_ilmatar/install/vda5050_msgs/include/vda5050_msgs/vda5050_msgs/msg/detail/polygon_point__rosidl_typesupport_fastrtps_c.h
-- Up-to-date symlink: /home/dbot2/dbot_vda5050_ilmatar/install/vda5050_msgs/include/vda5050_msgs/vda5050_msgs/msg/detail/position__rosidl_typesupport_fastrtps_c.h
-- Up-to-date symlink: /home/dbot2/dbot_vda5050_ilmatar/install/vda5050_msgs/include/vda5050_msgs/vda5050_msgs/msg/detail/protocol_features__rosidl_typesupport_fastrtps_c.h
-- Up-to-date symlink: /home/dbot2/dbot_vda5050_ilmatar/install/vda5050_msgs/include/vda5050_msgs/vda5050_msgs/msg/detail/protocol_limits__rosidl_typesupport_fastrtps_c.h
-- Up-to-date symlink: /home/dbot2/dbot_vda5050_ilmatar/install/vda5050_msgs/include/vda5050_msgs/vda5050_msgs/msg/detail/safety_state__rosidl_typesupport_fastrtps_c.h
-- Up-to-date symlink: /home/dbot2/dbot_vda5050_ilmatar/install/vda5050_msgs/include/vda5050_msgs/vda5050_msgs/msg/detail/timing__rosidl_typesupport_fastrtps_c.h
-- Up-to-date symlink: /home/dbot2/dbot_vda5050_ilmatar/install/vda5050_msgs/include/vda5050_msgs/vda5050_msgs/msg/detail/trajectory__rosidl_typesupport_fastrtps_c.h
-- Up-to-date symlink: /home/dbot2/dbot_vda5050_ilmatar/install/vda5050_msgs/include/vda5050_msgs/vda5050_msgs/msg/detail/type_specification__rosidl_typesupport_fastrtps_c.h
-- Up-to-date symlink: /home/dbot2/dbot_vda5050_ilmatar/install/vda5050_msgs/include/vda5050_msgs/vda5050_msgs/msg/detail/velocity__rosidl_typesupport_fastrtps_c.h
-- Up-to-date symlink: /home/dbot2/dbot_vda5050_ilmatar/install/vda5050_msgs/include/vda5050_msgs/vda5050_msgs/msg/detail/visualization__rosidl_typesupport_fastrtps_c.h
-- Up-to-date symlink: /home/dbot2/dbot_vda5050_ilmatar/install/vda5050_msgs/include/vda5050_msgs/vda5050_msgs/msg/detail/wheel_definition__rosidl_typesupport_fastrtps_c.h
-- Up-to-date symlink: /home/dbot2/dbot_vda5050_ilmatar/install/vda5050_msgs/include/vda5050_msgs/vda5050_msgs/msg/rosidl_typesupport_fastrtps_c__visibility_control.h
-- Up-to-date symlink: /home/dbot2/dbot_vda5050_ilmatar/install/vda5050_msgs/include/vda5050_msgs/vda5050_msgs/msg/action.hpp
-- Up-to-date symlink: /home/dbot2/dbot_vda5050_ilmatar/install/vda5050_msgs/include/vda5050_msgs/vda5050_msgs/msg/action_parameter.hpp
-- Up-to-date symlink: /home/dbot2/dbot_vda5050_ilmatar/install/vda5050_msgs/include/vda5050_msgs/vda5050_msgs/msg/action_parameter_definition.hpp
-- Up-to-date symlink: /home/dbot2/dbot_vda5050_ilmatar/install/vda5050_msgs/include/vda5050_msgs/vda5050_msgs/msg/agv_action.hpp
-- Up-to-date symlink: /home/dbot2/dbot_vda5050_ilmatar/install/vda5050_msgs/include/vda5050_msgs/vda5050_msgs/msg/agv_geometry.hpp
-- Up-to-date symlink: /home/dbot2/dbot_vda5050_ilmatar/install/vda5050_msgs/include/vda5050_msgs/vda5050_msgs/msg/agv_position.hpp
-- Up-to-date symlink: /home/dbot2/dbot_vda5050_ilmatar/install/vda5050_msgs/include/vda5050_msgs/vda5050_msgs/msg/battery_state.hpp
-- Up-to-date symlink: /home/dbot2/dbot_vda5050_ilmatar/install/vda5050_msgs/include/vda5050_msgs/vda5050_msgs/msg/bounding_box_reference.hpp
-- Up-to-date symlink: /home/dbot2/dbot_vda5050_ilmatar/install/vda5050_msgs/include/vda5050_msgs/vda5050_msgs/msg/connection.hpp
-- Up-to-date symlink: /home/dbot2/dbot_vda5050_ilmatar/install/vda5050_msgs/include/vda5050_msgs/vda5050_msgs/msg/control_point.hpp
-- Up-to-date symlink: /home/dbot2/dbot_vda5050_ilmatar/install/vda5050_msgs/include/vda5050_msgs/vda5050_msgs/msg/current_action.hpp
-- Up-to-date symlink: /home/dbot2/dbot_vda5050_ilmatar/install/vda5050_msgs/include/vda5050_msgs/vda5050_msgs/msg/detail/action__builder.hpp
-- Up-to-date symlink: /home/dbot2/dbot_vda5050_ilmatar/install/vda5050_msgs/include/vda5050_msgs/vda5050_msgs/msg/detail/action__struct.hpp
-- Up-to-date symlink: /home/dbot2/dbot_vda5050_ilmatar/install/vda5050_msgs/include/vda5050_msgs/vda5050_msgs/msg/detail/action__traits.hpp
-- Up-to-date symlink: /home/dbot2/dbot_vda5050_ilmatar/install/vda5050_msgs/include/vda5050_msgs/vda5050_msgs/msg/detail/action__type_support.hpp
-- Up-to-date symlink: /home/dbot2/dbot_vda5050_ilmatar/install/vda5050_msgs/include/vda5050_msgs/vda5050_msgs/msg/detail/action_parameter__builder.hpp
-- Up-to-date symlink: /home/dbot2/dbot_vda5050_ilmatar/install/vda5050_msgs/include/vda5050_msgs/vda5050_msgs/msg/detail/action_parameter__struct.hpp
-- Up-to-date symlink: /home/dbot2/dbot_vda5050_ilmatar/install/vda5050_msgs/include/vda5050_msgs/vda5050_msgs/msg/detail/action_parameter__traits.hpp
-- Up-to-date symlink: /home/dbot2/dbot_vda5050_ilmatar/install/vda5050_msgs/include/vda5050_msgs/vda5050_msgs/msg/detail/action_parameter__type_support.hpp
-- Up-to-date symlink: /home/dbot2/dbot_vda5050_ilmatar/install/vda5050_msgs/include/vda5050_msgs/vda5050_msgs/msg/detail/action_parameter_definition__builder.hpp
-- Up-to-date symlink: /home/dbot2/dbot_vda5050_ilmatar/install/vda5050_msgs/include/vda5050_msgs/vda5050_msgs/msg/detail/action_parameter_definition__struct.hpp
-- Up-to-date symlink: /home/dbot2/dbot_vda5050_ilmatar/install/vda5050_msgs/include/vda5050_msgs/vda5050_msgs/msg/detail/action_parameter_definition__traits.hpp
-- Up-to-date symlink: /home/dbot2/dbot_vda5050_ilmatar/install/vda5050_msgs/include/vda5050_msgs/vda5050_msgs/msg/detail/action_parameter_definition__type_support.hpp
-- Up-to-date symlink: /home/dbot2/dbot_vda5050_ilmatar/install/vda5050_msgs/include/vda5050_msgs/vda5050_msgs/msg/detail/agv_action__builder.hpp
-- Up-to-date symlink: /home/dbot2/dbot_vda5050_ilmatar/install/vda5050_msgs/include/vda5050_msgs/vda5050_msgs/msg/detail/agv_action__struct.hpp
-- Up-to-date symlink: /home/dbot2/dbot_vda5050_ilmatar/install/vda5050_msgs/include/vda5050_msgs/vda5050_msgs/msg/detail/agv_action__traits.hpp
-- Up-to-date symlink: /home/dbot2/dbot_vda5050_ilmatar/install/vda5050_msgs/include/vda5050_msgs/vda5050_msgs/msg/detail/agv_action__type_support.hpp
-- Up-to-date symlink: /home/dbot2/dbot_vda5050_ilmatar/install/vda5050_msgs/include/vda5050_msgs/vda5050_msgs/msg/detail/agv_geometry__builder.hpp
-- Up-to-date symlink: /home/dbot2/dbot_vda5050_ilmatar/install/vda5050_msgs/include/vda5050_msgs/vda5050_msgs/msg/detail/agv_geometry__struct.hpp
-- Up-to-date symlink: /home/dbot2/dbot_vda5050_ilmatar/install/vda5050_msgs/include/vda5050_msgs/vda5050_msgs/msg/detail/agv_geometry__traits.hpp
-- Up-to-date symlink: /home/dbot2/dbot_vda5050_ilmatar/install/vda5050_msgs/include/vda5050_msgs/vda5050_msgs/msg/detail/agv_geometry__type_support.hpp
-- Up-to-date symlink: /home/dbot2/dbot_vda5050_ilmatar/install/vda5050_msgs/include/vda5050_msgs/vda5050_msgs/msg/detail/agv_position__builder.hpp
-- Up-to-date symlink: /home/dbot2/dbot_vda5050_ilmatar/install/vda5050_msgs/include/vda5050_msgs/vda5050_msgs/msg/detail/agv_position__struct.hpp
-- Up-to-date symlink: /home/dbot2/dbot_vda5050_ilmatar/install/vda5050_msgs/include/vda5050_msgs/vda5050_msgs/msg/detail/agv_position__traits.hpp
-- Up-to-date symlink: /home/dbot2/dbot_vda5050_ilmatar/install/vda5050_msgs/include/vda5050_msgs/vda5050_msgs/msg/detail/agv_position__type_support.hpp
-- Up-to-date symlink: /home/dbot2/dbot_vda5050_ilmatar/install/vda5050_msgs/include/vda5050_msgs/vda5050_msgs/msg/detail/battery_state__builder.hpp
-- Up-to-date symlink: /home/dbot2/dbot_vda5050_ilmatar/install/vda5050_msgs/include/vda5050_msgs/vda5050_msgs/msg/detail/battery_state__struct.hpp
-- Up-to-date symlink: /home/dbot2/dbot_vda5050_ilmatar/install/vda5050_msgs/include/vda5050_msgs/vda5050_msgs/msg/detail/battery_state__traits.hpp
-- Up-to-date symlink: /home/dbot2/dbot_vda5050_ilmatar/install/vda5050_msgs/include/vda5050_msgs/vda5050_msgs/msg/detail/battery_state__type_support.hpp
-- Up-to-date symlink: /home/dbot2/dbot_vda5050_ilmatar/install/vda5050_msgs/include/vda5050_msgs/vda5050_msgs/msg/detail/bounding_box_reference__builder.hpp
-- Up-to-date symlink: /home/dbot2/dbot_vda5050_ilmatar/install/vda5050_msgs/include/vda5050_msgs/vda5050_msgs/msg/detail/bounding_box_reference__struct.hpp
-- Up-to-date symlink: /home/dbot2/dbot_vda5050_ilmatar/install/vda5050_msgs/include/vda5050_msgs/vda5050_msgs/msg/detail/bounding_box_reference__traits.hpp
-- Up-to-date symlink: /home/dbot2/dbot_vda5050_ilmatar/install/vda5050_msgs/include/vda5050_msgs/vda5050_msgs/msg/detail/bounding_box_reference__type_support.hpp
-- Up-to-date symlink: /home/dbot2/dbot_vda5050_ilmatar/install/vda5050_msgs/include/vda5050_msgs/vda5050_msgs/msg/detail/connection__builder.hpp
-- Up-to-date symlink: /home/dbot2/dbot_vda5050_ilmatar/install/vda5050_msgs/include/vda5050_msgs/vda5050_msgs/msg/detail/connection__struct.hpp
-- Up-to-date symlink: /home/dbot2/dbot_vda5050_ilmatar/install/vda5050_msgs/include/vda5050_msgs/vda5050_msgs/msg/detail/connection__traits.hpp
-- Up-to-date symlink: /home/dbot2/dbot_vda5050_ilmatar/install/vda5050_msgs/include/vda5050_msgs/vda5050_msgs/msg/detail/connection__type_support.hpp
-- Up-to-date symlink: /home/dbot2/dbot_vda5050_ilmatar/install/vda5050_msgs/include/vda5050_msgs/vda5050_msgs/msg/detail/control_point__builder.hpp
-- Up-to-date symlink: /home/dbot2/dbot_vda5050_ilmatar/install/vda5050_msgs/include/vda5050_msgs/vda5050_msgs/msg/detail/control_point__struct.hpp
-- Up-to-date symlink: /home/dbot2/dbot_vda5050_ilmatar/install/vda5050_msgs/include/vda5050_msgs/vda5050_msgs/msg/detail/control_point__traits.hpp
-- Up-to-date symlink: /home/dbot2/dbot_vda5050_ilmatar/install/vda5050_msgs/include/vda5050_msgs/vda5050_msgs/msg/detail/control_point__type_support.hpp
-- Up-to-date symlink: /home/dbot2/dbot_vda5050_ilmatar/install/vda5050_msgs/include/vda5050_msgs/vda5050_msgs/msg/detail/current_action__builder.hpp
-- Up-to-date symlink: /home/dbot2/dbot_vda5050_ilmatar/install/vda5050_msgs/include/vda5050_msgs/vda5050_msgs/msg/detail/current_action__struct.hpp
-- Up-to-date symlink: /home/dbot2/dbot_vda5050_ilmatar/install/vda5050_msgs/include/vda5050_msgs/vda5050_msgs/msg/detail/current_action__traits.hpp
-- Up-to-date symlink: /home/dbot2/dbot_vda5050_ilmatar/install/vda5050_msgs/include/vda5050_msgs/vda5050_msgs/msg/detail/current_action__type_support.hpp
-- Up-to-date symlink: /home/dbot2/dbot_vda5050_ilmatar/install/vda5050_msgs/include/vda5050_msgs/vda5050_msgs/msg/detail/edge__builder.hpp
-- Up-to-date symlink: /home/dbot2/dbot_vda5050_ilmatar/install/vda5050_msgs/include/vda5050_msgs/vda5050_msgs/msg/detail/edge__struct.hpp
-- Up-to-date symlink: /home/dbot2/dbot_vda5050_ilmatar/install/vda5050_msgs/include/vda5050_msgs/vda5050_msgs/msg/detail/edge__traits.hpp
-- Up-to-date symlink: /home/dbot2/dbot_vda5050_ilmatar/install/vda5050_msgs/include/vda5050_msgs/vda5050_msgs/msg/detail/edge__type_support.hpp
-- Up-to-date symlink: /home/dbot2/dbot_vda5050_ilmatar/install/vda5050_msgs/include/vda5050_msgs/vda5050_msgs/msg/detail/edge_state__builder.hpp
-- Up-to-date symlink: /home/dbot2/dbot_vda5050_ilmatar/install/vda5050_msgs/include/vda5050_msgs/vda5050_msgs/msg/detail/edge_state__struct.hpp
-- Up-to-date symlink: /home/dbot2/dbot_vda5050_ilmatar/install/vda5050_msgs/include/vda5050_msgs/vda5050_msgs/msg/detail/edge_state__traits.hpp
-- Up-to-date symlink: /home/dbot2/dbot_vda5050_ilmatar/install/vda5050_msgs/include/vda5050_msgs/vda5050_msgs/msg/detail/edge_state__type_support.hpp
-- Up-to-date symlink: /home/dbot2/dbot_vda5050_ilmatar/install/vda5050_msgs/include/vda5050_msgs/vda5050_msgs/msg/detail/envelope2_d__builder.hpp
-- Up-to-date symlink: /home/dbot2/dbot_vda5050_ilmatar/install/vda5050_msgs/include/vda5050_msgs/vda5050_msgs/msg/detail/envelope2_d__struct.hpp
-- Up-to-date symlink: /home/dbot2/dbot_vda5050_ilmatar/install/vda5050_msgs/include/vda5050_msgs/vda5050_msgs/msg/detail/envelope2_d__traits.hpp
-- Up-to-date symlink: /home/dbot2/dbot_vda5050_ilmatar/install/vda5050_msgs/include/vda5050_msgs/vda5050_msgs/msg/detail/envelope2_d__type_support.hpp
-- Up-to-date symlink: /home/dbot2/dbot_vda5050_ilmatar/install/vda5050_msgs/include/vda5050_msgs/vda5050_msgs/msg/detail/envelope3_d__builder.hpp
-- Up-to-date symlink: /home/dbot2/dbot_vda5050_ilmatar/install/vda5050_msgs/include/vda5050_msgs/vda5050_msgs/msg/detail/envelope3_d__struct.hpp
-- Up-to-date symlink: /home/dbot2/dbot_vda5050_ilmatar/install/vda5050_msgs/include/vda5050_msgs/vda5050_msgs/msg/detail/envelope3_d__traits.hpp
-- Up-to-date symlink: /home/dbot2/dbot_vda5050_ilmatar/install/vda5050_msgs/include/vda5050_msgs/vda5050_msgs/msg/detail/envelope3_d__type_support.hpp
-- Up-to-date symlink: /home/dbot2/dbot_vda5050_ilmatar/install/vda5050_msgs/include/vda5050_msgs/vda5050_msgs/msg/detail/error__builder.hpp
-- Up-to-date symlink: /home/dbot2/dbot_vda5050_ilmatar/install/vda5050_msgs/include/vda5050_msgs/vda5050_msgs/msg/detail/error__struct.hpp
-- Up-to-date symlink: /home/dbot2/dbot_vda5050_ilmatar/install/vda5050_msgs/include/vda5050_msgs/vda5050_msgs/msg/detail/error__traits.hpp
-- Up-to-date symlink: /home/dbot2/dbot_vda5050_ilmatar/install/vda5050_msgs/include/vda5050_msgs/vda5050_msgs/msg/detail/error__type_support.hpp
-- Up-to-date symlink: /home/dbot2/dbot_vda5050_ilmatar/install/vda5050_msgs/include/vda5050_msgs/vda5050_msgs/msg/detail/error_reference__builder.hpp
-- Up-to-date symlink: /home/dbot2/dbot_vda5050_ilmatar/install/vda5050_msgs/include/vda5050_msgs/vda5050_msgs/msg/detail/error_reference__struct.hpp
-- Up-to-date symlink: /home/dbot2/dbot_vda5050_ilmatar/install/vda5050_msgs/include/vda5050_msgs/vda5050_msgs/msg/detail/error_reference__traits.hpp
-- Up-to-date symlink: /home/dbot2/dbot_vda5050_ilmatar/install/vda5050_msgs/include/vda5050_msgs/vda5050_msgs/msg/detail/error_reference__type_support.hpp
-- Up-to-date symlink: /home/dbot2/dbot_vda5050_ilmatar/install/vda5050_msgs/include/vda5050_msgs/vda5050_msgs/msg/detail/factsheet__builder.hpp
-- Up-to-date symlink: /home/dbot2/dbot_vda5050_ilmatar/install/vda5050_msgs/include/vda5050_msgs/vda5050_msgs/msg/detail/factsheet__struct.hpp
-- Up-to-date symlink: /home/dbot2/dbot_vda5050_ilmatar/install/vda5050_msgs/include/vda5050_msgs/vda5050_msgs/msg/detail/factsheet__traits.hpp
-- Up-to-date symlink: /home/dbot2/dbot_vda5050_ilmatar/install/vda5050_msgs/include/vda5050_msgs/vda5050_msgs/msg/detail/factsheet__type_support.hpp
-- Up-to-date symlink: /home/dbot2/dbot_vda5050_ilmatar/install/vda5050_msgs/include/vda5050_msgs/vda5050_msgs/msg/detail/header__builder.hpp
-- Up-to-date symlink: /home/dbot2/dbot_vda5050_ilmatar/install/vda5050_msgs/include/vda5050_msgs/vda5050_msgs/msg/detail/header__struct.hpp
-- Up-to-date symlink: /home/dbot2/dbot_vda5050_ilmatar/install/vda5050_msgs/include/vda5050_msgs/vda5050_msgs/msg/detail/header__traits.hpp
-- Up-to-date symlink: /home/dbot2/dbot_vda5050_ilmatar/install/vda5050_msgs/include/vda5050_msgs/vda5050_msgs/msg/detail/header__type_support.hpp
-- Up-to-date symlink: /home/dbot2/dbot_vda5050_ilmatar/install/vda5050_msgs/include/vda5050_msgs/vda5050_msgs/msg/detail/info__builder.hpp
-- Up-to-date symlink: /home/dbot2/dbot_vda5050_ilmatar/install/vda5050_msgs/include/vda5050_msgs/vda5050_msgs/msg/detail/info__struct.hpp
-- Up-to-date symlink: /home/dbot2/dbot_vda5050_ilmatar/install/vda5050_msgs/include/vda5050_msgs/vda5050_msgs/msg/detail/info__traits.hpp
-- Up-to-date symlink: /home/dbot2/dbot_vda5050_ilmatar/install/vda5050_msgs/include/vda5050_msgs/vda5050_msgs/msg/detail/info__type_support.hpp
-- Up-to-date symlink: /home/dbot2/dbot_vda5050_ilmatar/install/vda5050_msgs/include/vda5050_msgs/vda5050_msgs/msg/detail/info_reference__builder.hpp
-- Up-to-date symlink: /home/dbot2/dbot_vda5050_ilmatar/install/vda5050_msgs/include/vda5050_msgs/vda5050_msgs/msg/detail/info_reference__struct.hpp
-- Up-to-date symlink: /home/dbot2/dbot_vda5050_ilmatar/install/vda5050_msgs/include/vda5050_msgs/vda5050_msgs/msg/detail/info_reference__traits.hpp
-- Up-to-date symlink: /home/dbot2/dbot_vda5050_ilmatar/install/vda5050_msgs/include/vda5050_msgs/vda5050_msgs/msg/detail/info_reference__type_support.hpp
-- Up-to-date symlink: /home/dbot2/dbot_vda5050_ilmatar/install/vda5050_msgs/include/vda5050_msgs/vda5050_msgs/msg/detail/instant_actions__builder.hpp
-- Up-to-date symlink: /home/dbot2/dbot_vda5050_ilmatar/install/vda5050_msgs/include/vda5050_msgs/vda5050_msgs/msg/detail/instant_actions__struct.hpp
-- Up-to-date symlink: /home/dbot2/dbot_vda5050_ilmatar/install/vda5050_msgs/include/vda5050_msgs/vda5050_msgs/msg/detail/instant_actions__traits.hpp
-- Up-to-date symlink: /home/dbot2/dbot_vda5050_ilmatar/install/vda5050_msgs/include/vda5050_msgs/vda5050_msgs/msg/detail/instant_actions__type_support.hpp
-- Up-to-date symlink: /home/dbot2/dbot_vda5050_ilmatar/install/vda5050_msgs/include/vda5050_msgs/vda5050_msgs/msg/detail/load__builder.hpp
-- Up-to-date symlink: /home/dbot2/dbot_vda5050_ilmatar/install/vda5050_msgs/include/vda5050_msgs/vda5050_msgs/msg/detail/load__struct.hpp
-- Up-to-date symlink: /home/dbot2/dbot_vda5050_ilmatar/install/vda5050_msgs/include/vda5050_msgs/vda5050_msgs/msg/detail/load__traits.hpp
-- Up-to-date symlink: /home/dbot2/dbot_vda5050_ilmatar/install/vda5050_msgs/include/vda5050_msgs/vda5050_msgs/msg/detail/load__type_support.hpp
-- Up-to-date symlink: /home/dbot2/dbot_vda5050_ilmatar/install/vda5050_msgs/include/vda5050_msgs/vda5050_msgs/msg/detail/load_dimensions__builder.hpp
-- Up-to-date symlink: /home/dbot2/dbot_vda5050_ilmatar/install/vda5050_msgs/include/vda5050_msgs/vda5050_msgs/msg/detail/load_dimensions__struct.hpp
-- Up-to-date symlink: /home/dbot2/dbot_vda5050_ilmatar/install/vda5050_msgs/include/vda5050_msgs/vda5050_msgs/msg/detail/load_dimensions__traits.hpp
-- Up-to-date symlink: /home/dbot2/dbot_vda5050_ilmatar/install/vda5050_msgs/include/vda5050_msgs/vda5050_msgs/msg/detail/load_dimensions__type_support.hpp
-- Up-to-date symlink: /home/dbot2/dbot_vda5050_ilmatar/install/vda5050_msgs/include/vda5050_msgs/vda5050_msgs/msg/detail/load_set__builder.hpp
-- Up-to-date symlink: /home/dbot2/dbot_vda5050_ilmatar/install/vda5050_msgs/include/vda5050_msgs/vda5050_msgs/msg/detail/load_set__struct.hpp
-- Up-to-date symlink: /home/dbot2/dbot_vda5050_ilmatar/install/vda5050_msgs/include/vda5050_msgs/vda5050_msgs/msg/detail/load_set__traits.hpp
-- Up-to-date symlink: /home/dbot2/dbot_vda5050_ilmatar/install/vda5050_msgs/include/vda5050_msgs/vda5050_msgs/msg/detail/load_set__type_support.hpp
-- Up-to-date symlink: /home/dbot2/dbot_vda5050_ilmatar/install/vda5050_msgs/include/vda5050_msgs/vda5050_msgs/msg/detail/load_specification__builder.hpp
-- Up-to-date symlink: /home/dbot2/dbot_vda5050_ilmatar/install/vda5050_msgs/include/vda5050_msgs/vda5050_msgs/msg/detail/load_specification__struct.hpp
-- Up-to-date symlink: /home/dbot2/dbot_vda5050_ilmatar/install/vda5050_msgs/include/vda5050_msgs/vda5050_msgs/msg/detail/load_specification__traits.hpp
-- Up-to-date symlink: /home/dbot2/dbot_vda5050_ilmatar/install/vda5050_msgs/include/vda5050_msgs/vda5050_msgs/msg/detail/load_specification__type_support.hpp
-- Up-to-date symlink: /home/dbot2/dbot_vda5050_ilmatar/install/vda5050_msgs/include/vda5050_msgs/vda5050_msgs/msg/detail/max_array_lens__builder.hpp
-- Up-to-date symlink: /home/dbot2/dbot_vda5050_ilmatar/install/vda5050_msgs/include/vda5050_msgs/vda5050_msgs/msg/detail/max_array_lens__struct.hpp
-- Up-to-date symlink: /home/dbot2/dbot_vda5050_ilmatar/install/vda5050_msgs/include/vda5050_msgs/vda5050_msgs/msg/detail/max_array_lens__traits.hpp
-- Up-to-date symlink: /home/dbot2/dbot_vda5050_ilmatar/install/vda5050_msgs/include/vda5050_msgs/vda5050_msgs/msg/detail/max_array_lens__type_support.hpp
-- Up-to-date symlink: /home/dbot2/dbot_vda5050_ilmatar/install/vda5050_msgs/include/vda5050_msgs/vda5050_msgs/msg/detail/max_string_lens__builder.hpp
-- Up-to-date symlink: /home/dbot2/dbot_vda5050_ilmatar/install/vda5050_msgs/include/vda5050_msgs/vda5050_msgs/msg/detail/max_string_lens__struct.hpp
-- Up-to-date symlink: /home/dbot2/dbot_vda5050_ilmatar/install/vda5050_msgs/include/vda5050_msgs/vda5050_msgs/msg/detail/max_string_lens__traits.hpp
-- Up-to-date symlink: /home/dbot2/dbot_vda5050_ilmatar/install/vda5050_msgs/include/vda5050_msgs/vda5050_msgs/msg/detail/max_string_lens__type_support.hpp
-- Up-to-date symlink: /home/dbot2/dbot_vda5050_ilmatar/install/vda5050_msgs/include/vda5050_msgs/vda5050_msgs/msg/detail/node__builder.hpp
-- Up-to-date symlink: /home/dbot2/dbot_vda5050_ilmatar/install/vda5050_msgs/include/vda5050_msgs/vda5050_msgs/msg/detail/node__struct.hpp
-- Up-to-date symlink: /home/dbot2/dbot_vda5050_ilmatar/install/vda5050_msgs/include/vda5050_msgs/vda5050_msgs/msg/detail/node__traits.hpp
-- Up-to-date symlink: /home/dbot2/dbot_vda5050_ilmatar/install/vda5050_msgs/include/vda5050_msgs/vda5050_msgs/msg/detail/node__type_support.hpp
-- Up-to-date symlink: /home/dbot2/dbot_vda5050_ilmatar/install/vda5050_msgs/include/vda5050_msgs/vda5050_msgs/msg/detail/node_position__builder.hpp
-- Up-to-date symlink: /home/dbot2/dbot_vda5050_ilmatar/install/vda5050_msgs/include/vda5050_msgs/vda5050_msgs/msg/detail/node_position__struct.hpp
-- Up-to-date symlink: /home/dbot2/dbot_vda5050_ilmatar/install/vda5050_msgs/include/vda5050_msgs/vda5050_msgs/msg/detail/node_position__traits.hpp
-- Up-to-date symlink: /home/dbot2/dbot_vda5050_ilmatar/install/vda5050_msgs/include/vda5050_msgs/vda5050_msgs/msg/detail/node_position__type_support.hpp
-- Up-to-date symlink: /home/dbot2/dbot_vda5050_ilmatar/install/vda5050_msgs/include/vda5050_msgs/vda5050_msgs/msg/detail/node_state__builder.hpp
-- Up-to-date symlink: /home/dbot2/dbot_vda5050_ilmatar/install/vda5050_msgs/include/vda5050_msgs/vda5050_msgs/msg/detail/node_state__struct.hpp
-- Up-to-date symlink: /home/dbot2/dbot_vda5050_ilmatar/install/vda5050_msgs/include/vda5050_msgs/vda5050_msgs/msg/detail/node_state__traits.hpp
-- Up-to-date symlink: /home/dbot2/dbot_vda5050_ilmatar/install/vda5050_msgs/include/vda5050_msgs/vda5050_msgs/msg/detail/node_state__type_support.hpp
-- Up-to-date symlink: /home/dbot2/dbot_vda5050_ilmatar/install/vda5050_msgs/include/vda5050_msgs/vda5050_msgs/msg/detail/optional_parameter__builder.hpp
-- Up-to-date symlink: /home/dbot2/dbot_vda5050_ilmatar/install/vda5050_msgs/include/vda5050_msgs/vda5050_msgs/msg/detail/optional_parameter__struct.hpp
-- Up-to-date symlink: /home/dbot2/dbot_vda5050_ilmatar/install/vda5050_msgs/include/vda5050_msgs/vda5050_msgs/msg/detail/optional_parameter__traits.hpp
-- Up-to-date symlink: /home/dbot2/dbot_vda5050_ilmatar/install/vda5050_msgs/include/vda5050_msgs/vda5050_msgs/msg/detail/optional_parameter__type_support.hpp
-- Up-to-date symlink: /home/dbot2/dbot_vda5050_ilmatar/install/vda5050_msgs/include/vda5050_msgs/vda5050_msgs/msg/detail/order__builder.hpp
-- Up-to-date symlink: /home/dbot2/dbot_vda5050_ilmatar/install/vda5050_msgs/include/vda5050_msgs/vda5050_msgs/msg/detail/order__struct.hpp
-- Up-to-date symlink: /home/dbot2/dbot_vda5050_ilmatar/install/vda5050_msgs/include/vda5050_msgs/vda5050_msgs/msg/detail/order__traits.hpp
-- Up-to-date symlink: /home/dbot2/dbot_vda5050_ilmatar/install/vda5050_msgs/include/vda5050_msgs/vda5050_msgs/msg/detail/order__type_support.hpp
-- Up-to-date symlink: /home/dbot2/dbot_vda5050_ilmatar/install/vda5050_msgs/include/vda5050_msgs/vda5050_msgs/msg/detail/order_state__builder.hpp
-- Up-to-date symlink: /home/dbot2/dbot_vda5050_ilmatar/install/vda5050_msgs/include/vda5050_msgs/vda5050_msgs/msg/detail/order_state__struct.hpp
-- Up-to-date symlink: /home/dbot2/dbot_vda5050_ilmatar/install/vda5050_msgs/include/vda5050_msgs/vda5050_msgs/msg/detail/order_state__traits.hpp
-- Up-to-date symlink: /home/dbot2/dbot_vda5050_ilmatar/install/vda5050_msgs/include/vda5050_msgs/vda5050_msgs/msg/detail/order_state__type_support.hpp
-- Up-to-date symlink: /home/dbot2/dbot_vda5050_ilmatar/install/vda5050_msgs/include/vda5050_msgs/vda5050_msgs/msg/detail/physical_parameters__builder.hpp
-- Up-to-date symlink: /home/dbot2/dbot_vda5050_ilmatar/install/vda5050_msgs/include/vda5050_msgs/vda5050_msgs/msg/detail/physical_parameters__struct.hpp
-- Up-to-date symlink: /home/dbot2/dbot_vda5050_ilmatar/install/vda5050_msgs/include/vda5050_msgs/vda5050_msgs/msg/detail/physical_parameters__traits.hpp
-- Up-to-date symlink: /home/dbot2/dbot_vda5050_ilmatar/install/vda5050_msgs/include/vda5050_msgs/vda5050_msgs/msg/detail/physical_parameters__type_support.hpp
-- Up-to-date symlink: /home/dbot2/dbot_vda5050_ilmatar/install/vda5050_msgs/include/vda5050_msgs/vda5050_msgs/msg/detail/polygon_point__builder.hpp
-- Up-to-date symlink: /home/dbot2/dbot_vda5050_ilmatar/install/vda5050_msgs/include/vda5050_msgs/vda5050_msgs/msg/detail/polygon_point__struct.hpp
-- Up-to-date symlink: /home/dbot2/dbot_vda5050_ilmatar/install/vda5050_msgs/include/vda5050_msgs/vda5050_msgs/msg/detail/polygon_point__traits.hpp
-- Up-to-date symlink: /home/dbot2/dbot_vda5050_ilmatar/install/vda5050_msgs/include/vda5050_msgs/vda5050_msgs/msg/detail/polygon_point__type_support.hpp
-- Up-to-date symlink: /home/dbot2/dbot_vda5050_ilmatar/install/vda5050_msgs/include/vda5050_msgs/vda5050_msgs/msg/detail/position__builder.hpp
-- Up-to-date symlink: /home/dbot2/dbot_vda5050_ilmatar/install/vda5050_msgs/include/vda5050_msgs/vda5050_msgs/msg/detail/position__struct.hpp
-- Up-to-date symlink: /home/dbot2/dbot_vda5050_ilmatar/install/vda5050_msgs/include/vda5050_msgs/vda5050_msgs/msg/detail/position__traits.hpp
-- Up-to-date symlink: /home/dbot2/dbot_vda5050_ilmatar/install/vda5050_msgs/include/vda5050_msgs/vda5050_msgs/msg/detail/position__type_support.hpp
-- Up-to-date symlink: /home/dbot2/dbot_vda5050_ilmatar/install/vda5050_msgs/include/vda5050_msgs/vda5050_msgs/msg/detail/protocol_features__builder.hpp
-- Up-to-date symlink: /home/dbot2/dbot_vda5050_ilmatar/install/vda5050_msgs/include/vda5050_msgs/vda5050_msgs/msg/detail/protocol_features__struct.hpp
-- Up-to-date symlink: /home/dbot2/dbot_vda5050_ilmatar/install/vda5050_msgs/include/vda5050_msgs/vda5050_msgs/msg/detail/protocol_features__traits.hpp
-- Up-to-date symlink: /home/dbot2/dbot_vda5050_ilmatar/install/vda5050_msgs/include/vda5050_msgs/vda5050_msgs/msg/detail/protocol_features__type_support.hpp
-- Up-to-date symlink: /home/dbot2/dbot_vda5050_ilmatar/install/vda5050_msgs/include/vda5050_msgs/vda5050_msgs/msg/detail/protocol_limits__builder.hpp
-- Up-to-date symlink: /home/dbot2/dbot_vda5050_ilmatar/install/vda5050_msgs/include/vda5050_msgs/vda5050_msgs/msg/detail/protocol_limits__struct.hpp
-- Up-to-date symlink: /home/dbot2/dbot_vda5050_ilmatar/install/vda5050_msgs/include/vda5050_msgs/vda5050_msgs/msg/detail/protocol_limits__traits.hpp
-- Up-to-date symlink: /home/dbot2/dbot_vda5050_ilmatar/install/vda5050_msgs/include/vda5050_msgs/vda5050_msgs/msg/detail/protocol_limits__type_support.hpp
-- Up-to-date symlink: /home/dbot2/dbot_vda5050_ilmatar/install/vda5050_msgs/include/vda5050_msgs/vda5050_msgs/msg/detail/safety_state__builder.hpp
-- Up-to-date symlink: /home/dbot2/dbot_vda5050_ilmatar/install/vda5050_msgs/include/vda5050_msgs/vda5050_msgs/msg/detail/safety_state__struct.hpp
-- Up-to-date symlink: /home/dbot2/dbot_vda5050_ilmatar/install/vda5050_msgs/include/vda5050_msgs/vda5050_msgs/msg/detail/safety_state__traits.hpp
-- Up-to-date symlink: /home/dbot2/dbot_vda5050_ilmatar/install/vda5050_msgs/include/vda5050_msgs/vda5050_msgs/msg/detail/safety_state__type_support.hpp
-- Up-to-date symlink: /home/dbot2/dbot_vda5050_ilmatar/install/vda5050_msgs/include/vda5050_msgs/vda5050_msgs/msg/detail/timing__builder.hpp
-- Up-to-date symlink: /home/dbot2/dbot_vda5050_ilmatar/install/vda5050_msgs/include/vda5050_msgs/vda5050_msgs/msg/detail/timing__struct.hpp
-- Up-to-date symlink: /home/dbot2/dbot_vda5050_ilmatar/install/vda5050_msgs/include/vda5050_msgs/vda5050_msgs/msg/detail/timing__traits.hpp
-- Up-to-date symlink: /home/dbot2/dbot_vda5050_ilmatar/install/vda5050_msgs/include/vda5050_msgs/vda5050_msgs/msg/detail/timing__type_support.hpp
-- Up-to-date symlink: /home/dbot2/dbot_vda5050_ilmatar/install/vda5050_msgs/include/vda5050_msgs/vda5050_msgs/msg/detail/trajectory__builder.hpp
-- Up-to-date symlink: /home/dbot2/dbot_vda5050_ilmatar/install/vda5050_msgs/include/vda5050_msgs/vda5050_msgs/msg/detail/trajectory__struct.hpp
-- Up-to-date symlink: /home/dbot2/dbot_vda5050_ilmatar/install/vda5050_msgs/include/vda5050_msgs/vda5050_msgs/msg/detail/trajectory__traits.hpp
-- Up-to-date symlink: /home/dbot2/dbot_vda5050_ilmatar/install/vda5050_msgs/include/vda5050_msgs/vda5050_msgs/msg/detail/trajectory__type_support.hpp
-- Up-to-date symlink: /home/dbot2/dbot_vda5050_ilmatar/install/vda5050_msgs/include/vda5050_msgs/vda5050_msgs/msg/detail/type_specification__builder.hpp
-- Up-to-date symlink: /home/dbot2/dbot_vda5050_ilmatar/install/vda5050_msgs/include/vda5050_msgs/vda5050_msgs/msg/detail/type_specification__struct.hpp
-- Up-to-date symlink: /home/dbot2/dbot_vda5050_ilmatar/install/vda5050_msgs/include/vda5050_msgs/vda5050_msgs/msg/detail/type_specification__traits.hpp
-- Up-to-date symlink: /home/dbot2/dbot_vda5050_ilmatar/install/vda5050_msgs/include/vda5050_msgs/vda5050_msgs/msg/detail/type_specification__type_support.hpp
-- Up-to-date symlink: /home/dbot2/dbot_vda5050_ilmatar/install/vda5050_msgs/include/vda5050_msgs/vda5050_msgs/msg/detail/velocity__builder.hpp
-- Up-to-date symlink: /home/dbot2/dbot_vda5050_ilmatar/install/vda5050_msgs/include/vda5050_msgs/vda5050_msgs/msg/detail/velocity__struct.hpp
-- Up-to-date symlink: /home/dbot2/dbot_vda5050_ilmatar/install/vda5050_msgs/include/vda5050_msgs/vda5050_msgs/msg/detail/velocity__traits.hpp
-- Up-to-date symlink: /home/dbot2/dbot_vda5050_ilmatar/install/vda5050_msgs/include/vda5050_msgs/vda5050_msgs/msg/detail/velocity__type_support.hpp
-- Up-to-date symlink: /home/dbot2/dbot_vda5050_ilmatar/install/vda5050_msgs/include/vda5050_msgs/vda5050_msgs/msg/detail/visualization__builder.hpp
-- Up-to-date symlink: /home/dbot2/dbot_vda5050_ilmatar/install/vda5050_msgs/include/vda5050_msgs/vda5050_msgs/msg/detail/visualization__struct.hpp
-- Up-to-date symlink: /home/dbot2/dbot_vda5050_ilmatar/install/vda5050_msgs/include/vda5050_msgs/vda5050_msgs/msg/detail/visualization__traits.hpp
-- Up-to-date symlink: /home/dbot2/dbot_vda5050_ilmatar/install/vda5050_msgs/include/vda5050_msgs/vda5050_msgs/msg/detail/visualization__type_support.hpp
-- Up-to-date symlink: /home/dbot2/dbot_vda5050_ilmatar/install/vda5050_msgs/include/vda5050_msgs/vda5050_msgs/msg/detail/wheel_definition__builder.hpp
-- Up-to-date symlink: /home/dbot2/dbot_vda5050_ilmatar/install/vda5050_msgs/include/vda5050_msgs/vda5050_msgs/msg/detail/wheel_definition__struct.hpp
-- Up-to-date symlink: /home/dbot2/dbot_vda5050_ilmatar/install/vda5050_msgs/include/vda5050_msgs/vda5050_msgs/msg/detail/wheel_definition__traits.hpp
-- Up-to-date symlink: /home/dbot2/dbot_vda5050_ilmatar/install/vda5050_msgs/include/vda5050_msgs/vda5050_msgs/msg/detail/wheel_definition__type_support.hpp
-- Up-to-date symlink: /home/dbot2/dbot_vda5050_ilmatar/install/vda5050_msgs/include/vda5050_msgs/vda5050_msgs/msg/edge.hpp
-- Up-to-date symlink: /home/dbot2/dbot_vda5050_ilmatar/install/vda5050_msgs/include/vda5050_msgs/vda5050_msgs/msg/edge_state.hpp
-- Up-to-date symlink: /home/dbot2/dbot_vda5050_ilmatar/install/vda5050_msgs/include/vda5050_msgs/vda5050_msgs/msg/envelope2_d.hpp
-- Up-to-date symlink: /home/dbot2/dbot_vda5050_ilmatar/install/vda5050_msgs/include/vda5050_msgs/vda5050_msgs/msg/envelope3_d.hpp
-- Up-to-date symlink: /home/dbot2/dbot_vda5050_ilmatar/install/vda5050_msgs/include/vda5050_msgs/vda5050_msgs/msg/error.hpp
-- Up-to-date symlink: /home/dbot2/dbot_vda5050_ilmatar/install/vda5050_msgs/include/vda5050_msgs/vda5050_msgs/msg/error_reference.hpp
-- Up-to-date symlink: /home/dbot2/dbot_vda5050_ilmatar/install/vda5050_msgs/include/vda5050_msgs/vda5050_msgs/msg/factsheet.hpp
-- Up-to-date symlink: /home/dbot2/dbot_vda5050_ilmatar/install/vda5050_msgs/include/vda5050_msgs/vda5050_msgs/msg/header.hpp
-- Up-to-date symlink: /home/dbot2/dbot_vda5050_ilmatar/install/vda5050_msgs/include/vda5050_msgs/vda5050_msgs/msg/info.hpp
-- Up-to-date symlink: /home/dbot2/dbot_vda5050_ilmatar/install/vda5050_msgs/include/vda5050_msgs/vda5050_msgs/msg/info_reference.hpp
-- Up-to-date symlink: /home/dbot2/dbot_vda5050_ilmatar/install/vda5050_msgs/include/vda5050_msgs/vda5050_msgs/msg/instant_actions.hpp
-- Up-to-date symlink: /home/dbot2/dbot_vda5050_ilmatar/install/vda5050_msgs/include/vda5050_msgs/vda5050_msgs/msg/load.hpp
-- Up-to-date symlink: /home/dbot2/dbot_vda5050_ilmatar/install/vda5050_msgs/include/vda5050_msgs/vda5050_msgs/msg/load_dimensions.hpp
-- Up-to-date symlink: /home/dbot2/dbot_vda5050_ilmatar/install/vda5050_msgs/include/vda5050_msgs/vda5050_msgs/msg/load_set.hpp
-- Up-to-date symlink: /home/dbot2/dbot_vda5050_ilmatar/install/vda5050_msgs/include/vda5050_msgs/vda5050_msgs/msg/load_specification.hpp
-- Up-to-date symlink: /home/dbot2/dbot_vda5050_ilmatar/install/vda5050_msgs/include/vda5050_msgs/vda5050_msgs/msg/max_array_lens.hpp
-- Up-to-date symlink: /home/dbot2/dbot_vda5050_ilmatar/install/vda5050_msgs/include/vda5050_msgs/vda5050_msgs/msg/max_string_lens.hpp
-- Up-to-date symlink: /home/dbot2/dbot_vda5050_ilmatar/install/vda5050_msgs/include/vda5050_msgs/vda5050_msgs/msg/node.hpp
-- Up-to-date symlink: /home/dbot2/dbot_vda5050_ilmatar/install/vda5050_msgs/include/vda5050_msgs/vda5050_msgs/msg/node_position.hpp
-- Up-to-date symlink: /home/dbot2/dbot_vda5050_ilmatar/install/vda5050_msgs/include/vda5050_msgs/vda5050_msgs/msg/node_state.hpp
-- Up-to-date symlink: /home/dbot2/dbot_vda5050_ilmatar/install/vda5050_msgs/include/vda5050_msgs/vda5050_msgs/msg/optional_parameter.hpp
-- Up-to-date symlink: /home/dbot2/dbot_vda5050_ilmatar/install/vda5050_msgs/include/vda5050_msgs/vda5050_msgs/msg/order.hpp
-- Up-to-date symlink: /home/dbot2/dbot_vda5050_ilmatar/install/vda5050_msgs/include/vda5050_msgs/vda5050_msgs/msg/order_state.hpp
-- Up-to-date symlink: /home/dbot2/dbot_vda5050_ilmatar/install/vda5050_msgs/include/vda5050_msgs/vda5050_msgs/msg/physical_parameters.hpp
-- Up-to-date symlink: /home/dbot2/dbot_vda5050_ilmatar/install/vda5050_msgs/include/vda5050_msgs/vda5050_msgs/msg/polygon_point.hpp
-- Up-to-date symlink: /home/dbot2/dbot_vda5050_ilmatar/install/vda5050_msgs/include/vda5050_msgs/vda5050_msgs/msg/position.hpp
-- Up-to-date symlink: /home/dbot2/dbot_vda5050_ilmatar/install/vda5050_msgs/include/vda5050_msgs/vda5050_msgs/msg/protocol_features.hpp
-- Up-to-date symlink: /home/dbot2/dbot_vda5050_ilmatar/install/vda5050_msgs/include/vda5050_msgs/vda5050_msgs/msg/protocol_limits.hpp
-- Up-to-date symlink: /home/dbot2/dbot_vda5050_ilmatar/install/vda5050_msgs/include/vda5050_msgs/vda5050_msgs/msg/rosidl_generator_cpp__visibility_control.hpp
-- Up-to-date symlink: /home/dbot2/dbot_vda5050_ilmatar/install/vda5050_msgs/include/vda5050_msgs/vda5050_msgs/msg/safety_state.hpp
-- Up-to-date symlink: /home/dbot2/dbot_vda5050_ilmatar/install/vda5050_msgs/include/vda5050_msgs/vda5050_msgs/msg/timing.hpp
-- Up-to-date symlink: /home/dbot2/dbot_vda5050_ilmatar/install/vda5050_msgs/include/vda5050_msgs/vda5050_msgs/msg/trajectory.hpp
-- Up-to-date symlink: /home/dbot2/dbot_vda5050_ilmatar/install/vda5050_msgs/include/vda5050_msgs/vda5050_msgs/msg/type_specification.hpp
-- Up-to-date symlink: /home/dbot2/dbot_vda5050_ilmatar/install/vda5050_msgs/include/vda5050_msgs/vda5050_msgs/msg/velocity.hpp
-- Up-to-date symlink: /home/dbot2/dbot_vda5050_ilmatar/install/vda5050_msgs/include/vda5050_msgs/vda5050_msgs/msg/visualization.hpp
-- Up-to-date symlink: /home/dbot2/dbot_vda5050_ilmatar/install/vda5050_msgs/include/vda5050_msgs/vda5050_msgs/msg/wheel_definition.hpp
-- Up-to-date symlink: /home/dbot2/dbot_vda5050_ilmatar/install/vda5050_msgs/include/vda5050_msgs/vda5050_msgs/msg/detail/action__rosidl_typesupport_fastrtps_cpp.hpp
-- Up-to-date symlink: /home/dbot2/dbot_vda5050_ilmatar/install/vda5050_msgs/include/vda5050_msgs/vda5050_msgs/msg/detail/action_parameter__rosidl_typesupport_fastrtps_cpp.hpp
-- Up-to-date symlink: /home/dbot2/dbot_vda5050_ilmatar/install/vda5050_msgs/include/vda5050_msgs/vda5050_msgs/msg/detail/action_parameter_definition__rosidl_typesupport_fastrtps_cpp.hpp
-- Up-to-date symlink: /home/dbot2/dbot_vda5050_ilmatar/install/vda5050_msgs/include/vda5050_msgs/vda5050_msgs/msg/detail/agv_action__rosidl_typesupport_fastrtps_cpp.hpp
-- Up-to-date symlink: /home/dbot2/dbot_vda5050_ilmatar/install/vda5050_msgs/include/vda5050_msgs/vda5050_msgs/msg/detail/agv_geometry__rosidl_typesupport_fastrtps_cpp.hpp
-- Up-to-date symlink: /home/dbot2/dbot_vda5050_ilmatar/install/vda5050_msgs/include/vda5050_msgs/vda5050_msgs/msg/detail/agv_position__rosidl_typesupport_fastrtps_cpp.hpp
-- Up-to-date symlink: /home/dbot2/dbot_vda5050_ilmatar/install/vda5050_msgs/include/vda5050_msgs/vda5050_msgs/msg/detail/battery_state__rosidl_typesupport_fastrtps_cpp.hpp
-- Up-to-date symlink: /home/dbot2/dbot_vda5050_ilmatar/install/vda5050_msgs/include/vda5050_msgs/vda5050_msgs/msg/detail/bounding_box_reference__rosidl_typesupport_fastrtps_cpp.hpp
-- Up-to-date symlink: /home/dbot2/dbot_vda5050_ilmatar/install/vda5050_msgs/include/vda5050_msgs/vda5050_msgs/msg/detail/connection__rosidl_typesupport_fastrtps_cpp.hpp
-- Up-to-date symlink: /home/dbot2/dbot_vda5050_ilmatar/install/vda5050_msgs/include/vda5050_msgs/vda5050_msgs/msg/detail/control_point__rosidl_typesupport_fastrtps_cpp.hpp
-- Up-to-date symlink: /home/dbot2/dbot_vda5050_ilmatar/install/vda5050_msgs/include/vda5050_msgs/vda5050_msgs/msg/detail/current_action__rosidl_typesupport_fastrtps_cpp.hpp
-- Up-to-date symlink: /home/dbot2/dbot_vda5050_ilmatar/install/vda5050_msgs/include/vda5050_msgs/vda5050_msgs/msg/detail/edge__rosidl_typesupport_fastrtps_cpp.hpp
-- Up-to-date symlink: /home/dbot2/dbot_vda5050_ilmatar/install/vda5050_msgs/include/vda5050_msgs/vda5050_msgs/msg/detail/edge_state__rosidl_typesupport_fastrtps_cpp.hpp
-- Up-to-date symlink: /home/dbot2/dbot_vda5050_ilmatar/install/vda5050_msgs/include/vda5050_msgs/vda5050_msgs/msg/detail/envelope2_d__rosidl_typesupport_fastrtps_cpp.hpp
-- Up-to-date symlink: /home/dbot2/dbot_vda5050_ilmatar/install/vda5050_msgs/include/vda5050_msgs/vda5050_msgs/msg/detail/envelope3_d__rosidl_typesupport_fastrtps_cpp.hpp
-- Up-to-date symlink: /home/dbot2/dbot_vda5050_ilmatar/install/vda5050_msgs/include/vda5050_msgs/vda5050_msgs/msg/detail/error__rosidl_typesupport_fastrtps_cpp.hpp
-- Up-to-date symlink: /home/dbot2/dbot_vda5050_ilmatar/install/vda5050_msgs/include/vda5050_msgs/vda5050_msgs/msg/detail/error_reference__rosidl_typesupport_fastrtps_cpp.hpp
-- Up-to-date symlink: /home/dbot2/dbot_vda5050_ilmatar/install/vda5050_msgs/include/vda5050_msgs/vda5050_msgs/msg/detail/factsheet__rosidl_typesupport_fastrtps_cpp.hpp
-- Up-to-date symlink: /home/dbot2/dbot_vda5050_ilmatar/install/vda5050_msgs/include/vda5050_msgs/vda5050_msgs/msg/detail/header__rosidl_typesupport_fastrtps_cpp.hpp
-- Up-to-date symlink: /home/dbot2/dbot_vda5050_ilmatar/install/vda5050_msgs/include/vda5050_msgs/vda5050_msgs/msg/detail/info__rosidl_typesupport_fastrtps_cpp.hpp
-- Up-to-date symlink: /home/dbot2/dbot_vda5050_ilmatar/install/vda5050_msgs/include/vda5050_msgs/vda5050_msgs/msg/detail/info_reference__rosidl_typesupport_fastrtps_cpp.hpp
-- Up-to-date symlink: /home/dbot2/dbot_vda5050_ilmatar/install/vda5050_msgs/include/vda5050_msgs/vda5050_msgs/msg/detail/instant_actions__rosidl_typesupport_fastrtps_cpp.hpp
-- Up-to-date symlink: /home/dbot2/dbot_vda5050_ilmatar/install/vda5050_msgs/include/vda5050_msgs/vda5050_msgs/msg/detail/load__rosidl_typesupport_fastrtps_cpp.hpp
-- Up-to-date symlink: /home/dbot2/dbot_vda5050_ilmatar/install/vda5050_msgs/include/vda5050_msgs/vda5050_msgs/msg/detail/load_dimensions__rosidl_typesupport_fastrtps_cpp.hpp
-- Up-to-date symlink: /home/dbot2/dbot_vda5050_ilmatar/install/vda5050_msgs/include/vda5050_msgs/vda5050_msgs/msg/detail/load_set__rosidl_typesupport_fastrtps_cpp.hpp
-- Up-to-date symlink: /home/dbot2/dbot_vda5050_ilmatar/install/vda5050_msgs/include/vda5050_msgs/vda5050_msgs/msg/detail/load_specification__rosidl_typesupport_fastrtps_cpp.hpp
-- Up-to-date symlink: /home/dbot2/dbot_vda5050_ilmatar/install/vda5050_msgs/include/vda5050_msgs/vda5050_msgs/msg/detail/max_array_lens__rosidl_typesupport_fastrtps_cpp.hpp
-- Up-to-date symlink: /home/dbot2/dbot_vda5050_ilmatar/install/vda5050_msgs/include/vda5050_msgs/vda5050_msgs/msg/detail/max_string_lens__rosidl_typesupport_fastrtps_cpp.hpp
-- Up-to-date symlink: /home/dbot2/dbot_vda5050_ilmatar/install/vda5050_msgs/include/vda5050_msgs/vda5050_msgs/msg/detail/node__rosidl_typesupport_fastrtps_cpp.hpp
-- Up-to-date symlink: /home/dbot2/dbot_vda5050_ilmatar/install/vda5050_msgs/include/vda5050_msgs/vda5050_msgs/msg/detail/node_position__rosidl_typesupport_fastrtps_cpp.hpp
-- Up-to-date symlink: /home/dbot2/dbot_vda5050_ilmatar/install/vda5050_msgs/include/vda5050_msgs/vda5050_msgs/msg/detail/node_state__rosidl_typesupport_fastrtps_cpp.hpp
-- Up-to-date symlink: /home/dbot2/dbot_vda5050_ilmatar/install/vda5050_msgs/include/vda5050_msgs/vda5050_msgs/msg/detail/optional_parameter__rosidl_typesupport_fastrtps_cpp.hpp
-- Up-to-date symlink: /home/dbot2/dbot_vda5050_ilmatar/install/vda5050_msgs/include/vda5050_msgs/vda5050_msgs/msg/detail/order__rosidl_typesupport_fastrtps_cpp.hpp
-- Up-to-date symlink: /home/dbot2/dbot_vda5050_ilmatar/install/vda5050_msgs/include/vda5050_msgs/vda5050_msgs/msg/detail/order_state__rosidl_typesupport_fastrtps_cpp.hpp
-- Up-to-date symlink: /home/dbot2/dbot_vda5050_ilmatar/install/vda5050_msgs/include/vda5050_msgs/vda5050_msgs/msg/detail/physical_parameters__rosidl_typesupport_fastrtps_cpp.hpp
-- Up-to-date symlink: /home/dbot2/dbot_vda5050_ilmatar/install/vda5050_msgs/include/vda5050_msgs/vda5050_msgs/msg/detail/polygon_point__rosidl_typesupport_fastrtps_cpp.hpp
-- Up-to-date symlink: /home/dbot2/dbot_vda5050_ilmatar/install/vda5050_msgs/include/vda5050_msgs/vda5050_msgs/msg/detail/position__rosidl_typesupport_fastrtps_cpp.hpp
-- Up-to-date symlink: /home/dbot2/dbot_vda5050_ilmatar/install/vda5050_msgs/include/vda5050_msgs/vda5050_msgs/msg/detail/protocol_features__rosidl_typesupport_fastrtps_cpp.hpp
-- Up-to-date symlink: /home/dbot2/dbot_vda5050_ilmatar/install/vda5050_msgs/include/vda5050_msgs/vda5050_msgs/msg/detail/protocol_limits__rosidl_typesupport_fastrtps_cpp.hpp
-- Up-to-date symlink: /home/dbot2/dbot_vda5050_ilmatar/install/vda5050_msgs/include/vda5050_msgs/vda5050_msgs/msg/detail/safety_state__rosidl_typesupport_fastrtps_cpp.hpp
-- Up-to-date symlink: /home/dbot2/dbot_vda5050_ilmatar/install/vda5050_msgs/include/vda5050_msgs/vda5050_msgs/msg/detail/timing__rosidl_typesupport_fastrtps_cpp.hpp
-- Up-to-date symlink: /home/dbot2/dbot_vda5050_ilmatar/install/vda5050_msgs/include/vda5050_msgs/vda5050_msgs/msg/detail/trajectory__rosidl_typesupport_fastrtps_cpp.hpp
-- Up-to-date symlink: /home/dbot2/dbot_vda5050_ilmatar/install/vda5050_msgs/include/vda5050_msgs/vda5050_msgs/msg/detail/type_specification__rosidl_typesupport_fastrtps_cpp.hpp
-- Up-to-date symlink: /home/dbot2/dbot_vda5050_ilmatar/install/vda5050_msgs/include/vda5050_msgs/vda5050_msgs/msg/detail/velocity__rosidl_typesupport_fastrtps_cpp.hpp
-- Up-to-date symlink: /home/dbot2/dbot_vda5050_ilmatar/install/vda5050_msgs/include/vda5050_msgs/vda5050_msgs/msg/detail/visualization__rosidl_typesupport_fastrtps_cpp.hpp
-- Up-to-date symlink: /home/dbot2/dbot_vda5050_ilmatar/install/vda5050_msgs/include/vda5050_msgs/vda5050_msgs/msg/detail/wheel_definition__rosidl_typesupport_fastrtps_cpp.hpp
-- Up-to-date symlink: /home/dbot2/dbot_vda5050_ilmatar/install/vda5050_msgs/include/vda5050_msgs/vda5050_msgs/msg/rosidl_typesupport_fastrtps_cpp__visibility_control.h
-- Up-to-date symlink: /home/dbot2/dbot_vda5050_ilmatar/install/vda5050_msgs/include/vda5050_msgs/vda5050_msgs/msg/detail/action__rosidl_typesupport_introspection_c.h
-- Up-to-date symlink: /home/dbot2/dbot_vda5050_ilmatar/install/vda5050_msgs/include/vda5050_msgs/vda5050_msgs/msg/detail/action_parameter__rosidl_typesupport_introspection_c.h
-- Up-to-date symlink: /home/dbot2/dbot_vda5050_ilmatar/install/vda5050_msgs/include/vda5050_msgs/vda5050_msgs/msg/detail/action_parameter_definition__rosidl_typesupport_introspection_c.h
-- Up-to-date symlink: /home/dbot2/dbot_vda5050_ilmatar/install/vda5050_msgs/include/vda5050_msgs/vda5050_msgs/msg/detail/agv_action__rosidl_typesupport_introspection_c.h
-- Up-to-date symlink: /home/dbot2/dbot_vda5050_ilmatar/install/vda5050_msgs/include/vda5050_msgs/vda5050_msgs/msg/detail/agv_geometry__rosidl_typesupport_introspection_c.h
-- Up-to-date symlink: /home/dbot2/dbot_vda5050_ilmatar/install/vda5050_msgs/include/vda5050_msgs/vda5050_msgs/msg/detail/agv_position__rosidl_typesupport_introspection_c.h
-- Up-to-date symlink: /home/dbot2/dbot_vda5050_ilmatar/install/vda5050_msgs/include/vda5050_msgs/vda5050_msgs/msg/detail/battery_state__rosidl_typesupport_introspection_c.h
-- Up-to-date symlink: /home/dbot2/dbot_vda5050_ilmatar/install/vda5050_msgs/include/vda5050_msgs/vda5050_msgs/msg/detail/bounding_box_reference__rosidl_typesupport_introspection_c.h
-- Up-to-date symlink: /home/dbot2/dbot_vda5050_ilmatar/install/vda5050_msgs/include/vda5050_msgs/vda5050_msgs/msg/detail/connection__rosidl_typesupport_introspection_c.h
-- Up-to-date symlink: /home/dbot2/dbot_vda5050_ilmatar/install/vda5050_msgs/include/vda5050_msgs/vda5050_msgs/msg/detail/control_point__rosidl_typesupport_introspection_c.h
-- Up-to-date symlink: /home/dbot2/dbot_vda5050_ilmatar/install/vda5050_msgs/include/vda5050_msgs/vda5050_msgs/msg/detail/current_action__rosidl_typesupport_introspection_c.h
-- Up-to-date symlink: /home/dbot2/dbot_vda5050_ilmatar/install/vda5050_msgs/include/vda5050_msgs/vda5050_msgs/msg/detail/edge__rosidl_typesupport_introspection_c.h
-- Up-to-date symlink: /home/dbot2/dbot_vda5050_ilmatar/install/vda5050_msgs/include/vda5050_msgs/vda5050_msgs/msg/detail/edge_state__rosidl_typesupport_introspection_c.h
-- Up-to-date symlink: /home/dbot2/dbot_vda5050_ilmatar/install/vda5050_msgs/include/vda5050_msgs/vda5050_msgs/msg/detail/envelope2_d__rosidl_typesupport_introspection_c.h
-- Up-to-date symlink: /home/dbot2/dbot_vda5050_ilmatar/install/vda5050_msgs/include/vda5050_msgs/vda5050_msgs/msg/detail/envelope3_d__rosidl_typesupport_introspection_c.h
-- Up-to-date symlink: /home/dbot2/dbot_vda5050_ilmatar/install/vda5050_msgs/include/vda5050_msgs/vda5050_msgs/msg/detail/error__rosidl_typesupport_introspection_c.h
-- Up-to-date symlink: /home/dbot2/dbot_vda5050_ilmatar/install/vda5050_msgs/include/vda5050_msgs/vda5050_msgs/msg/detail/error_reference__rosidl_typesupport_introspection_c.h
-- Up-to-date symlink: /home/dbot2/dbot_vda5050_ilmatar/install/vda5050_msgs/include/vda5050_msgs/vda5050_msgs/msg/detail/factsheet__rosidl_typesupport_introspection_c.h
-- Up-to-date symlink: /home/dbot2/dbot_vda5050_ilmatar/install/vda5050_msgs/include/vda5050_msgs/vda5050_msgs/msg/detail/header__rosidl_typesupport_introspection_c.h
-- Up-to-date symlink: /home/dbot2/dbot_vda5050_ilmatar/install/vda5050_msgs/include/vda5050_msgs/vda5050_msgs/msg/detail/info__rosidl_typesupport_introspection_c.h
-- Up-to-date symlink: /home/dbot2/dbot_vda5050_ilmatar/install/vda5050_msgs/include/vda5050_msgs/vda5050_msgs/msg/detail/info_reference__rosidl_typesupport_introspection_c.h
-- Up-to-date symlink: /home/dbot2/dbot_vda5050_ilmatar/install/vda5050_msgs/include/vda5050_msgs/vda5050_msgs/msg/detail/instant_actions__rosidl_typesupport_introspection_c.h
-- Up-to-date symlink: /home/dbot2/dbot_vda5050_ilmatar/install/vda5050_msgs/include/vda5050_msgs/vda5050_msgs/msg/detail/load__rosidl_typesupport_introspection_c.h
-- Up-to-date symlink: /home/dbot2/dbot_vda5050_ilmatar/install/vda5050_msgs/include/vda5050_msgs/vda5050_msgs/msg/detail/load_dimensions__rosidl_typesupport_introspection_c.h
-- Up-to-date symlink: /home/dbot2/dbot_vda5050_ilmatar/install/vda5050_msgs/include/vda5050_msgs/vda5050_msgs/msg/detail/load_set__rosidl_typesupport_introspection_c.h
-- Up-to-date symlink: /home/dbot2/dbot_vda5050_ilmatar/install/vda5050_msgs/include/vda5050_msgs/vda5050_msgs/msg/detail/load_specification__rosidl_typesupport_introspection_c.h
-- Up-to-date symlink: /home/dbot2/dbot_vda5050_ilmatar/install/vda5050_msgs/include/vda5050_msgs/vda5050_msgs/msg/detail/max_array_lens__rosidl_typesupport_introspection_c.h
-- Up-to-date symlink: /home/dbot2/dbot_vda5050_ilmatar/install/vda5050_msgs/include/vda5050_msgs/vda5050_msgs/msg/detail/max_string_lens__rosidl_typesupport_introspection_c.h
-- Up-to-date symlink: /home/dbot2/dbot_vda5050_ilmatar/install/vda5050_msgs/include/vda5050_msgs/vda5050_msgs/msg/detail/node__rosidl_typesupport_introspection_c.h
-- Up-to-date symlink: /home/dbot2/dbot_vda5050_ilmatar/install/vda5050_msgs/include/vda5050_msgs/vda5050_msgs/msg/detail/node_position__rosidl_typesupport_introspection_c.h
-- Up-to-date symlink: /home/dbot2/dbot_vda5050_ilmatar/install/vda5050_msgs/include/vda5050_msgs/vda5050_msgs/msg/detail/node_state__rosidl_typesupport_introspection_c.h
-- Up-to-date symlink: /home/dbot2/dbot_vda5050_ilmatar/install/vda5050_msgs/include/vda5050_msgs/vda5050_msgs/msg/detail/optional_parameter__rosidl_typesupport_introspection_c.h
-- Up-to-date symlink: /home/dbot2/dbot_vda5050_ilmatar/install/vda5050_msgs/include/vda5050_msgs/vda5050_msgs/msg/detail/order__rosidl_typesupport_introspection_c.h
-- Up-to-date symlink: /home/dbot2/dbot_vda5050_ilmatar/install/vda5050_msgs/include/vda5050_msgs/vda5050_msgs/msg/detail/order_state__rosidl_typesupport_introspection_c.h
-- Up-to-date symlink: /home/dbot2/dbot_vda5050_ilmatar/install/vda5050_msgs/include/vda5050_msgs/vda5050_msgs/msg/detail/physical_parameters__rosidl_typesupport_introspection_c.h
-- Up-to-date symlink: /home/dbot2/dbot_vda5050_ilmatar/install/vda5050_msgs/include/vda5050_msgs/vda5050_msgs/msg/detail/polygon_point__rosidl_typesupport_introspection_c.h
-- Up-to-date symlink: /home/dbot2/dbot_vda5050_ilmatar/install/vda5050_msgs/include/vda5050_msgs/vda5050_msgs/msg/detail/position__rosidl_typesupport_introspection_c.h
-- Up-to-date symlink: /home/dbot2/dbot_vda5050_ilmatar/install/vda5050_msgs/include/vda5050_msgs/vda5050_msgs/msg/detail/protocol_features__rosidl_typesupport_introspection_c.h
-- Up-to-date symlink: /home/dbot2/dbot_vda5050_ilmatar/install/vda5050_msgs/include/vda5050_msgs/vda5050_msgs/msg/detail/protocol_limits__rosidl_typesupport_introspection_c.h
-- Up-to-date symlink: /home/dbot2/dbot_vda5050_ilmatar/install/vda5050_msgs/include/vda5050_msgs/vda5050_msgs/msg/detail/safety_state__rosidl_typesupport_introspection_c.h
-- Up-to-date symlink: /home/dbot2/dbot_vda5050_ilmatar/install/vda5050_msgs/include/vda5050_msgs/vda5050_msgs/msg/detail/timing__rosidl_typesupport_introspection_c.h
-- Up-to-date symlink: /home/dbot2/dbot_vda5050_ilmatar/install/vda5050_msgs/include/vda5050_msgs/vda5050_msgs/msg/detail/trajectory__rosidl_typesupport_introspection_c.h
-- Up-to-date symlink: /home/dbot2/dbot_vda5050_ilmatar/install/vda5050_msgs/include/vda5050_msgs/vda5050_msgs/msg/detail/type_specification__rosidl_typesupport_introspection_c.h
-- Up-to-date symlink: /home/dbot2/dbot_vda5050_ilmatar/install/vda5050_msgs/include/vda5050_msgs/vda5050_msgs/msg/detail/velocity__rosidl_typesupport_introspection_c.h
-- Up-to-date symlink: /home/dbot2/dbot_vda5050_ilmatar/install/vda5050_msgs/include/vda5050_msgs/vda5050_msgs/msg/detail/visualization__rosidl_typesupport_introspection_c.h
-- Up-to-date symlink: /home/dbot2/dbot_vda5050_ilmatar/install/vda5050_msgs/include/vda5050_msgs/vda5050_msgs/msg/detail/wheel_definition__rosidl_typesupport_introspection_c.h
-- Up-to-date symlink: /home/dbot2/dbot_vda5050_ilmatar/install/vda5050_msgs/include/vda5050_msgs/vda5050_msgs/msg/rosidl_typesupport_introspection_c__visibility_control.h
-- Up-to-date symlink: /home/dbot2/dbot_vda5050_ilmatar/install/vda5050_msgs/include/vda5050_msgs/vda5050_msgs/msg/detail/action__rosidl_typesupport_introspection_cpp.hpp
-- Up-to-date symlink: /home/dbot2/dbot_vda5050_ilmatar/install/vda5050_msgs/include/vda5050_msgs/vda5050_msgs/msg/detail/action_parameter__rosidl_typesupport_introspection_cpp.hpp
-- Up-to-date symlink: /home/dbot2/dbot_vda5050_ilmatar/install/vda5050_msgs/include/vda5050_msgs/vda5050_msgs/msg/detail/action_parameter_definition__rosidl_typesupport_introspection_cpp.hpp
-- Up-to-date symlink: /home/dbot2/dbot_vda5050_ilmatar/install/vda5050_msgs/include/vda5050_msgs/vda5050_msgs/msg/detail/agv_action__rosidl_typesupport_introspection_cpp.hpp
-- Up-to-date symlink: /home/dbot2/dbot_vda5050_ilmatar/install/vda5050_msgs/include/vda5050_msgs/vda5050_msgs/msg/detail/agv_geometry__rosidl_typesupport_introspection_cpp.hpp
-- Up-to-date symlink: /home/dbot2/dbot_vda5050_ilmatar/install/vda5050_msgs/include/vda5050_msgs/vda5050_msgs/msg/detail/agv_position__rosidl_typesupport_introspection_cpp.hpp
-- Up-to-date symlink: /home/dbot2/dbot_vda5050_ilmatar/install/vda5050_msgs/include/vda5050_msgs/vda5050_msgs/msg/detail/battery_state__rosidl_typesupport_introspection_cpp.hpp
-- Up-to-date symlink: /home/dbot2/dbot_vda5050_ilmatar/install/vda5050_msgs/include/vda5050_msgs/vda5050_msgs/msg/detail/bounding_box_reference__rosidl_typesupport_introspection_cpp.hpp
-- Up-to-date symlink: /home/dbot2/dbot_vda5050_ilmatar/install/vda5050_msgs/include/vda5050_msgs/vda5050_msgs/msg/detail/connection__rosidl_typesupport_introspection_cpp.hpp
-- Up-to-date symlink: /home/dbot2/dbot_vda5050_ilmatar/install/vda5050_msgs/include/vda5050_msgs/vda5050_msgs/msg/detail/control_point__rosidl_typesupport_introspection_cpp.hpp
-- Up-to-date symlink: /home/dbot2/dbot_vda5050_ilmatar/install/vda5050_msgs/include/vda5050_msgs/vda5050_msgs/msg/detail/current_action__rosidl_typesupport_introspection_cpp.hpp
-- Up-to-date symlink: /home/dbot2/dbot_vda5050_ilmatar/install/vda5050_msgs/include/vda5050_msgs/vda5050_msgs/msg/detail/edge__rosidl_typesupport_introspection_cpp.hpp
-- Up-to-date symlink: /home/dbot2/dbot_vda5050_ilmatar/install/vda5050_msgs/include/vda5050_msgs/vda5050_msgs/msg/detail/edge_state__rosidl_typesupport_introspection_cpp.hpp
-- Up-to-date symlink: /home/dbot2/dbot_vda5050_ilmatar/install/vda5050_msgs/include/vda5050_msgs/vda5050_msgs/msg/detail/envelope2_d__rosidl_typesupport_introspection_cpp.hpp
-- Up-to-date symlink: /home/dbot2/dbot_vda5050_ilmatar/install/vda5050_msgs/include/vda5050_msgs/vda5050_msgs/msg/detail/envelope3_d__rosidl_typesupport_introspection_cpp.hpp
-- Up-to-date symlink: /home/dbot2/dbot_vda5050_ilmatar/install/vda5050_msgs/include/vda5050_msgs/vda5050_msgs/msg/detail/error__rosidl_typesupport_introspection_cpp.hpp
-- Up-to-date symlink: /home/dbot2/dbot_vda5050_ilmatar/install/vda5050_msgs/include/vda5050_msgs/vda5050_msgs/msg/detail/error_reference__rosidl_typesupport_introspection_cpp.hpp
-- Up-to-date symlink: /home/dbot2/dbot_vda5050_ilmatar/install/vda5050_msgs/include/vda5050_msgs/vda5050_msgs/msg/detail/factsheet__rosidl_typesupport_introspection_cpp.hpp
-- Up-to-date symlink: /home/dbot2/dbot_vda5050_ilmatar/install/vda5050_msgs/include/vda5050_msgs/vda5050_msgs/msg/detail/header__rosidl_typesupport_introspection_cpp.hpp
-- Up-to-date symlink: /home/dbot2/dbot_vda5050_ilmatar/install/vda5050_msgs/include/vda5050_msgs/vda5050_msgs/msg/detail/info__rosidl_typesupport_introspection_cpp.hpp
-- Up-to-date symlink: /home/dbot2/dbot_vda5050_ilmatar/install/vda5050_msgs/include/vda5050_msgs/vda5050_msgs/msg/detail/info_reference__rosidl_typesupport_introspection_cpp.hpp
-- Up-to-date symlink: /home/dbot2/dbot_vda5050_ilmatar/install/vda5050_msgs/include/vda5050_msgs/vda5050_msgs/msg/detail/instant_actions__rosidl_typesupport_introspection_cpp.hpp
-- Up-to-date symlink: /home/dbot2/dbot_vda5050_ilmatar/install/vda5050_msgs/include/vda5050_msgs/vda5050_msgs/msg/detail/load__rosidl_typesupport_introspection_cpp.hpp
-- Up-to-date symlink: /home/dbot2/dbot_vda5050_ilmatar/install/vda5050_msgs/include/vda5050_msgs/vda5050_msgs/msg/detail/load_dimensions__rosidl_typesupport_introspection_cpp.hpp
-- Up-to-date symlink: /home/dbot2/dbot_vda5050_ilmatar/install/vda5050_msgs/include/vda5050_msgs/vda5050_msgs/msg/detail/load_set__rosidl_typesupport_introspection_cpp.hpp
-- Up-to-date symlink: /home/dbot2/dbot_vda5050_ilmatar/install/vda5050_msgs/include/vda5050_msgs/vda5050_msgs/msg/detail/load_specification__rosidl_typesupport_introspection_cpp.hpp
-- Up-to-date symlink: /home/dbot2/dbot_vda5050_ilmatar/install/vda5050_msgs/include/vda5050_msgs/vda5050_msgs/msg/detail/max_array_lens__rosidl_typesupport_introspection_cpp.hpp
-- Up-to-date symlink: /home/dbot2/dbot_vda5050_ilmatar/install/vda5050_msgs/include/vda5050_msgs/vda5050_msgs/msg/detail/max_string_lens__rosidl_typesupport_introspection_cpp.hpp
-- Up-to-date symlink: /home/dbot2/dbot_vda5050_ilmatar/install/vda5050_msgs/include/vda5050_msgs/vda5050_msgs/msg/detail/node__rosidl_typesupport_introspection_cpp.hpp
-- Up-to-date symlink: /home/dbot2/dbot_vda5050_ilmatar/install/vda5050_msgs/include/vda5050_msgs/vda5050_msgs/msg/detail/node_position__rosidl_typesupport_introspection_cpp.hpp
-- Up-to-date symlink: /home/dbot2/dbot_vda5050_ilmatar/install/vda5050_msgs/include/vda5050_msgs/vda5050_msgs/msg/detail/node_state__rosidl_typesupport_introspection_cpp.hpp
-- Up-to-date symlink: /home/dbot2/dbot_vda5050_ilmatar/install/vda5050_msgs/include/vda5050_msgs/vda5050_msgs/msg/detail/optional_parameter__rosidl_typesupport_introspection_cpp.hpp
-- Up-to-date symlink: /home/dbot2/dbot_vda5050_ilmatar/install/vda5050_msgs/include/vda5050_msgs/vda5050_msgs/msg/detail/order__rosidl_typesupport_introspection_cpp.hpp
-- Up-to-date symlink: /home/dbot2/dbot_vda5050_ilmatar/install/vda5050_msgs/include/vda5050_msgs/vda5050_msgs/msg/detail/order_state__rosidl_typesupport_introspection_cpp.hpp
-- Up-to-date symlink: /home/dbot2/dbot_vda5050_ilmatar/install/vda5050_msgs/include/vda5050_msgs/vda5050_msgs/msg/detail/physical_parameters__rosidl_typesupport_introspection_cpp.hpp
-- Up-to-date symlink: /home/dbot2/dbot_vda5050_ilmatar/install/vda5050_msgs/include/vda5050_msgs/vda5050_msgs/msg/detail/polygon_point__rosidl_typesupport_introspection_cpp.hpp
-- Up-to-date symlink: /home/dbot2/dbot_vda5050_ilmatar/install/vda5050_msgs/include/vda5050_msgs/vda5050_msgs/msg/detail/position__rosidl_typesupport_introspection_cpp.hpp
-- Up-to-date symlink: /home/dbot2/dbot_vda5050_ilmatar/install/vda5050_msgs/include/vda5050_msgs/vda5050_msgs/msg/detail/protocol_features__rosidl_typesupport_introspection_cpp.hpp
-- Up-to-date symlink: /home/dbot2/dbot_vda5050_ilmatar/install/vda5050_msgs/include/vda5050_msgs/vda5050_msgs/msg/detail/protocol_limits__rosidl_typesupport_introspection_cpp.hpp
-- Up-to-date symlink: /home/dbot2/dbot_vda5050_ilmatar/install/vda5050_msgs/include/vda5050_msgs/vda5050_msgs/msg/detail/safety_state__rosidl_typesupport_introspection_cpp.hpp
-- Up-to-date symlink: /home/dbot2/dbot_vda5050_ilmatar/install/vda5050_msgs/include/vda5050_msgs/vda5050_msgs/msg/detail/timing__rosidl_typesupport_introspection_cpp.hpp
-- Up-to-date symlink: /home/dbot2/dbot_vda5050_ilmatar/install/vda5050_msgs/include/vda5050_msgs/vda5050_msgs/msg/detail/trajectory__rosidl_typesupport_introspection_cpp.hpp
-- Up-to-date symlink: /home/dbot2/dbot_vda5050_ilmatar/install/vda5050_msgs/include/vda5050_msgs/vda5050_msgs/msg/detail/type_specification__rosidl_typesupport_introspection_cpp.hpp
-- Up-to-date symlink: /home/dbot2/dbot_vda5050_ilmatar/install/vda5050_msgs/include/vda5050_msgs/vda5050_msgs/msg/detail/velocity__rosidl_typesupport_introspection_cpp.hpp
-- Up-to-date symlink: /home/dbot2/dbot_vda5050_ilmatar/install/vda5050_msgs/include/vda5050_msgs/vda5050_msgs/msg/detail/visualization__rosidl_typesupport_introspection_cpp.hpp
-- Up-to-date symlink: /home/dbot2/dbot_vda5050_ilmatar/install/vda5050_msgs/include/vda5050_msgs/vda5050_msgs/msg/detail/wheel_definition__rosidl_typesupport_introspection_cpp.hpp
-- Up-to-date symlink: /home/dbot2/dbot_vda5050_ilmatar/install/vda5050_msgs/share/vda5050_msgs/environment/pythonpath.sh
-- Up-to-date symlink: /home/dbot2/dbot_vda5050_ilmatar/install/vda5050_msgs/share/vda5050_msgs/environment/pythonpath.dsv
-- Up-to-date symlink: /home/dbot2/dbot_vda5050_ilmatar/install/vda5050_msgs/local/lib/python3.10/dist-packages/vda5050_msgs-1.1.1-py3.10.egg-info/PKG-INFO
-- Up-to-date symlink: /home/dbot2/dbot_vda5050_ilmatar/install/vda5050_msgs/local/lib/python3.10/dist-packages/vda5050_msgs-1.1.1-py3.10.egg-info/SOURCES.txt
-- Up-to-date symlink: /home/dbot2/dbot_vda5050_ilmatar/install/vda5050_msgs/local/lib/python3.10/dist-packages/vda5050_msgs-1.1.1-py3.10.egg-info/dependency_links.txt
-- Up-to-date symlink: /home/dbot2/dbot_vda5050_ilmatar/install/vda5050_msgs/local/lib/python3.10/dist-packages/vda5050_msgs-1.1.1-py3.10.egg-info/top_level.txt
-- Up-to-date symlink: /home/dbot2/dbot_vda5050_ilmatar/install/vda5050_msgs/local/lib/python3.10/dist-packages/vda5050_msgs/__init__.py
-- Up-to-date symlink: /home/dbot2/dbot_vda5050_ilmatar/install/vda5050_msgs/local/lib/python3.10/dist-packages/vda5050_msgs/_vda5050_msgs_s.ep.rosidl_typesupport_c.c
-- Up-to-date symlink: /home/dbot2/dbot_vda5050_ilmatar/install/vda5050_msgs/local/lib/python3.10/dist-packages/vda5050_msgs/_vda5050_msgs_s.ep.rosidl_typesupport_fastrtps_c.c
-- Up-to-date symlink: /home/dbot2/dbot_vda5050_ilmatar/install/vda5050_msgs/local/lib/python3.10/dist-packages/vda5050_msgs/_vda5050_msgs_s.ep.rosidl_typesupport_introspection_c.c
-- Up-to-date symlink: /home/dbot2/dbot_vda5050_ilmatar/install/vda5050_msgs/local/lib/python3.10/dist-packages/vda5050_msgs/libvda5050_msgs__rosidl_generator_py.so
-- Up-to-date symlink: /home/dbot2/dbot_vda5050_ilmatar/install/vda5050_msgs/local/lib/python3.10/dist-packages/vda5050_msgs/msg/__init__.py
-- Up-to-date symlink: /home/dbot2/dbot_vda5050_ilmatar/install/vda5050_msgs/local/lib/python3.10/dist-packages/vda5050_msgs/msg/_action.py
-- Up-to-date symlink: /home/dbot2/dbot_vda5050_ilmatar/install/vda5050_msgs/local/lib/python3.10/dist-packages/vda5050_msgs/msg/_action_parameter.py
-- Up-to-date symlink: /home/dbot2/dbot_vda5050_ilmatar/install/vda5050_msgs/local/lib/python3.10/dist-packages/vda5050_msgs/msg/_action_parameter_definition.py
-- Up-to-date symlink: /home/dbot2/dbot_vda5050_ilmatar/install/vda5050_msgs/local/lib/python3.10/dist-packages/vda5050_msgs/msg/_action_parameter_definition_s.c
-- Up-to-date symlink: /home/dbot2/dbot_vda5050_ilmatar/install/vda5050_msgs/local/lib/python3.10/dist-packages/vda5050_msgs/msg/_action_parameter_s.c
-- Up-to-date symlink: /home/dbot2/dbot_vda5050_ilmatar/install/vda5050_msgs/local/lib/python3.10/dist-packages/vda5050_msgs/msg/_action_s.c
-- Up-to-date symlink: /home/dbot2/dbot_vda5050_ilmatar/install/vda5050_msgs/local/lib/python3.10/dist-packages/vda5050_msgs/msg/_agv_action.py
-- Up-to-date symlink: /home/dbot2/dbot_vda5050_ilmatar/install/vda5050_msgs/local/lib/python3.10/dist-packages/vda5050_msgs/msg/_agv_action_s.c
-- Up-to-date symlink: /home/dbot2/dbot_vda5050_ilmatar/install/vda5050_msgs/local/lib/python3.10/dist-packages/vda5050_msgs/msg/_agv_geometry.py
-- Up-to-date symlink: /home/dbot2/dbot_vda5050_ilmatar/install/vda5050_msgs/local/lib/python3.10/dist-packages/vda5050_msgs/msg/_agv_geometry_s.c
-- Up-to-date symlink: /home/dbot2/dbot_vda5050_ilmatar/install/vda5050_msgs/local/lib/python3.10/dist-packages/vda5050_msgs/msg/_agv_position.py
-- Up-to-date symlink: /home/dbot2/dbot_vda5050_ilmatar/install/vda5050_msgs/local/lib/python3.10/dist-packages/vda5050_msgs/msg/_agv_position_s.c
-- Up-to-date symlink: /home/dbot2/dbot_vda5050_ilmatar/install/vda5050_msgs/local/lib/python3.10/dist-packages/vda5050_msgs/msg/_battery_state.py
-- Up-to-date symlink: /home/dbot2/dbot_vda5050_ilmatar/install/vda5050_msgs/local/lib/python3.10/dist-packages/vda5050_msgs/msg/_battery_state_s.c
-- Up-to-date symlink: /home/dbot2/dbot_vda5050_ilmatar/install/vda5050_msgs/local/lib/python3.10/dist-packages/vda5050_msgs/msg/_bounding_box_reference.py
-- Up-to-date symlink: /home/dbot2/dbot_vda5050_ilmatar/install/vda5050_msgs/local/lib/python3.10/dist-packages/vda5050_msgs/msg/_bounding_box_reference_s.c
-- Up-to-date symlink: /home/dbot2/dbot_vda5050_ilmatar/install/vda5050_msgs/local/lib/python3.10/dist-packages/vda5050_msgs/msg/_connection.py
-- Up-to-date symlink: /home/dbot2/dbot_vda5050_ilmatar/install/vda5050_msgs/local/lib/python3.10/dist-packages/vda5050_msgs/msg/_connection_s.c
-- Up-to-date symlink: /home/dbot2/dbot_vda5050_ilmatar/install/vda5050_msgs/local/lib/python3.10/dist-packages/vda5050_msgs/msg/_control_point.py
-- Up-to-date symlink: /home/dbot2/dbot_vda5050_ilmatar/install/vda5050_msgs/local/lib/python3.10/dist-packages/vda5050_msgs/msg/_control_point_s.c
-- Up-to-date symlink: /home/dbot2/dbot_vda5050_ilmatar/install/vda5050_msgs/local/lib/python3.10/dist-packages/vda5050_msgs/msg/_current_action.py
-- Up-to-date symlink: /home/dbot2/dbot_vda5050_ilmatar/install/vda5050_msgs/local/lib/python3.10/dist-packages/vda5050_msgs/msg/_current_action_s.c
-- Up-to-date symlink: /home/dbot2/dbot_vda5050_ilmatar/install/vda5050_msgs/local/lib/python3.10/dist-packages/vda5050_msgs/msg/_edge.py
-- Up-to-date symlink: /home/dbot2/dbot_vda5050_ilmatar/install/vda5050_msgs/local/lib/python3.10/dist-packages/vda5050_msgs/msg/_edge_s.c
-- Up-to-date symlink: /home/dbot2/dbot_vda5050_ilmatar/install/vda5050_msgs/local/lib/python3.10/dist-packages/vda5050_msgs/msg/_edge_state.py
-- Up-to-date symlink: /home/dbot2/dbot_vda5050_ilmatar/install/vda5050_msgs/local/lib/python3.10/dist-packages/vda5050_msgs/msg/_edge_state_s.c
-- Up-to-date symlink: /home/dbot2/dbot_vda5050_ilmatar/install/vda5050_msgs/local/lib/python3.10/dist-packages/vda5050_msgs/msg/_envelope2_d.py
-- Up-to-date symlink: /home/dbot2/dbot_vda5050_ilmatar/install/vda5050_msgs/local/lib/python3.10/dist-packages/vda5050_msgs/msg/_envelope2_d_s.c
-- Up-to-date symlink: /home/dbot2/dbot_vda5050_ilmatar/install/vda5050_msgs/local/lib/python3.10/dist-packages/vda5050_msgs/msg/_envelope3_d.py
-- Up-to-date symlink: /home/dbot2/dbot_vda5050_ilmatar/install/vda5050_msgs/local/lib/python3.10/dist-packages/vda5050_msgs/msg/_envelope3_d_s.c
-- Up-to-date symlink: /home/dbot2/dbot_vda5050_ilmatar/install/vda5050_msgs/local/lib/python3.10/dist-packages/vda5050_msgs/msg/_error.py
-- Up-to-date symlink: /home/dbot2/dbot_vda5050_ilmatar/install/vda5050_msgs/local/lib/python3.10/dist-packages/vda5050_msgs/msg/_error_reference.py
-- Up-to-date symlink: /home/dbot2/dbot_vda5050_ilmatar/install/vda5050_msgs/local/lib/python3.10/dist-packages/vda5050_msgs/msg/_error_reference_s.c
-- Up-to-date symlink: /home/dbot2/dbot_vda5050_ilmatar/install/vda5050_msgs/local/lib/python3.10/dist-packages/vda5050_msgs/msg/_error_s.c
-- Up-to-date symlink: /home/dbot2/dbot_vda5050_ilmatar/install/vda5050_msgs/local/lib/python3.10/dist-packages/vda5050_msgs/msg/_factsheet.py
-- Up-to-date symlink: /home/dbot2/dbot_vda5050_ilmatar/install/vda5050_msgs/local/lib/python3.10/dist-packages/vda5050_msgs/msg/_factsheet_s.c
-- Up-to-date symlink: /home/dbot2/dbot_vda5050_ilmatar/install/vda5050_msgs/local/lib/python3.10/dist-packages/vda5050_msgs/msg/_header.py
-- Up-to-date symlink: /home/dbot2/dbot_vda5050_ilmatar/install/vda5050_msgs/local/lib/python3.10/dist-packages/vda5050_msgs/msg/_header_s.c
-- Up-to-date symlink: /home/dbot2/dbot_vda5050_ilmatar/install/vda5050_msgs/local/lib/python3.10/dist-packages/vda5050_msgs/msg/_info.py
-- Up-to-date symlink: /home/dbot2/dbot_vda5050_ilmatar/install/vda5050_msgs/local/lib/python3.10/dist-packages/vda5050_msgs/msg/_info_reference.py
-- Up-to-date symlink: /home/dbot2/dbot_vda5050_ilmatar/install/vda5050_msgs/local/lib/python3.10/dist-packages/vda5050_msgs/msg/_info_reference_s.c
-- Up-to-date symlink: /home/dbot2/dbot_vda5050_ilmatar/install/vda5050_msgs/local/lib/python3.10/dist-packages/vda5050_msgs/msg/_info_s.c
-- Up-to-date symlink: /home/dbot2/dbot_vda5050_ilmatar/install/vda5050_msgs/local/lib/python3.10/dist-packages/vda5050_msgs/msg/_instant_actions.py
-- Up-to-date symlink: /home/dbot2/dbot_vda5050_ilmatar/install/vda5050_msgs/local/lib/python3.10/dist-packages/vda5050_msgs/msg/_instant_actions_s.c
-- Up-to-date symlink: /home/dbot2/dbot_vda5050_ilmatar/install/vda5050_msgs/local/lib/python3.10/dist-packages/vda5050_msgs/msg/_load.py
-- Up-to-date symlink: /home/dbot2/dbot_vda5050_ilmatar/install/vda5050_msgs/local/lib/python3.10/dist-packages/vda5050_msgs/msg/_load_dimensions.py
-- Up-to-date symlink: /home/dbot2/dbot_vda5050_ilmatar/install/vda5050_msgs/local/lib/python3.10/dist-packages/vda5050_msgs/msg/_load_dimensions_s.c
-- Up-to-date symlink: /home/dbot2/dbot_vda5050_ilmatar/install/vda5050_msgs/local/lib/python3.10/dist-packages/vda5050_msgs/msg/_load_s.c
-- Up-to-date symlink: /home/dbot2/dbot_vda5050_ilmatar/install/vda5050_msgs/local/lib/python3.10/dist-packages/vda5050_msgs/msg/_load_set.py
-- Up-to-date symlink: /home/dbot2/dbot_vda5050_ilmatar/install/vda5050_msgs/local/lib/python3.10/dist-packages/vda5050_msgs/msg/_load_set_s.c
-- Up-to-date symlink: /home/dbot2/dbot_vda5050_ilmatar/install/vda5050_msgs/local/lib/python3.10/dist-packages/vda5050_msgs/msg/_load_specification.py
-- Up-to-date symlink: /home/dbot2/dbot_vda5050_ilmatar/install/vda5050_msgs/local/lib/python3.10/dist-packages/vda5050_msgs/msg/_load_specification_s.c
-- Up-to-date symlink: /home/dbot2/dbot_vda5050_ilmatar/install/vda5050_msgs/local/lib/python3.10/dist-packages/vda5050_msgs/msg/_max_array_lens.py
-- Up-to-date symlink: /home/dbot2/dbot_vda5050_ilmatar/install/vda5050_msgs/local/lib/python3.10/dist-packages/vda5050_msgs/msg/_max_array_lens_s.c
-- Up-to-date symlink: /home/dbot2/dbot_vda5050_ilmatar/install/vda5050_msgs/local/lib/python3.10/dist-packages/vda5050_msgs/msg/_max_string_lens.py
-- Up-to-date symlink: /home/dbot2/dbot_vda5050_ilmatar/install/vda5050_msgs/local/lib/python3.10/dist-packages/vda5050_msgs/msg/_max_string_lens_s.c
-- Up-to-date symlink: /home/dbot2/dbot_vda5050_ilmatar/install/vda5050_msgs/local/lib/python3.10/dist-packages/vda5050_msgs/msg/_node.py
-- Up-to-date symlink: /home/dbot2/dbot_vda5050_ilmatar/install/vda5050_msgs/local/lib/python3.10/dist-packages/vda5050_msgs/msg/_node_position.py
-- Up-to-date symlink: /home/dbot2/dbot_vda5050_ilmatar/install/vda5050_msgs/local/lib/python3.10/dist-packages/vda5050_msgs/msg/_node_position_s.c
-- Up-to-date symlink: /home/dbot2/dbot_vda5050_ilmatar/install/vda5050_msgs/local/lib/python3.10/dist-packages/vda5050_msgs/msg/_node_s.c
-- Up-to-date symlink: /home/dbot2/dbot_vda5050_ilmatar/install/vda5050_msgs/local/lib/python3.10/dist-packages/vda5050_msgs/msg/_node_state.py
-- Up-to-date symlink: /home/dbot2/dbot_vda5050_ilmatar/install/vda5050_msgs/local/lib/python3.10/dist-packages/vda5050_msgs/msg/_node_state_s.c
-- Up-to-date symlink: /home/dbot2/dbot_vda5050_ilmatar/install/vda5050_msgs/local/lib/python3.10/dist-packages/vda5050_msgs/msg/_optional_parameter.py
-- Up-to-date symlink: /home/dbot2/dbot_vda5050_ilmatar/install/vda5050_msgs/local/lib/python3.10/dist-packages/vda5050_msgs/msg/_optional_parameter_s.c
-- Up-to-date symlink: /home/dbot2/dbot_vda5050_ilmatar/install/vda5050_msgs/local/lib/python3.10/dist-packages/vda5050_msgs/msg/_order.py
-- Up-to-date symlink: /home/dbot2/dbot_vda5050_ilmatar/install/vda5050_msgs/local/lib/python3.10/dist-packages/vda5050_msgs/msg/_order_s.c
-- Up-to-date symlink: /home/dbot2/dbot_vda5050_ilmatar/install/vda5050_msgs/local/lib/python3.10/dist-packages/vda5050_msgs/msg/_order_state.py
-- Up-to-date symlink: /home/dbot2/dbot_vda5050_ilmatar/install/vda5050_msgs/local/lib/python3.10/dist-packages/vda5050_msgs/msg/_order_state_s.c
-- Up-to-date symlink: /home/dbot2/dbot_vda5050_ilmatar/install/vda5050_msgs/local/lib/python3.10/dist-packages/vda5050_msgs/msg/_physical_parameters.py
-- Up-to-date symlink: /home/dbot2/dbot_vda5050_ilmatar/install/vda5050_msgs/local/lib/python3.10/dist-packages/vda5050_msgs/msg/_physical_parameters_s.c
-- Up-to-date symlink: /home/dbot2/dbot_vda5050_ilmatar/install/vda5050_msgs/local/lib/python3.10/dist-packages/vda5050_msgs/msg/_polygon_point.py
-- Up-to-date symlink: /home/dbot2/dbot_vda5050_ilmatar/install/vda5050_msgs/local/lib/python3.10/dist-packages/vda5050_msgs/msg/_polygon_point_s.c
-- Up-to-date symlink: /home/dbot2/dbot_vda5050_ilmatar/install/vda5050_msgs/local/lib/python3.10/dist-packages/vda5050_msgs/msg/_position.py
-- Up-to-date symlink: /home/dbot2/dbot_vda5050_ilmatar/install/vda5050_msgs/local/lib/python3.10/dist-packages/vda5050_msgs/msg/_position_s.c
-- Up-to-date symlink: /home/dbot2/dbot_vda5050_ilmatar/install/vda5050_msgs/local/lib/python3.10/dist-packages/vda5050_msgs/msg/_protocol_features.py
-- Up-to-date symlink: /home/dbot2/dbot_vda5050_ilmatar/install/vda5050_msgs/local/lib/python3.10/dist-packages/vda5050_msgs/msg/_protocol_features_s.c
-- Up-to-date symlink: /home/dbot2/dbot_vda5050_ilmatar/install/vda5050_msgs/local/lib/python3.10/dist-packages/vda5050_msgs/msg/_protocol_limits.py
-- Up-to-date symlink: /home/dbot2/dbot_vda5050_ilmatar/install/vda5050_msgs/local/lib/python3.10/dist-packages/vda5050_msgs/msg/_protocol_limits_s.c
-- Up-to-date symlink: /home/dbot2/dbot_vda5050_ilmatar/install/vda5050_msgs/local/lib/python3.10/dist-packages/vda5050_msgs/msg/_safety_state.py
-- Up-to-date symlink: /home/dbot2/dbot_vda5050_ilmatar/install/vda5050_msgs/local/lib/python3.10/dist-packages/vda5050_msgs/msg/_safety_state_s.c
-- Up-to-date symlink: /home/dbot2/dbot_vda5050_ilmatar/install/vda5050_msgs/local/lib/python3.10/dist-packages/vda5050_msgs/msg/_timing.py
-- Up-to-date symlink: /home/dbot2/dbot_vda5050_ilmatar/install/vda5050_msgs/local/lib/python3.10/dist-packages/vda5050_msgs/msg/_timing_s.c
-- Up-to-date symlink: /home/dbot2/dbot_vda5050_ilmatar/install/vda5050_msgs/local/lib/python3.10/dist-packages/vda5050_msgs/msg/_trajectory.py
-- Up-to-date symlink: /home/dbot2/dbot_vda5050_ilmatar/install/vda5050_msgs/local/lib/python3.10/dist-packages/vda5050_msgs/msg/_trajectory_s.c
-- Up-to-date symlink: /home/dbot2/dbot_vda5050_ilmatar/install/vda5050_msgs/local/lib/python3.10/dist-packages/vda5050_msgs/msg/_type_specification.py
-- Up-to-date symlink: /home/dbot2/dbot_vda5050_ilmatar/install/vda5050_msgs/local/lib/python3.10/dist-packages/vda5050_msgs/msg/_type_specification_s.c
-- Up-to-date symlink: /home/dbot2/dbot_vda5050_ilmatar/install/vda5050_msgs/local/lib/python3.10/dist-packages/vda5050_msgs/msg/_velocity.py
-- Up-to-date symlink: /home/dbot2/dbot_vda5050_ilmatar/install/vda5050_msgs/local/lib/python3.10/dist-packages/vda5050_msgs/msg/_velocity_s.c
-- Up-to-date symlink: /home/dbot2/dbot_vda5050_ilmatar/install/vda5050_msgs/local/lib/python3.10/dist-packages/vda5050_msgs/msg/_visualization.py
-- Up-to-date symlink: /home/dbot2/dbot_vda5050_ilmatar/install/vda5050_msgs/local/lib/python3.10/dist-packages/vda5050_msgs/msg/_visualization_s.c
-- Up-to-date symlink: /home/dbot2/dbot_vda5050_ilmatar/install/vda5050_msgs/local/lib/python3.10/dist-packages/vda5050_msgs/msg/_wheel_definition.py
-- Up-to-date symlink: /home/dbot2/dbot_vda5050_ilmatar/install/vda5050_msgs/local/lib/python3.10/dist-packages/vda5050_msgs/msg/_wheel_definition_s.c
-- Up-to-date symlink: /home/dbot2/dbot_vda5050_ilmatar/install/vda5050_msgs/local/lib/python3.10/dist-packages/vda5050_msgs/vda5050_msgs_s__rosidl_typesupport_c.cpython-310-x86_64-linux-gnu.so
-- Up-to-date symlink: /home/dbot2/dbot_vda5050_ilmatar/install/vda5050_msgs/local/lib/python3.10/dist-packages/vda5050_msgs/vda5050_msgs_s__rosidl_typesupport_fastrtps_c.cpython-310-x86_64-linux-gnu.so
-- Up-to-date symlink: /home/dbot2/dbot_vda5050_ilmatar/install/vda5050_msgs/local/lib/python3.10/dist-packages/vda5050_msgs/vda5050_msgs_s__rosidl_typesupport_introspection_c.cpython-310-x86_64-linux-gnu.so
-- Up-to-date symlink: /home/dbot2/dbot_vda5050_ilmatar/install/vda5050_msgs/local/lib/python3.10/dist-packages/vda5050_msgs/vda5050_msgs_s__rosidl_typesupport_fastrtps_c.cpython-310-x86_64-linux-gnu.so
-- Up-to-date symlink: /home/dbot2/dbot_vda5050_ilmatar/install/vda5050_msgs/local/lib/python3.10/dist-packages/vda5050_msgs/vda5050_msgs_s__rosidl_typesupport_introspection_c.cpython-310-x86_64-linux-gnu.so
-- Up-to-date symlink: /home/dbot2/dbot_vda5050_ilmatar/install/vda5050_msgs/local/lib/python3.10/dist-packages/vda5050_msgs/vda5050_msgs_s__rosidl_typesupport_c.cpython-310-x86_64-linux-gnu.so
-- Symlinking: /home/dbot2/dbot_vda5050_ilmatar/install/vda5050_msgs/share/ament_index/resource_index/rust_packages/vda5050_msgs
-- Symlinking: /home/dbot2/dbot_vda5050_ilmatar/install/vda5050_msgs/share/vda5050_msgs/rust/Cargo.toml
-- Symlinking: /home/dbot2/dbot_vda5050_ilmatar/install/vda5050_msgs/share/vda5050_msgs/rust/build.rs
-- Symlinking: /home/dbot2/dbot_vda5050_ilmatar/install/vda5050_msgs/share/vda5050_msgs/rust/src/lib.rs
-- Symlinking: /home/dbot2/dbot_vda5050_ilmatar/install/vda5050_msgs/share/vda5050_msgs/rust/src/msg.rs
-- Symlinking: /home/dbot2/dbot_vda5050_ilmatar/install/vda5050_msgs/share/vda5050_msgs/rust/src/msg/rmw.rs
-- Up-to-date symlink: /home/dbot2/dbot_vda5050_ilmatar/install/vda5050_msgs/share/vda5050_msgs/msg/Action.idl
-- Up-to-date symlink: /home/dbot2/dbot_vda5050_ilmatar/install/vda5050_msgs/share/vda5050_msgs/msg/ActionParameter.idl
-- Up-to-date symlink: /home/dbot2/dbot_vda5050_ilmatar/install/vda5050_msgs/share/vda5050_msgs/msg/ActionParameterDefinition.idl
-- Up-to-date symlink: /home/dbot2/dbot_vda5050_ilmatar/install/vda5050_msgs/share/vda5050_msgs/msg/AGVAction.idl
-- Up-to-date symlink: /home/dbot2/dbot_vda5050_ilmatar/install/vda5050_msgs/share/vda5050_msgs/msg/AGVGeometry.idl
-- Up-to-date symlink: /home/dbot2/dbot_vda5050_ilmatar/install/vda5050_msgs/share/vda5050_msgs/msg/AGVPosition.idl
-- Up-to-date symlink: /home/dbot2/dbot_vda5050_ilmatar/install/vda5050_msgs/share/vda5050_msgs/msg/BatteryState.idl
-- Up-to-date symlink: /home/dbot2/dbot_vda5050_ilmatar/install/vda5050_msgs/share/vda5050_msgs/msg/BoundingBoxReference.idl
-- Up-to-date symlink: /home/dbot2/dbot_vda5050_ilmatar/install/vda5050_msgs/share/vda5050_msgs/msg/Connection.idl
-- Up-to-date symlink: /home/dbot2/dbot_vda5050_ilmatar/install/vda5050_msgs/share/vda5050_msgs/msg/ControlPoint.idl
-- Up-to-date symlink: /home/dbot2/dbot_vda5050_ilmatar/install/vda5050_msgs/share/vda5050_msgs/msg/CurrentAction.idl
-- Up-to-date symlink: /home/dbot2/dbot_vda5050_ilmatar/install/vda5050_msgs/share/vda5050_msgs/msg/Edge.idl
-- Up-to-date symlink: /home/dbot2/dbot_vda5050_ilmatar/install/vda5050_msgs/share/vda5050_msgs/msg/EdgeState.idl
-- Up-to-date symlink: /home/dbot2/dbot_vda5050_ilmatar/install/vda5050_msgs/share/vda5050_msgs/msg/Envelope2D.idl
-- Up-to-date symlink: /home/dbot2/dbot_vda5050_ilmatar/install/vda5050_msgs/share/vda5050_msgs/msg/Envelope3D.idl
-- Up-to-date symlink: /home/dbot2/dbot_vda5050_ilmatar/install/vda5050_msgs/share/vda5050_msgs/msg/Error.idl
-- Up-to-date symlink: /home/dbot2/dbot_vda5050_ilmatar/install/vda5050_msgs/share/vda5050_msgs/msg/ErrorReference.idl
-- Up-to-date symlink: /home/dbot2/dbot_vda5050_ilmatar/install/vda5050_msgs/share/vda5050_msgs/msg/Factsheet.idl
-- Up-to-date symlink: /home/dbot2/dbot_vda5050_ilmatar/install/vda5050_msgs/share/vda5050_msgs/msg/Info.idl
-- Up-to-date symlink: /home/dbot2/dbot_vda5050_ilmatar/install/vda5050_msgs/share/vda5050_msgs/msg/InfoReference.idl
-- Up-to-date symlink: /home/dbot2/dbot_vda5050_ilmatar/install/vda5050_msgs/share/vda5050_msgs/msg/Header.idl
-- Up-to-date symlink: /home/dbot2/dbot_vda5050_ilmatar/install/vda5050_msgs/share/vda5050_msgs/msg/InstantActions.idl
-- Up-to-date symlink: /home/dbot2/dbot_vda5050_ilmatar/install/vda5050_msgs/share/vda5050_msgs/msg/Load.idl
-- Up-to-date symlink: /home/dbot2/dbot_vda5050_ilmatar/install/vda5050_msgs/share/vda5050_msgs/msg/LoadDimensions.idl
-- Up-to-date symlink: /home/dbot2/dbot_vda5050_ilmatar/install/vda5050_msgs/share/vda5050_msgs/msg/LoadSet.idl
-- Up-to-date symlink: /home/dbot2/dbot_vda5050_ilmatar/install/vda5050_msgs/share/vda5050_msgs/msg/LoadSpecification.idl
-- Up-to-date symlink: /home/dbot2/dbot_vda5050_ilmatar/install/vda5050_msgs/share/vda5050_msgs/msg/MaxArrayLens.idl
-- Up-to-date symlink: /home/dbot2/dbot_vda5050_ilmatar/install/vda5050_msgs/share/vda5050_msgs/msg/MaxStringLens.idl
-- Up-to-date symlink: /home/dbot2/dbot_vda5050_ilmatar/install/vda5050_msgs/share/vda5050_msgs/msg/Node.idl
-- Up-to-date symlink: /home/dbot2/dbot_vda5050_ilmatar/install/vda5050_msgs/share/vda5050_msgs/msg/NodePosition.idl
-- Up-to-date symlink: /home/dbot2/dbot_vda5050_ilmatar/install/vda5050_msgs/share/vda5050_msgs/msg/NodeState.idl
-- Up-to-date symlink: /home/dbot2/dbot_vda5050_ilmatar/install/vda5050_msgs/share/vda5050_msgs/msg/OptionalParameter.idl
-- Up-to-date symlink: /home/dbot2/dbot_vda5050_ilmatar/install/vda5050_msgs/share/vda5050_msgs/msg/Order.idl
-- Up-to-date symlink: /home/dbot2/dbot_vda5050_ilmatar/install/vda5050_msgs/share/vda5050_msgs/msg/OrderState.idl
-- Up-to-date symlink: /home/dbot2/dbot_vda5050_ilmatar/install/vda5050_msgs/share/vda5050_msgs/msg/PhysicalParameters.idl
-- Up-to-date symlink: /home/dbot2/dbot_vda5050_ilmatar/install/vda5050_msgs/share/vda5050_msgs/msg/PolygonPoint.idl
-- Up-to-date symlink: /home/dbot2/dbot_vda5050_ilmatar/install/vda5050_msgs/share/vda5050_msgs/msg/Position.idl
-- Up-to-date symlink: /home/dbot2/dbot_vda5050_ilmatar/install/vda5050_msgs/share/vda5050_msgs/msg/ProtocolFeatures.idl
-- Up-to-date symlink: /home/dbot2/dbot_vda5050_ilmatar/install/vda5050_msgs/share/vda5050_msgs/msg/ProtocolLimits.idl
-- Up-to-date symlink: /home/dbot2/dbot_vda5050_ilmatar/install/vda5050_msgs/share/vda5050_msgs/msg/SafetyState.idl
-- Up-to-date symlink: /home/dbot2/dbot_vda5050_ilmatar/install/vda5050_msgs/share/vda5050_msgs/msg/Timing.idl
-- Up-to-date symlink: /home/dbot2/dbot_vda5050_ilmatar/install/vda5050_msgs/share/vda5050_msgs/msg/Trajectory.idl
-- Up-to-date symlink: /home/dbot2/dbot_vda5050_ilmatar/install/vda5050_msgs/share/vda5050_msgs/msg/TypeSpecification.idl
-- Up-to-date symlink: /home/dbot2/dbot_vda5050_ilmatar/install/vda5050_msgs/share/vda5050_msgs/msg/Velocity.idl
-- Up-to-date symlink: /home/dbot2/dbot_vda5050_ilmatar/install/vda5050_msgs/share/vda5050_msgs/msg/Visualization.idl
-- Up-to-date symlink: /home/dbot2/dbot_vda5050_ilmatar/install/vda5050_msgs/share/vda5050_msgs/msg/WheelDefinition.idl
-- Up-to-date symlink: /home/dbot2/dbot_vda5050_ilmatar/install/vda5050_msgs/share/vda5050_msgs/msg/Action.msg
-- Up-to-date symlink: /home/dbot2/dbot_vda5050_ilmatar/install/vda5050_msgs/share/vda5050_msgs/msg/ActionParameter.msg
-- Up-to-date symlink: /home/dbot2/dbot_vda5050_ilmatar/install/vda5050_msgs/share/vda5050_msgs/msg/ActionParameterDefinition.msg
-- Up-to-date symlink: /home/dbot2/dbot_vda5050_ilmatar/install/vda5050_msgs/share/vda5050_msgs/msg/AGVAction.msg
-- Up-to-date symlink: /home/dbot2/dbot_vda5050_ilmatar/install/vda5050_msgs/share/vda5050_msgs/msg/AGVGeometry.msg
-- Up-to-date symlink: /home/dbot2/dbot_vda5050_ilmatar/install/vda5050_msgs/share/vda5050_msgs/msg/AGVPosition.msg
-- Up-to-date symlink: /home/dbot2/dbot_vda5050_ilmatar/install/vda5050_msgs/share/vda5050_msgs/msg/BatteryState.msg
-- Up-to-date symlink: /home/dbot2/dbot_vda5050_ilmatar/install/vda5050_msgs/share/vda5050_msgs/msg/BoundingBoxReference.msg
-- Up-to-date symlink: /home/dbot2/dbot_vda5050_ilmatar/install/vda5050_msgs/share/vda5050_msgs/msg/Connection.msg
-- Up-to-date symlink: /home/dbot2/dbot_vda5050_ilmatar/install/vda5050_msgs/share/vda5050_msgs/msg/ControlPoint.msg
-- Up-to-date symlink: /home/dbot2/dbot_vda5050_ilmatar/install/vda5050_msgs/share/vda5050_msgs/msg/CurrentAction.msg
-- Up-to-date symlink: /home/dbot2/dbot_vda5050_ilmatar/install/vda5050_msgs/share/vda5050_msgs/msg/Edge.msg
-- Up-to-date symlink: /home/dbot2/dbot_vda5050_ilmatar/install/vda5050_msgs/share/vda5050_msgs/msg/EdgeState.msg
-- Up-to-date symlink: /home/dbot2/dbot_vda5050_ilmatar/install/vda5050_msgs/share/vda5050_msgs/msg/Envelope2D.msg
-- Up-to-date symlink: /home/dbot2/dbot_vda5050_ilmatar/install/vda5050_msgs/share/vda5050_msgs/msg/Envelope3D.msg
-- Up-to-date symlink: /home/dbot2/dbot_vda5050_ilmatar/install/vda5050_msgs/share/vda5050_msgs/msg/Error.msg
-- Up-to-date symlink: /home/dbot2/dbot_vda5050_ilmatar/install/vda5050_msgs/share/vda5050_msgs/msg/ErrorReference.msg
-- Up-to-date symlink: /home/dbot2/dbot_vda5050_ilmatar/install/vda5050_msgs/share/vda5050_msgs/msg/Factsheet.msg
-- Up-to-date symlink: /home/dbot2/dbot_vda5050_ilmatar/install/vda5050_msgs/share/vda5050_msgs/msg/Info.msg
-- Up-to-date symlink: /home/dbot2/dbot_vda5050_ilmatar/install/vda5050_msgs/share/vda5050_msgs/msg/InfoReference.msg
-- Up-to-date symlink: /home/dbot2/dbot_vda5050_ilmatar/install/vda5050_msgs/share/vda5050_msgs/msg/Header.msg
-- Up-to-date symlink: /home/dbot2/dbot_vda5050_ilmatar/install/vda5050_msgs/share/vda5050_msgs/msg/InstantActions.msg
-- Up-to-date symlink: /home/dbot2/dbot_vda5050_ilmatar/install/vda5050_msgs/share/vda5050_msgs/msg/Load.msg
-- Up-to-date symlink: /home/dbot2/dbot_vda5050_ilmatar/install/vda5050_msgs/share/vda5050_msgs/msg/LoadDimensions.msg
-- Up-to-date symlink: /home/dbot2/dbot_vda5050_ilmatar/install/vda5050_msgs/share/vda5050_msgs/msg/LoadSet.msg
-- Up-to-date symlink: /home/dbot2/dbot_vda5050_ilmatar/install/vda5050_msgs/share/vda5050_msgs/msg/LoadSpecification.msg
-- Up-to-date symlink: /home/dbot2/dbot_vda5050_ilmatar/install/vda5050_msgs/share/vda5050_msgs/msg/MaxArrayLens.msg
-- Up-to-date symlink: /home/dbot2/dbot_vda5050_ilmatar/install/vda5050_msgs/share/vda5050_msgs/msg/MaxStringLens.msg
-- Up-to-date symlink: /home/dbot2/dbot_vda5050_ilmatar/install/vda5050_msgs/share/vda5050_msgs/msg/Node.msg
-- Up-to-date symlink: /home/dbot2/dbot_vda5050_ilmatar/install/vda5050_msgs/share/vda5050_msgs/msg/NodePosition.msg
-- Up-to-date symlink: /home/dbot2/dbot_vda5050_ilmatar/install/vda5050_msgs/share/vda5050_msgs/msg/NodeState.msg
-- Up-to-date symlink: /home/dbot2/dbot_vda5050_ilmatar/install/vda5050_msgs/share/vda5050_msgs/msg/OptionalParameter.msg
-- Up-to-date symlink: /home/dbot2/dbot_vda5050_ilmatar/install/vda5050_msgs/share/vda5050_msgs/msg/Order.msg
-- Up-to-date symlink: /home/dbot2/dbot_vda5050_ilmatar/install/vda5050_msgs/share/vda5050_msgs/msg/OrderState.msg
-- Up-to-date symlink: /home/dbot2/dbot_vda5050_ilmatar/install/vda5050_msgs/share/vda5050_msgs/msg/PhysicalParameters.msg
-- Up-to-date symlink: /home/dbot2/dbot_vda5050_ilmatar/install/vda5050_msgs/share/vda5050_msgs/msg/PolygonPoint.msg
-- Up-to-date symlink: /home/dbot2/dbot_vda5050_ilmatar/install/vda5050_msgs/share/vda5050_msgs/msg/Position.msg
-- Up-to-date symlink: /home/dbot2/dbot_vda5050_ilmatar/install/vda5050_msgs/share/vda5050_msgs/msg/ProtocolFeatures.msg
-- Up-to-date symlink: /home/dbot2/dbot_vda5050_ilmatar/install/vda5050_msgs/share/vda5050_msgs/msg/ProtocolLimits.msg
-- Up-to-date symlink: /home/dbot2/dbot_vda5050_ilmatar/install/vda5050_msgs/share/vda5050_msgs/msg/SafetyState.msg
-- Up-to-date symlink: /home/dbot2/dbot_vda5050_ilmatar/install/vda5050_msgs/share/vda5050_msgs/msg/Timing.msg
-- Up-to-date symlink: /home/dbot2/dbot_vda5050_ilmatar/install/vda5050_msgs/share/vda5050_msgs/msg/Trajectory.msg
-- Up-to-date symlink: /home/dbot2/dbot_vda5050_ilmatar/install/vda5050_msgs/share/vda5050_msgs/msg/TypeSpecification.msg
-- Up-to-date symlink: /home/dbot2/dbot_vda5050_ilmatar/install/vda5050_msgs/share/vda5050_msgs/msg/Velocity.msg
-- Up-to-date symlink: /home/dbot2/dbot_vda5050_ilmatar/install/vda5050_msgs/share/vda5050_msgs/msg/Visualization.msg
-- Up-to-date symlink: /home/dbot2/dbot_vda5050_ilmatar/install/vda5050_msgs/share/vda5050_msgs/msg/WheelDefinition.msg
-- Up-to-date symlink: /home/dbot2/dbot_vda5050_ilmatar/install/vda5050_msgs/share/ament_index/resource_index/package_run_dependencies/vda5050_msgs
-- Up-to-date symlink: /home/dbot2/dbot_vda5050_ilmatar/install/vda5050_msgs/share/ament_index/resource_index/parent_prefix_path/vda5050_msgs
-- Up-to-date symlink: /home/dbot2/dbot_vda5050_ilmatar/install/vda5050_msgs/share/vda5050_msgs/environment/ament_prefix_path.sh
-- Up-to-date symlink: /home/dbot2/dbot_vda5050_ilmatar/install/vda5050_msgs/share/vda5050_msgs/environment/ament_prefix_path.dsv
-- Up-to-date symlink: /home/dbot2/dbot_vda5050_ilmatar/install/vda5050_msgs/share/vda5050_msgs/environment/path.sh
-- Up-to-date symlink: /home/dbot2/dbot_vda5050_ilmatar/install/vda5050_msgs/share/vda5050_msgs/environment/path.dsv
-- Up-to-date symlink: /home/dbot2/dbot_vda5050_ilmatar/install/vda5050_msgs/share/vda5050_msgs/local_setup.bash
-- Up-to-date symlink: /home/dbot2/dbot_vda5050_ilmatar/install/vda5050_msgs/share/vda5050_msgs/local_setup.sh
-- Up-to-date symlink: /home/dbot2/dbot_vda5050_ilmatar/install/vda5050_msgs/share/vda5050_msgs/local_setup.zsh
-- Up-to-date symlink: /home/dbot2/dbot_vda5050_ilmatar/install/vda5050_msgs/share/vda5050_msgs/local_setup.dsv
-- Symlinking: /home/dbot2/dbot_vda5050_ilmatar/install/vda5050_msgs/share/vda5050_msgs/package.dsv
-- Up-to-date symlink: /home/dbot2/dbot_vda5050_ilmatar/install/vda5050_msgs/share/ament_index/resource_index/packages/vda5050_msgs
-- Up-to-date symlink: /home/dbot2/dbot_vda5050_ilmatar/install/vda5050_msgs/share/vda5050_msgs/cmake/rosidl_cmake-extras.cmake
-- Up-to-date symlink: /home/dbot2/dbot_vda5050_ilmatar/install/vda5050_msgs/share/vda5050_msgs/cmake/ament_cmake_export_dependencies-extras.cmake
-- Up-to-date symlink: /home/dbot2/dbot_vda5050_ilmatar/install/vda5050_msgs/share/vda5050_msgs/cmake/ament_cmake_export_include_directories-extras.cmake
-- Up-to-date symlink: /home/dbot2/dbot_vda5050_ilmatar/install/vda5050_msgs/share/vda5050_msgs/cmake/ament_cmake_export_libraries-extras.cmake
-- Up-to-date symlink: /home/dbot2/dbot_vda5050_ilmatar/install/vda5050_msgs/share/vda5050_msgs/cmake/ament_cmake_export_targets-extras.cmake
-- Up-to-date symlink: /home/dbot2/dbot_vda5050_ilmatar/install/vda5050_msgs/share/vda5050_msgs/cmake/rosidl_cmake_export_typesupport_targets-extras.cmake
-- Up-to-date symlink: /home/dbot2/dbot_vda5050_ilmatar/install/vda5050_msgs/share/vda5050_msgs/cmake/rosidl_cmake_export_typesupport_libraries-extras.cmake
-- Up-to-date symlink: /home/dbot2/dbot_vda5050_ilmatar/install/vda5050_msgs/share/vda5050_msgs/cmake/vda5050_msgsConfig.cmake
-- Up-to-date symlink: /home/dbot2/dbot_vda5050_ilmatar/install/vda5050_msgs/share/vda5050_msgs/cmake/vda5050_msgsConfig-version.cmake
-- Up-to-date symlink: /home/dbot2/dbot_vda5050_ilmatar/install/vda5050_msgs/share/vda5050_msgs/package.xml
-- Installing: /home/dbot2/dbot_vda5050_ilmatar/install/vda5050_msgs/lib/libvda5050_msgs__rosidl_generator_c.so
-- Set runtime path of "/home/dbot2/dbot_vda5050_ilmatar/install/vda5050_msgs/lib/libvda5050_msgs__rosidl_generator_c.so" to ""
-- Installing: /home/dbot2/dbot_vda5050_ilmatar/install/vda5050_msgs/lib/libvda5050_msgs__rosidl_typesupport_fastrtps_c.so
-- Set runtime path of "/home/dbot2/dbot_vda5050_ilmatar/install/vda5050_msgs/lib/libvda5050_msgs__rosidl_typesupport_fastrtps_c.so" to ""
-- Installing: /home/dbot2/dbot_vda5050_ilmatar/install/vda5050_msgs/lib/libvda5050_msgs__rosidl_typesupport_fastrtps_cpp.so
-- Set runtime path of "/home/dbot2/dbot_vda5050_ilmatar/install/vda5050_msgs/lib/libvda5050_msgs__rosidl_typesupport_fastrtps_cpp.so" to ""
-- Installing: /home/dbot2/dbot_vda5050_ilmatar/install/vda5050_msgs/lib/libvda5050_msgs__rosidl_typesupport_introspection_c.so
-- Set runtime path of "/home/dbot2/dbot_vda5050_ilmatar/install/vda5050_msgs/lib/libvda5050_msgs__rosidl_typesupport_introspection_c.so" to ""
-- Installing: /home/dbot2/dbot_vda5050_ilmatar/install/vda5050_msgs/lib/libvda5050_msgs__rosidl_typesupport_c.so
-- Set runtime path of "/home/dbot2/dbot_vda5050_ilmatar/install/vda5050_msgs/lib/libvda5050_msgs__rosidl_typesupport_c.so" to ""
-- Installing: /home/dbot2/dbot_vda5050_ilmatar/install/vda5050_msgs/lib/libvda5050_msgs__rosidl_typesupport_introspection_cpp.so
-- Set runtime path of "/home/dbot2/dbot_vda5050_ilmatar/install/vda5050_msgs/lib/libvda5050_msgs__rosidl_typesupport_introspection_cpp.so" to ""
-- Installing: /home/dbot2/dbot_vda5050_ilmatar/install/vda5050_msgs/lib/libvda5050_msgs__rosidl_typesupport_cpp.so
-- Set runtime path of "/home/dbot2/dbot_vda5050_ilmatar/install/vda5050_msgs/lib/libvda5050_msgs__rosidl_typesupport_cpp.so" to ""
Listing '/home/dbot2/dbot_vda5050_ilmatar/install/vda5050_msgs/local/lib/python3.10/dist-packages/vda5050_msgs'...
Compiling '/home/dbot2/dbot_vda5050_ilmatar/install/vda5050_msgs/local/lib/python3.10/dist-packages/vda5050_msgs/__init__.py'...
Listing '/home/dbot2/dbot_vda5050_ilmatar/install/vda5050_msgs/local/lib/python3.10/dist-packages/vda5050_msgs/msg'...
Compiling '/home/dbot2/dbot_vda5050_ilmatar/install/vda5050_msgs/local/lib/python3.10/dist-packages/vda5050_msgs/msg/__init__.py'...
Compiling '/home/dbot2/dbot_vda5050_ilmatar/install/vda5050_msgs/local/lib/python3.10/dist-packages/vda5050_msgs/msg/_action.py'...
Compiling '/home/dbot2/dbot_vda5050_ilmatar/install/vda5050_msgs/local/lib/python3.10/dist-packages/vda5050_msgs/msg/_action_parameter.py'...
Compiling '/home/dbot2/dbot_vda5050_ilmatar/install/vda5050_msgs/local/lib/python3.10/dist-packages/vda5050_msgs/msg/_action_parameter_definition.py'...
Compiling '/home/dbot2/dbot_vda5050_ilmatar/install/vda5050_msgs/local/lib/python3.10/dist-packages/vda5050_msgs/msg/_agv_action.py'...
Compiling '/home/dbot2/dbot_vda5050_ilmatar/install/vda5050_msgs/local/lib/python3.10/dist-packages/vda5050_msgs/msg/_agv_geometry.py'...
Compiling '/home/dbot2/dbot_vda5050_ilmatar/install/vda5050_msgs/local/lib/python3.10/dist-packages/vda5050_msgs/msg/_agv_position.py'...
Compiling '/home/dbot2/dbot_vda5050_ilmatar/install/vda5050_msgs/local/lib/python3.10/dist-packages/vda5050_msgs/msg/_battery_state.py'...
Compiling '/home/dbot2/dbot_vda5050_ilmatar/install/vda5050_msgs/local/lib/python3.10/dist-packages/vda5050_msgs/msg/_bounding_box_reference.py'...
Compiling '/home/dbot2/dbot_vda5050_ilmatar/install/vda5050_msgs/local/lib/python3.10/dist-packages/vda5050_msgs/msg/_connection.py'...
Compiling '/home/dbot2/dbot_vda5050_ilmatar/install/vda5050_msgs/local/lib/python3.10/dist-packages/vda5050_msgs/msg/_control_point.py'...
Compiling '/home/dbot2/dbot_vda5050_ilmatar/install/vda5050_msgs/local/lib/python3.10/dist-packages/vda5050_msgs/msg/_current_action.py'...
Compiling '/home/dbot2/dbot_vda5050_ilmatar/install/vda5050_msgs/local/lib/python3.10/dist-packages/vda5050_msgs/msg/_edge.py'...
Compiling '/home/dbot2/dbot_vda5050_ilmatar/install/vda5050_msgs/local/lib/python3.10/dist-packages/vda5050_msgs/msg/_edge_state.py'...
Compiling '/home/dbot2/dbot_vda5050_ilmatar/install/vda5050_msgs/local/lib/python3.10/dist-packages/vda5050_msgs/msg/_envelope2_d.py'...
Compiling '/home/dbot2/dbot_vda5050_ilmatar/install/vda5050_msgs/local/lib/python3.10/dist-packages/vda5050_msgs/msg/_envelope3_d.py'...
Compiling '/home/dbot2/dbot_vda5050_ilmatar/install/vda5050_msgs/local/lib/python3.10/dist-packages/vda5050_msgs/msg/_error.py'...
Compiling '/home/dbot2/dbot_vda5050_ilmatar/install/vda5050_msgs/local/lib/python3.10/dist-packages/vda5050_msgs/msg/_error_reference.py'...
Compiling '/home/dbot2/dbot_vda5050_ilmatar/install/vda5050_msgs/local/lib/python3.10/dist-packages/vda5050_msgs/msg/_factsheet.py'...
Compiling '/home/dbot2/dbot_vda5050_ilmatar/install/vda5050_msgs/local/lib/python3.10/dist-packages/vda5050_msgs/msg/_header.py'...
Compiling '/home/dbot2/dbot_vda5050_ilmatar/install/vda5050_msgs/local/lib/python3.10/dist-packages/vda5050_msgs/msg/_info.py'...
Compiling '/home/dbot2/dbot_vda5050_ilmatar/install/vda5050_msgs/local/lib/python3.10/dist-packages/vda5050_msgs/msg/_info_reference.py'...
Compiling '/home/dbot2/dbot_vda5050_ilmatar/install/vda5050_msgs/local/lib/python3.10/dist-packages/vda5050_msgs/msg/_instant_actions.py'...
Compiling '/home/dbot2/dbot_vda5050_ilmatar/install/vda5050_msgs/local/lib/python3.10/dist-packages/vda5050_msgs/msg/_load.py'...
Compiling '/home/dbot2/dbot_vda5050_ilmatar/install/vda5050_msgs/local/lib/python3.10/dist-packages/vda5050_msgs/msg/_load_dimensions.py'...
Compiling '/home/dbot2/dbot_vda5050_ilmatar/install/vda5050_msgs/local/lib/python3.10/dist-packages/vda5050_msgs/msg/_load_set.py'...
Compiling '/home/dbot2/dbot_vda5050_ilmatar/install/vda5050_msgs/local/lib/python3.10/dist-packages/vda5050_msgs/msg/_load_specification.py'...
Compiling '/home/dbot2/dbot_vda5050_ilmatar/install/vda5050_msgs/local/lib/python3.10/dist-packages/vda5050_msgs/msg/_max_array_lens.py'...
Compiling '/home/dbot2/dbot_vda5050_ilmatar/install/vda5050_msgs/local/lib/python3.10/dist-packages/vda5050_msgs/msg/_max_string_lens.py'...
Compiling '/home/dbot2/dbot_vda5050_ilmatar/install/vda5050_msgs/local/lib/python3.10/dist-packages/vda5050_msgs/msg/_node.py'...
Compiling '/home/dbot2/dbot_vda5050_ilmatar/install/vda5050_msgs/local/lib/python3.10/dist-packages/vda5050_msgs/msg/_node_position.py'...
Compiling '/home/dbot2/dbot_vda5050_ilmatar/install/vda5050_msgs/local/lib/python3.10/dist-packages/vda5050_msgs/msg/_node_state.py'...
Compiling '/home/dbot2/dbot_vda5050_ilmatar/install/vda5050_msgs/local/lib/python3.10/dist-packages/vda5050_msgs/msg/_optional_parameter.py'...
Compiling '/home/dbot2/dbot_vda5050_ilmatar/install/vda5050_msgs/local/lib/python3.10/dist-packages/vda5050_msgs/msg/_order.py'...
Compiling '/home/dbot2/dbot_vda5050_ilmatar/install/vda5050_msgs/local/lib/python3.10/dist-packages/vda5050_msgs/msg/_order_state.py'...
Compiling '/home/dbot2/dbot_vda5050_ilmatar/install/vda5050_msgs/local/lib/python3.10/dist-packages/vda5050_msgs/msg/_physical_parameters.py'...
Compiling '/home/dbot2/dbot_vda5050_ilmatar/install/vda5050_msgs/local/lib/python3.10/dist-packages/vda5050_msgs/msg/_polygon_point.py'...
Compiling '/home/dbot2/dbot_vda5050_ilmatar/install/vda5050_msgs/local/lib/python3.10/dist-packages/vda5050_msgs/msg/_position.py'...
Compiling '/home/dbot2/dbot_vda5050_ilmatar/install/vda5050_msgs/local/lib/python3.10/dist-packages/vda5050_msgs/msg/_protocol_features.py'...
Compiling '/home/dbot2/dbot_vda5050_ilmatar/install/vda5050_msgs/local/lib/python3.10/dist-packages/vda5050_msgs/msg/_protocol_limits.py'...
Compiling '/home/dbot2/dbot_vda5050_ilmatar/install/vda5050_msgs/local/lib/python3.10/dist-packages/vda5050_msgs/msg/_safety_state.py'...
Compiling '/home/dbot2/dbot_vda5050_ilmatar/install/vda5050_msgs/local/lib/python3.10/dist-packages/vda5050_msgs/msg/_timing.py'...
Compiling '/home/dbot2/dbot_vda5050_ilmatar/install/vda5050_msgs/local/lib/python3.10/dist-packages/vda5050_msgs/msg/_trajectory.py'...
Compiling '/home/dbot2/dbot_vda5050_ilmatar/install/vda5050_msgs/local/lib/python3.10/dist-packages/vda5050_msgs/msg/_type_specification.py'...
Compiling '/home/dbot2/dbot_vda5050_ilmatar/install/vda5050_msgs/local/lib/python3.10/dist-packages/vda5050_msgs/msg/_velocity.py'...
Compiling '/home/dbot2/dbot_vda5050_ilmatar/install/vda5050_msgs/local/lib/python3.10/dist-packages/vda5050_msgs/msg/_visualization.py'...
Compiling '/home/dbot2/dbot_vda5050_ilmatar/install/vda5050_msgs/local/lib/python3.10/dist-packages/vda5050_msgs/msg/_wheel_definition.py'...
-- Installing: /home/dbot2/dbot_vda5050_ilmatar/install/vda5050_msgs/lib/libvda5050_msgs__rosidl_generator_py.so
-- Set runtime path of "/home/dbot2/dbot_vda5050_ilmatar/install/vda5050_msgs/lib/libvda5050_msgs__rosidl_generator_py.so" to ""
-- Up-to-date: /home/dbot2/dbot_vda5050_ilmatar/install/vda5050_msgs/share/vda5050_msgs/cmake/export_vda5050_msgs__rosidl_generator_cExport.cmake
-- Up-to-date: /home/dbot2/dbot_vda5050_ilmatar/install/vda5050_msgs/share/vda5050_msgs/cmake/export_vda5050_msgs__rosidl_generator_cExport-noconfig.cmake
-- Up-to-date: /home/dbot2/dbot_vda5050_ilmatar/install/vda5050_msgs/share/vda5050_msgs/cmake/export_vda5050_msgs__rosidl_typesupport_fastrtps_cExport.cmake
-- Up-to-date: /home/dbot2/dbot_vda5050_ilmatar/install/vda5050_msgs/share/vda5050_msgs/cmake/export_vda5050_msgs__rosidl_typesupport_fastrtps_cExport-noconfig.cmake
-- Up-to-date: /home/dbot2/dbot_vda5050_ilmatar/install/vda5050_msgs/share/vda5050_msgs/cmake/export_vda5050_msgs__rosidl_generator_cppExport.cmake
-- Up-to-date: /home/dbot2/dbot_vda5050_ilmatar/install/vda5050_msgs/share/vda5050_msgs/cmake/export_vda5050_msgs__rosidl_typesupport_fastrtps_cppExport.cmake
-- Up-to-date: /home/dbot2/dbot_vda5050_ilmatar/install/vda5050_msgs/share/vda5050_msgs/cmake/export_vda5050_msgs__rosidl_typesupport_fastrtps_cppExport-noconfig.cmake
-- Up-to-date: /home/dbot2/dbot_vda5050_ilmatar/install/vda5050_msgs/share/vda5050_msgs/cmake/vda5050_msgs__rosidl_typesupport_introspection_cExport.cmake
-- Up-to-date: /home/dbot2/dbot_vda5050_ilmatar/install/vda5050_msgs/share/vda5050_msgs/cmake/vda5050_msgs__rosidl_typesupport_introspection_cExport-noconfig.cmake
-- Up-to-date: /home/dbot2/dbot_vda5050_ilmatar/install/vda5050_msgs/share/vda5050_msgs/cmake/vda5050_msgs__rosidl_typesupport_cExport.cmake
-- Up-to-date: /home/dbot2/dbot_vda5050_ilmatar/install/vda5050_msgs/share/vda5050_msgs/cmake/vda5050_msgs__rosidl_typesupport_cExport-noconfig.cmake
-- Up-to-date: /home/dbot2/dbot_vda5050_ilmatar/install/vda5050_msgs/share/vda5050_msgs/cmake/vda5050_msgs__rosidl_typesupport_introspection_cppExport.cmake
-- Up-to-date: /home/dbot2/dbot_vda5050_ilmatar/install/vda5050_msgs/share/vda5050_msgs/cmake/vda5050_msgs__rosidl_typesupport_introspection_cppExport-noconfig.cmake
-- Up-to-date: /home/dbot2/dbot_vda5050_ilmatar/install/vda5050_msgs/share/vda5050_msgs/cmake/vda5050_msgs__rosidl_typesupport_cppExport.cmake
-- Up-to-date: /home/dbot2/dbot_vda5050_ilmatar/install/vda5050_msgs/share/vda5050_msgs/cmake/vda5050_msgs__rosidl_typesupport_cppExport-noconfig.cmake
-- Up-to-date: /home/dbot2/dbot_vda5050_ilmatar/install/vda5050_msgs/share/vda5050_msgs/cmake/export_vda5050_msgs__rosidl_generator_pyExport.cmake
-- Up-to-date: /home/dbot2/dbot_vda5050_ilmatar/install/vda5050_msgs/share/vda5050_msgs/cmake/export_vda5050_msgs__rosidl_generator_pyExport-noconfig.cmake
