[0.048s] Invoking command in '/home/dbot2/dbot_vda5050_ilmatar/build/vda5050_msgs': CMAKE_PREFIX_PATH=${CMAKE_PREFIX_PATH}:/home/dbot2/dbot_vda5050_ilmatar/install/vda5050_tb3_adapter:/home/dbot2/dbot_vda5050_ilmatar/install/tf2_dbot:/home/dbot2/dbot_vda5050_ilmatar/install/odom_motion_model:/home/dbot2/dbot_vda5050_ilmatar/install/motor_driver:/home/dbot2/dbot_vda5050_ilmatar/install/joycontrol:/home/dbot2/dbot_vda5050_ilmatar/install/gesturecontrol:/home/dbot2/dbot_vda5050_ilmatar/install/dbot_bridge:/home/dbot2/dbot_vda5050_ilmatar/install/dbot:/home/dbot2/ros2_ws/install/tf2_dbot:/home/dbot2/ros2_ws/install/odom_motion_model:/home/dbot2/ros2_ws/install/motor_driver:/home/dbot2/ros2_ws/install/joycontrol:/home/dbot2/ros2_ws/install/gesturecontrol:/home/dbot2/ros2_ws/install/dbot_bridge:/home/dbot2/ros2_ws/install/dbot:/home/dbot2/ros2_ws/install/ament_xmllint:/home/dbot2/ros2_ws/install/ament_uncrustify:/home/dbot2/ros2_ws/install/ament_pyflakes:/home/dbot2/ros2_ws/install/ament_pycodestyle:/home/dbot2/ros2_ws/install/ament_pep257:/home/dbot2/ros2_ws/install/ament_pclint:/home/dbot2/ros2_ws/install/ament_mypy:/home/dbot2/ros2_ws/install/ament_lint_cmake:/home/dbot2/ros2_ws/install/ament_flake8:/home/dbot2/ros2_ws/install/ament_copyright:/home/dbot2/ros2_ws/install/ament_lint:/home/dbot2/ros2_ws/install/ament_cpplint:/home/dbot2/ros2_ws/install/ament_cppcheck:/home/dbot2/ros2_ws/install/ament_clang_tidy:/home/dbot2/ros2_ws/install/ament_clang_format:/home/dbot2/dbot_src/install/tf2_dbot:/home/dbot2/dbot_src/install/odom_motion_model:/home/dbot2/dbot_src/install/motor_driver:/home/dbot2/dbot_src/install/joycontrol:/home/dbot2/dbot_src/install/dbot:/home/dbot2/dbot_remote/install/pcd_joy_trigger:/home/dbot2/circus_demo/install/circus_demo:/opt/ros/humble /usr/bin/cmake /home/dbot2/dbot_vda5050_ilmatar/src/vda5050_msgs -DCMAKE_INSTALL_PREFIX=/home/dbot2/dbot_vda5050_ilmatar/install/vda5050_msgs
[1.184s] -- Found ament_cmake: 1.3.11 (/opt/ros/humble/share/ament_cmake/cmake)
[1.184s] -- Override CMake install command with custom implementation using symlinks instead of copying resources
[1.184s] -- Found builtin_interfaces: 1.2.1 (/opt/ros/humble/share/builtin_interfaces/cmake)
[1.184s] -- Found rosidl_generator_c: 3.1.6 (/opt/ros/humble/share/rosidl_generator_c/cmake)
[1.184s] -- Found rosidl_adapter: 3.1.6 (/opt/ros/humble/share/rosidl_adapter/cmake)
[1.184s] -- Found rosidl_generator_cpp: 3.1.6 (/opt/ros/humble/share/rosidl_generator_cpp/cmake)
[1.184s] -- Using all available rosidl_typesupport_c: rosidl_typesupport_fastrtps_c;rosidl_typesupport_introspection_c
[1.184s] -- Using all available rosidl_typesupport_cpp: rosidl_typesupport_fastrtps_cpp;rosidl_typesupport_introspection_cpp
[1.184s] -- Found rosidl_default_generators: 1.2.0 (/opt/ros/humble/share/rosidl_default_generators/cmake)
[1.184s] -- Found std_msgs: 4.9.0 (/opt/ros/humble/share/std_msgs/cmake)
[1.184s] -- Found ament_cmake_ros: 0.10.0 (/opt/ros/humble/share/ament_cmake_ros/cmake)
[1.252s] -- Using all available rosidl_typesupport_c: rosidl_typesupport_fastrtps_c;rosidl_typesupport_introspection_c
[1.411s] -- Using all available rosidl_typesupport_cpp: rosidl_typesupport_fastrtps_cpp;rosidl_typesupport_introspection_cpp
[1.437s] -- Found python_cmake_module: 0.10.0 (/opt/ros/humble/share/python_cmake_module/cmake)
[1.476s] -- Using PYTHON_EXECUTABLE: /usr/bin/python3
[1.476s] -- Using PYTHON_INCLUDE_DIRS: /usr/include/python3.10
[1.476s] -- Using PYTHON_LIBRARIES: /usr/lib/x86_64-linux-gnu/libpython3.10.so
[1.641s] -- Configuring done
[1.834s] -- Generating done
[1.853s] -- Build files have been written to: /home/dbot2/dbot_vda5050_ilmatar/build/vda5050_msgs
[1.862s] Invoked command in '/home/dbot2/dbot_vda5050_ilmatar/build/vda5050_msgs' returned '0': CMAKE_PREFIX_PATH=${CMAKE_PREFIX_PATH}:/home/dbot2/dbot_vda5050_ilmatar/install/vda5050_tb3_adapter:/home/dbot2/dbot_vda5050_ilmatar/install/tf2_dbot:/home/dbot2/dbot_vda5050_ilmatar/install/odom_motion_model:/home/dbot2/dbot_vda5050_ilmatar/install/motor_driver:/home/dbot2/dbot_vda5050_ilmatar/install/joycontrol:/home/dbot2/dbot_vda5050_ilmatar/install/gesturecontrol:/home/dbot2/dbot_vda5050_ilmatar/install/dbot_bridge:/home/dbot2/dbot_vda5050_ilmatar/install/dbot:/home/dbot2/ros2_ws/install/tf2_dbot:/home/dbot2/ros2_ws/install/odom_motion_model:/home/dbot2/ros2_ws/install/motor_driver:/home/dbot2/ros2_ws/install/joycontrol:/home/dbot2/ros2_ws/install/gesturecontrol:/home/dbot2/ros2_ws/install/dbot_bridge:/home/dbot2/ros2_ws/install/dbot:/home/dbot2/ros2_ws/install/ament_xmllint:/home/dbot2/ros2_ws/install/ament_uncrustify:/home/dbot2/ros2_ws/install/ament_pyflakes:/home/dbot2/ros2_ws/install/ament_pycodestyle:/home/dbot2/ros2_ws/install/ament_pep257:/home/dbot2/ros2_ws/install/ament_pclint:/home/dbot2/ros2_ws/install/ament_mypy:/home/dbot2/ros2_ws/install/ament_lint_cmake:/home/dbot2/ros2_ws/install/ament_flake8:/home/dbot2/ros2_ws/install/ament_copyright:/home/dbot2/ros2_ws/install/ament_lint:/home/dbot2/ros2_ws/install/ament_cpplint:/home/dbot2/ros2_ws/install/ament_cppcheck:/home/dbot2/ros2_ws/install/ament_clang_tidy:/home/dbot2/ros2_ws/install/ament_clang_format:/home/dbot2/dbot_src/install/tf2_dbot:/home/dbot2/dbot_src/install/odom_motion_model:/home/dbot2/dbot_src/install/motor_driver:/home/dbot2/dbot_src/install/joycontrol:/home/dbot2/dbot_src/install/dbot:/home/dbot2/dbot_remote/install/pcd_joy_trigger:/home/dbot2/circus_demo/install/circus_demo:/opt/ros/humble /usr/bin/cmake /home/dbot2/dbot_vda5050_ilmatar/src/vda5050_msgs -DCMAKE_INSTALL_PREFIX=/home/dbot2/dbot_vda5050_ilmatar/install/vda5050_msgs
[1.864s] Invoking command in '/home/dbot2/dbot_vda5050_ilmatar/build/vda5050_msgs': CMAKE_PREFIX_PATH=${CMAKE_PREFIX_PATH}:/home/dbot2/dbot_vda5050_ilmatar/install/vda5050_tb3_adapter:/home/dbot2/dbot_vda5050_ilmatar/install/tf2_dbot:/home/dbot2/dbot_vda5050_ilmatar/install/odom_motion_model:/home/dbot2/dbot_vda5050_ilmatar/install/motor_driver:/home/dbot2/dbot_vda5050_ilmatar/install/joycontrol:/home/dbot2/dbot_vda5050_ilmatar/install/gesturecontrol:/home/dbot2/dbot_vda5050_ilmatar/install/dbot_bridge:/home/dbot2/dbot_vda5050_ilmatar/install/dbot:/home/dbot2/ros2_ws/install/tf2_dbot:/home/dbot2/ros2_ws/install/odom_motion_model:/home/dbot2/ros2_ws/install/motor_driver:/home/dbot2/ros2_ws/install/joycontrol:/home/dbot2/ros2_ws/install/gesturecontrol:/home/dbot2/ros2_ws/install/dbot_bridge:/home/dbot2/ros2_ws/install/dbot:/home/dbot2/ros2_ws/install/ament_xmllint:/home/dbot2/ros2_ws/install/ament_uncrustify:/home/dbot2/ros2_ws/install/ament_pyflakes:/home/dbot2/ros2_ws/install/ament_pycodestyle:/home/dbot2/ros2_ws/install/ament_pep257:/home/dbot2/ros2_ws/install/ament_pclint:/home/dbot2/ros2_ws/install/ament_mypy:/home/dbot2/ros2_ws/install/ament_lint_cmake:/home/dbot2/ros2_ws/install/ament_flake8:/home/dbot2/ros2_ws/install/ament_copyright:/home/dbot2/ros2_ws/install/ament_lint:/home/dbot2/ros2_ws/install/ament_cpplint:/home/dbot2/ros2_ws/install/ament_cppcheck:/home/dbot2/ros2_ws/install/ament_clang_tidy:/home/dbot2/ros2_ws/install/ament_clang_format:/home/dbot2/dbot_src/install/tf2_dbot:/home/dbot2/dbot_src/install/odom_motion_model:/home/dbot2/dbot_src/install/motor_driver:/home/dbot2/dbot_src/install/joycontrol:/home/dbot2/dbot_src/install/dbot:/home/dbot2/dbot_remote/install/pcd_joy_trigger:/home/dbot2/circus_demo/install/circus_demo:/opt/ros/humble /usr/bin/cmake --build /home/dbot2/dbot_vda5050_ilmatar/build/vda5050_msgs -- -j8 -l8
[1.953s] [35m[1mConsolidate compiler generated dependencies of target vda5050_msgs__rosidl_generator_c[0m
[1.963s] [  0%] Built target vda5050_msgs__cpp
[1.974s] [  0%] Built target ament_cmake_python_symlink_vda5050_msgs
[1.980s] [ 12%] Built target vda5050_msgs__rosidl_generator_c
[1.998s] [35m[1mConsolidate compiler generated dependencies of target vda5050_msgs__rosidl_typesupport_cpp[0m
[2.002s] [35m[1mConsolidate compiler generated dependencies of target vda5050_msgs__rosidl_typesupport_introspection_cpp[0m
[2.003s] [35m[1mConsolidate compiler generated dependencies of target vda5050_msgs__rosidl_typesupport_fastrtps_cpp[0m
[2.010s] [35m[1mConsolidate compiler generated dependencies of target vda5050_msgs__rosidl_typesupport_introspection_c[0m
[2.015s] [35m[1mConsolidate compiler generated dependencies of target vda5050_msgs__rosidl_typesupport_c[0m
[2.026s] [35m[1mConsolidate compiler generated dependencies of target vda5050_msgs__rosidl_typesupport_fastrtps_c[0m
[2.062s] [ 37%] Built target vda5050_msgs__rosidl_typesupport_cpp
[2.062s] [ 37%] Built target vda5050_msgs__rosidl_typesupport_introspection_c
[2.066s] [ 50%] Built target vda5050_msgs__rosidl_typesupport_c
[2.066s] [ 62%] Built target vda5050_msgs__rosidl_typesupport_fastrtps_cpp
[2.077s] [ 88%] Built target vda5050_msgs__rosidl_typesupport_fastrtps_c
[2.077s] [ 88%] Built target vda5050_msgs__rosidl_typesupport_introspection_cpp
[2.100s] [ 88%] Built target vda5050_msgs
[2.144s] [ 88%] Built target vda5050_msgs__py
[2.187s] [35m[1mConsolidate compiler generated dependencies of target vda5050_msgs__rosidl_generator_py[0m
[2.232s] [100%] Built target vda5050_msgs__rosidl_generator_py
[2.248s] [35m[1mConsolidate compiler generated dependencies of target vda5050_msgs__rosidl_typesupport_c__pyext[0m
[2.252s] [35m[1mConsolidate compiler generated dependencies of target vda5050_msgs__rosidl_typesupport_fastrtps_c__pyext[0m
[2.260s] [35m[1mConsolidate compiler generated dependencies of target vda5050_msgs__rosidl_typesupport_introspection_c__pyext[0m
[2.277s] [100%] Built target vda5050_msgs__rosidl_typesupport_fastrtps_c__pyext
[2.281s] [100%] Built target vda5050_msgs__rosidl_typesupport_c__pyext
[2.286s] [100%] Built target vda5050_msgs__rosidl_typesupport_introspection_c__pyext
[2.434s] running egg_info
[2.435s] writing vda5050_msgs.egg-info/PKG-INFO
[2.435s] writing dependency_links to vda5050_msgs.egg-info/dependency_links.txt
[2.439s] writing top-level names to vda5050_msgs.egg-info/top_level.txt
[2.441s] reading manifest file 'vda5050_msgs.egg-info/SOURCES.txt'
[2.443s] writing manifest file 'vda5050_msgs.egg-info/SOURCES.txt'
[2.472s] [100%] Built target ament_cmake_python_build_vda5050_msgs_egg
[2.487s] Invoked command in '/home/dbot2/dbot_vda5050_ilmatar/build/vda5050_msgs' returned '0': CMAKE_PREFIX_PATH=${CMAKE_PREFIX_PATH}:/home/dbot2/dbot_vda5050_ilmatar/install/vda5050_tb3_adapter:/home/dbot2/dbot_vda5050_ilmatar/install/tf2_dbot:/home/dbot2/dbot_vda5050_ilmatar/install/odom_motion_model:/home/dbot2/dbot_vda5050_ilmatar/install/motor_driver:/home/dbot2/dbot_vda5050_ilmatar/install/joycontrol:/home/dbot2/dbot_vda5050_ilmatar/install/gesturecontrol:/home/dbot2/dbot_vda5050_ilmatar/install/dbot_bridge:/home/dbot2/dbot_vda5050_ilmatar/install/dbot:/home/dbot2/ros2_ws/install/tf2_dbot:/home/dbot2/ros2_ws/install/odom_motion_model:/home/dbot2/ros2_ws/install/motor_driver:/home/dbot2/ros2_ws/install/joycontrol:/home/dbot2/ros2_ws/install/gesturecontrol:/home/dbot2/ros2_ws/install/dbot_bridge:/home/dbot2/ros2_ws/install/dbot:/home/dbot2/ros2_ws/install/ament_xmllint:/home/dbot2/ros2_ws/install/ament_uncrustify:/home/dbot2/ros2_ws/install/ament_pyflakes:/home/dbot2/ros2_ws/install/ament_pycodestyle:/home/dbot2/ros2_ws/install/ament_pep257:/home/dbot2/ros2_ws/install/ament_pclint:/home/dbot2/ros2_ws/install/ament_mypy:/home/dbot2/ros2_ws/install/ament_lint_cmake:/home/dbot2/ros2_ws/install/ament_flake8:/home/dbot2/ros2_ws/install/ament_copyright:/home/dbot2/ros2_ws/install/ament_lint:/home/dbot2/ros2_ws/install/ament_cpplint:/home/dbot2/ros2_ws/install/ament_cppcheck:/home/dbot2/ros2_ws/install/ament_clang_tidy:/home/dbot2/ros2_ws/install/ament_clang_format:/home/dbot2/dbot_src/install/tf2_dbot:/home/dbot2/dbot_src/install/odom_motion_model:/home/dbot2/dbot_src/install/motor_driver:/home/dbot2/dbot_src/install/joycontrol:/home/dbot2/dbot_src/install/dbot:/home/dbot2/dbot_remote/install/pcd_joy_trigger:/home/dbot2/circus_demo/install/circus_demo:/opt/ros/humble /usr/bin/cmake --build /home/dbot2/dbot_vda5050_ilmatar/build/vda5050_msgs -- -j8 -l8
[2.488s] Invoking command in '/home/dbot2/dbot_vda5050_ilmatar/build/vda5050_msgs': CMAKE_PREFIX_PATH=${CMAKE_PREFIX_PATH}:/home/dbot2/dbot_vda5050_ilmatar/install/vda5050_tb3_adapter:/home/dbot2/dbot_vda5050_ilmatar/install/tf2_dbot:/home/dbot2/dbot_vda5050_ilmatar/install/odom_motion_model:/home/dbot2/dbot_vda5050_ilmatar/install/motor_driver:/home/dbot2/dbot_vda5050_ilmatar/install/joycontrol:/home/dbot2/dbot_vda5050_ilmatar/install/gesturecontrol:/home/dbot2/dbot_vda5050_ilmatar/install/dbot_bridge:/home/dbot2/dbot_vda5050_ilmatar/install/dbot:/home/dbot2/ros2_ws/install/tf2_dbot:/home/dbot2/ros2_ws/install/odom_motion_model:/home/dbot2/ros2_ws/install/motor_driver:/home/dbot2/ros2_ws/install/joycontrol:/home/dbot2/ros2_ws/install/gesturecontrol:/home/dbot2/ros2_ws/install/dbot_bridge:/home/dbot2/ros2_ws/install/dbot:/home/dbot2/ros2_ws/install/ament_xmllint:/home/dbot2/ros2_ws/install/ament_uncrustify:/home/dbot2/ros2_ws/install/ament_pyflakes:/home/dbot2/ros2_ws/install/ament_pycodestyle:/home/dbot2/ros2_ws/install/ament_pep257:/home/dbot2/ros2_ws/install/ament_pclint:/home/dbot2/ros2_ws/install/ament_mypy:/home/dbot2/ros2_ws/install/ament_lint_cmake:/home/dbot2/ros2_ws/install/ament_flake8:/home/dbot2/ros2_ws/install/ament_copyright:/home/dbot2/ros2_ws/install/ament_lint:/home/dbot2/ros2_ws/install/ament_cpplint:/home/dbot2/ros2_ws/install/ament_cppcheck:/home/dbot2/ros2_ws/install/ament_clang_tidy:/home/dbot2/ros2_ws/install/ament_clang_format:/home/dbot2/dbot_src/install/tf2_dbot:/home/dbot2/dbot_src/install/odom_motion_model:/home/dbot2/dbot_src/install/motor_driver:/home/dbot2/dbot_src/install/joycontrol:/home/dbot2/dbot_src/install/dbot:/home/dbot2/dbot_remote/install/pcd_joy_trigger:/home/dbot2/circus_demo/install/circus_demo:/opt/ros/humble /usr/bin/cmake --install /home/dbot2/dbot_vda5050_ilmatar/build/vda5050_msgs
[2.908s] -- Install configuration: ""
[2.908s] -- Execute custom install script
[2.910s] -- Up-to-date symlink: /home/dbot2/dbot_vda5050_ilmatar/install/vda5050_msgs/share/ament_index/resource_index/rosidl_interfaces/vda5050_msgs
[2.910s] -- Up-to-date symlink: /home/dbot2/dbot_vda5050_ilmatar/install/vda5050_msgs/include/vda5050_msgs/vda5050_msgs/msg/action.h
[2.910s] -- Up-to-date symlink: /home/dbot2/dbot_vda5050_ilmatar/install/vda5050_msgs/include/vda5050_msgs/vda5050_msgs/msg/action_parameter.h
[2.910s] -- Up-to-date symlink: /home/dbot2/dbot_vda5050_ilmatar/install/vda5050_msgs/include/vda5050_msgs/vda5050_msgs/msg/action_parameter_definition.h
[2.910s] -- Up-to-date symlink: /home/dbot2/dbot_vda5050_ilmatar/install/vda5050_msgs/include/vda5050_msgs/vda5050_msgs/msg/agv_action.h
[2.910s] -- Up-to-date symlink: /home/dbot2/dbot_vda5050_ilmatar/install/vda5050_msgs/include/vda5050_msgs/vda5050_msgs/msg/agv_geometry.h
[2.910s] -- Up-to-date symlink: /home/dbot2/dbot_vda5050_ilmatar/install/vda5050_msgs/include/vda5050_msgs/vda5050_msgs/msg/agv_position.h
[2.910s] -- Up-to-date symlink: /home/dbot2/dbot_vda5050_ilmatar/install/vda5050_msgs/include/vda5050_msgs/vda5050_msgs/msg/battery_state.h
[2.910s] -- Up-to-date symlink: /home/dbot2/dbot_vda5050_ilmatar/install/vda5050_msgs/include/vda5050_msgs/vda5050_msgs/msg/bounding_box_reference.h
[2.910s] -- Up-to-date symlink: /home/dbot2/dbot_vda5050_ilmatar/install/vda5050_msgs/include/vda5050_msgs/vda5050_msgs/msg/connection.h
[2.910s] -- Up-to-date symlink: /home/dbot2/dbot_vda5050_ilmatar/install/vda5050_msgs/include/vda5050_msgs/vda5050_msgs/msg/control_point.h
[2.910s] -- Up-to-date symlink: /home/dbot2/dbot_vda5050_ilmatar/install/vda5050_msgs/include/vda5050_msgs/vda5050_msgs/msg/current_action.h
[2.910s] -- Up-to-date symlink: /home/dbot2/dbot_vda5050_ilmatar/install/vda5050_msgs/include/vda5050_msgs/vda5050_msgs/msg/detail/action__functions.h
[2.910s] -- Up-to-date symlink: /home/dbot2/dbot_vda5050_ilmatar/install/vda5050_msgs/include/vda5050_msgs/vda5050_msgs/msg/detail/action__struct.h
[2.911s] -- Up-to-date symlink: /home/dbot2/dbot_vda5050_ilmatar/install/vda5050_msgs/include/vda5050_msgs/vda5050_msgs/msg/detail/action__type_support.h
[2.911s] -- Up-to-date symlink: /home/dbot2/dbot_vda5050_ilmatar/install/vda5050_msgs/include/vda5050_msgs/vda5050_msgs/msg/detail/action_parameter__functions.h
[2.911s] -- Up-to-date symlink: /home/dbot2/dbot_vda5050_ilmatar/install/vda5050_msgs/include/vda5050_msgs/vda5050_msgs/msg/detail/action_parameter__struct.h
[2.911s] -- Up-to-date symlink: /home/dbot2/dbot_vda5050_ilmatar/install/vda5050_msgs/include/vda5050_msgs/vda5050_msgs/msg/detail/action_parameter__type_support.h
[2.911s] -- Up-to-date symlink: /home/dbot2/dbot_vda5050_ilmatar/install/vda5050_msgs/include/vda5050_msgs/vda5050_msgs/msg/detail/action_parameter_definition__functions.h
[2.911s] -- Up-to-date symlink: /home/dbot2/dbot_vda5050_ilmatar/install/vda5050_msgs/include/vda5050_msgs/vda5050_msgs/msg/detail/action_parameter_definition__struct.h
[2.911s] -- Up-to-date symlink: /home/dbot2/dbot_vda5050_ilmatar/install/vda5050_msgs/include/vda5050_msgs/vda5050_msgs/msg/detail/action_parameter_definition__type_support.h
[2.911s] -- Up-to-date symlink: /home/dbot2/dbot_vda5050_ilmatar/install/vda5050_msgs/include/vda5050_msgs/vda5050_msgs/msg/detail/agv_action__functions.h
[2.911s] -- Up-to-date symlink: /home/dbot2/dbot_vda5050_ilmatar/install/vda5050_msgs/include/vda5050_msgs/vda5050_msgs/msg/detail/agv_action__struct.h
[2.911s] -- Up-to-date symlink: /home/dbot2/dbot_vda5050_ilmatar/install/vda5050_msgs/include/vda5050_msgs/vda5050_msgs/msg/detail/agv_action__type_support.h
[2.911s] -- Up-to-date symlink: /home/dbot2/dbot_vda5050_ilmatar/install/vda5050_msgs/include/vda5050_msgs/vda5050_msgs/msg/detail/agv_geometry__functions.h
[2.911s] -- Up-to-date symlink: /home/dbot2/dbot_vda5050_ilmatar/install/vda5050_msgs/include/vda5050_msgs/vda5050_msgs/msg/detail/agv_geometry__struct.h
[2.911s] -- Up-to-date symlink: /home/dbot2/dbot_vda5050_ilmatar/install/vda5050_msgs/include/vda5050_msgs/vda5050_msgs/msg/detail/agv_geometry__type_support.h
[2.911s] -- Up-to-date symlink: /home/dbot2/dbot_vda5050_ilmatar/install/vda5050_msgs/include/vda5050_msgs/vda5050_msgs/msg/detail/agv_position__functions.h
[2.911s] -- Up-to-date symlink: /home/dbot2/dbot_vda5050_ilmatar/install/vda5050_msgs/include/vda5050_msgs/vda5050_msgs/msg/detail/agv_position__struct.h
[2.911s] -- Up-to-date symlink: /home/dbot2/dbot_vda5050_ilmatar/install/vda5050_msgs/include/vda5050_msgs/vda5050_msgs/msg/detail/agv_position__type_support.h
[2.912s] -- Up-to-date symlink: /home/dbot2/dbot_vda5050_ilmatar/install/vda5050_msgs/include/vda5050_msgs/vda5050_msgs/msg/detail/battery_state__functions.h
[2.912s] -- Up-to-date symlink: /home/dbot2/dbot_vda5050_ilmatar/install/vda5050_msgs/include/vda5050_msgs/vda5050_msgs/msg/detail/battery_state__struct.h
[2.912s] -- Up-to-date symlink: /home/dbot2/dbot_vda5050_ilmatar/install/vda5050_msgs/include/vda5050_msgs/vda5050_msgs/msg/detail/battery_state__type_support.h
[2.912s] -- Up-to-date symlink: /home/dbot2/dbot_vda5050_ilmatar/install/vda5050_msgs/include/vda5050_msgs/vda5050_msgs/msg/detail/bounding_box_reference__functions.h
[2.912s] -- Up-to-date symlink: /home/dbot2/dbot_vda5050_ilmatar/install/vda5050_msgs/include/vda5050_msgs/vda5050_msgs/msg/detail/bounding_box_reference__struct.h
[2.912s] -- Up-to-date symlink: /home/dbot2/dbot_vda5050_ilmatar/install/vda5050_msgs/include/vda5050_msgs/vda5050_msgs/msg/detail/bounding_box_reference__type_support.h
[2.912s] -- Up-to-date symlink: /home/dbot2/dbot_vda5050_ilmatar/install/vda5050_msgs/include/vda5050_msgs/vda5050_msgs/msg/detail/connection__functions.h
[2.912s] -- Up-to-date symlink: /home/dbot2/dbot_vda5050_ilmatar/install/vda5050_msgs/include/vda5050_msgs/vda5050_msgs/msg/detail/connection__struct.h
[2.912s] -- Up-to-date symlink: /home/dbot2/dbot_vda5050_ilmatar/install/vda5050_msgs/include/vda5050_msgs/vda5050_msgs/msg/detail/connection__type_support.h
[2.912s] -- Up-to-date symlink: /home/dbot2/dbot_vda5050_ilmatar/install/vda5050_msgs/include/vda5050_msgs/vda5050_msgs/msg/detail/control_point__functions.h
[2.912s] -- Up-to-date symlink: /home/dbot2/dbot_vda5050_ilmatar/install/vda5050_msgs/include/vda5050_msgs/vda5050_msgs/msg/detail/control_point__struct.h
[2.912s] -- Up-to-date symlink: /home/dbot2/dbot_vda5050_ilmatar/install/vda5050_msgs/include/vda5050_msgs/vda5050_msgs/msg/detail/control_point__type_support.h
[2.912s] -- Up-to-date symlink: /home/dbot2/dbot_vda5050_ilmatar/install/vda5050_msgs/include/vda5050_msgs/vda5050_msgs/msg/detail/current_action__functions.h
[2.912s] -- Up-to-date symlink: /home/dbot2/dbot_vda5050_ilmatar/install/vda5050_msgs/include/vda5050_msgs/vda5050_msgs/msg/detail/current_action__struct.h
[2.912s] -- Up-to-date symlink: /home/dbot2/dbot_vda5050_ilmatar/install/vda5050_msgs/include/vda5050_msgs/vda5050_msgs/msg/detail/current_action__type_support.h
[2.912s] -- Up-to-date symlink: /home/dbot2/dbot_vda5050_ilmatar/install/vda5050_msgs/include/vda5050_msgs/vda5050_msgs/msg/detail/edge__functions.h
[2.912s] -- Up-to-date symlink: /home/dbot2/dbot_vda5050_ilmatar/install/vda5050_msgs/include/vda5050_msgs/vda5050_msgs/msg/detail/edge__struct.h
[2.913s] -- Up-to-date symlink: /home/dbot2/dbot_vda5050_ilmatar/install/vda5050_msgs/include/vda5050_msgs/vda5050_msgs/msg/detail/edge__type_support.h
[2.913s] -- Up-to-date symlink: /home/dbot2/dbot_vda5050_ilmatar/install/vda5050_msgs/include/vda5050_msgs/vda5050_msgs/msg/detail/edge_state__functions.h
[2.914s] -- Up-to-date symlink: /home/dbot2/dbot_vda5050_ilmatar/install/vda5050_msgs/include/vda5050_msgs/vda5050_msgs/msg/detail/edge_state__struct.h
[2.915s] -- Up-to-date symlink: /home/dbot2/dbot_vda5050_ilmatar/install/vda5050_msgs/include/vda5050_msgs/vda5050_msgs/msg/detail/edge_state__type_support.h
[2.915s] -- Up-to-date symlink: /home/dbot2/dbot_vda5050_ilmatar/install/vda5050_msgs/include/vda5050_msgs/vda5050_msgs/msg/detail/envelope2_d__functions.h
[2.915s] -- Up-to-date symlink: /home/dbot2/dbot_vda5050_ilmatar/install/vda5050_msgs/include/vda5050_msgs/vda5050_msgs/msg/detail/envelope2_d__struct.h
[2.915s] -- Up-to-date symlink: /home/dbot2/dbot_vda5050_ilmatar/install/vda5050_msgs/include/vda5050_msgs/vda5050_msgs/msg/detail/envelope2_d__type_support.h
[2.915s] -- Up-to-date symlink: /home/dbot2/dbot_vda5050_ilmatar/install/vda5050_msgs/include/vda5050_msgs/vda5050_msgs/msg/detail/envelope3_d__functions.h
[2.915s] -- Up-to-date symlink: /home/dbot2/dbot_vda5050_ilmatar/install/vda5050_msgs/include/vda5050_msgs/vda5050_msgs/msg/detail/envelope3_d__struct.h
[2.915s] -- Up-to-date symlink: /home/dbot2/dbot_vda5050_ilmatar/install/vda5050_msgs/include/vda5050_msgs/vda5050_msgs/msg/detail/envelope3_d__type_support.h
[2.915s] -- Up-to-date symlink: /home/dbot2/dbot_vda5050_ilmatar/install/vda5050_msgs/include/vda5050_msgs/vda5050_msgs/msg/detail/error__functions.h
[2.916s] -- Up-to-date symlink: /home/dbot2/dbot_vda5050_ilmatar/install/vda5050_msgs/include/vda5050_msgs/vda5050_msgs/msg/detail/error__struct.h
[2.916s] -- Up-to-date symlink: /home/dbot2/dbot_vda5050_ilmatar/install/vda5050_msgs/include/vda5050_msgs/vda5050_msgs/msg/detail/error__type_support.h
[2.916s] -- Up-to-date symlink: /home/dbot2/dbot_vda5050_ilmatar/install/vda5050_msgs/include/vda5050_msgs/vda5050_msgs/msg/detail/error_reference__functions.h
[2.916s] -- Up-to-date symlink: /home/dbot2/dbot_vda5050_ilmatar/install/vda5050_msgs/include/vda5050_msgs/vda5050_msgs/msg/detail/error_reference__struct.h
[2.916s] -- Up-to-date symlink: /home/dbot2/dbot_vda5050_ilmatar/install/vda5050_msgs/include/vda5050_msgs/vda5050_msgs/msg/detail/error_reference__type_support.h
[2.916s] -- Up-to-date symlink: /home/dbot2/dbot_vda5050_ilmatar/install/vda5050_msgs/include/vda5050_msgs/vda5050_msgs/msg/detail/factsheet__functions.h
[2.916s] -- Up-to-date symlink: /home/dbot2/dbot_vda5050_ilmatar/install/vda5050_msgs/include/vda5050_msgs/vda5050_msgs/msg/detail/factsheet__struct.h
[2.916s] -- Up-to-date symlink: /home/dbot2/dbot_vda5050_ilmatar/install/vda5050_msgs/include/vda5050_msgs/vda5050_msgs/msg/detail/factsheet__type_support.h
[2.916s] -- Up-to-date symlink: /home/dbot2/dbot_vda5050_ilmatar/install/vda5050_msgs/include/vda5050_msgs/vda5050_msgs/msg/detail/header__functions.h
[2.916s] -- Up-to-date symlink: /home/dbot2/dbot_vda5050_ilmatar/install/vda5050_msgs/include/vda5050_msgs/vda5050_msgs/msg/detail/header__struct.h
[2.916s] -- Up-to-date symlink: /home/dbot2/dbot_vda5050_ilmatar/install/vda5050_msgs/include/vda5050_msgs/vda5050_msgs/msg/detail/header__type_support.h
[2.916s] -- Up-to-date symlink: /home/dbot2/dbot_vda5050_ilmatar/install/vda5050_msgs/include/vda5050_msgs/vda5050_msgs/msg/detail/info__functions.h
[2.916s] -- Up-to-date symlink: /home/dbot2/dbot_vda5050_ilmatar/install/vda5050_msgs/include/vda5050_msgs/vda5050_msgs/msg/detail/info__struct.h
[2.916s] -- Up-to-date symlink: /home/dbot2/dbot_vda5050_ilmatar/install/vda5050_msgs/include/vda5050_msgs/vda5050_msgs/msg/detail/info__type_support.h
[2.917s] -- Up-to-date symlink: /home/dbot2/dbot_vda5050_ilmatar/install/vda5050_msgs/include/vda5050_msgs/vda5050_msgs/msg/detail/info_reference__functions.h
[2.917s] -- Up-to-date symlink: /home/dbot2/dbot_vda5050_ilmatar/install/vda5050_msgs/include/vda5050_msgs/vda5050_msgs/msg/detail/info_reference__struct.h
[2.917s] -- Up-to-date symlink: /home/dbot2/dbot_vda5050_ilmatar/install/vda5050_msgs/include/vda5050_msgs/vda5050_msgs/msg/detail/info_reference__type_support.h
[2.917s] -- Up-to-date symlink: /home/dbot2/dbot_vda5050_ilmatar/install/vda5050_msgs/include/vda5050_msgs/vda5050_msgs/msg/detail/instant_actions__functions.h
[2.917s] -- Up-to-date symlink: /home/dbot2/dbot_vda5050_ilmatar/install/vda5050_msgs/include/vda5050_msgs/vda5050_msgs/msg/detail/instant_actions__struct.h
[2.917s] -- Up-to-date symlink: /home/dbot2/dbot_vda5050_ilmatar/install/vda5050_msgs/include/vda5050_msgs/vda5050_msgs/msg/detail/instant_actions__type_support.h
[2.917s] -- Up-to-date symlink: /home/dbot2/dbot_vda5050_ilmatar/install/vda5050_msgs/include/vda5050_msgs/vda5050_msgs/msg/detail/load__functions.h
[2.917s] -- Up-to-date symlink: /home/dbot2/dbot_vda5050_ilmatar/install/vda5050_msgs/include/vda5050_msgs/vda5050_msgs/msg/detail/load__struct.h
[2.917s] -- Up-to-date symlink: /home/dbot2/dbot_vda5050_ilmatar/install/vda5050_msgs/include/vda5050_msgs/vda5050_msgs/msg/detail/load__type_support.h
[2.917s] -- Up-to-date symlink: /home/dbot2/dbot_vda5050_ilmatar/install/vda5050_msgs/include/vda5050_msgs/vda5050_msgs/msg/detail/load_dimensions__functions.h
[2.917s] -- Up-to-date symlink: /home/dbot2/dbot_vda5050_ilmatar/install/vda5050_msgs/include/vda5050_msgs/vda5050_msgs/msg/detail/load_dimensions__struct.h
[2.917s] -- Up-to-date symlink: /home/dbot2/dbot_vda5050_ilmatar/install/vda5050_msgs/include/vda5050_msgs/vda5050_msgs/msg/detail/load_dimensions__type_support.h
[2.917s] -- Up-to-date symlink: /home/dbot2/dbot_vda5050_ilmatar/install/vda5050_msgs/include/vda5050_msgs/vda5050_msgs/msg/detail/load_set__functions.h
[2.917s] -- Up-to-date symlink: /home/dbot2/dbot_vda5050_ilmatar/install/vda5050_msgs/include/vda5050_msgs/vda5050_msgs/msg/detail/load_set__struct.h
[2.917s] -- Up-to-date symlink: /home/dbot2/dbot_vda5050_ilmatar/install/vda5050_msgs/include/vda5050_msgs/vda5050_msgs/msg/detail/load_set__type_support.h
[2.918s] -- Up-to-date symlink: /home/dbot2/dbot_vda5050_ilmatar/install/vda5050_msgs/include/vda5050_msgs/vda5050_msgs/msg/detail/load_specification__functions.h
[2.918s] -- Up-to-date symlink: /home/dbot2/dbot_vda5050_ilmatar/install/vda5050_msgs/include/vda5050_msgs/vda5050_msgs/msg/detail/load_specification__struct.h
[2.918s] -- Up-to-date symlink: /home/dbot2/dbot_vda5050_ilmatar/install/vda5050_msgs/include/vda5050_msgs/vda5050_msgs/msg/detail/load_specification__type_support.h
[2.918s] -- Up-to-date symlink: /home/dbot2/dbot_vda5050_ilmatar/install/vda5050_msgs/include/vda5050_msgs/vda5050_msgs/msg/detail/max_array_lens__functions.h
[2.918s] -- Up-to-date symlink: /home/dbot2/dbot_vda5050_ilmatar/install/vda5050_msgs/include/vda5050_msgs/vda5050_msgs/msg/detail/max_array_lens__struct.h
[2.918s] -- Up-to-date symlink: /home/dbot2/dbot_vda5050_ilmatar/install/vda5050_msgs/include/vda5050_msgs/vda5050_msgs/msg/detail/max_array_lens__type_support.h
[2.918s] -- Up-to-date symlink: /home/dbot2/dbot_vda5050_ilmatar/install/vda5050_msgs/include/vda5050_msgs/vda5050_msgs/msg/detail/max_string_lens__functions.h
[2.918s] -- Up-to-date symlink: /home/dbot2/dbot_vda5050_ilmatar/install/vda5050_msgs/include/vda5050_msgs/vda5050_msgs/msg/detail/max_string_lens__struct.h
[2.918s] -- Up-to-date symlink: /home/dbot2/dbot_vda5050_ilmatar/install/vda5050_msgs/include/vda5050_msgs/vda5050_msgs/msg/detail/max_string_lens__type_support.h
[2.918s] -- Up-to-date symlink: /home/dbot2/dbot_vda5050_ilmatar/install/vda5050_msgs/include/vda5050_msgs/vda5050_msgs/msg/detail/node__functions.h
[2.918s] -- Up-to-date symlink: /home/dbot2/dbot_vda5050_ilmatar/install/vda5050_msgs/include/vda5050_msgs/vda5050_msgs/msg/detail/node__struct.h
[2.918s] -- Up-to-date symlink: /home/dbot2/dbot_vda5050_ilmatar/install/vda5050_msgs/include/vda5050_msgs/vda5050_msgs/msg/detail/node__type_support.h
[2.918s] -- Up-to-date symlink: /home/dbot2/dbot_vda5050_ilmatar/install/vda5050_msgs/include/vda5050_msgs/vda5050_msgs/msg/detail/node_position__functions.h
[2.918s] -- Up-to-date symlink: /home/dbot2/dbot_vda5050_ilmatar/install/vda5050_msgs/include/vda5050_msgs/vda5050_msgs/msg/detail/node_position__struct.h
[2.918s] -- Up-to-date symlink: /home/dbot2/dbot_vda5050_ilmatar/install/vda5050_msgs/include/vda5050_msgs/vda5050_msgs/msg/detail/node_position__type_support.h
[2.918s] -- Up-to-date symlink: /home/dbot2/dbot_vda5050_ilmatar/install/vda5050_msgs/include/vda5050_msgs/vda5050_msgs/msg/detail/node_state__functions.h
[2.919s] -- Up-to-date symlink: /home/dbot2/dbot_vda5050_ilmatar/install/vda5050_msgs/include/vda5050_msgs/vda5050_msgs/msg/detail/node_state__struct.h
[2.919s] -- Up-to-date symlink: /home/dbot2/dbot_vda5050_ilmatar/install/vda5050_msgs/include/vda5050_msgs/vda5050_msgs/msg/detail/node_state__type_support.h
[2.919s] -- Up-to-date symlink: /home/dbot2/dbot_vda5050_ilmatar/install/vda5050_msgs/include/vda5050_msgs/vda5050_msgs/msg/detail/optional_parameter__functions.h
[2.919s] -- Up-to-date symlink: /home/dbot2/dbot_vda5050_ilmatar/install/vda5050_msgs/include/vda5050_msgs/vda5050_msgs/msg/detail/optional_parameter__struct.h
[2.919s] -- Up-to-date symlink: /home/dbot2/dbot_vda5050_ilmatar/install/vda5050_msgs/include/vda5050_msgs/vda5050_msgs/msg/detail/optional_parameter__type_support.h
[2.919s] -- Up-to-date symlink: /home/dbot2/dbot_vda5050_ilmatar/install/vda5050_msgs/include/vda5050_msgs/vda5050_msgs/msg/detail/order__functions.h
[2.919s] -- Up-to-date symlink: /home/dbot2/dbot_vda5050_ilmatar/install/vda5050_msgs/include/vda5050_msgs/vda5050_msgs/msg/detail/order__struct.h
[2.919s] -- Up-to-date symlink: /home/dbot2/dbot_vda5050_ilmatar/install/vda5050_msgs/include/vda5050_msgs/vda5050_msgs/msg/detail/order__type_support.h
[2.919s] -- Up-to-date symlink: /home/dbot2/dbot_vda5050_ilmatar/install/vda5050_msgs/include/vda5050_msgs/vda5050_msgs/msg/detail/order_state__functions.h
[2.919s] -- Up-to-date symlink: /home/dbot2/dbot_vda5050_ilmatar/install/vda5050_msgs/include/vda5050_msgs/vda5050_msgs/msg/detail/order_state__struct.h
[2.920s] -- Up-to-date symlink: /home/dbot2/dbot_vda5050_ilmatar/install/vda5050_msgs/include/vda5050_msgs/vda5050_msgs/msg/detail/order_state__type_support.h
[2.920s] -- Up-to-date symlink: /home/dbot2/dbot_vda5050_ilmatar/install/vda5050_msgs/include/vda5050_msgs/vda5050_msgs/msg/detail/physical_parameters__functions.h
[2.920s] -- Up-to-date symlink: /home/dbot2/dbot_vda5050_ilmatar/install/vda5050_msgs/include/vda5050_msgs/vda5050_msgs/msg/detail/physical_parameters__struct.h
[2.920s] -- Up-to-date symlink: /home/dbot2/dbot_vda5050_ilmatar/install/vda5050_msgs/include/vda5050_msgs/vda5050_msgs/msg/detail/physical_parameters__type_support.h
[2.920s] -- Up-to-date symlink: /home/dbot2/dbot_vda5050_ilmatar/install/vda5050_msgs/include/vda5050_msgs/vda5050_msgs/msg/detail/polygon_point__functions.h
[2.920s] -- Up-to-date symlink: /home/dbot2/dbot_vda5050_ilmatar/install/vda5050_msgs/include/vda5050_msgs/vda5050_msgs/msg/detail/polygon_point__struct.h
[2.920s] -- Up-to-date symlink: /home/dbot2/dbot_vda5050_ilmatar/install/vda5050_msgs/include/vda5050_msgs/vda5050_msgs/msg/detail/polygon_point__type_support.h
[2.920s] -- Up-to-date symlink: /home/dbot2/dbot_vda5050_ilmatar/install/vda5050_msgs/include/vda5050_msgs/vda5050_msgs/msg/detail/position__functions.h
[2.920s] -- Up-to-date symlink: /home/dbot2/dbot_vda5050_ilmatar/install/vda5050_msgs/include/vda5050_msgs/vda5050_msgs/msg/detail/position__struct.h
[2.920s] -- Up-to-date symlink: /home/dbot2/dbot_vda5050_ilmatar/install/vda5050_msgs/include/vda5050_msgs/vda5050_msgs/msg/detail/position__type_support.h
[2.920s] -- Up-to-date symlink: /home/dbot2/dbot_vda5050_ilmatar/install/vda5050_msgs/include/vda5050_msgs/vda5050_msgs/msg/detail/protocol_features__functions.h
[2.920s] -- Up-to-date symlink: /home/dbot2/dbot_vda5050_ilmatar/install/vda5050_msgs/include/vda5050_msgs/vda5050_msgs/msg/detail/protocol_features__struct.h
[2.920s] -- Up-to-date symlink: /home/dbot2/dbot_vda5050_ilmatar/install/vda5050_msgs/include/vda5050_msgs/vda5050_msgs/msg/detail/protocol_features__type_support.h
[2.920s] -- Up-to-date symlink: /home/dbot2/dbot_vda5050_ilmatar/install/vda5050_msgs/include/vda5050_msgs/vda5050_msgs/msg/detail/protocol_limits__functions.h
[2.920s] -- Up-to-date symlink: /home/dbot2/dbot_vda5050_ilmatar/install/vda5050_msgs/include/vda5050_msgs/vda5050_msgs/msg/detail/protocol_limits__struct.h
[2.920s] -- Up-to-date symlink: /home/dbot2/dbot_vda5050_ilmatar/install/vda5050_msgs/include/vda5050_msgs/vda5050_msgs/msg/detail/protocol_limits__type_support.h
[2.921s] -- Up-to-date symlink: /home/dbot2/dbot_vda5050_ilmatar/install/vda5050_msgs/include/vda5050_msgs/vda5050_msgs/msg/detail/safety_state__functions.h
[2.921s] -- Up-to-date symlink: /home/dbot2/dbot_vda5050_ilmatar/install/vda5050_msgs/include/vda5050_msgs/vda5050_msgs/msg/detail/safety_state__struct.h
[2.921s] -- Up-to-date symlink: /home/dbot2/dbot_vda5050_ilmatar/install/vda5050_msgs/include/vda5050_msgs/vda5050_msgs/msg/detail/safety_state__type_support.h
[2.921s] -- Up-to-date symlink: /home/dbot2/dbot_vda5050_ilmatar/install/vda5050_msgs/include/vda5050_msgs/vda5050_msgs/msg/detail/timing__functions.h
[2.921s] -- Up-to-date symlink: /home/dbot2/dbot_vda5050_ilmatar/install/vda5050_msgs/include/vda5050_msgs/vda5050_msgs/msg/detail/timing__struct.h
[2.921s] -- Up-to-date symlink: /home/dbot2/dbot_vda5050_ilmatar/install/vda5050_msgs/include/vda5050_msgs/vda5050_msgs/msg/detail/timing__type_support.h
[2.921s] -- Up-to-date symlink: /home/dbot2/dbot_vda5050_ilmatar/install/vda5050_msgs/include/vda5050_msgs/vda5050_msgs/msg/detail/trajectory__functions.h
[2.921s] -- Up-to-date symlink: /home/dbot2/dbot_vda5050_ilmatar/install/vda5050_msgs/include/vda5050_msgs/vda5050_msgs/msg/detail/trajectory__struct.h
[2.921s] -- Up-to-date symlink: /home/dbot2/dbot_vda5050_ilmatar/install/vda5050_msgs/include/vda5050_msgs/vda5050_msgs/msg/detail/trajectory__type_support.h
[2.921s] -- Up-to-date symlink: /home/dbot2/dbot_vda5050_ilmatar/install/vda5050_msgs/include/vda5050_msgs/vda5050_msgs/msg/detail/type_specification__functions.h
[2.921s] -- Up-to-date symlink: /home/dbot2/dbot_vda5050_ilmatar/install/vda5050_msgs/include/vda5050_msgs/vda5050_msgs/msg/detail/type_specification__struct.h
[2.922s] -- Up-to-date symlink: /home/dbot2/dbot_vda5050_ilmatar/install/vda5050_msgs/include/vda5050_msgs/vda5050_msgs/msg/detail/type_specification__type_support.h
[2.922s] -- Up-to-date symlink: /home/dbot2/dbot_vda5050_ilmatar/install/vda5050_msgs/include/vda5050_msgs/vda5050_msgs/msg/detail/velocity__functions.h
[2.922s] -- Up-to-date symlink: /home/dbot2/dbot_vda5050_ilmatar/install/vda5050_msgs/include/vda5050_msgs/vda5050_msgs/msg/detail/velocity__struct.h
[2.922s] -- Up-to-date symlink: /home/dbot2/dbot_vda5050_ilmatar/install/vda5050_msgs/include/vda5050_msgs/vda5050_msgs/msg/detail/velocity__type_support.h
[2.922s] -- Up-to-date symlink: /home/dbot2/dbot_vda5050_ilmatar/install/vda5050_msgs/include/vda5050_msgs/vda5050_msgs/msg/detail/visualization__functions.h
[2.922s] -- Up-to-date symlink: /home/dbot2/dbot_vda5050_ilmatar/install/vda5050_msgs/include/vda5050_msgs/vda5050_msgs/msg/detail/visualization__struct.h
[2.922s] -- Up-to-date symlink: /home/dbot2/dbot_vda5050_ilmatar/install/vda5050_msgs/include/vda5050_msgs/vda5050_msgs/msg/detail/visualization__type_support.h
[2.922s] -- Up-to-date symlink: /home/dbot2/dbot_vda5050_ilmatar/install/vda5050_msgs/include/vda5050_msgs/vda5050_msgs/msg/detail/wheel_definition__functions.h
[2.922s] -- Up-to-date symlink: /home/dbot2/dbot_vda5050_ilmatar/install/vda5050_msgs/include/vda5050_msgs/vda5050_msgs/msg/detail/wheel_definition__struct.h
[2.922s] -- Up-to-date symlink: /home/dbot2/dbot_vda5050_ilmatar/install/vda5050_msgs/include/vda5050_msgs/vda5050_msgs/msg/detail/wheel_definition__type_support.h
[2.922s] -- Up-to-date symlink: /home/dbot2/dbot_vda5050_ilmatar/install/vda5050_msgs/include/vda5050_msgs/vda5050_msgs/msg/edge.h
[2.922s] -- Up-to-date symlink: /home/dbot2/dbot_vda5050_ilmatar/install/vda5050_msgs/include/vda5050_msgs/vda5050_msgs/msg/edge_state.h
[2.923s] -- Up-to-date symlink: /home/dbot2/dbot_vda5050_ilmatar/install/vda5050_msgs/include/vda5050_msgs/vda5050_msgs/msg/envelope2_d.h
[2.923s] -- Up-to-date symlink: /home/dbot2/dbot_vda5050_ilmatar/install/vda5050_msgs/include/vda5050_msgs/vda5050_msgs/msg/envelope3_d.h
[2.923s] -- Up-to-date symlink: /home/dbot2/dbot_vda5050_ilmatar/install/vda5050_msgs/include/vda5050_msgs/vda5050_msgs/msg/error.h
[2.924s] -- Up-to-date symlink: /home/dbot2/dbot_vda5050_ilmatar/install/vda5050_msgs/include/vda5050_msgs/vda5050_msgs/msg/error_reference.h
[2.924s] -- Up-to-date symlink: /home/dbot2/dbot_vda5050_ilmatar/install/vda5050_msgs/include/vda5050_msgs/vda5050_msgs/msg/factsheet.h
[2.925s] -- Up-to-date symlink: /home/dbot2/dbot_vda5050_ilmatar/install/vda5050_msgs/include/vda5050_msgs/vda5050_msgs/msg/header.h
[2.925s] -- Up-to-date symlink: /home/dbot2/dbot_vda5050_ilmatar/install/vda5050_msgs/include/vda5050_msgs/vda5050_msgs/msg/info.h
[2.925s] -- Up-to-date symlink: /home/dbot2/dbot_vda5050_ilmatar/install/vda5050_msgs/include/vda5050_msgs/vda5050_msgs/msg/info_reference.h
[2.926s] -- Up-to-date symlink: /home/dbot2/dbot_vda5050_ilmatar/install/vda5050_msgs/include/vda5050_msgs/vda5050_msgs/msg/instant_actions.h
[2.926s] -- Up-to-date symlink: /home/dbot2/dbot_vda5050_ilmatar/install/vda5050_msgs/include/vda5050_msgs/vda5050_msgs/msg/load.h
[2.926s] -- Up-to-date symlink: /home/dbot2/dbot_vda5050_ilmatar/install/vda5050_msgs/include/vda5050_msgs/vda5050_msgs/msg/load_dimensions.h
[2.926s] -- Up-to-date symlink: /home/dbot2/dbot_vda5050_ilmatar/install/vda5050_msgs/include/vda5050_msgs/vda5050_msgs/msg/load_set.h
[2.927s] -- Up-to-date symlink: /home/dbot2/dbot_vda5050_ilmatar/install/vda5050_msgs/include/vda5050_msgs/vda5050_msgs/msg/load_specification.h
[2.927s] -- Up-to-date symlink: /home/dbot2/dbot_vda5050_ilmatar/install/vda5050_msgs/include/vda5050_msgs/vda5050_msgs/msg/max_array_lens.h
[2.927s] -- Up-to-date symlink: /home/dbot2/dbot_vda5050_ilmatar/install/vda5050_msgs/include/vda5050_msgs/vda5050_msgs/msg/max_string_lens.h
[2.927s] -- Up-to-date symlink: /home/dbot2/dbot_vda5050_ilmatar/install/vda5050_msgs/include/vda5050_msgs/vda5050_msgs/msg/node.h
[2.928s] -- Up-to-date symlink: /home/dbot2/dbot_vda5050_ilmatar/install/vda5050_msgs/include/vda5050_msgs/vda5050_msgs/msg/node_position.h
[2.928s] -- Up-to-date symlink: /home/dbot2/dbot_vda5050_ilmatar/install/vda5050_msgs/include/vda5050_msgs/vda5050_msgs/msg/node_state.h
[2.928s] -- Up-to-date symlink: /home/dbot2/dbot_vda5050_ilmatar/install/vda5050_msgs/include/vda5050_msgs/vda5050_msgs/msg/optional_parameter.h
[2.928s] -- Up-to-date symlink: /home/dbot2/dbot_vda5050_ilmatar/install/vda5050_msgs/include/vda5050_msgs/vda5050_msgs/msg/order.h
[2.929s] -- Up-to-date symlink: /home/dbot2/dbot_vda5050_ilmatar/install/vda5050_msgs/include/vda5050_msgs/vda5050_msgs/msg/order_state.h
[2.929s] -- Up-to-date symlink: /home/dbot2/dbot_vda5050_ilmatar/install/vda5050_msgs/include/vda5050_msgs/vda5050_msgs/msg/physical_parameters.h
[2.929s] -- Up-to-date symlink: /home/dbot2/dbot_vda5050_ilmatar/install/vda5050_msgs/include/vda5050_msgs/vda5050_msgs/msg/polygon_point.h
[2.929s] -- Up-to-date symlink: /home/dbot2/dbot_vda5050_ilmatar/install/vda5050_msgs/include/vda5050_msgs/vda5050_msgs/msg/position.h
[2.930s] -- Up-to-date symlink: /home/dbot2/dbot_vda5050_ilmatar/install/vda5050_msgs/include/vda5050_msgs/vda5050_msgs/msg/protocol_features.h
[2.930s] -- Up-to-date symlink: /home/dbot2/dbot_vda5050_ilmatar/install/vda5050_msgs/include/vda5050_msgs/vda5050_msgs/msg/protocol_limits.h
[2.930s] -- Up-to-date symlink: /home/dbot2/dbot_vda5050_ilmatar/install/vda5050_msgs/include/vda5050_msgs/vda5050_msgs/msg/rosidl_generator_c__visibility_control.h
[2.930s] -- Up-to-date symlink: /home/dbot2/dbot_vda5050_ilmatar/install/vda5050_msgs/include/vda5050_msgs/vda5050_msgs/msg/safety_state.h
[2.930s] -- Up-to-date symlink: /home/dbot2/dbot_vda5050_ilmatar/install/vda5050_msgs/include/vda5050_msgs/vda5050_msgs/msg/timing.h
[2.931s] -- Up-to-date symlink: /home/dbot2/dbot_vda5050_ilmatar/install/vda5050_msgs/include/vda5050_msgs/vda5050_msgs/msg/trajectory.h
[2.931s] -- Up-to-date symlink: /home/dbot2/dbot_vda5050_ilmatar/install/vda5050_msgs/include/vda5050_msgs/vda5050_msgs/msg/type_specification.h
[2.931s] -- Up-to-date symlink: /home/dbot2/dbot_vda5050_ilmatar/install/vda5050_msgs/include/vda5050_msgs/vda5050_msgs/msg/velocity.h
[2.931s] -- Up-to-date symlink: /home/dbot2/dbot_vda5050_ilmatar/install/vda5050_msgs/include/vda5050_msgs/vda5050_msgs/msg/visualization.h
[2.931s] -- Up-to-date symlink: /home/dbot2/dbot_vda5050_ilmatar/install/vda5050_msgs/include/vda5050_msgs/vda5050_msgs/msg/wheel_definition.h
[2.932s] -- Up-to-date symlink: /home/dbot2/dbot_vda5050_ilmatar/install/vda5050_msgs/share/vda5050_msgs/environment/library_path.sh
[2.932s] -- Up-to-date symlink: /home/dbot2/dbot_vda5050_ilmatar/install/vda5050_msgs/share/vda5050_msgs/environment/library_path.dsv
[2.934s] -- Up-to-date symlink: /home/dbot2/dbot_vda5050_ilmatar/install/vda5050_msgs/include/vda5050_msgs/vda5050_msgs/msg/detail/action__rosidl_typesupport_fastrtps_c.h
[2.934s] -- Up-to-date symlink: /home/dbot2/dbot_vda5050_ilmatar/install/vda5050_msgs/include/vda5050_msgs/vda5050_msgs/msg/detail/action_parameter__rosidl_typesupport_fastrtps_c.h
[2.934s] -- Up-to-date symlink: /home/dbot2/dbot_vda5050_ilmatar/install/vda5050_msgs/include/vda5050_msgs/vda5050_msgs/msg/detail/action_parameter_definition__rosidl_typesupport_fastrtps_c.h
[2.934s] -- Up-to-date symlink: /home/dbot2/dbot_vda5050_ilmatar/install/vda5050_msgs/include/vda5050_msgs/vda5050_msgs/msg/detail/agv_action__rosidl_typesupport_fastrtps_c.h
[2.935s] -- Up-to-date symlink: /home/dbot2/dbot_vda5050_ilmatar/install/vda5050_msgs/include/vda5050_msgs/vda5050_msgs/msg/detail/agv_geometry__rosidl_typesupport_fastrtps_c.h
[2.935s] -- Up-to-date symlink: /home/dbot2/dbot_vda5050_ilmatar/install/vda5050_msgs/include/vda5050_msgs/vda5050_msgs/msg/detail/agv_position__rosidl_typesupport_fastrtps_c.h
[2.935s] -- Up-to-date symlink: /home/dbot2/dbot_vda5050_ilmatar/install/vda5050_msgs/include/vda5050_msgs/vda5050_msgs/msg/detail/battery_state__rosidl_typesupport_fastrtps_c.h
[2.936s] -- Up-to-date symlink: /home/dbot2/dbot_vda5050_ilmatar/install/vda5050_msgs/include/vda5050_msgs/vda5050_msgs/msg/detail/bounding_box_reference__rosidl_typesupport_fastrtps_c.h
[2.936s] -- Up-to-date symlink: /home/dbot2/dbot_vda5050_ilmatar/install/vda5050_msgs/include/vda5050_msgs/vda5050_msgs/msg/detail/connection__rosidl_typesupport_fastrtps_c.h
[2.936s] -- Up-to-date symlink: /home/dbot2/dbot_vda5050_ilmatar/install/vda5050_msgs/include/vda5050_msgs/vda5050_msgs/msg/detail/control_point__rosidl_typesupport_fastrtps_c.h
[2.936s] -- Up-to-date symlink: /home/dbot2/dbot_vda5050_ilmatar/install/vda5050_msgs/include/vda5050_msgs/vda5050_msgs/msg/detail/current_action__rosidl_typesupport_fastrtps_c.h
[2.937s] -- Up-to-date symlink: /home/dbot2/dbot_vda5050_ilmatar/install/vda5050_msgs/include/vda5050_msgs/vda5050_msgs/msg/detail/edge__rosidl_typesupport_fastrtps_c.h
[2.937s] -- Up-to-date symlink: /home/dbot2/dbot_vda5050_ilmatar/install/vda5050_msgs/include/vda5050_msgs/vda5050_msgs/msg/detail/edge_state__rosidl_typesupport_fastrtps_c.h
[2.937s] -- Up-to-date symlink: /home/dbot2/dbot_vda5050_ilmatar/install/vda5050_msgs/include/vda5050_msgs/vda5050_msgs/msg/detail/envelope2_d__rosidl_typesupport_fastrtps_c.h
[2.938s] -- Up-to-date symlink: /home/dbot2/dbot_vda5050_ilmatar/install/vda5050_msgs/include/vda5050_msgs/vda5050_msgs/msg/detail/envelope3_d__rosidl_typesupport_fastrtps_c.h
[2.938s] -- Up-to-date symlink: /home/dbot2/dbot_vda5050_ilmatar/install/vda5050_msgs/include/vda5050_msgs/vda5050_msgs/msg/detail/error__rosidl_typesupport_fastrtps_c.h
[2.938s] -- Up-to-date symlink: /home/dbot2/dbot_vda5050_ilmatar/install/vda5050_msgs/include/vda5050_msgs/vda5050_msgs/msg/detail/error_reference__rosidl_typesupport_fastrtps_c.h
[2.939s] -- Up-to-date symlink: /home/dbot2/dbot_vda5050_ilmatar/install/vda5050_msgs/include/vda5050_msgs/vda5050_msgs/msg/detail/factsheet__rosidl_typesupport_fastrtps_c.h
[2.942s] -- Up-to-date symlink: /home/dbot2/dbot_vda5050_ilmatar/install/vda5050_msgs/include/vda5050_msgs/vda5050_msgs/msg/detail/header__rosidl_typesupport_fastrtps_c.h
[2.942s] -- Up-to-date symlink: /home/dbot2/dbot_vda5050_ilmatar/install/vda5050_msgs/include/vda5050_msgs/vda5050_msgs/msg/detail/info__rosidl_typesupport_fastrtps_c.h
[2.942s] -- Up-to-date symlink: /home/dbot2/dbot_vda5050_ilmatar/install/vda5050_msgs/include/vda5050_msgs/vda5050_msgs/msg/detail/info_reference__rosidl_typesupport_fastrtps_c.h
[2.942s] -- Up-to-date symlink: /home/dbot2/dbot_vda5050_ilmatar/install/vda5050_msgs/include/vda5050_msgs/vda5050_msgs/msg/detail/instant_actions__rosidl_typesupport_fastrtps_c.h
[2.942s] -- Up-to-date symlink: /home/dbot2/dbot_vda5050_ilmatar/install/vda5050_msgs/include/vda5050_msgs/vda5050_msgs/msg/detail/load__rosidl_typesupport_fastrtps_c.h
[2.942s] -- Up-to-date symlink: /home/dbot2/dbot_vda5050_ilmatar/install/vda5050_msgs/include/vda5050_msgs/vda5050_msgs/msg/detail/load_dimensions__rosidl_typesupport_fastrtps_c.h
[2.943s] -- Up-to-date symlink: /home/dbot2/dbot_vda5050_ilmatar/install/vda5050_msgs/include/vda5050_msgs/vda5050_msgs/msg/detail/load_set__rosidl_typesupport_fastrtps_c.h
[2.944s] -- Up-to-date symlink: /home/dbot2/dbot_vda5050_ilmatar/install/vda5050_msgs/include/vda5050_msgs/vda5050_msgs/msg/detail/load_specification__rosidl_typesupport_fastrtps_c.h
[2.944s] -- Up-to-date symlink: /home/dbot2/dbot_vda5050_ilmatar/install/vda5050_msgs/include/vda5050_msgs/vda5050_msgs/msg/detail/max_array_lens__rosidl_typesupport_fastrtps_c.h
[2.944s] -- Up-to-date symlink: /home/dbot2/dbot_vda5050_ilmatar/install/vda5050_msgs/include/vda5050_msgs/vda5050_msgs/msg/detail/max_string_lens__rosidl_typesupport_fastrtps_c.h
[2.944s] -- Up-to-date symlink: /home/dbot2/dbot_vda5050_ilmatar/install/vda5050_msgs/include/vda5050_msgs/vda5050_msgs/msg/detail/node__rosidl_typesupport_fastrtps_c.h
[2.944s] -- Up-to-date symlink: /home/dbot2/dbot_vda5050_ilmatar/install/vda5050_msgs/include/vda5050_msgs/vda5050_msgs/msg/detail/node_position__rosidl_typesupport_fastrtps_c.h
[2.944s] -- Up-to-date symlink: /home/dbot2/dbot_vda5050_ilmatar/install/vda5050_msgs/include/vda5050_msgs/vda5050_msgs/msg/detail/node_state__rosidl_typesupport_fastrtps_c.h
[2.945s] -- Up-to-date symlink: /home/dbot2/dbot_vda5050_ilmatar/install/vda5050_msgs/include/vda5050_msgs/vda5050_msgs/msg/detail/optional_parameter__rosidl_typesupport_fastrtps_c.h
[2.945s] -- Up-to-date symlink: /home/dbot2/dbot_vda5050_ilmatar/install/vda5050_msgs/include/vda5050_msgs/vda5050_msgs/msg/detail/order__rosidl_typesupport_fastrtps_c.h
[2.945s] -- Up-to-date symlink: /home/dbot2/dbot_vda5050_ilmatar/install/vda5050_msgs/include/vda5050_msgs/vda5050_msgs/msg/detail/order_state__rosidl_typesupport_fastrtps_c.h
[2.946s] -- Up-to-date symlink: /home/dbot2/dbot_vda5050_ilmatar/install/vda5050_msgs/include/vda5050_msgs/vda5050_msgs/msg/detail/physical_parameters__rosidl_typesupport_fastrtps_c.h
[2.946s] -- Up-to-date symlink: /home/dbot2/dbot_vda5050_ilmatar/install/vda5050_msgs/include/vda5050_msgs/vda5050_msgs/msg/detail/polygon_point__rosidl_typesupport_fastrtps_c.h
[2.946s] -- Up-to-date symlink: /home/dbot2/dbot_vda5050_ilmatar/install/vda5050_msgs/include/vda5050_msgs/vda5050_msgs/msg/detail/position__rosidl_typesupport_fastrtps_c.h
[2.947s] -- Up-to-date symlink: /home/dbot2/dbot_vda5050_ilmatar/install/vda5050_msgs/include/vda5050_msgs/vda5050_msgs/msg/detail/protocol_features__rosidl_typesupport_fastrtps_c.h
[2.947s] -- Up-to-date symlink: /home/dbot2/dbot_vda5050_ilmatar/install/vda5050_msgs/include/vda5050_msgs/vda5050_msgs/msg/detail/protocol_limits__rosidl_typesupport_fastrtps_c.h
[2.947s] -- Up-to-date symlink: /home/dbot2/dbot_vda5050_ilmatar/install/vda5050_msgs/include/vda5050_msgs/vda5050_msgs/msg/detail/safety_state__rosidl_typesupport_fastrtps_c.h
[2.947s] -- Up-to-date symlink: /home/dbot2/dbot_vda5050_ilmatar/install/vda5050_msgs/include/vda5050_msgs/vda5050_msgs/msg/detail/timing__rosidl_typesupport_fastrtps_c.h
[2.947s] -- Up-to-date symlink: /home/dbot2/dbot_vda5050_ilmatar/install/vda5050_msgs/include/vda5050_msgs/vda5050_msgs/msg/detail/trajectory__rosidl_typesupport_fastrtps_c.h
[2.948s] -- Up-to-date symlink: /home/dbot2/dbot_vda5050_ilmatar/install/vda5050_msgs/include/vda5050_msgs/vda5050_msgs/msg/detail/type_specification__rosidl_typesupport_fastrtps_c.h
[2.948s] -- Up-to-date symlink: /home/dbot2/dbot_vda5050_ilmatar/install/vda5050_msgs/include/vda5050_msgs/vda5050_msgs/msg/detail/velocity__rosidl_typesupport_fastrtps_c.h
[2.949s] -- Up-to-date symlink: /home/dbot2/dbot_vda5050_ilmatar/install/vda5050_msgs/include/vda5050_msgs/vda5050_msgs/msg/detail/visualization__rosidl_typesupport_fastrtps_c.h
[2.949s] -- Up-to-date symlink: /home/dbot2/dbot_vda5050_ilmatar/install/vda5050_msgs/include/vda5050_msgs/vda5050_msgs/msg/detail/wheel_definition__rosidl_typesupport_fastrtps_c.h
[2.949s] -- Up-to-date symlink: /home/dbot2/dbot_vda5050_ilmatar/install/vda5050_msgs/include/vda5050_msgs/vda5050_msgs/msg/rosidl_typesupport_fastrtps_c__visibility_control.h
[2.951s] -- Up-to-date symlink: /home/dbot2/dbot_vda5050_ilmatar/install/vda5050_msgs/include/vda5050_msgs/vda5050_msgs/msg/action.hpp
[2.952s] -- Up-to-date symlink: /home/dbot2/dbot_vda5050_ilmatar/install/vda5050_msgs/include/vda5050_msgs/vda5050_msgs/msg/action_parameter.hpp
[2.952s] -- Up-to-date symlink: /home/dbot2/dbot_vda5050_ilmatar/install/vda5050_msgs/include/vda5050_msgs/vda5050_msgs/msg/action_parameter_definition.hpp
[2.952s] -- Up-to-date symlink: /home/dbot2/dbot_vda5050_ilmatar/install/vda5050_msgs/include/vda5050_msgs/vda5050_msgs/msg/agv_action.hpp
[2.952s] -- Up-to-date symlink: /home/dbot2/dbot_vda5050_ilmatar/install/vda5050_msgs/include/vda5050_msgs/vda5050_msgs/msg/agv_geometry.hpp
[2.952s] -- Up-to-date symlink: /home/dbot2/dbot_vda5050_ilmatar/install/vda5050_msgs/include/vda5050_msgs/vda5050_msgs/msg/agv_position.hpp
[2.952s] -- Up-to-date symlink: /home/dbot2/dbot_vda5050_ilmatar/install/vda5050_msgs/include/vda5050_msgs/vda5050_msgs/msg/battery_state.hpp
[2.952s] -- Up-to-date symlink: /home/dbot2/dbot_vda5050_ilmatar/install/vda5050_msgs/include/vda5050_msgs/vda5050_msgs/msg/bounding_box_reference.hpp
[2.953s] -- Up-to-date symlink: /home/dbot2/dbot_vda5050_ilmatar/install/vda5050_msgs/include/vda5050_msgs/vda5050_msgs/msg/connection.hpp
[2.953s] -- Up-to-date symlink: /home/dbot2/dbot_vda5050_ilmatar/install/vda5050_msgs/include/vda5050_msgs/vda5050_msgs/msg/control_point.hpp
[2.953s] -- Up-to-date symlink: /home/dbot2/dbot_vda5050_ilmatar/install/vda5050_msgs/include/vda5050_msgs/vda5050_msgs/msg/current_action.hpp
[2.954s] -- Up-to-date symlink: /home/dbot2/dbot_vda5050_ilmatar/install/vda5050_msgs/include/vda5050_msgs/vda5050_msgs/msg/detail/action__builder.hpp
[2.954s] -- Up-to-date symlink: /home/dbot2/dbot_vda5050_ilmatar/install/vda5050_msgs/include/vda5050_msgs/vda5050_msgs/msg/detail/action__struct.hpp
[2.954s] -- Up-to-date symlink: /home/dbot2/dbot_vda5050_ilmatar/install/vda5050_msgs/include/vda5050_msgs/vda5050_msgs/msg/detail/action__traits.hpp
[2.954s] -- Up-to-date symlink: /home/dbot2/dbot_vda5050_ilmatar/install/vda5050_msgs/include/vda5050_msgs/vda5050_msgs/msg/detail/action__type_support.hpp
[2.954s] -- Up-to-date symlink: /home/dbot2/dbot_vda5050_ilmatar/install/vda5050_msgs/include/vda5050_msgs/vda5050_msgs/msg/detail/action_parameter__builder.hpp
[2.955s] -- Up-to-date symlink: /home/dbot2/dbot_vda5050_ilmatar/install/vda5050_msgs/include/vda5050_msgs/vda5050_msgs/msg/detail/action_parameter__struct.hpp
[2.955s] -- Up-to-date symlink: /home/dbot2/dbot_vda5050_ilmatar/install/vda5050_msgs/include/vda5050_msgs/vda5050_msgs/msg/detail/action_parameter__traits.hpp
[2.955s] -- Up-to-date symlink: /home/dbot2/dbot_vda5050_ilmatar/install/vda5050_msgs/include/vda5050_msgs/vda5050_msgs/msg/detail/action_parameter__type_support.hpp
[2.955s] -- Up-to-date symlink: /home/dbot2/dbot_vda5050_ilmatar/install/vda5050_msgs/include/vda5050_msgs/vda5050_msgs/msg/detail/action_parameter_definition__builder.hpp
[2.956s] -- Up-to-date symlink: /home/dbot2/dbot_vda5050_ilmatar/install/vda5050_msgs/include/vda5050_msgs/vda5050_msgs/msg/detail/action_parameter_definition__struct.hpp
[2.956s] -- Up-to-date symlink: /home/dbot2/dbot_vda5050_ilmatar/install/vda5050_msgs/include/vda5050_msgs/vda5050_msgs/msg/detail/action_parameter_definition__traits.hpp
[2.956s] -- Up-to-date symlink: /home/dbot2/dbot_vda5050_ilmatar/install/vda5050_msgs/include/vda5050_msgs/vda5050_msgs/msg/detail/action_parameter_definition__type_support.hpp
[2.957s] -- Up-to-date symlink: /home/dbot2/dbot_vda5050_ilmatar/install/vda5050_msgs/include/vda5050_msgs/vda5050_msgs/msg/detail/agv_action__builder.hpp
[2.957s] -- Up-to-date symlink: /home/dbot2/dbot_vda5050_ilmatar/install/vda5050_msgs/include/vda5050_msgs/vda5050_msgs/msg/detail/agv_action__struct.hpp
[2.957s] -- Up-to-date symlink: /home/dbot2/dbot_vda5050_ilmatar/install/vda5050_msgs/include/vda5050_msgs/vda5050_msgs/msg/detail/agv_action__traits.hpp
[2.957s] -- Up-to-date symlink: /home/dbot2/dbot_vda5050_ilmatar/install/vda5050_msgs/include/vda5050_msgs/vda5050_msgs/msg/detail/agv_action__type_support.hpp
[2.957s] -- Up-to-date symlink: /home/dbot2/dbot_vda5050_ilmatar/install/vda5050_msgs/include/vda5050_msgs/vda5050_msgs/msg/detail/agv_geometry__builder.hpp
[2.958s] -- Up-to-date symlink: /home/dbot2/dbot_vda5050_ilmatar/install/vda5050_msgs/include/vda5050_msgs/vda5050_msgs/msg/detail/agv_geometry__struct.hpp
[2.958s] -- Up-to-date symlink: /home/dbot2/dbot_vda5050_ilmatar/install/vda5050_msgs/include/vda5050_msgs/vda5050_msgs/msg/detail/agv_geometry__traits.hpp
[2.958s] -- Up-to-date symlink: /home/dbot2/dbot_vda5050_ilmatar/install/vda5050_msgs/include/vda5050_msgs/vda5050_msgs/msg/detail/agv_geometry__type_support.hpp
[2.959s] -- Up-to-date symlink: /home/dbot2/dbot_vda5050_ilmatar/install/vda5050_msgs/include/vda5050_msgs/vda5050_msgs/msg/detail/agv_position__builder.hpp
[2.959s] -- Up-to-date symlink: /home/dbot2/dbot_vda5050_ilmatar/install/vda5050_msgs/include/vda5050_msgs/vda5050_msgs/msg/detail/agv_position__struct.hpp
[2.959s] -- Up-to-date symlink: /home/dbot2/dbot_vda5050_ilmatar/install/vda5050_msgs/include/vda5050_msgs/vda5050_msgs/msg/detail/agv_position__traits.hpp
[2.959s] -- Up-to-date symlink: /home/dbot2/dbot_vda5050_ilmatar/install/vda5050_msgs/include/vda5050_msgs/vda5050_msgs/msg/detail/agv_position__type_support.hpp
[2.960s] -- Up-to-date symlink: /home/dbot2/dbot_vda5050_ilmatar/install/vda5050_msgs/include/vda5050_msgs/vda5050_msgs/msg/detail/battery_state__builder.hpp
[2.960s] -- Up-to-date symlink: /home/dbot2/dbot_vda5050_ilmatar/install/vda5050_msgs/include/vda5050_msgs/vda5050_msgs/msg/detail/battery_state__struct.hpp
[2.960s] -- Up-to-date symlink: /home/dbot2/dbot_vda5050_ilmatar/install/vda5050_msgs/include/vda5050_msgs/vda5050_msgs/msg/detail/battery_state__traits.hpp
[2.961s] -- Up-to-date symlink: /home/dbot2/dbot_vda5050_ilmatar/install/vda5050_msgs/include/vda5050_msgs/vda5050_msgs/msg/detail/battery_state__type_support.hpp
[2.961s] -- Up-to-date symlink: /home/dbot2/dbot_vda5050_ilmatar/install/vda5050_msgs/include/vda5050_msgs/vda5050_msgs/msg/detail/bounding_box_reference__builder.hpp
[2.961s] -- Up-to-date symlink: /home/dbot2/dbot_vda5050_ilmatar/install/vda5050_msgs/include/vda5050_msgs/vda5050_msgs/msg/detail/bounding_box_reference__struct.hpp
[2.961s] -- Up-to-date symlink: /home/dbot2/dbot_vda5050_ilmatar/install/vda5050_msgs/include/vda5050_msgs/vda5050_msgs/msg/detail/bounding_box_reference__traits.hpp
[2.962s] -- Up-to-date symlink: /home/dbot2/dbot_vda5050_ilmatar/install/vda5050_msgs/include/vda5050_msgs/vda5050_msgs/msg/detail/bounding_box_reference__type_support.hpp
[2.962s] -- Up-to-date symlink: /home/dbot2/dbot_vda5050_ilmatar/install/vda5050_msgs/include/vda5050_msgs/vda5050_msgs/msg/detail/connection__builder.hpp
[2.962s] -- Up-to-date symlink: /home/dbot2/dbot_vda5050_ilmatar/install/vda5050_msgs/include/vda5050_msgs/vda5050_msgs/msg/detail/connection__struct.hpp
[2.963s] -- Up-to-date symlink: /home/dbot2/dbot_vda5050_ilmatar/install/vda5050_msgs/include/vda5050_msgs/vda5050_msgs/msg/detail/connection__traits.hpp
[2.963s] -- Up-to-date symlink: /home/dbot2/dbot_vda5050_ilmatar/install/vda5050_msgs/include/vda5050_msgs/vda5050_msgs/msg/detail/connection__type_support.hpp
[2.963s] -- Up-to-date symlink: /home/dbot2/dbot_vda5050_ilmatar/install/vda5050_msgs/include/vda5050_msgs/vda5050_msgs/msg/detail/control_point__builder.hpp
[2.963s] -- Up-to-date symlink: /home/dbot2/dbot_vda5050_ilmatar/install/vda5050_msgs/include/vda5050_msgs/vda5050_msgs/msg/detail/control_point__struct.hpp
[2.964s] -- Up-to-date symlink: /home/dbot2/dbot_vda5050_ilmatar/install/vda5050_msgs/include/vda5050_msgs/vda5050_msgs/msg/detail/control_point__traits.hpp
[2.964s] -- Up-to-date symlink: /home/dbot2/dbot_vda5050_ilmatar/install/vda5050_msgs/include/vda5050_msgs/vda5050_msgs/msg/detail/control_point__type_support.hpp
[2.964s] -- Up-to-date symlink: /home/dbot2/dbot_vda5050_ilmatar/install/vda5050_msgs/include/vda5050_msgs/vda5050_msgs/msg/detail/current_action__builder.hpp
[2.964s] -- Up-to-date symlink: /home/dbot2/dbot_vda5050_ilmatar/install/vda5050_msgs/include/vda5050_msgs/vda5050_msgs/msg/detail/current_action__struct.hpp
[2.965s] -- Up-to-date symlink: /home/dbot2/dbot_vda5050_ilmatar/install/vda5050_msgs/include/vda5050_msgs/vda5050_msgs/msg/detail/current_action__traits.hpp
[2.965s] -- Up-to-date symlink: /home/dbot2/dbot_vda5050_ilmatar/install/vda5050_msgs/include/vda5050_msgs/vda5050_msgs/msg/detail/current_action__type_support.hpp
[2.965s] -- Up-to-date symlink: /home/dbot2/dbot_vda5050_ilmatar/install/vda5050_msgs/include/vda5050_msgs/vda5050_msgs/msg/detail/edge__builder.hpp
[2.965s] -- Up-to-date symlink: /home/dbot2/dbot_vda5050_ilmatar/install/vda5050_msgs/include/vda5050_msgs/vda5050_msgs/msg/detail/edge__struct.hpp
[2.966s] -- Up-to-date symlink: /home/dbot2/dbot_vda5050_ilmatar/install/vda5050_msgs/include/vda5050_msgs/vda5050_msgs/msg/detail/edge__traits.hpp
[2.966s] -- Up-to-date symlink: /home/dbot2/dbot_vda5050_ilmatar/install/vda5050_msgs/include/vda5050_msgs/vda5050_msgs/msg/detail/edge__type_support.hpp
[2.966s] -- Up-to-date symlink: /home/dbot2/dbot_vda5050_ilmatar/install/vda5050_msgs/include/vda5050_msgs/vda5050_msgs/msg/detail/edge_state__builder.hpp
[2.967s] -- Up-to-date symlink: /home/dbot2/dbot_vda5050_ilmatar/install/vda5050_msgs/include/vda5050_msgs/vda5050_msgs/msg/detail/edge_state__struct.hpp
[2.967s] -- Up-to-date symlink: /home/dbot2/dbot_vda5050_ilmatar/install/vda5050_msgs/include/vda5050_msgs/vda5050_msgs/msg/detail/edge_state__traits.hpp
[2.967s] -- Up-to-date symlink: /home/dbot2/dbot_vda5050_ilmatar/install/vda5050_msgs/include/vda5050_msgs/vda5050_msgs/msg/detail/edge_state__type_support.hpp
[2.967s] -- Up-to-date symlink: /home/dbot2/dbot_vda5050_ilmatar/install/vda5050_msgs/include/vda5050_msgs/vda5050_msgs/msg/detail/envelope2_d__builder.hpp
[2.968s] -- Up-to-date symlink: /home/dbot2/dbot_vda5050_ilmatar/install/vda5050_msgs/include/vda5050_msgs/vda5050_msgs/msg/detail/envelope2_d__struct.hpp
[2.968s] -- Up-to-date symlink: /home/dbot2/dbot_vda5050_ilmatar/install/vda5050_msgs/include/vda5050_msgs/vda5050_msgs/msg/detail/envelope2_d__traits.hpp
[2.968s] -- Up-to-date symlink: /home/dbot2/dbot_vda5050_ilmatar/install/vda5050_msgs/include/vda5050_msgs/vda5050_msgs/msg/detail/envelope2_d__type_support.hpp
[2.969s] -- Up-to-date symlink: /home/dbot2/dbot_vda5050_ilmatar/install/vda5050_msgs/include/vda5050_msgs/vda5050_msgs/msg/detail/envelope3_d__builder.hpp
[2.969s] -- Up-to-date symlink: /home/dbot2/dbot_vda5050_ilmatar/install/vda5050_msgs/include/vda5050_msgs/vda5050_msgs/msg/detail/envelope3_d__struct.hpp
[2.969s] -- Up-to-date symlink: /home/dbot2/dbot_vda5050_ilmatar/install/vda5050_msgs/include/vda5050_msgs/vda5050_msgs/msg/detail/envelope3_d__traits.hpp
[2.969s] -- Up-to-date symlink: /home/dbot2/dbot_vda5050_ilmatar/install/vda5050_msgs/include/vda5050_msgs/vda5050_msgs/msg/detail/envelope3_d__type_support.hpp
[2.970s] -- Up-to-date symlink: /home/dbot2/dbot_vda5050_ilmatar/install/vda5050_msgs/include/vda5050_msgs/vda5050_msgs/msg/detail/error__builder.hpp
[2.970s] -- Up-to-date symlink: /home/dbot2/dbot_vda5050_ilmatar/install/vda5050_msgs/include/vda5050_msgs/vda5050_msgs/msg/detail/error__struct.hpp
[2.970s] -- Up-to-date symlink: /home/dbot2/dbot_vda5050_ilmatar/install/vda5050_msgs/include/vda5050_msgs/vda5050_msgs/msg/detail/error__traits.hpp
[2.971s] -- Up-to-date symlink: /home/dbot2/dbot_vda5050_ilmatar/install/vda5050_msgs/include/vda5050_msgs/vda5050_msgs/msg/detail/error__type_support.hpp
[2.971s] -- Up-to-date symlink: /home/dbot2/dbot_vda5050_ilmatar/install/vda5050_msgs/include/vda5050_msgs/vda5050_msgs/msg/detail/error_reference__builder.hpp
[2.971s] -- Up-to-date symlink: /home/dbot2/dbot_vda5050_ilmatar/install/vda5050_msgs/include/vda5050_msgs/vda5050_msgs/msg/detail/error_reference__struct.hpp
[2.971s] -- Up-to-date symlink: /home/dbot2/dbot_vda5050_ilmatar/install/vda5050_msgs/include/vda5050_msgs/vda5050_msgs/msg/detail/error_reference__traits.hpp
[2.972s] -- Up-to-date symlink: /home/dbot2/dbot_vda5050_ilmatar/install/vda5050_msgs/include/vda5050_msgs/vda5050_msgs/msg/detail/error_reference__type_support.hpp
[2.972s] -- Up-to-date symlink: /home/dbot2/dbot_vda5050_ilmatar/install/vda5050_msgs/include/vda5050_msgs/vda5050_msgs/msg/detail/factsheet__builder.hpp
[2.972s] -- Up-to-date symlink: /home/dbot2/dbot_vda5050_ilmatar/install/vda5050_msgs/include/vda5050_msgs/vda5050_msgs/msg/detail/factsheet__struct.hpp
[2.973s] -- Up-to-date symlink: /home/dbot2/dbot_vda5050_ilmatar/install/vda5050_msgs/include/vda5050_msgs/vda5050_msgs/msg/detail/factsheet__traits.hpp
[2.973s] -- Up-to-date symlink: /home/dbot2/dbot_vda5050_ilmatar/install/vda5050_msgs/include/vda5050_msgs/vda5050_msgs/msg/detail/factsheet__type_support.hpp
[2.973s] -- Up-to-date symlink: /home/dbot2/dbot_vda5050_ilmatar/install/vda5050_msgs/include/vda5050_msgs/vda5050_msgs/msg/detail/header__builder.hpp
[2.973s] -- Up-to-date symlink: /home/dbot2/dbot_vda5050_ilmatar/install/vda5050_msgs/include/vda5050_msgs/vda5050_msgs/msg/detail/header__struct.hpp
[2.974s] -- Up-to-date symlink: /home/dbot2/dbot_vda5050_ilmatar/install/vda5050_msgs/include/vda5050_msgs/vda5050_msgs/msg/detail/header__traits.hpp
[2.974s] -- Up-to-date symlink: /home/dbot2/dbot_vda5050_ilmatar/install/vda5050_msgs/include/vda5050_msgs/vda5050_msgs/msg/detail/header__type_support.hpp
[2.975s] -- Up-to-date symlink: /home/dbot2/dbot_vda5050_ilmatar/install/vda5050_msgs/include/vda5050_msgs/vda5050_msgs/msg/detail/info__builder.hpp
[2.975s] -- Up-to-date symlink: /home/dbot2/dbot_vda5050_ilmatar/install/vda5050_msgs/include/vda5050_msgs/vda5050_msgs/msg/detail/info__struct.hpp
[2.975s] -- Up-to-date symlink: /home/dbot2/dbot_vda5050_ilmatar/install/vda5050_msgs/include/vda5050_msgs/vda5050_msgs/msg/detail/info__traits.hpp
[2.975s] -- Up-to-date symlink: /home/dbot2/dbot_vda5050_ilmatar/install/vda5050_msgs/include/vda5050_msgs/vda5050_msgs/msg/detail/info__type_support.hpp
[2.976s] -- Up-to-date symlink: /home/dbot2/dbot_vda5050_ilmatar/install/vda5050_msgs/include/vda5050_msgs/vda5050_msgs/msg/detail/info_reference__builder.hpp
[2.976s] -- Up-to-date symlink: /home/dbot2/dbot_vda5050_ilmatar/install/vda5050_msgs/include/vda5050_msgs/vda5050_msgs/msg/detail/info_reference__struct.hpp
[2.976s] -- Up-to-date symlink: /home/dbot2/dbot_vda5050_ilmatar/install/vda5050_msgs/include/vda5050_msgs/vda5050_msgs/msg/detail/info_reference__traits.hpp
[2.977s] -- Up-to-date symlink: /home/dbot2/dbot_vda5050_ilmatar/install/vda5050_msgs/include/vda5050_msgs/vda5050_msgs/msg/detail/info_reference__type_support.hpp
[2.977s] -- Up-to-date symlink: /home/dbot2/dbot_vda5050_ilmatar/install/vda5050_msgs/include/vda5050_msgs/vda5050_msgs/msg/detail/instant_actions__builder.hpp
[2.977s] -- Up-to-date symlink: /home/dbot2/dbot_vda5050_ilmatar/install/vda5050_msgs/include/vda5050_msgs/vda5050_msgs/msg/detail/instant_actions__struct.hpp
[2.977s] -- Up-to-date symlink: /home/dbot2/dbot_vda5050_ilmatar/install/vda5050_msgs/include/vda5050_msgs/vda5050_msgs/msg/detail/instant_actions__traits.hpp
[2.978s] -- Up-to-date symlink: /home/dbot2/dbot_vda5050_ilmatar/install/vda5050_msgs/include/vda5050_msgs/vda5050_msgs/msg/detail/instant_actions__type_support.hpp
[2.978s] -- Up-to-date symlink: /home/dbot2/dbot_vda5050_ilmatar/install/vda5050_msgs/include/vda5050_msgs/vda5050_msgs/msg/detail/load__builder.hpp
[2.978s] -- Up-to-date symlink: /home/dbot2/dbot_vda5050_ilmatar/install/vda5050_msgs/include/vda5050_msgs/vda5050_msgs/msg/detail/load__struct.hpp
[2.979s] -- Up-to-date symlink: /home/dbot2/dbot_vda5050_ilmatar/install/vda5050_msgs/include/vda5050_msgs/vda5050_msgs/msg/detail/load__traits.hpp
[2.979s] -- Up-to-date symlink: /home/dbot2/dbot_vda5050_ilmatar/install/vda5050_msgs/include/vda5050_msgs/vda5050_msgs/msg/detail/load__type_support.hpp
[2.979s] -- Up-to-date symlink: /home/dbot2/dbot_vda5050_ilmatar/install/vda5050_msgs/include/vda5050_msgs/vda5050_msgs/msg/detail/load_dimensions__builder.hpp
[2.979s] -- Up-to-date symlink: /home/dbot2/dbot_vda5050_ilmatar/install/vda5050_msgs/include/vda5050_msgs/vda5050_msgs/msg/detail/load_dimensions__struct.hpp
[2.980s] -- Up-to-date symlink: /home/dbot2/dbot_vda5050_ilmatar/install/vda5050_msgs/include/vda5050_msgs/vda5050_msgs/msg/detail/load_dimensions__traits.hpp
[2.980s] -- Up-to-date symlink: /home/dbot2/dbot_vda5050_ilmatar/install/vda5050_msgs/include/vda5050_msgs/vda5050_msgs/msg/detail/load_dimensions__type_support.hpp
[2.980s] -- Up-to-date symlink: /home/dbot2/dbot_vda5050_ilmatar/install/vda5050_msgs/include/vda5050_msgs/vda5050_msgs/msg/detail/load_set__builder.hpp
[2.981s] -- Up-to-date symlink: /home/dbot2/dbot_vda5050_ilmatar/install/vda5050_msgs/include/vda5050_msgs/vda5050_msgs/msg/detail/load_set__struct.hpp
[2.981s] -- Up-to-date symlink: /home/dbot2/dbot_vda5050_ilmatar/install/vda5050_msgs/include/vda5050_msgs/vda5050_msgs/msg/detail/load_set__traits.hpp
[2.981s] -- Up-to-date symlink: /home/dbot2/dbot_vda5050_ilmatar/install/vda5050_msgs/include/vda5050_msgs/vda5050_msgs/msg/detail/load_set__type_support.hpp
[2.982s] -- Up-to-date symlink: /home/dbot2/dbot_vda5050_ilmatar/install/vda5050_msgs/include/vda5050_msgs/vda5050_msgs/msg/detail/load_specification__builder.hpp
[2.982s] -- Up-to-date symlink: /home/dbot2/dbot_vda5050_ilmatar/install/vda5050_msgs/include/vda5050_msgs/vda5050_msgs/msg/detail/load_specification__struct.hpp
[2.982s] -- Up-to-date symlink: /home/dbot2/dbot_vda5050_ilmatar/install/vda5050_msgs/include/vda5050_msgs/vda5050_msgs/msg/detail/load_specification__traits.hpp
[2.983s] -- Up-to-date symlink: /home/dbot2/dbot_vda5050_ilmatar/install/vda5050_msgs/include/vda5050_msgs/vda5050_msgs/msg/detail/load_specification__type_support.hpp
[2.983s] -- Up-to-date symlink: /home/dbot2/dbot_vda5050_ilmatar/install/vda5050_msgs/include/vda5050_msgs/vda5050_msgs/msg/detail/max_array_lens__builder.hpp
[2.983s] -- Up-to-date symlink: /home/dbot2/dbot_vda5050_ilmatar/install/vda5050_msgs/include/vda5050_msgs/vda5050_msgs/msg/detail/max_array_lens__struct.hpp
[2.983s] -- Up-to-date symlink: /home/dbot2/dbot_vda5050_ilmatar/install/vda5050_msgs/include/vda5050_msgs/vda5050_msgs/msg/detail/max_array_lens__traits.hpp
[2.984s] -- Up-to-date symlink: /home/dbot2/dbot_vda5050_ilmatar/install/vda5050_msgs/include/vda5050_msgs/vda5050_msgs/msg/detail/max_array_lens__type_support.hpp
[2.984s] -- Up-to-date symlink: /home/dbot2/dbot_vda5050_ilmatar/install/vda5050_msgs/include/vda5050_msgs/vda5050_msgs/msg/detail/max_string_lens__builder.hpp
[2.984s] -- Up-to-date symlink: /home/dbot2/dbot_vda5050_ilmatar/install/vda5050_msgs/include/vda5050_msgs/vda5050_msgs/msg/detail/max_string_lens__struct.hpp
[2.984s] -- Up-to-date symlink: /home/dbot2/dbot_vda5050_ilmatar/install/vda5050_msgs/include/vda5050_msgs/vda5050_msgs/msg/detail/max_string_lens__traits.hpp
[2.985s] -- Up-to-date symlink: /home/dbot2/dbot_vda5050_ilmatar/install/vda5050_msgs/include/vda5050_msgs/vda5050_msgs/msg/detail/max_string_lens__type_support.hpp
[2.985s] -- Up-to-date symlink: /home/dbot2/dbot_vda5050_ilmatar/install/vda5050_msgs/include/vda5050_msgs/vda5050_msgs/msg/detail/node__builder.hpp
[2.985s] -- Up-to-date symlink: /home/dbot2/dbot_vda5050_ilmatar/install/vda5050_msgs/include/vda5050_msgs/vda5050_msgs/msg/detail/node__struct.hpp
[2.985s] -- Up-to-date symlink: /home/dbot2/dbot_vda5050_ilmatar/install/vda5050_msgs/include/vda5050_msgs/vda5050_msgs/msg/detail/node__traits.hpp
[2.986s] -- Up-to-date symlink: /home/dbot2/dbot_vda5050_ilmatar/install/vda5050_msgs/include/vda5050_msgs/vda5050_msgs/msg/detail/node__type_support.hpp
[2.986s] -- Up-to-date symlink: /home/dbot2/dbot_vda5050_ilmatar/install/vda5050_msgs/include/vda5050_msgs/vda5050_msgs/msg/detail/node_position__builder.hpp
[2.986s] -- Up-to-date symlink: /home/dbot2/dbot_vda5050_ilmatar/install/vda5050_msgs/include/vda5050_msgs/vda5050_msgs/msg/detail/node_position__struct.hpp
[2.986s] -- Up-to-date symlink: /home/dbot2/dbot_vda5050_ilmatar/install/vda5050_msgs/include/vda5050_msgs/vda5050_msgs/msg/detail/node_position__traits.hpp
[2.986s] -- Up-to-date symlink: /home/dbot2/dbot_vda5050_ilmatar/install/vda5050_msgs/include/vda5050_msgs/vda5050_msgs/msg/detail/node_position__type_support.hpp
[2.987s] -- Up-to-date symlink: /home/dbot2/dbot_vda5050_ilmatar/install/vda5050_msgs/include/vda5050_msgs/vda5050_msgs/msg/detail/node_state__builder.hpp
[2.987s] -- Up-to-date symlink: /home/dbot2/dbot_vda5050_ilmatar/install/vda5050_msgs/include/vda5050_msgs/vda5050_msgs/msg/detail/node_state__struct.hpp
[2.987s] -- Up-to-date symlink: /home/dbot2/dbot_vda5050_ilmatar/install/vda5050_msgs/include/vda5050_msgs/vda5050_msgs/msg/detail/node_state__traits.hpp
[2.988s] -- Up-to-date symlink: /home/dbot2/dbot_vda5050_ilmatar/install/vda5050_msgs/include/vda5050_msgs/vda5050_msgs/msg/detail/node_state__type_support.hpp
[2.988s] -- Up-to-date symlink: /home/dbot2/dbot_vda5050_ilmatar/install/vda5050_msgs/include/vda5050_msgs/vda5050_msgs/msg/detail/optional_parameter__builder.hpp
[2.988s] -- Up-to-date symlink: /home/dbot2/dbot_vda5050_ilmatar/install/vda5050_msgs/include/vda5050_msgs/vda5050_msgs/msg/detail/optional_parameter__struct.hpp
[2.993s] -- Up-to-date symlink: /home/dbot2/dbot_vda5050_ilmatar/install/vda5050_msgs/include/vda5050_msgs/vda5050_msgs/msg/detail/optional_parameter__traits.hpp
[2.994s] -- Up-to-date symlink: /home/dbot2/dbot_vda5050_ilmatar/install/vda5050_msgs/include/vda5050_msgs/vda5050_msgs/msg/detail/optional_parameter__type_support.hpp
[2.995s] -- Up-to-date symlink: /home/dbot2/dbot_vda5050_ilmatar/install/vda5050_msgs/include/vda5050_msgs/vda5050_msgs/msg/detail/order__builder.hpp
[2.995s] -- Up-to-date symlink: /home/dbot2/dbot_vda5050_ilmatar/install/vda5050_msgs/include/vda5050_msgs/vda5050_msgs/msg/detail/order__struct.hpp
[2.995s] -- Up-to-date symlink: /home/dbot2/dbot_vda5050_ilmatar/install/vda5050_msgs/include/vda5050_msgs/vda5050_msgs/msg/detail/order__traits.hpp
[2.995s] -- Up-to-date symlink: /home/dbot2/dbot_vda5050_ilmatar/install/vda5050_msgs/include/vda5050_msgs/vda5050_msgs/msg/detail/order__type_support.hpp
[2.995s] -- Up-to-date symlink: /home/dbot2/dbot_vda5050_ilmatar/install/vda5050_msgs/include/vda5050_msgs/vda5050_msgs/msg/detail/order_state__builder.hpp
[2.995s] -- Up-to-date symlink: /home/dbot2/dbot_vda5050_ilmatar/install/vda5050_msgs/include/vda5050_msgs/vda5050_msgs/msg/detail/order_state__struct.hpp
[2.995s] -- Up-to-date symlink: /home/dbot2/dbot_vda5050_ilmatar/install/vda5050_msgs/include/vda5050_msgs/vda5050_msgs/msg/detail/order_state__traits.hpp
[2.995s] -- Up-to-date symlink: /home/dbot2/dbot_vda5050_ilmatar/install/vda5050_msgs/include/vda5050_msgs/vda5050_msgs/msg/detail/order_state__type_support.hpp
[2.995s] -- Up-to-date symlink: /home/dbot2/dbot_vda5050_ilmatar/install/vda5050_msgs/include/vda5050_msgs/vda5050_msgs/msg/detail/physical_parameters__builder.hpp
[2.995s] -- Up-to-date symlink: /home/dbot2/dbot_vda5050_ilmatar/install/vda5050_msgs/include/vda5050_msgs/vda5050_msgs/msg/detail/physical_parameters__struct.hpp
[2.995s] -- Up-to-date symlink: /home/dbot2/dbot_vda5050_ilmatar/install/vda5050_msgs/include/vda5050_msgs/vda5050_msgs/msg/detail/physical_parameters__traits.hpp
[2.995s] -- Up-to-date symlink: /home/dbot2/dbot_vda5050_ilmatar/install/vda5050_msgs/include/vda5050_msgs/vda5050_msgs/msg/detail/physical_parameters__type_support.hpp
[2.995s] -- Up-to-date symlink: /home/dbot2/dbot_vda5050_ilmatar/install/vda5050_msgs/include/vda5050_msgs/vda5050_msgs/msg/detail/polygon_point__builder.hpp
[2.995s] -- Up-to-date symlink: /home/dbot2/dbot_vda5050_ilmatar/install/vda5050_msgs/include/vda5050_msgs/vda5050_msgs/msg/detail/polygon_point__struct.hpp
[2.996s] -- Up-to-date symlink: /home/dbot2/dbot_vda5050_ilmatar/install/vda5050_msgs/include/vda5050_msgs/vda5050_msgs/msg/detail/polygon_point__traits.hpp
[2.996s] -- Up-to-date symlink: /home/dbot2/dbot_vda5050_ilmatar/install/vda5050_msgs/include/vda5050_msgs/vda5050_msgs/msg/detail/polygon_point__type_support.hpp
[2.996s] -- Up-to-date symlink: /home/dbot2/dbot_vda5050_ilmatar/install/vda5050_msgs/include/vda5050_msgs/vda5050_msgs/msg/detail/position__builder.hpp
[2.996s] -- Up-to-date symlink: /home/dbot2/dbot_vda5050_ilmatar/install/vda5050_msgs/include/vda5050_msgs/vda5050_msgs/msg/detail/position__struct.hpp
[2.996s] -- Up-to-date symlink: /home/dbot2/dbot_vda5050_ilmatar/install/vda5050_msgs/include/vda5050_msgs/vda5050_msgs/msg/detail/position__traits.hpp
[2.996s] -- Up-to-date symlink: /home/dbot2/dbot_vda5050_ilmatar/install/vda5050_msgs/include/vda5050_msgs/vda5050_msgs/msg/detail/position__type_support.hpp
[2.996s] -- Up-to-date symlink: /home/dbot2/dbot_vda5050_ilmatar/install/vda5050_msgs/include/vda5050_msgs/vda5050_msgs/msg/detail/protocol_features__builder.hpp
[2.996s] -- Up-to-date symlink: /home/dbot2/dbot_vda5050_ilmatar/install/vda5050_msgs/include/vda5050_msgs/vda5050_msgs/msg/detail/protocol_features__struct.hpp
[2.996s] -- Up-to-date symlink: /home/dbot2/dbot_vda5050_ilmatar/install/vda5050_msgs/include/vda5050_msgs/vda5050_msgs/msg/detail/protocol_features__traits.hpp
[2.996s] -- Up-to-date symlink: /home/dbot2/dbot_vda5050_ilmatar/install/vda5050_msgs/include/vda5050_msgs/vda5050_msgs/msg/detail/protocol_features__type_support.hpp
[2.996s] -- Up-to-date symlink: /home/dbot2/dbot_vda5050_ilmatar/install/vda5050_msgs/include/vda5050_msgs/vda5050_msgs/msg/detail/protocol_limits__builder.hpp
[2.996s] -- Up-to-date symlink: /home/dbot2/dbot_vda5050_ilmatar/install/vda5050_msgs/include/vda5050_msgs/vda5050_msgs/msg/detail/protocol_limits__struct.hpp
[2.999s] -- Up-to-date symlink: /home/dbot2/dbot_vda5050_ilmatar/install/vda5050_msgs/include/vda5050_msgs/vda5050_msgs/msg/detail/protocol_limits__traits.hpp
[2.999s] -- Up-to-date symlink: /home/dbot2/dbot_vda5050_ilmatar/install/vda5050_msgs/include/vda5050_msgs/vda5050_msgs/msg/detail/protocol_limits__type_support.hpp
[3.000s] -- Up-to-date symlink: /home/dbot2/dbot_vda5050_ilmatar/install/vda5050_msgs/include/vda5050_msgs/vda5050_msgs/msg/detail/safety_state__builder.hpp
[3.000s] -- Up-to-date symlink: /home/dbot2/dbot_vda5050_ilmatar/install/vda5050_msgs/include/vda5050_msgs/vda5050_msgs/msg/detail/safety_state__struct.hpp
[3.005s] -- Up-to-date symlink: /home/dbot2/dbot_vda5050_ilmatar/install/vda5050_msgs/include/vda5050_msgs/vda5050_msgs/msg/detail/safety_state__traits.hpp
[3.005s] -- Up-to-date symlink: /home/dbot2/dbot_vda5050_ilmatar/install/vda5050_msgs/include/vda5050_msgs/vda5050_msgs/msg/detail/safety_state__type_support.hpp
[3.005s] -- Up-to-date symlink: /home/dbot2/dbot_vda5050_ilmatar/install/vda5050_msgs/include/vda5050_msgs/vda5050_msgs/msg/detail/timing__builder.hpp
[3.005s] -- Up-to-date symlink: /home/dbot2/dbot_vda5050_ilmatar/install/vda5050_msgs/include/vda5050_msgs/vda5050_msgs/msg/detail/timing__struct.hpp
[3.005s] -- Up-to-date symlink: /home/dbot2/dbot_vda5050_ilmatar/install/vda5050_msgs/include/vda5050_msgs/vda5050_msgs/msg/detail/timing__traits.hpp
[3.006s] -- Up-to-date symlink: /home/dbot2/dbot_vda5050_ilmatar/install/vda5050_msgs/include/vda5050_msgs/vda5050_msgs/msg/detail/timing__type_support.hpp
[3.006s] -- Up-to-date symlink: /home/dbot2/dbot_vda5050_ilmatar/install/vda5050_msgs/include/vda5050_msgs/vda5050_msgs/msg/detail/trajectory__builder.hpp
[3.006s] -- Up-to-date symlink: /home/dbot2/dbot_vda5050_ilmatar/install/vda5050_msgs/include/vda5050_msgs/vda5050_msgs/msg/detail/trajectory__struct.hpp
[3.006s] -- Up-to-date symlink: /home/dbot2/dbot_vda5050_ilmatar/install/vda5050_msgs/include/vda5050_msgs/vda5050_msgs/msg/detail/trajectory__traits.hpp
[3.006s] -- Up-to-date symlink: /home/dbot2/dbot_vda5050_ilmatar/install/vda5050_msgs/include/vda5050_msgs/vda5050_msgs/msg/detail/trajectory__type_support.hpp
[3.006s] -- Up-to-date symlink: /home/dbot2/dbot_vda5050_ilmatar/install/vda5050_msgs/include/vda5050_msgs/vda5050_msgs/msg/detail/type_specification__builder.hpp
[3.006s] -- Up-to-date symlink: /home/dbot2/dbot_vda5050_ilmatar/install/vda5050_msgs/include/vda5050_msgs/vda5050_msgs/msg/detail/type_specification__struct.hpp
[3.006s] -- Up-to-date symlink: /home/dbot2/dbot_vda5050_ilmatar/install/vda5050_msgs/include/vda5050_msgs/vda5050_msgs/msg/detail/type_specification__traits.hpp
[3.006s] -- Up-to-date symlink: /home/dbot2/dbot_vda5050_ilmatar/install/vda5050_msgs/include/vda5050_msgs/vda5050_msgs/msg/detail/type_specification__type_support.hpp
[3.006s] -- Up-to-date symlink: /home/dbot2/dbot_vda5050_ilmatar/install/vda5050_msgs/include/vda5050_msgs/vda5050_msgs/msg/detail/velocity__builder.hpp
[3.006s] -- Up-to-date symlink: /home/dbot2/dbot_vda5050_ilmatar/install/vda5050_msgs/include/vda5050_msgs/vda5050_msgs/msg/detail/velocity__struct.hpp
[3.006s] -- Up-to-date symlink: /home/dbot2/dbot_vda5050_ilmatar/install/vda5050_msgs/include/vda5050_msgs/vda5050_msgs/msg/detail/velocity__traits.hpp
[3.006s] -- Up-to-date symlink: /home/dbot2/dbot_vda5050_ilmatar/install/vda5050_msgs/include/vda5050_msgs/vda5050_msgs/msg/detail/velocity__type_support.hpp
[3.006s] -- Up-to-date symlink: /home/dbot2/dbot_vda5050_ilmatar/install/vda5050_msgs/include/vda5050_msgs/vda5050_msgs/msg/detail/visualization__builder.hpp
[3.007s] -- Up-to-date symlink: /home/dbot2/dbot_vda5050_ilmatar/install/vda5050_msgs/include/vda5050_msgs/vda5050_msgs/msg/detail/visualization__struct.hpp
[3.007s] -- Up-to-date symlink: /home/dbot2/dbot_vda5050_ilmatar/install/vda5050_msgs/include/vda5050_msgs/vda5050_msgs/msg/detail/visualization__traits.hpp
[3.010s] -- Up-to-date symlink: /home/dbot2/dbot_vda5050_ilmatar/install/vda5050_msgs/include/vda5050_msgs/vda5050_msgs/msg/detail/visualization__type_support.hpp
[3.010s] -- Up-to-date symlink: /home/dbot2/dbot_vda5050_ilmatar/install/vda5050_msgs/include/vda5050_msgs/vda5050_msgs/msg/detail/wheel_definition__builder.hpp
[3.010s] -- Up-to-date symlink: /home/dbot2/dbot_vda5050_ilmatar/install/vda5050_msgs/include/vda5050_msgs/vda5050_msgs/msg/detail/wheel_definition__struct.hpp
[3.010s] -- Up-to-date symlink: /home/dbot2/dbot_vda5050_ilmatar/install/vda5050_msgs/include/vda5050_msgs/vda5050_msgs/msg/detail/wheel_definition__traits.hpp
[3.010s] -- Up-to-date symlink: /home/dbot2/dbot_vda5050_ilmatar/install/vda5050_msgs/include/vda5050_msgs/vda5050_msgs/msg/detail/wheel_definition__type_support.hpp
[3.010s] -- Up-to-date symlink: /home/dbot2/dbot_vda5050_ilmatar/install/vda5050_msgs/include/vda5050_msgs/vda5050_msgs/msg/edge.hpp
[3.010s] -- Up-to-date symlink: /home/dbot2/dbot_vda5050_ilmatar/install/vda5050_msgs/include/vda5050_msgs/vda5050_msgs/msg/edge_state.hpp
[3.010s] -- Up-to-date symlink: /home/dbot2/dbot_vda5050_ilmatar/install/vda5050_msgs/include/vda5050_msgs/vda5050_msgs/msg/envelope2_d.hpp
[3.010s] -- Up-to-date symlink: /home/dbot2/dbot_vda5050_ilmatar/install/vda5050_msgs/include/vda5050_msgs/vda5050_msgs/msg/envelope3_d.hpp
[3.010s] -- Up-to-date symlink: /home/dbot2/dbot_vda5050_ilmatar/install/vda5050_msgs/include/vda5050_msgs/vda5050_msgs/msg/error.hpp
[3.010s] -- Up-to-date symlink: /home/dbot2/dbot_vda5050_ilmatar/install/vda5050_msgs/include/vda5050_msgs/vda5050_msgs/msg/error_reference.hpp
[3.010s] -- Up-to-date symlink: /home/dbot2/dbot_vda5050_ilmatar/install/vda5050_msgs/include/vda5050_msgs/vda5050_msgs/msg/factsheet.hpp
[3.010s] -- Up-to-date symlink: /home/dbot2/dbot_vda5050_ilmatar/install/vda5050_msgs/include/vda5050_msgs/vda5050_msgs/msg/header.hpp
[3.010s] -- Up-to-date symlink: /home/dbot2/dbot_vda5050_ilmatar/install/vda5050_msgs/include/vda5050_msgs/vda5050_msgs/msg/info.hpp
[3.010s] -- Up-to-date symlink: /home/dbot2/dbot_vda5050_ilmatar/install/vda5050_msgs/include/vda5050_msgs/vda5050_msgs/msg/info_reference.hpp
[3.011s] -- Up-to-date symlink: /home/dbot2/dbot_vda5050_ilmatar/install/vda5050_msgs/include/vda5050_msgs/vda5050_msgs/msg/instant_actions.hpp
[3.011s] -- Up-to-date symlink: /home/dbot2/dbot_vda5050_ilmatar/install/vda5050_msgs/include/vda5050_msgs/vda5050_msgs/msg/load.hpp
[3.011s] -- Up-to-date symlink: /home/dbot2/dbot_vda5050_ilmatar/install/vda5050_msgs/include/vda5050_msgs/vda5050_msgs/msg/load_dimensions.hpp
[3.011s] -- Up-to-date symlink: /home/dbot2/dbot_vda5050_ilmatar/install/vda5050_msgs/include/vda5050_msgs/vda5050_msgs/msg/load_set.hpp
[3.011s] -- Up-to-date symlink: /home/dbot2/dbot_vda5050_ilmatar/install/vda5050_msgs/include/vda5050_msgs/vda5050_msgs/msg/load_specification.hpp
[3.011s] -- Up-to-date symlink: /home/dbot2/dbot_vda5050_ilmatar/install/vda5050_msgs/include/vda5050_msgs/vda5050_msgs/msg/max_array_lens.hpp
[3.011s] -- Up-to-date symlink: /home/dbot2/dbot_vda5050_ilmatar/install/vda5050_msgs/include/vda5050_msgs/vda5050_msgs/msg/max_string_lens.hpp
[3.011s] -- Up-to-date symlink: /home/dbot2/dbot_vda5050_ilmatar/install/vda5050_msgs/include/vda5050_msgs/vda5050_msgs/msg/node.hpp
[3.011s] -- Up-to-date symlink: /home/dbot2/dbot_vda5050_ilmatar/install/vda5050_msgs/include/vda5050_msgs/vda5050_msgs/msg/node_position.hpp
[3.011s] -- Up-to-date symlink: /home/dbot2/dbot_vda5050_ilmatar/install/vda5050_msgs/include/vda5050_msgs/vda5050_msgs/msg/node_state.hpp
[3.011s] -- Up-to-date symlink: /home/dbot2/dbot_vda5050_ilmatar/install/vda5050_msgs/include/vda5050_msgs/vda5050_msgs/msg/optional_parameter.hpp
[3.011s] -- Up-to-date symlink: /home/dbot2/dbot_vda5050_ilmatar/install/vda5050_msgs/include/vda5050_msgs/vda5050_msgs/msg/order.hpp
[3.011s] -- Up-to-date symlink: /home/dbot2/dbot_vda5050_ilmatar/install/vda5050_msgs/include/vda5050_msgs/vda5050_msgs/msg/order_state.hpp
[3.011s] -- Up-to-date symlink: /home/dbot2/dbot_vda5050_ilmatar/install/vda5050_msgs/include/vda5050_msgs/vda5050_msgs/msg/physical_parameters.hpp
[3.012s] -- Up-to-date symlink: /home/dbot2/dbot_vda5050_ilmatar/install/vda5050_msgs/include/vda5050_msgs/vda5050_msgs/msg/polygon_point.hpp
[3.012s] -- Up-to-date symlink: /home/dbot2/dbot_vda5050_ilmatar/install/vda5050_msgs/include/vda5050_msgs/vda5050_msgs/msg/position.hpp
[3.012s] -- Up-to-date symlink: /home/dbot2/dbot_vda5050_ilmatar/install/vda5050_msgs/include/vda5050_msgs/vda5050_msgs/msg/protocol_features.hpp
[3.012s] -- Up-to-date symlink: /home/dbot2/dbot_vda5050_ilmatar/install/vda5050_msgs/include/vda5050_msgs/vda5050_msgs/msg/protocol_limits.hpp
[3.012s] -- Up-to-date symlink: /home/dbot2/dbot_vda5050_ilmatar/install/vda5050_msgs/include/vda5050_msgs/vda5050_msgs/msg/rosidl_generator_cpp__visibility_control.hpp
[3.012s] -- Up-to-date symlink: /home/dbot2/dbot_vda5050_ilmatar/install/vda5050_msgs/include/vda5050_msgs/vda5050_msgs/msg/safety_state.hpp
[3.012s] -- Up-to-date symlink: /home/dbot2/dbot_vda5050_ilmatar/install/vda5050_msgs/include/vda5050_msgs/vda5050_msgs/msg/timing.hpp
[3.012s] -- Up-to-date symlink: /home/dbot2/dbot_vda5050_ilmatar/install/vda5050_msgs/include/vda5050_msgs/vda5050_msgs/msg/trajectory.hpp
[3.012s] -- Up-to-date symlink: /home/dbot2/dbot_vda5050_ilmatar/install/vda5050_msgs/include/vda5050_msgs/vda5050_msgs/msg/type_specification.hpp
[3.012s] -- Up-to-date symlink: /home/dbot2/dbot_vda5050_ilmatar/install/vda5050_msgs/include/vda5050_msgs/vda5050_msgs/msg/velocity.hpp
[3.012s] -- Up-to-date symlink: /home/dbot2/dbot_vda5050_ilmatar/install/vda5050_msgs/include/vda5050_msgs/vda5050_msgs/msg/visualization.hpp
[3.012s] -- Up-to-date symlink: /home/dbot2/dbot_vda5050_ilmatar/install/vda5050_msgs/include/vda5050_msgs/vda5050_msgs/msg/wheel_definition.hpp
[3.012s] -- Up-to-date symlink: /home/dbot2/dbot_vda5050_ilmatar/install/vda5050_msgs/include/vda5050_msgs/vda5050_msgs/msg/detail/action__rosidl_typesupport_fastrtps_cpp.hpp
[3.012s] -- Up-to-date symlink: /home/dbot2/dbot_vda5050_ilmatar/install/vda5050_msgs/include/vda5050_msgs/vda5050_msgs/msg/detail/action_parameter__rosidl_typesupport_fastrtps_cpp.hpp
[3.012s] -- Up-to-date symlink: /home/dbot2/dbot_vda5050_ilmatar/install/vda5050_msgs/include/vda5050_msgs/vda5050_msgs/msg/detail/action_parameter_definition__rosidl_typesupport_fastrtps_cpp.hpp
[3.013s] -- Up-to-date symlink: /home/dbot2/dbot_vda5050_ilmatar/install/vda5050_msgs/include/vda5050_msgs/vda5050_msgs/msg/detail/agv_action__rosidl_typesupport_fastrtps_cpp.hpp
[3.013s] -- Up-to-date symlink: /home/dbot2/dbot_vda5050_ilmatar/install/vda5050_msgs/include/vda5050_msgs/vda5050_msgs/msg/detail/agv_geometry__rosidl_typesupport_fastrtps_cpp.hpp
[3.014s] -- Up-to-date symlink: /home/dbot2/dbot_vda5050_ilmatar/install/vda5050_msgs/include/vda5050_msgs/vda5050_msgs/msg/detail/agv_position__rosidl_typesupport_fastrtps_cpp.hpp
[3.014s] -- Up-to-date symlink: /home/dbot2/dbot_vda5050_ilmatar/install/vda5050_msgs/include/vda5050_msgs/vda5050_msgs/msg/detail/battery_state__rosidl_typesupport_fastrtps_cpp.hpp
[3.014s] -- Up-to-date symlink: /home/dbot2/dbot_vda5050_ilmatar/install/vda5050_msgs/include/vda5050_msgs/vda5050_msgs/msg/detail/bounding_box_reference__rosidl_typesupport_fastrtps_cpp.hpp
[3.015s] -- Up-to-date symlink: /home/dbot2/dbot_vda5050_ilmatar/install/vda5050_msgs/include/vda5050_msgs/vda5050_msgs/msg/detail/connection__rosidl_typesupport_fastrtps_cpp.hpp
[3.015s] -- Up-to-date symlink: /home/dbot2/dbot_vda5050_ilmatar/install/vda5050_msgs/include/vda5050_msgs/vda5050_msgs/msg/detail/control_point__rosidl_typesupport_fastrtps_cpp.hpp
[3.015s] -- Up-to-date symlink: /home/dbot2/dbot_vda5050_ilmatar/install/vda5050_msgs/include/vda5050_msgs/vda5050_msgs/msg/detail/current_action__rosidl_typesupport_fastrtps_cpp.hpp
[3.016s] -- Up-to-date symlink: /home/dbot2/dbot_vda5050_ilmatar/install/vda5050_msgs/include/vda5050_msgs/vda5050_msgs/msg/detail/edge__rosidl_typesupport_fastrtps_cpp.hpp
[3.016s] -- Up-to-date symlink: /home/dbot2/dbot_vda5050_ilmatar/install/vda5050_msgs/include/vda5050_msgs/vda5050_msgs/msg/detail/edge_state__rosidl_typesupport_fastrtps_cpp.hpp
[3.016s] -- Up-to-date symlink: /home/dbot2/dbot_vda5050_ilmatar/install/vda5050_msgs/include/vda5050_msgs/vda5050_msgs/msg/detail/envelope2_d__rosidl_typesupport_fastrtps_cpp.hpp
[3.017s] -- Up-to-date symlink: /home/dbot2/dbot_vda5050_ilmatar/install/vda5050_msgs/include/vda5050_msgs/vda5050_msgs/msg/detail/envelope3_d__rosidl_typesupport_fastrtps_cpp.hpp
[3.017s] -- Up-to-date symlink: /home/dbot2/dbot_vda5050_ilmatar/install/vda5050_msgs/include/vda5050_msgs/vda5050_msgs/msg/detail/error__rosidl_typesupport_fastrtps_cpp.hpp
[3.017s] -- Up-to-date symlink: /home/dbot2/dbot_vda5050_ilmatar/install/vda5050_msgs/include/vda5050_msgs/vda5050_msgs/msg/detail/error_reference__rosidl_typesupport_fastrtps_cpp.hpp
[3.017s] -- Up-to-date symlink: /home/dbot2/dbot_vda5050_ilmatar/install/vda5050_msgs/include/vda5050_msgs/vda5050_msgs/msg/detail/factsheet__rosidl_typesupport_fastrtps_cpp.hpp
[3.018s] -- Up-to-date symlink: /home/dbot2/dbot_vda5050_ilmatar/install/vda5050_msgs/include/vda5050_msgs/vda5050_msgs/msg/detail/header__rosidl_typesupport_fastrtps_cpp.hpp
[3.018s] -- Up-to-date symlink: /home/dbot2/dbot_vda5050_ilmatar/install/vda5050_msgs/include/vda5050_msgs/vda5050_msgs/msg/detail/info__rosidl_typesupport_fastrtps_cpp.hpp
[3.018s] -- Up-to-date symlink: /home/dbot2/dbot_vda5050_ilmatar/install/vda5050_msgs/include/vda5050_msgs/vda5050_msgs/msg/detail/info_reference__rosidl_typesupport_fastrtps_cpp.hpp
[3.018s] -- Up-to-date symlink: /home/dbot2/dbot_vda5050_ilmatar/install/vda5050_msgs/include/vda5050_msgs/vda5050_msgs/msg/detail/instant_actions__rosidl_typesupport_fastrtps_cpp.hpp
[3.019s] -- Up-to-date symlink: /home/dbot2/dbot_vda5050_ilmatar/install/vda5050_msgs/include/vda5050_msgs/vda5050_msgs/msg/detail/load__rosidl_typesupport_fastrtps_cpp.hpp
[3.019s] -- Up-to-date symlink: /home/dbot2/dbot_vda5050_ilmatar/install/vda5050_msgs/include/vda5050_msgs/vda5050_msgs/msg/detail/load_dimensions__rosidl_typesupport_fastrtps_cpp.hpp
[3.020s] -- Up-to-date symlink: /home/dbot2/dbot_vda5050_ilmatar/install/vda5050_msgs/include/vda5050_msgs/vda5050_msgs/msg/detail/load_set__rosidl_typesupport_fastrtps_cpp.hpp
[3.020s] -- Up-to-date symlink: /home/dbot2/dbot_vda5050_ilmatar/install/vda5050_msgs/include/vda5050_msgs/vda5050_msgs/msg/detail/load_specification__rosidl_typesupport_fastrtps_cpp.hpp
[3.020s] -- Up-to-date symlink: /home/dbot2/dbot_vda5050_ilmatar/install/vda5050_msgs/include/vda5050_msgs/vda5050_msgs/msg/detail/max_array_lens__rosidl_typesupport_fastrtps_cpp.hpp
[3.020s] -- Up-to-date symlink: /home/dbot2/dbot_vda5050_ilmatar/install/vda5050_msgs/include/vda5050_msgs/vda5050_msgs/msg/detail/max_string_lens__rosidl_typesupport_fastrtps_cpp.hpp
[3.021s] -- Up-to-date symlink: /home/dbot2/dbot_vda5050_ilmatar/install/vda5050_msgs/include/vda5050_msgs/vda5050_msgs/msg/detail/node__rosidl_typesupport_fastrtps_cpp.hpp
[3.021s] -- Up-to-date symlink: /home/dbot2/dbot_vda5050_ilmatar/install/vda5050_msgs/include/vda5050_msgs/vda5050_msgs/msg/detail/node_position__rosidl_typesupport_fastrtps_cpp.hpp
[3.021s] -- Up-to-date symlink: /home/dbot2/dbot_vda5050_ilmatar/install/vda5050_msgs/include/vda5050_msgs/vda5050_msgs/msg/detail/node_state__rosidl_typesupport_fastrtps_cpp.hpp
[3.021s] -- Up-to-date symlink: /home/dbot2/dbot_vda5050_ilmatar/install/vda5050_msgs/include/vda5050_msgs/vda5050_msgs/msg/detail/optional_parameter__rosidl_typesupport_fastrtps_cpp.hpp
[3.022s] -- Up-to-date symlink: /home/dbot2/dbot_vda5050_ilmatar/install/vda5050_msgs/include/vda5050_msgs/vda5050_msgs/msg/detail/order__rosidl_typesupport_fastrtps_cpp.hpp
[3.022s] -- Up-to-date symlink: /home/dbot2/dbot_vda5050_ilmatar/install/vda5050_msgs/include/vda5050_msgs/vda5050_msgs/msg/detail/order_state__rosidl_typesupport_fastrtps_cpp.hpp
[3.022s] -- Up-to-date symlink: /home/dbot2/dbot_vda5050_ilmatar/install/vda5050_msgs/include/vda5050_msgs/vda5050_msgs/msg/detail/physical_parameters__rosidl_typesupport_fastrtps_cpp.hpp
[3.023s] -- Up-to-date symlink: /home/dbot2/dbot_vda5050_ilmatar/install/vda5050_msgs/include/vda5050_msgs/vda5050_msgs/msg/detail/polygon_point__rosidl_typesupport_fastrtps_cpp.hpp
[3.023s] -- Up-to-date symlink: /home/dbot2/dbot_vda5050_ilmatar/install/vda5050_msgs/include/vda5050_msgs/vda5050_msgs/msg/detail/position__rosidl_typesupport_fastrtps_cpp.hpp
[3.023s] -- Up-to-date symlink: /home/dbot2/dbot_vda5050_ilmatar/install/vda5050_msgs/include/vda5050_msgs/vda5050_msgs/msg/detail/protocol_features__rosidl_typesupport_fastrtps_cpp.hpp
[3.024s] -- Up-to-date symlink: /home/dbot2/dbot_vda5050_ilmatar/install/vda5050_msgs/include/vda5050_msgs/vda5050_msgs/msg/detail/protocol_limits__rosidl_typesupport_fastrtps_cpp.hpp
[3.024s] -- Up-to-date symlink: /home/dbot2/dbot_vda5050_ilmatar/install/vda5050_msgs/include/vda5050_msgs/vda5050_msgs/msg/detail/safety_state__rosidl_typesupport_fastrtps_cpp.hpp
[3.024s] -- Up-to-date symlink: /home/dbot2/dbot_vda5050_ilmatar/install/vda5050_msgs/include/vda5050_msgs/vda5050_msgs/msg/detail/timing__rosidl_typesupport_fastrtps_cpp.hpp
[3.024s] -- Up-to-date symlink: /home/dbot2/dbot_vda5050_ilmatar/install/vda5050_msgs/include/vda5050_msgs/vda5050_msgs/msg/detail/trajectory__rosidl_typesupport_fastrtps_cpp.hpp
[3.025s] -- Up-to-date symlink: /home/dbot2/dbot_vda5050_ilmatar/install/vda5050_msgs/include/vda5050_msgs/vda5050_msgs/msg/detail/type_specification__rosidl_typesupport_fastrtps_cpp.hpp
[3.025s] -- Up-to-date symlink: /home/dbot2/dbot_vda5050_ilmatar/install/vda5050_msgs/include/vda5050_msgs/vda5050_msgs/msg/detail/velocity__rosidl_typesupport_fastrtps_cpp.hpp
[3.025s] -- Up-to-date symlink: /home/dbot2/dbot_vda5050_ilmatar/install/vda5050_msgs/include/vda5050_msgs/vda5050_msgs/msg/detail/visualization__rosidl_typesupport_fastrtps_cpp.hpp
[3.026s] -- Up-to-date symlink: /home/dbot2/dbot_vda5050_ilmatar/install/vda5050_msgs/include/vda5050_msgs/vda5050_msgs/msg/detail/wheel_definition__rosidl_typesupport_fastrtps_cpp.hpp
[3.027s] -- Up-to-date symlink: /home/dbot2/dbot_vda5050_ilmatar/install/vda5050_msgs/include/vda5050_msgs/vda5050_msgs/msg/rosidl_typesupport_fastrtps_cpp__visibility_control.h
[3.027s] -- Up-to-date symlink: /home/dbot2/dbot_vda5050_ilmatar/install/vda5050_msgs/include/vda5050_msgs/vda5050_msgs/msg/detail/action__rosidl_typesupport_introspection_c.h
[3.028s] -- Up-to-date symlink: /home/dbot2/dbot_vda5050_ilmatar/install/vda5050_msgs/include/vda5050_msgs/vda5050_msgs/msg/detail/action_parameter__rosidl_typesupport_introspection_c.h
[3.028s] -- Up-to-date symlink: /home/dbot2/dbot_vda5050_ilmatar/install/vda5050_msgs/include/vda5050_msgs/vda5050_msgs/msg/detail/action_parameter_definition__rosidl_typesupport_introspection_c.h
[3.028s] -- Up-to-date symlink: /home/dbot2/dbot_vda5050_ilmatar/install/vda5050_msgs/include/vda5050_msgs/vda5050_msgs/msg/detail/agv_action__rosidl_typesupport_introspection_c.h
[3.028s] -- Up-to-date symlink: /home/dbot2/dbot_vda5050_ilmatar/install/vda5050_msgs/include/vda5050_msgs/vda5050_msgs/msg/detail/agv_geometry__rosidl_typesupport_introspection_c.h
[3.029s] -- Up-to-date symlink: /home/dbot2/dbot_vda5050_ilmatar/install/vda5050_msgs/include/vda5050_msgs/vda5050_msgs/msg/detail/agv_position__rosidl_typesupport_introspection_c.h
[3.029s] -- Up-to-date symlink: /home/dbot2/dbot_vda5050_ilmatar/install/vda5050_msgs/include/vda5050_msgs/vda5050_msgs/msg/detail/battery_state__rosidl_typesupport_introspection_c.h
[3.029s] -- Up-to-date symlink: /home/dbot2/dbot_vda5050_ilmatar/install/vda5050_msgs/include/vda5050_msgs/vda5050_msgs/msg/detail/bounding_box_reference__rosidl_typesupport_introspection_c.h
[3.029s] -- Up-to-date symlink: /home/dbot2/dbot_vda5050_ilmatar/install/vda5050_msgs/include/vda5050_msgs/vda5050_msgs/msg/detail/connection__rosidl_typesupport_introspection_c.h
[3.030s] -- Up-to-date symlink: /home/dbot2/dbot_vda5050_ilmatar/install/vda5050_msgs/include/vda5050_msgs/vda5050_msgs/msg/detail/control_point__rosidl_typesupport_introspection_c.h
[3.030s] -- Up-to-date symlink: /home/dbot2/dbot_vda5050_ilmatar/install/vda5050_msgs/include/vda5050_msgs/vda5050_msgs/msg/detail/current_action__rosidl_typesupport_introspection_c.h
[3.030s] -- Up-to-date symlink: /home/dbot2/dbot_vda5050_ilmatar/install/vda5050_msgs/include/vda5050_msgs/vda5050_msgs/msg/detail/edge__rosidl_typesupport_introspection_c.h
[3.031s] -- Up-to-date symlink: /home/dbot2/dbot_vda5050_ilmatar/install/vda5050_msgs/include/vda5050_msgs/vda5050_msgs/msg/detail/edge_state__rosidl_typesupport_introspection_c.h
[3.031s] -- Up-to-date symlink: /home/dbot2/dbot_vda5050_ilmatar/install/vda5050_msgs/include/vda5050_msgs/vda5050_msgs/msg/detail/envelope2_d__rosidl_typesupport_introspection_c.h
[3.031s] -- Up-to-date symlink: /home/dbot2/dbot_vda5050_ilmatar/install/vda5050_msgs/include/vda5050_msgs/vda5050_msgs/msg/detail/envelope3_d__rosidl_typesupport_introspection_c.h
[3.032s] -- Up-to-date symlink: /home/dbot2/dbot_vda5050_ilmatar/install/vda5050_msgs/include/vda5050_msgs/vda5050_msgs/msg/detail/error__rosidl_typesupport_introspection_c.h
[3.032s] -- Up-to-date symlink: /home/dbot2/dbot_vda5050_ilmatar/install/vda5050_msgs/include/vda5050_msgs/vda5050_msgs/msg/detail/error_reference__rosidl_typesupport_introspection_c.h
[3.032s] -- Up-to-date symlink: /home/dbot2/dbot_vda5050_ilmatar/install/vda5050_msgs/include/vda5050_msgs/vda5050_msgs/msg/detail/factsheet__rosidl_typesupport_introspection_c.h
[3.033s] -- Up-to-date symlink: /home/dbot2/dbot_vda5050_ilmatar/install/vda5050_msgs/include/vda5050_msgs/vda5050_msgs/msg/detail/header__rosidl_typesupport_introspection_c.h
[3.033s] -- Up-to-date symlink: /home/dbot2/dbot_vda5050_ilmatar/install/vda5050_msgs/include/vda5050_msgs/vda5050_msgs/msg/detail/info__rosidl_typesupport_introspection_c.h
[3.033s] -- Up-to-date symlink: /home/dbot2/dbot_vda5050_ilmatar/install/vda5050_msgs/include/vda5050_msgs/vda5050_msgs/msg/detail/info_reference__rosidl_typesupport_introspection_c.h
[3.033s] -- Up-to-date symlink: /home/dbot2/dbot_vda5050_ilmatar/install/vda5050_msgs/include/vda5050_msgs/vda5050_msgs/msg/detail/instant_actions__rosidl_typesupport_introspection_c.h
[3.034s] -- Up-to-date symlink: /home/dbot2/dbot_vda5050_ilmatar/install/vda5050_msgs/include/vda5050_msgs/vda5050_msgs/msg/detail/load__rosidl_typesupport_introspection_c.h
[3.034s] -- Up-to-date symlink: /home/dbot2/dbot_vda5050_ilmatar/install/vda5050_msgs/include/vda5050_msgs/vda5050_msgs/msg/detail/load_dimensions__rosidl_typesupport_introspection_c.h
[3.034s] -- Up-to-date symlink: /home/dbot2/dbot_vda5050_ilmatar/install/vda5050_msgs/include/vda5050_msgs/vda5050_msgs/msg/detail/load_set__rosidl_typesupport_introspection_c.h
[3.035s] -- Up-to-date symlink: /home/dbot2/dbot_vda5050_ilmatar/install/vda5050_msgs/include/vda5050_msgs/vda5050_msgs/msg/detail/load_specification__rosidl_typesupport_introspection_c.h
[3.035s] -- Up-to-date symlink: /home/dbot2/dbot_vda5050_ilmatar/install/vda5050_msgs/include/vda5050_msgs/vda5050_msgs/msg/detail/max_array_lens__rosidl_typesupport_introspection_c.h
[3.036s] -- Up-to-date symlink: /home/dbot2/dbot_vda5050_ilmatar/install/vda5050_msgs/include/vda5050_msgs/vda5050_msgs/msg/detail/max_string_lens__rosidl_typesupport_introspection_c.h
[3.036s] -- Up-to-date symlink: /home/dbot2/dbot_vda5050_ilmatar/install/vda5050_msgs/include/vda5050_msgs/vda5050_msgs/msg/detail/node__rosidl_typesupport_introspection_c.h
[3.036s] -- Up-to-date symlink: /home/dbot2/dbot_vda5050_ilmatar/install/vda5050_msgs/include/vda5050_msgs/vda5050_msgs/msg/detail/node_position__rosidl_typesupport_introspection_c.h
[3.036s] -- Up-to-date symlink: /home/dbot2/dbot_vda5050_ilmatar/install/vda5050_msgs/include/vda5050_msgs/vda5050_msgs/msg/detail/node_state__rosidl_typesupport_introspection_c.h
[3.037s] -- Up-to-date symlink: /home/dbot2/dbot_vda5050_ilmatar/install/vda5050_msgs/include/vda5050_msgs/vda5050_msgs/msg/detail/optional_parameter__rosidl_typesupport_introspection_c.h
[3.037s] -- Up-to-date symlink: /home/dbot2/dbot_vda5050_ilmatar/install/vda5050_msgs/include/vda5050_msgs/vda5050_msgs/msg/detail/order__rosidl_typesupport_introspection_c.h
[3.037s] -- Up-to-date symlink: /home/dbot2/dbot_vda5050_ilmatar/install/vda5050_msgs/include/vda5050_msgs/vda5050_msgs/msg/detail/order_state__rosidl_typesupport_introspection_c.h
[3.038s] -- Up-to-date symlink: /home/dbot2/dbot_vda5050_ilmatar/install/vda5050_msgs/include/vda5050_msgs/vda5050_msgs/msg/detail/physical_parameters__rosidl_typesupport_introspection_c.h
[3.038s] -- Up-to-date symlink: /home/dbot2/dbot_vda5050_ilmatar/install/vda5050_msgs/include/vda5050_msgs/vda5050_msgs/msg/detail/polygon_point__rosidl_typesupport_introspection_c.h
[3.039s] -- Up-to-date symlink: /home/dbot2/dbot_vda5050_ilmatar/install/vda5050_msgs/include/vda5050_msgs/vda5050_msgs/msg/detail/position__rosidl_typesupport_introspection_c.h
[3.039s] -- Up-to-date symlink: /home/dbot2/dbot_vda5050_ilmatar/install/vda5050_msgs/include/vda5050_msgs/vda5050_msgs/msg/detail/protocol_features__rosidl_typesupport_introspection_c.h
[3.039s] -- Up-to-date symlink: /home/dbot2/dbot_vda5050_ilmatar/install/vda5050_msgs/include/vda5050_msgs/vda5050_msgs/msg/detail/protocol_limits__rosidl_typesupport_introspection_c.h
[3.039s] -- Up-to-date symlink: /home/dbot2/dbot_vda5050_ilmatar/install/vda5050_msgs/include/vda5050_msgs/vda5050_msgs/msg/detail/safety_state__rosidl_typesupport_introspection_c.h
[3.040s] -- Up-to-date symlink: /home/dbot2/dbot_vda5050_ilmatar/install/vda5050_msgs/include/vda5050_msgs/vda5050_msgs/msg/detail/timing__rosidl_typesupport_introspection_c.h
[3.040s] -- Up-to-date symlink: /home/dbot2/dbot_vda5050_ilmatar/install/vda5050_msgs/include/vda5050_msgs/vda5050_msgs/msg/detail/trajectory__rosidl_typesupport_introspection_c.h
[3.040s] -- Up-to-date symlink: /home/dbot2/dbot_vda5050_ilmatar/install/vda5050_msgs/include/vda5050_msgs/vda5050_msgs/msg/detail/type_specification__rosidl_typesupport_introspection_c.h
[3.041s] -- Up-to-date symlink: /home/dbot2/dbot_vda5050_ilmatar/install/vda5050_msgs/include/vda5050_msgs/vda5050_msgs/msg/detail/velocity__rosidl_typesupport_introspection_c.h
[3.041s] -- Up-to-date symlink: /home/dbot2/dbot_vda5050_ilmatar/install/vda5050_msgs/include/vda5050_msgs/vda5050_msgs/msg/detail/visualization__rosidl_typesupport_introspection_c.h
[3.041s] -- Up-to-date symlink: /home/dbot2/dbot_vda5050_ilmatar/install/vda5050_msgs/include/vda5050_msgs/vda5050_msgs/msg/detail/wheel_definition__rosidl_typesupport_introspection_c.h
[3.041s] -- Up-to-date symlink: /home/dbot2/dbot_vda5050_ilmatar/install/vda5050_msgs/include/vda5050_msgs/vda5050_msgs/msg/rosidl_typesupport_introspection_c__visibility_control.h
[3.043s] -- Up-to-date symlink: /home/dbot2/dbot_vda5050_ilmatar/install/vda5050_msgs/include/vda5050_msgs/vda5050_msgs/msg/detail/action__rosidl_typesupport_introspection_cpp.hpp
[3.043s] -- Up-to-date symlink: /home/dbot2/dbot_vda5050_ilmatar/install/vda5050_msgs/include/vda5050_msgs/vda5050_msgs/msg/detail/action_parameter__rosidl_typesupport_introspection_cpp.hpp
[3.043s] -- Up-to-date symlink: /home/dbot2/dbot_vda5050_ilmatar/install/vda5050_msgs/include/vda5050_msgs/vda5050_msgs/msg/detail/action_parameter_definition__rosidl_typesupport_introspection_cpp.hpp
[3.044s] -- Up-to-date symlink: /home/dbot2/dbot_vda5050_ilmatar/install/vda5050_msgs/include/vda5050_msgs/vda5050_msgs/msg/detail/agv_action__rosidl_typesupport_introspection_cpp.hpp
[3.044s] -- Up-to-date symlink: /home/dbot2/dbot_vda5050_ilmatar/install/vda5050_msgs/include/vda5050_msgs/vda5050_msgs/msg/detail/agv_geometry__rosidl_typesupport_introspection_cpp.hpp
[3.044s] -- Up-to-date symlink: /home/dbot2/dbot_vda5050_ilmatar/install/vda5050_msgs/include/vda5050_msgs/vda5050_msgs/msg/detail/agv_position__rosidl_typesupport_introspection_cpp.hpp
[3.045s] -- Up-to-date symlink: /home/dbot2/dbot_vda5050_ilmatar/install/vda5050_msgs/include/vda5050_msgs/vda5050_msgs/msg/detail/battery_state__rosidl_typesupport_introspection_cpp.hpp
[3.045s] -- Up-to-date symlink: /home/dbot2/dbot_vda5050_ilmatar/install/vda5050_msgs/include/vda5050_msgs/vda5050_msgs/msg/detail/bounding_box_reference__rosidl_typesupport_introspection_cpp.hpp
[3.045s] -- Up-to-date symlink: /home/dbot2/dbot_vda5050_ilmatar/install/vda5050_msgs/include/vda5050_msgs/vda5050_msgs/msg/detail/connection__rosidl_typesupport_introspection_cpp.hpp
[3.045s] -- Up-to-date symlink: /home/dbot2/dbot_vda5050_ilmatar/install/vda5050_msgs/include/vda5050_msgs/vda5050_msgs/msg/detail/control_point__rosidl_typesupport_introspection_cpp.hpp
[3.046s] -- Up-to-date symlink: /home/dbot2/dbot_vda5050_ilmatar/install/vda5050_msgs/include/vda5050_msgs/vda5050_msgs/msg/detail/current_action__rosidl_typesupport_introspection_cpp.hpp
[3.046s] -- Up-to-date symlink: /home/dbot2/dbot_vda5050_ilmatar/install/vda5050_msgs/include/vda5050_msgs/vda5050_msgs/msg/detail/edge__rosidl_typesupport_introspection_cpp.hpp
[3.046s] -- Up-to-date symlink: /home/dbot2/dbot_vda5050_ilmatar/install/vda5050_msgs/include/vda5050_msgs/vda5050_msgs/msg/detail/edge_state__rosidl_typesupport_introspection_cpp.hpp
[3.047s] -- Up-to-date symlink: /home/dbot2/dbot_vda5050_ilmatar/install/vda5050_msgs/include/vda5050_msgs/vda5050_msgs/msg/detail/envelope2_d__rosidl_typesupport_introspection_cpp.hpp
[3.047s] -- Up-to-date symlink: /home/dbot2/dbot_vda5050_ilmatar/install/vda5050_msgs/include/vda5050_msgs/vda5050_msgs/msg/detail/envelope3_d__rosidl_typesupport_introspection_cpp.hpp
[3.047s] -- Up-to-date symlink: /home/dbot2/dbot_vda5050_ilmatar/install/vda5050_msgs/include/vda5050_msgs/vda5050_msgs/msg/detail/error__rosidl_typesupport_introspection_cpp.hpp
[3.048s] -- Up-to-date symlink: /home/dbot2/dbot_vda5050_ilmatar/install/vda5050_msgs/include/vda5050_msgs/vda5050_msgs/msg/detail/error_reference__rosidl_typesupport_introspection_cpp.hpp
[3.048s] -- Up-to-date symlink: /home/dbot2/dbot_vda5050_ilmatar/install/vda5050_msgs/include/vda5050_msgs/vda5050_msgs/msg/detail/factsheet__rosidl_typesupport_introspection_cpp.hpp
[3.048s] -- Up-to-date symlink: /home/dbot2/dbot_vda5050_ilmatar/install/vda5050_msgs/include/vda5050_msgs/vda5050_msgs/msg/detail/header__rosidl_typesupport_introspection_cpp.hpp
[3.048s] -- Up-to-date symlink: /home/dbot2/dbot_vda5050_ilmatar/install/vda5050_msgs/include/vda5050_msgs/vda5050_msgs/msg/detail/info__rosidl_typesupport_introspection_cpp.hpp
[3.049s] -- Up-to-date symlink: /home/dbot2/dbot_vda5050_ilmatar/install/vda5050_msgs/include/vda5050_msgs/vda5050_msgs/msg/detail/info_reference__rosidl_typesupport_introspection_cpp.hpp
[3.049s] -- Up-to-date symlink: /home/dbot2/dbot_vda5050_ilmatar/install/vda5050_msgs/include/vda5050_msgs/vda5050_msgs/msg/detail/instant_actions__rosidl_typesupport_introspection_cpp.hpp
[3.050s] -- Up-to-date symlink: /home/dbot2/dbot_vda5050_ilmatar/install/vda5050_msgs/include/vda5050_msgs/vda5050_msgs/msg/detail/load__rosidl_typesupport_introspection_cpp.hpp
[3.050s] -- Up-to-date symlink: /home/dbot2/dbot_vda5050_ilmatar/install/vda5050_msgs/include/vda5050_msgs/vda5050_msgs/msg/detail/load_dimensions__rosidl_typesupport_introspection_cpp.hpp
[3.050s] -- Up-to-date symlink: /home/dbot2/dbot_vda5050_ilmatar/install/vda5050_msgs/include/vda5050_msgs/vda5050_msgs/msg/detail/load_set__rosidl_typesupport_introspection_cpp.hpp
[3.050s] -- Up-to-date symlink: /home/dbot2/dbot_vda5050_ilmatar/install/vda5050_msgs/include/vda5050_msgs/vda5050_msgs/msg/detail/load_specification__rosidl_typesupport_introspection_cpp.hpp
[3.051s] -- Up-to-date symlink: /home/dbot2/dbot_vda5050_ilmatar/install/vda5050_msgs/include/vda5050_msgs/vda5050_msgs/msg/detail/max_array_lens__rosidl_typesupport_introspection_cpp.hpp
[3.051s] -- Up-to-date symlink: /home/dbot2/dbot_vda5050_ilmatar/install/vda5050_msgs/include/vda5050_msgs/vda5050_msgs/msg/detail/max_string_lens__rosidl_typesupport_introspection_cpp.hpp
[3.051s] -- Up-to-date symlink: /home/dbot2/dbot_vda5050_ilmatar/install/vda5050_msgs/include/vda5050_msgs/vda5050_msgs/msg/detail/node__rosidl_typesupport_introspection_cpp.hpp
[3.052s] -- Up-to-date symlink: /home/dbot2/dbot_vda5050_ilmatar/install/vda5050_msgs/include/vda5050_msgs/vda5050_msgs/msg/detail/node_position__rosidl_typesupport_introspection_cpp.hpp
[3.052s] -- Up-to-date symlink: /home/dbot2/dbot_vda5050_ilmatar/install/vda5050_msgs/include/vda5050_msgs/vda5050_msgs/msg/detail/node_state__rosidl_typesupport_introspection_cpp.hpp
[3.052s] -- Up-to-date symlink: /home/dbot2/dbot_vda5050_ilmatar/install/vda5050_msgs/include/vda5050_msgs/vda5050_msgs/msg/detail/optional_parameter__rosidl_typesupport_introspection_cpp.hpp
[3.053s] -- Up-to-date symlink: /home/dbot2/dbot_vda5050_ilmatar/install/vda5050_msgs/include/vda5050_msgs/vda5050_msgs/msg/detail/order__rosidl_typesupport_introspection_cpp.hpp
[3.053s] -- Up-to-date symlink: /home/dbot2/dbot_vda5050_ilmatar/install/vda5050_msgs/include/vda5050_msgs/vda5050_msgs/msg/detail/order_state__rosidl_typesupport_introspection_cpp.hpp
[3.053s] -- Up-to-date symlink: /home/dbot2/dbot_vda5050_ilmatar/install/vda5050_msgs/include/vda5050_msgs/vda5050_msgs/msg/detail/physical_parameters__rosidl_typesupport_introspection_cpp.hpp
[3.054s] -- Up-to-date symlink: /home/dbot2/dbot_vda5050_ilmatar/install/vda5050_msgs/include/vda5050_msgs/vda5050_msgs/msg/detail/polygon_point__rosidl_typesupport_introspection_cpp.hpp
[3.054s] -- Up-to-date symlink: /home/dbot2/dbot_vda5050_ilmatar/install/vda5050_msgs/include/vda5050_msgs/vda5050_msgs/msg/detail/position__rosidl_typesupport_introspection_cpp.hpp
[3.054s] -- Up-to-date symlink: /home/dbot2/dbot_vda5050_ilmatar/install/vda5050_msgs/include/vda5050_msgs/vda5050_msgs/msg/detail/protocol_features__rosidl_typesupport_introspection_cpp.hpp
[3.054s] -- Up-to-date symlink: /home/dbot2/dbot_vda5050_ilmatar/install/vda5050_msgs/include/vda5050_msgs/vda5050_msgs/msg/detail/protocol_limits__rosidl_typesupport_introspection_cpp.hpp
[3.055s] -- Up-to-date symlink: /home/dbot2/dbot_vda5050_ilmatar/install/vda5050_msgs/include/vda5050_msgs/vda5050_msgs/msg/detail/safety_state__rosidl_typesupport_introspection_cpp.hpp
[3.055s] -- Up-to-date symlink: /home/dbot2/dbot_vda5050_ilmatar/install/vda5050_msgs/include/vda5050_msgs/vda5050_msgs/msg/detail/timing__rosidl_typesupport_introspection_cpp.hpp
[3.055s] -- Up-to-date symlink: /home/dbot2/dbot_vda5050_ilmatar/install/vda5050_msgs/include/vda5050_msgs/vda5050_msgs/msg/detail/trajectory__rosidl_typesupport_introspection_cpp.hpp
[3.056s] -- Up-to-date symlink: /home/dbot2/dbot_vda5050_ilmatar/install/vda5050_msgs/include/vda5050_msgs/vda5050_msgs/msg/detail/type_specification__rosidl_typesupport_introspection_cpp.hpp
[3.056s] -- Up-to-date symlink: /home/dbot2/dbot_vda5050_ilmatar/install/vda5050_msgs/include/vda5050_msgs/vda5050_msgs/msg/detail/velocity__rosidl_typesupport_introspection_cpp.hpp
[3.056s] -- Up-to-date symlink: /home/dbot2/dbot_vda5050_ilmatar/install/vda5050_msgs/include/vda5050_msgs/vda5050_msgs/msg/detail/visualization__rosidl_typesupport_introspection_cpp.hpp
[3.057s] -- Up-to-date symlink: /home/dbot2/dbot_vda5050_ilmatar/install/vda5050_msgs/include/vda5050_msgs/vda5050_msgs/msg/detail/wheel_definition__rosidl_typesupport_introspection_cpp.hpp
[3.057s] -- Up-to-date symlink: /home/dbot2/dbot_vda5050_ilmatar/install/vda5050_msgs/share/vda5050_msgs/environment/pythonpath.sh
[3.058s] -- Up-to-date symlink: /home/dbot2/dbot_vda5050_ilmatar/install/vda5050_msgs/share/vda5050_msgs/environment/pythonpath.dsv
[3.058s] -- Up-to-date symlink: /home/dbot2/dbot_vda5050_ilmatar/install/vda5050_msgs/local/lib/python3.10/dist-packages/vda5050_msgs-1.1.1-py3.10.egg-info/PKG-INFO
[3.058s] -- Up-to-date symlink: /home/dbot2/dbot_vda5050_ilmatar/install/vda5050_msgs/local/lib/python3.10/dist-packages/vda5050_msgs-1.1.1-py3.10.egg-info/SOURCES.txt
[3.058s] -- Up-to-date symlink: /home/dbot2/dbot_vda5050_ilmatar/install/vda5050_msgs/local/lib/python3.10/dist-packages/vda5050_msgs-1.1.1-py3.10.egg-info/dependency_links.txt
[3.060s] -- Up-to-date symlink: /home/dbot2/dbot_vda5050_ilmatar/install/vda5050_msgs/local/lib/python3.10/dist-packages/vda5050_msgs-1.1.1-py3.10.egg-info/top_level.txt
[3.060s] -- Up-to-date symlink: /home/dbot2/dbot_vda5050_ilmatar/install/vda5050_msgs/local/lib/python3.10/dist-packages/vda5050_msgs/__init__.py
[3.061s] -- Up-to-date symlink: /home/dbot2/dbot_vda5050_ilmatar/install/vda5050_msgs/local/lib/python3.10/dist-packages/vda5050_msgs/_vda5050_msgs_s.ep.rosidl_typesupport_c.c
[3.061s] -- Up-to-date symlink: /home/dbot2/dbot_vda5050_ilmatar/install/vda5050_msgs/local/lib/python3.10/dist-packages/vda5050_msgs/_vda5050_msgs_s.ep.rosidl_typesupport_fastrtps_c.c
[3.061s] -- Up-to-date symlink: /home/dbot2/dbot_vda5050_ilmatar/install/vda5050_msgs/local/lib/python3.10/dist-packages/vda5050_msgs/_vda5050_msgs_s.ep.rosidl_typesupport_introspection_c.c
[3.062s] -- Up-to-date symlink: /home/dbot2/dbot_vda5050_ilmatar/install/vda5050_msgs/local/lib/python3.10/dist-packages/vda5050_msgs/libvda5050_msgs__rosidl_generator_py.so
[3.062s] -- Up-to-date symlink: /home/dbot2/dbot_vda5050_ilmatar/install/vda5050_msgs/local/lib/python3.10/dist-packages/vda5050_msgs/msg/__init__.py
[3.062s] -- Up-to-date symlink: /home/dbot2/dbot_vda5050_ilmatar/install/vda5050_msgs/local/lib/python3.10/dist-packages/vda5050_msgs/msg/_action.py
[3.063s] -- Up-to-date symlink: /home/dbot2/dbot_vda5050_ilmatar/install/vda5050_msgs/local/lib/python3.10/dist-packages/vda5050_msgs/msg/_action_parameter.py
[3.063s] -- Up-to-date symlink: /home/dbot2/dbot_vda5050_ilmatar/install/vda5050_msgs/local/lib/python3.10/dist-packages/vda5050_msgs/msg/_action_parameter_definition.py
[3.063s] -- Up-to-date symlink: /home/dbot2/dbot_vda5050_ilmatar/install/vda5050_msgs/local/lib/python3.10/dist-packages/vda5050_msgs/msg/_action_parameter_definition_s.c
[3.064s] -- Up-to-date symlink: /home/dbot2/dbot_vda5050_ilmatar/install/vda5050_msgs/local/lib/python3.10/dist-packages/vda5050_msgs/msg/_action_parameter_s.c
[3.064s] -- Up-to-date symlink: /home/dbot2/dbot_vda5050_ilmatar/install/vda5050_msgs/local/lib/python3.10/dist-packages/vda5050_msgs/msg/_action_s.c
[3.064s] -- Up-to-date symlink: /home/dbot2/dbot_vda5050_ilmatar/install/vda5050_msgs/local/lib/python3.10/dist-packages/vda5050_msgs/msg/_agv_action.py
[3.064s] -- Up-to-date symlink: /home/dbot2/dbot_vda5050_ilmatar/install/vda5050_msgs/local/lib/python3.10/dist-packages/vda5050_msgs/msg/_agv_action_s.c
[3.065s] -- Up-to-date symlink: /home/dbot2/dbot_vda5050_ilmatar/install/vda5050_msgs/local/lib/python3.10/dist-packages/vda5050_msgs/msg/_agv_geometry.py
[3.065s] -- Up-to-date symlink: /home/dbot2/dbot_vda5050_ilmatar/install/vda5050_msgs/local/lib/python3.10/dist-packages/vda5050_msgs/msg/_agv_geometry_s.c
[3.065s] -- Up-to-date symlink: /home/dbot2/dbot_vda5050_ilmatar/install/vda5050_msgs/local/lib/python3.10/dist-packages/vda5050_msgs/msg/_agv_position.py
[3.065s] -- Up-to-date symlink: /home/dbot2/dbot_vda5050_ilmatar/install/vda5050_msgs/local/lib/python3.10/dist-packages/vda5050_msgs/msg/_agv_position_s.c
[3.066s] -- Up-to-date symlink: /home/dbot2/dbot_vda5050_ilmatar/install/vda5050_msgs/local/lib/python3.10/dist-packages/vda5050_msgs/msg/_battery_state.py
[3.066s] -- Up-to-date symlink: /home/dbot2/dbot_vda5050_ilmatar/install/vda5050_msgs/local/lib/python3.10/dist-packages/vda5050_msgs/msg/_battery_state_s.c
[3.066s] -- Up-to-date symlink: /home/dbot2/dbot_vda5050_ilmatar/install/vda5050_msgs/local/lib/python3.10/dist-packages/vda5050_msgs/msg/_bounding_box_reference.py
[3.067s] -- Up-to-date symlink: /home/dbot2/dbot_vda5050_ilmatar/install/vda5050_msgs/local/lib/python3.10/dist-packages/vda5050_msgs/msg/_bounding_box_reference_s.c
[3.067s] -- Up-to-date symlink: /home/dbot2/dbot_vda5050_ilmatar/install/vda5050_msgs/local/lib/python3.10/dist-packages/vda5050_msgs/msg/_connection.py
[3.067s] -- Up-to-date symlink: /home/dbot2/dbot_vda5050_ilmatar/install/vda5050_msgs/local/lib/python3.10/dist-packages/vda5050_msgs/msg/_connection_s.c
[3.067s] -- Up-to-date symlink: /home/dbot2/dbot_vda5050_ilmatar/install/vda5050_msgs/local/lib/python3.10/dist-packages/vda5050_msgs/msg/_control_point.py
[3.068s] -- Up-to-date symlink: /home/dbot2/dbot_vda5050_ilmatar/install/vda5050_msgs/local/lib/python3.10/dist-packages/vda5050_msgs/msg/_control_point_s.c
[3.068s] -- Up-to-date symlink: /home/dbot2/dbot_vda5050_ilmatar/install/vda5050_msgs/local/lib/python3.10/dist-packages/vda5050_msgs/msg/_current_action.py
[3.068s] -- Up-to-date symlink: /home/dbot2/dbot_vda5050_ilmatar/install/vda5050_msgs/local/lib/python3.10/dist-packages/vda5050_msgs/msg/_current_action_s.c
[3.069s] -- Up-to-date symlink: /home/dbot2/dbot_vda5050_ilmatar/install/vda5050_msgs/local/lib/python3.10/dist-packages/vda5050_msgs/msg/_edge.py
[3.069s] -- Up-to-date symlink: /home/dbot2/dbot_vda5050_ilmatar/install/vda5050_msgs/local/lib/python3.10/dist-packages/vda5050_msgs/msg/_edge_s.c
[3.069s] -- Up-to-date symlink: /home/dbot2/dbot_vda5050_ilmatar/install/vda5050_msgs/local/lib/python3.10/dist-packages/vda5050_msgs/msg/_edge_state.py
[3.070s] -- Up-to-date symlink: /home/dbot2/dbot_vda5050_ilmatar/install/vda5050_msgs/local/lib/python3.10/dist-packages/vda5050_msgs/msg/_edge_state_s.c
[3.070s] -- Up-to-date symlink: /home/dbot2/dbot_vda5050_ilmatar/install/vda5050_msgs/local/lib/python3.10/dist-packages/vda5050_msgs/msg/_envelope2_d.py
[3.070s] -- Up-to-date symlink: /home/dbot2/dbot_vda5050_ilmatar/install/vda5050_msgs/local/lib/python3.10/dist-packages/vda5050_msgs/msg/_envelope2_d_s.c
[3.070s] -- Up-to-date symlink: /home/dbot2/dbot_vda5050_ilmatar/install/vda5050_msgs/local/lib/python3.10/dist-packages/vda5050_msgs/msg/_envelope3_d.py
[3.071s] -- Up-to-date symlink: /home/dbot2/dbot_vda5050_ilmatar/install/vda5050_msgs/local/lib/python3.10/dist-packages/vda5050_msgs/msg/_envelope3_d_s.c
[3.071s] -- Up-to-date symlink: /home/dbot2/dbot_vda5050_ilmatar/install/vda5050_msgs/local/lib/python3.10/dist-packages/vda5050_msgs/msg/_error.py
[3.071s] -- Up-to-date symlink: /home/dbot2/dbot_vda5050_ilmatar/install/vda5050_msgs/local/lib/python3.10/dist-packages/vda5050_msgs/msg/_error_reference.py
[3.072s] -- Up-to-date symlink: /home/dbot2/dbot_vda5050_ilmatar/install/vda5050_msgs/local/lib/python3.10/dist-packages/vda5050_msgs/msg/_error_reference_s.c
[3.072s] -- Up-to-date symlink: /home/dbot2/dbot_vda5050_ilmatar/install/vda5050_msgs/local/lib/python3.10/dist-packages/vda5050_msgs/msg/_error_s.c
[3.072s] -- Up-to-date symlink: /home/dbot2/dbot_vda5050_ilmatar/install/vda5050_msgs/local/lib/python3.10/dist-packages/vda5050_msgs/msg/_factsheet.py
[3.073s] -- Up-to-date symlink: /home/dbot2/dbot_vda5050_ilmatar/install/vda5050_msgs/local/lib/python3.10/dist-packages/vda5050_msgs/msg/_factsheet_s.c
[3.073s] -- Up-to-date symlink: /home/dbot2/dbot_vda5050_ilmatar/install/vda5050_msgs/local/lib/python3.10/dist-packages/vda5050_msgs/msg/_header.py
[3.074s] -- Up-to-date symlink: /home/dbot2/dbot_vda5050_ilmatar/install/vda5050_msgs/local/lib/python3.10/dist-packages/vda5050_msgs/msg/_header_s.c
[3.074s] -- Up-to-date symlink: /home/dbot2/dbot_vda5050_ilmatar/install/vda5050_msgs/local/lib/python3.10/dist-packages/vda5050_msgs/msg/_info.py
[3.074s] -- Up-to-date symlink: /home/dbot2/dbot_vda5050_ilmatar/install/vda5050_msgs/local/lib/python3.10/dist-packages/vda5050_msgs/msg/_info_reference.py
[3.074s] -- Up-to-date symlink: /home/dbot2/dbot_vda5050_ilmatar/install/vda5050_msgs/local/lib/python3.10/dist-packages/vda5050_msgs/msg/_info_reference_s.c
[3.075s] -- Up-to-date symlink: /home/dbot2/dbot_vda5050_ilmatar/install/vda5050_msgs/local/lib/python3.10/dist-packages/vda5050_msgs/msg/_info_s.c
[3.075s] -- Up-to-date symlink: /home/dbot2/dbot_vda5050_ilmatar/install/vda5050_msgs/local/lib/python3.10/dist-packages/vda5050_msgs/msg/_instant_actions.py
[3.075s] -- Up-to-date symlink: /home/dbot2/dbot_vda5050_ilmatar/install/vda5050_msgs/local/lib/python3.10/dist-packages/vda5050_msgs/msg/_instant_actions_s.c
[3.076s] -- Up-to-date symlink: /home/dbot2/dbot_vda5050_ilmatar/install/vda5050_msgs/local/lib/python3.10/dist-packages/vda5050_msgs/msg/_load.py
[3.076s] -- Up-to-date symlink: /home/dbot2/dbot_vda5050_ilmatar/install/vda5050_msgs/local/lib/python3.10/dist-packages/vda5050_msgs/msg/_load_dimensions.py
[3.076s] -- Up-to-date symlink: /home/dbot2/dbot_vda5050_ilmatar/install/vda5050_msgs/local/lib/python3.10/dist-packages/vda5050_msgs/msg/_load_dimensions_s.c
[3.077s] -- Up-to-date symlink: /home/dbot2/dbot_vda5050_ilmatar/install/vda5050_msgs/local/lib/python3.10/dist-packages/vda5050_msgs/msg/_load_s.c
[3.077s] -- Up-to-date symlink: /home/dbot2/dbot_vda5050_ilmatar/install/vda5050_msgs/local/lib/python3.10/dist-packages/vda5050_msgs/msg/_load_set.py
[3.077s] -- Up-to-date symlink: /home/dbot2/dbot_vda5050_ilmatar/install/vda5050_msgs/local/lib/python3.10/dist-packages/vda5050_msgs/msg/_load_set_s.c
[3.077s] -- Up-to-date symlink: /home/dbot2/dbot_vda5050_ilmatar/install/vda5050_msgs/local/lib/python3.10/dist-packages/vda5050_msgs/msg/_load_specification.py
[3.078s] -- Up-to-date symlink: /home/dbot2/dbot_vda5050_ilmatar/install/vda5050_msgs/local/lib/python3.10/dist-packages/vda5050_msgs/msg/_load_specification_s.c
[3.078s] -- Up-to-date symlink: /home/dbot2/dbot_vda5050_ilmatar/install/vda5050_msgs/local/lib/python3.10/dist-packages/vda5050_msgs/msg/_max_array_lens.py
[3.078s] -- Up-to-date symlink: /home/dbot2/dbot_vda5050_ilmatar/install/vda5050_msgs/local/lib/python3.10/dist-packages/vda5050_msgs/msg/_max_array_lens_s.c
[3.079s] -- Up-to-date symlink: /home/dbot2/dbot_vda5050_ilmatar/install/vda5050_msgs/local/lib/python3.10/dist-packages/vda5050_msgs/msg/_max_string_lens.py
[3.079s] -- Up-to-date symlink: /home/dbot2/dbot_vda5050_ilmatar/install/vda5050_msgs/local/lib/python3.10/dist-packages/vda5050_msgs/msg/_max_string_lens_s.c
[3.079s] -- Up-to-date symlink: /home/dbot2/dbot_vda5050_ilmatar/install/vda5050_msgs/local/lib/python3.10/dist-packages/vda5050_msgs/msg/_node.py
[3.080s] -- Up-to-date symlink: /home/dbot2/dbot_vda5050_ilmatar/install/vda5050_msgs/local/lib/python3.10/dist-packages/vda5050_msgs/msg/_node_position.py
[3.080s] -- Up-to-date symlink: /home/dbot2/dbot_vda5050_ilmatar/install/vda5050_msgs/local/lib/python3.10/dist-packages/vda5050_msgs/msg/_node_position_s.c
[3.080s] -- Up-to-date symlink: /home/dbot2/dbot_vda5050_ilmatar/install/vda5050_msgs/local/lib/python3.10/dist-packages/vda5050_msgs/msg/_node_s.c
[3.081s] -- Up-to-date symlink: /home/dbot2/dbot_vda5050_ilmatar/install/vda5050_msgs/local/lib/python3.10/dist-packages/vda5050_msgs/msg/_node_state.py
[3.081s] -- Up-to-date symlink: /home/dbot2/dbot_vda5050_ilmatar/install/vda5050_msgs/local/lib/python3.10/dist-packages/vda5050_msgs/msg/_node_state_s.c
[3.081s] -- Up-to-date symlink: /home/dbot2/dbot_vda5050_ilmatar/install/vda5050_msgs/local/lib/python3.10/dist-packages/vda5050_msgs/msg/_optional_parameter.py
[3.081s] -- Up-to-date symlink: /home/dbot2/dbot_vda5050_ilmatar/install/vda5050_msgs/local/lib/python3.10/dist-packages/vda5050_msgs/msg/_optional_parameter_s.c
[3.082s] -- Up-to-date symlink: /home/dbot2/dbot_vda5050_ilmatar/install/vda5050_msgs/local/lib/python3.10/dist-packages/vda5050_msgs/msg/_order.py
[3.082s] -- Up-to-date symlink: /home/dbot2/dbot_vda5050_ilmatar/install/vda5050_msgs/local/lib/python3.10/dist-packages/vda5050_msgs/msg/_order_s.c
[3.082s] -- Up-to-date symlink: /home/dbot2/dbot_vda5050_ilmatar/install/vda5050_msgs/local/lib/python3.10/dist-packages/vda5050_msgs/msg/_order_state.py
[3.083s] -- Up-to-date symlink: /home/dbot2/dbot_vda5050_ilmatar/install/vda5050_msgs/local/lib/python3.10/dist-packages/vda5050_msgs/msg/_order_state_s.c
[3.083s] -- Up-to-date symlink: /home/dbot2/dbot_vda5050_ilmatar/install/vda5050_msgs/local/lib/python3.10/dist-packages/vda5050_msgs/msg/_physical_parameters.py
[3.083s] -- Up-to-date symlink: /home/dbot2/dbot_vda5050_ilmatar/install/vda5050_msgs/local/lib/python3.10/dist-packages/vda5050_msgs/msg/_physical_parameters_s.c
[3.083s] -- Up-to-date symlink: /home/dbot2/dbot_vda5050_ilmatar/install/vda5050_msgs/local/lib/python3.10/dist-packages/vda5050_msgs/msg/_polygon_point.py
[3.084s] -- Up-to-date symlink: /home/dbot2/dbot_vda5050_ilmatar/install/vda5050_msgs/local/lib/python3.10/dist-packages/vda5050_msgs/msg/_polygon_point_s.c
[3.084s] -- Up-to-date symlink: /home/dbot2/dbot_vda5050_ilmatar/install/vda5050_msgs/local/lib/python3.10/dist-packages/vda5050_msgs/msg/_position.py
[3.084s] -- Up-to-date symlink: /home/dbot2/dbot_vda5050_ilmatar/install/vda5050_msgs/local/lib/python3.10/dist-packages/vda5050_msgs/msg/_position_s.c
[3.084s] -- Up-to-date symlink: /home/dbot2/dbot_vda5050_ilmatar/install/vda5050_msgs/local/lib/python3.10/dist-packages/vda5050_msgs/msg/_protocol_features.py
[3.085s] -- Up-to-date symlink: /home/dbot2/dbot_vda5050_ilmatar/install/vda5050_msgs/local/lib/python3.10/dist-packages/vda5050_msgs/msg/_protocol_features_s.c
[3.085s] -- Up-to-date symlink: /home/dbot2/dbot_vda5050_ilmatar/install/vda5050_msgs/local/lib/python3.10/dist-packages/vda5050_msgs/msg/_protocol_limits.py
[3.085s] -- Up-to-date symlink: /home/dbot2/dbot_vda5050_ilmatar/install/vda5050_msgs/local/lib/python3.10/dist-packages/vda5050_msgs/msg/_protocol_limits_s.c
[3.086s] -- Up-to-date symlink: /home/dbot2/dbot_vda5050_ilmatar/install/vda5050_msgs/local/lib/python3.10/dist-packages/vda5050_msgs/msg/_safety_state.py
[3.086s] -- Up-to-date symlink: /home/dbot2/dbot_vda5050_ilmatar/install/vda5050_msgs/local/lib/python3.10/dist-packages/vda5050_msgs/msg/_safety_state_s.c
[3.086s] -- Up-to-date symlink: /home/dbot2/dbot_vda5050_ilmatar/install/vda5050_msgs/local/lib/python3.10/dist-packages/vda5050_msgs/msg/_timing.py
[3.087s] -- Up-to-date symlink: /home/dbot2/dbot_vda5050_ilmatar/install/vda5050_msgs/local/lib/python3.10/dist-packages/vda5050_msgs/msg/_timing_s.c
[3.087s] -- Up-to-date symlink: /home/dbot2/dbot_vda5050_ilmatar/install/vda5050_msgs/local/lib/python3.10/dist-packages/vda5050_msgs/msg/_trajectory.py
[3.087s] -- Up-to-date symlink: /home/dbot2/dbot_vda5050_ilmatar/install/vda5050_msgs/local/lib/python3.10/dist-packages/vda5050_msgs/msg/_trajectory_s.c
[3.087s] -- Up-to-date symlink: /home/dbot2/dbot_vda5050_ilmatar/install/vda5050_msgs/local/lib/python3.10/dist-packages/vda5050_msgs/msg/_type_specification.py
[3.087s] -- Up-to-date symlink: /home/dbot2/dbot_vda5050_ilmatar/install/vda5050_msgs/local/lib/python3.10/dist-packages/vda5050_msgs/msg/_type_specification_s.c
[3.088s] -- Up-to-date symlink: /home/dbot2/dbot_vda5050_ilmatar/install/vda5050_msgs/local/lib/python3.10/dist-packages/vda5050_msgs/msg/_velocity.py
[3.088s] -- Up-to-date symlink: /home/dbot2/dbot_vda5050_ilmatar/install/vda5050_msgs/local/lib/python3.10/dist-packages/vda5050_msgs/msg/_velocity_s.c
[3.088s] -- Up-to-date symlink: /home/dbot2/dbot_vda5050_ilmatar/install/vda5050_msgs/local/lib/python3.10/dist-packages/vda5050_msgs/msg/_visualization.py
[3.088s] -- Up-to-date symlink: /home/dbot2/dbot_vda5050_ilmatar/install/vda5050_msgs/local/lib/python3.10/dist-packages/vda5050_msgs/msg/_visualization_s.c
[3.089s] -- Up-to-date symlink: /home/dbot2/dbot_vda5050_ilmatar/install/vda5050_msgs/local/lib/python3.10/dist-packages/vda5050_msgs/msg/_wheel_definition.py
[3.089s] -- Up-to-date symlink: /home/dbot2/dbot_vda5050_ilmatar/install/vda5050_msgs/local/lib/python3.10/dist-packages/vda5050_msgs/msg/_wheel_definition_s.c
[3.089s] -- Up-to-date symlink: /home/dbot2/dbot_vda5050_ilmatar/install/vda5050_msgs/local/lib/python3.10/dist-packages/vda5050_msgs/vda5050_msgs_s__rosidl_typesupport_c.cpython-310-x86_64-linux-gnu.so
[3.090s] -- Up-to-date symlink: /home/dbot2/dbot_vda5050_ilmatar/install/vda5050_msgs/local/lib/python3.10/dist-packages/vda5050_msgs/vda5050_msgs_s__rosidl_typesupport_fastrtps_c.cpython-310-x86_64-linux-gnu.so
[3.090s] -- Up-to-date symlink: /home/dbot2/dbot_vda5050_ilmatar/install/vda5050_msgs/local/lib/python3.10/dist-packages/vda5050_msgs/vda5050_msgs_s__rosidl_typesupport_introspection_c.cpython-310-x86_64-linux-gnu.so
[3.090s] -- Up-to-date symlink: /home/dbot2/dbot_vda5050_ilmatar/install/vda5050_msgs/local/lib/python3.10/dist-packages/vda5050_msgs/vda5050_msgs_s__rosidl_typesupport_fastrtps_c.cpython-310-x86_64-linux-gnu.so
[3.091s] -- Up-to-date symlink: /home/dbot2/dbot_vda5050_ilmatar/install/vda5050_msgs/local/lib/python3.10/dist-packages/vda5050_msgs/vda5050_msgs_s__rosidl_typesupport_introspection_c.cpython-310-x86_64-linux-gnu.so
[3.091s] -- Up-to-date symlink: /home/dbot2/dbot_vda5050_ilmatar/install/vda5050_msgs/local/lib/python3.10/dist-packages/vda5050_msgs/vda5050_msgs_s__rosidl_typesupport_c.cpython-310-x86_64-linux-gnu.so
[3.092s] -- Up-to-date symlink: /home/dbot2/dbot_vda5050_ilmatar/install/vda5050_msgs/share/vda5050_msgs/msg/Action.idl
[3.092s] -- Up-to-date symlink: /home/dbot2/dbot_vda5050_ilmatar/install/vda5050_msgs/share/vda5050_msgs/msg/ActionParameter.idl
[3.092s] -- Up-to-date symlink: /home/dbot2/dbot_vda5050_ilmatar/install/vda5050_msgs/share/vda5050_msgs/msg/ActionParameterDefinition.idl
[3.093s] -- Up-to-date symlink: /home/dbot2/dbot_vda5050_ilmatar/install/vda5050_msgs/share/vda5050_msgs/msg/AGVAction.idl
[3.093s] -- Up-to-date symlink: /home/dbot2/dbot_vda5050_ilmatar/install/vda5050_msgs/share/vda5050_msgs/msg/AGVGeometry.idl
[3.093s] -- Up-to-date symlink: /home/dbot2/dbot_vda5050_ilmatar/install/vda5050_msgs/share/vda5050_msgs/msg/AGVPosition.idl
[3.094s] -- Up-to-date symlink: /home/dbot2/dbot_vda5050_ilmatar/install/vda5050_msgs/share/vda5050_msgs/msg/BatteryState.idl
[3.094s] -- Up-to-date symlink: /home/dbot2/dbot_vda5050_ilmatar/install/vda5050_msgs/share/vda5050_msgs/msg/BoundingBoxReference.idl
[3.094s] -- Up-to-date symlink: /home/dbot2/dbot_vda5050_ilmatar/install/vda5050_msgs/share/vda5050_msgs/msg/Connection.idl
[3.095s] -- Up-to-date symlink: /home/dbot2/dbot_vda5050_ilmatar/install/vda5050_msgs/share/vda5050_msgs/msg/ControlPoint.idl
[3.095s] -- Up-to-date symlink: /home/dbot2/dbot_vda5050_ilmatar/install/vda5050_msgs/share/vda5050_msgs/msg/CurrentAction.idl
[3.096s] -- Up-to-date symlink: /home/dbot2/dbot_vda5050_ilmatar/install/vda5050_msgs/share/vda5050_msgs/msg/Edge.idl
[3.097s] -- Up-to-date symlink: /home/dbot2/dbot_vda5050_ilmatar/install/vda5050_msgs/share/vda5050_msgs/msg/EdgeState.idl
[3.098s] -- Up-to-date symlink: /home/dbot2/dbot_vda5050_ilmatar/install/vda5050_msgs/share/vda5050_msgs/msg/Envelope2D.idl
[3.098s] -- Up-to-date symlink: /home/dbot2/dbot_vda5050_ilmatar/install/vda5050_msgs/share/vda5050_msgs/msg/Envelope3D.idl
[3.098s] -- Up-to-date symlink: /home/dbot2/dbot_vda5050_ilmatar/install/vda5050_msgs/share/vda5050_msgs/msg/Error.idl
[3.099s] -- Up-to-date symlink: /home/dbot2/dbot_vda5050_ilmatar/install/vda5050_msgs/share/vda5050_msgs/msg/ErrorReference.idl
[3.099s] -- Up-to-date symlink: /home/dbot2/dbot_vda5050_ilmatar/install/vda5050_msgs/share/vda5050_msgs/msg/Factsheet.idl
[3.099s] -- Up-to-date symlink: /home/dbot2/dbot_vda5050_ilmatar/install/vda5050_msgs/share/vda5050_msgs/msg/Info.idl
[3.099s] -- Up-to-date symlink: /home/dbot2/dbot_vda5050_ilmatar/install/vda5050_msgs/share/vda5050_msgs/msg/InfoReference.idl
[3.099s] -- Up-to-date symlink: /home/dbot2/dbot_vda5050_ilmatar/install/vda5050_msgs/share/vda5050_msgs/msg/Header.idl
[3.099s] -- Up-to-date symlink: /home/dbot2/dbot_vda5050_ilmatar/install/vda5050_msgs/share/vda5050_msgs/msg/InstantActions.idl
[3.099s] -- Up-to-date symlink: /home/dbot2/dbot_vda5050_ilmatar/install/vda5050_msgs/share/vda5050_msgs/msg/Load.idl
[3.100s] -- Up-to-date symlink: /home/dbot2/dbot_vda5050_ilmatar/install/vda5050_msgs/share/vda5050_msgs/msg/LoadDimensions.idl
[3.101s] -- Up-to-date symlink: /home/dbot2/dbot_vda5050_ilmatar/install/vda5050_msgs/share/vda5050_msgs/msg/LoadSet.idl
[3.101s] -- Up-to-date symlink: /home/dbot2/dbot_vda5050_ilmatar/install/vda5050_msgs/share/vda5050_msgs/msg/LoadSpecification.idl
[3.101s] -- Up-to-date symlink: /home/dbot2/dbot_vda5050_ilmatar/install/vda5050_msgs/share/vda5050_msgs/msg/MaxArrayLens.idl
[3.101s] -- Up-to-date symlink: /home/dbot2/dbot_vda5050_ilmatar/install/vda5050_msgs/share/vda5050_msgs/msg/MaxStringLens.idl
[3.101s] -- Up-to-date symlink: /home/dbot2/dbot_vda5050_ilmatar/install/vda5050_msgs/share/vda5050_msgs/msg/Node.idl
[3.101s] -- Up-to-date symlink: /home/dbot2/dbot_vda5050_ilmatar/install/vda5050_msgs/share/vda5050_msgs/msg/NodePosition.idl
[3.101s] -- Up-to-date symlink: /home/dbot2/dbot_vda5050_ilmatar/install/vda5050_msgs/share/vda5050_msgs/msg/NodeState.idl
[3.101s] -- Up-to-date symlink: /home/dbot2/dbot_vda5050_ilmatar/install/vda5050_msgs/share/vda5050_msgs/msg/OptionalParameter.idl
[3.102s] -- Up-to-date symlink: /home/dbot2/dbot_vda5050_ilmatar/install/vda5050_msgs/share/vda5050_msgs/msg/Order.idl
[3.102s] -- Up-to-date symlink: /home/dbot2/dbot_vda5050_ilmatar/install/vda5050_msgs/share/vda5050_msgs/msg/OrderState.idl
[3.102s] -- Up-to-date symlink: /home/dbot2/dbot_vda5050_ilmatar/install/vda5050_msgs/share/vda5050_msgs/msg/PhysicalParameters.idl
[3.103s] -- Up-to-date symlink: /home/dbot2/dbot_vda5050_ilmatar/install/vda5050_msgs/share/vda5050_msgs/msg/PolygonPoint.idl
[3.103s] -- Up-to-date symlink: /home/dbot2/dbot_vda5050_ilmatar/install/vda5050_msgs/share/vda5050_msgs/msg/Position.idl
[3.103s] -- Up-to-date symlink: /home/dbot2/dbot_vda5050_ilmatar/install/vda5050_msgs/share/vda5050_msgs/msg/ProtocolFeatures.idl
[3.103s] -- Up-to-date symlink: /home/dbot2/dbot_vda5050_ilmatar/install/vda5050_msgs/share/vda5050_msgs/msg/ProtocolLimits.idl
[3.103s] -- Up-to-date symlink: /home/dbot2/dbot_vda5050_ilmatar/install/vda5050_msgs/share/vda5050_msgs/msg/SafetyState.idl
[3.103s] -- Up-to-date symlink: /home/dbot2/dbot_vda5050_ilmatar/install/vda5050_msgs/share/vda5050_msgs/msg/Timing.idl
[3.105s] -- Up-to-date symlink: /home/dbot2/dbot_vda5050_ilmatar/install/vda5050_msgs/share/vda5050_msgs/msg/Trajectory.idl
[3.105s] -- Up-to-date symlink: /home/dbot2/dbot_vda5050_ilmatar/install/vda5050_msgs/share/vda5050_msgs/msg/TypeSpecification.idl
[3.105s] -- Up-to-date symlink: /home/dbot2/dbot_vda5050_ilmatar/install/vda5050_msgs/share/vda5050_msgs/msg/Velocity.idl
[3.105s] -- Up-to-date symlink: /home/dbot2/dbot_vda5050_ilmatar/install/vda5050_msgs/share/vda5050_msgs/msg/Visualization.idl
[3.105s] -- Up-to-date symlink: /home/dbot2/dbot_vda5050_ilmatar/install/vda5050_msgs/share/vda5050_msgs/msg/WheelDefinition.idl
[3.107s] -- Up-to-date symlink: /home/dbot2/dbot_vda5050_ilmatar/install/vda5050_msgs/share/vda5050_msgs/msg/Action.msg
[3.107s] -- Up-to-date symlink: /home/dbot2/dbot_vda5050_ilmatar/install/vda5050_msgs/share/vda5050_msgs/msg/ActionParameter.msg
[3.107s] -- Up-to-date symlink: /home/dbot2/dbot_vda5050_ilmatar/install/vda5050_msgs/share/vda5050_msgs/msg/ActionParameterDefinition.msg
[3.107s] -- Up-to-date symlink: /home/dbot2/dbot_vda5050_ilmatar/install/vda5050_msgs/share/vda5050_msgs/msg/AGVAction.msg
[3.107s] -- Up-to-date symlink: /home/dbot2/dbot_vda5050_ilmatar/install/vda5050_msgs/share/vda5050_msgs/msg/AGVGeometry.msg
[3.107s] -- Up-to-date symlink: /home/dbot2/dbot_vda5050_ilmatar/install/vda5050_msgs/share/vda5050_msgs/msg/AGVPosition.msg
[3.108s] -- Up-to-date symlink: /home/dbot2/dbot_vda5050_ilmatar/install/vda5050_msgs/share/vda5050_msgs/msg/BatteryState.msg
[3.109s] -- Up-to-date symlink: /home/dbot2/dbot_vda5050_ilmatar/install/vda5050_msgs/share/vda5050_msgs/msg/BoundingBoxReference.msg
[3.109s] -- Up-to-date symlink: /home/dbot2/dbot_vda5050_ilmatar/install/vda5050_msgs/share/vda5050_msgs/msg/Connection.msg
[3.109s] -- Up-to-date symlink: /home/dbot2/dbot_vda5050_ilmatar/install/vda5050_msgs/share/vda5050_msgs/msg/ControlPoint.msg
[3.109s] -- Up-to-date symlink: /home/dbot2/dbot_vda5050_ilmatar/install/vda5050_msgs/share/vda5050_msgs/msg/CurrentAction.msg
[3.110s] -- Up-to-date symlink: /home/dbot2/dbot_vda5050_ilmatar/install/vda5050_msgs/share/vda5050_msgs/msg/Edge.msg
[3.110s] -- Up-to-date symlink: /home/dbot2/dbot_vda5050_ilmatar/install/vda5050_msgs/share/vda5050_msgs/msg/EdgeState.msg
[3.110s] -- Up-to-date symlink: /home/dbot2/dbot_vda5050_ilmatar/install/vda5050_msgs/share/vda5050_msgs/msg/Envelope2D.msg
[3.111s] -- Up-to-date symlink: /home/dbot2/dbot_vda5050_ilmatar/install/vda5050_msgs/share/vda5050_msgs/msg/Envelope3D.msg
[3.112s] -- Up-to-date symlink: /home/dbot2/dbot_vda5050_ilmatar/install/vda5050_msgs/share/vda5050_msgs/msg/Error.msg
[3.112s] -- Up-to-date symlink: /home/dbot2/dbot_vda5050_ilmatar/install/vda5050_msgs/share/vda5050_msgs/msg/ErrorReference.msg
[3.112s] -- Up-to-date symlink: /home/dbot2/dbot_vda5050_ilmatar/install/vda5050_msgs/share/vda5050_msgs/msg/Factsheet.msg
[3.113s] -- Up-to-date symlink: /home/dbot2/dbot_vda5050_ilmatar/install/vda5050_msgs/share/vda5050_msgs/msg/Info.msg
[3.113s] -- Up-to-date symlink: /home/dbot2/dbot_vda5050_ilmatar/install/vda5050_msgs/share/vda5050_msgs/msg/InfoReference.msg
[3.113s] -- Up-to-date symlink: /home/dbot2/dbot_vda5050_ilmatar/install/vda5050_msgs/share/vda5050_msgs/msg/Header.msg
[3.114s] -- Up-to-date symlink: /home/dbot2/dbot_vda5050_ilmatar/install/vda5050_msgs/share/vda5050_msgs/msg/InstantActions.msg
[3.114s] -- Up-to-date symlink: /home/dbot2/dbot_vda5050_ilmatar/install/vda5050_msgs/share/vda5050_msgs/msg/Load.msg
[3.114s] -- Up-to-date symlink: /home/dbot2/dbot_vda5050_ilmatar/install/vda5050_msgs/share/vda5050_msgs/msg/LoadDimensions.msg
[3.114s] -- Up-to-date symlink: /home/dbot2/dbot_vda5050_ilmatar/install/vda5050_msgs/share/vda5050_msgs/msg/LoadSet.msg
[3.115s] -- Up-to-date symlink: /home/dbot2/dbot_vda5050_ilmatar/install/vda5050_msgs/share/vda5050_msgs/msg/LoadSpecification.msg
[3.115s] -- Up-to-date symlink: /home/dbot2/dbot_vda5050_ilmatar/install/vda5050_msgs/share/vda5050_msgs/msg/MaxArrayLens.msg
[3.115s] -- Up-to-date symlink: /home/dbot2/dbot_vda5050_ilmatar/install/vda5050_msgs/share/vda5050_msgs/msg/MaxStringLens.msg
[3.116s] -- Up-to-date symlink: /home/dbot2/dbot_vda5050_ilmatar/install/vda5050_msgs/share/vda5050_msgs/msg/Node.msg
[3.116s] -- Up-to-date symlink: /home/dbot2/dbot_vda5050_ilmatar/install/vda5050_msgs/share/vda5050_msgs/msg/NodePosition.msg
[3.117s] -- Up-to-date symlink: /home/dbot2/dbot_vda5050_ilmatar/install/vda5050_msgs/share/vda5050_msgs/msg/NodeState.msg
[3.117s] -- Up-to-date symlink: /home/dbot2/dbot_vda5050_ilmatar/install/vda5050_msgs/share/vda5050_msgs/msg/OptionalParameter.msg
[3.117s] -- Up-to-date symlink: /home/dbot2/dbot_vda5050_ilmatar/install/vda5050_msgs/share/vda5050_msgs/msg/Order.msg
[3.118s] -- Up-to-date symlink: /home/dbot2/dbot_vda5050_ilmatar/install/vda5050_msgs/share/vda5050_msgs/msg/OrderState.msg
[3.122s] -- Up-to-date symlink: /home/dbot2/dbot_vda5050_ilmatar/install/vda5050_msgs/share/vda5050_msgs/msg/PhysicalParameters.msg
[3.122s] -- Up-to-date symlink: /home/dbot2/dbot_vda5050_ilmatar/install/vda5050_msgs/share/vda5050_msgs/msg/PolygonPoint.msg
[3.122s] -- Up-to-date symlink: /home/dbot2/dbot_vda5050_ilmatar/install/vda5050_msgs/share/vda5050_msgs/msg/Position.msg
[3.122s] -- Up-to-date symlink: /home/dbot2/dbot_vda5050_ilmatar/install/vda5050_msgs/share/vda5050_msgs/msg/ProtocolFeatures.msg
[3.123s] -- Up-to-date symlink: /home/dbot2/dbot_vda5050_ilmatar/install/vda5050_msgs/share/vda5050_msgs/msg/ProtocolLimits.msg
[3.123s] -- Up-to-date symlink: /home/dbot2/dbot_vda5050_ilmatar/install/vda5050_msgs/share/vda5050_msgs/msg/SafetyState.msg
[3.124s] -- Up-to-date symlink: /home/dbot2/dbot_vda5050_ilmatar/install/vda5050_msgs/share/vda5050_msgs/msg/Timing.msg
[3.124s] -- Up-to-date symlink: /home/dbot2/dbot_vda5050_ilmatar/install/vda5050_msgs/share/vda5050_msgs/msg/Trajectory.msg
[3.124s] -- Up-to-date symlink: /home/dbot2/dbot_vda5050_ilmatar/install/vda5050_msgs/share/vda5050_msgs/msg/TypeSpecification.msg
[3.125s] -- Up-to-date symlink: /home/dbot2/dbot_vda5050_ilmatar/install/vda5050_msgs/share/vda5050_msgs/msg/Velocity.msg
[3.125s] -- Up-to-date symlink: /home/dbot2/dbot_vda5050_ilmatar/install/vda5050_msgs/share/vda5050_msgs/msg/Visualization.msg
[3.127s] -- Up-to-date symlink: /home/dbot2/dbot_vda5050_ilmatar/install/vda5050_msgs/share/vda5050_msgs/msg/WheelDefinition.msg
[3.127s] -- Up-to-date symlink: /home/dbot2/dbot_vda5050_ilmatar/install/vda5050_msgs/share/ament_index/resource_index/package_run_dependencies/vda5050_msgs
[3.127s] -- Up-to-date symlink: /home/dbot2/dbot_vda5050_ilmatar/install/vda5050_msgs/share/ament_index/resource_index/parent_prefix_path/vda5050_msgs
[3.127s] -- Up-to-date symlink: /home/dbot2/dbot_vda5050_ilmatar/install/vda5050_msgs/share/vda5050_msgs/environment/ament_prefix_path.sh
[3.127s] -- Up-to-date symlink: /home/dbot2/dbot_vda5050_ilmatar/install/vda5050_msgs/share/vda5050_msgs/environment/ament_prefix_path.dsv
[3.128s] -- Up-to-date symlink: /home/dbot2/dbot_vda5050_ilmatar/install/vda5050_msgs/share/vda5050_msgs/environment/path.sh
[3.128s] -- Up-to-date symlink: /home/dbot2/dbot_vda5050_ilmatar/install/vda5050_msgs/share/vda5050_msgs/environment/path.dsv
[3.128s] -- Up-to-date symlink: /home/dbot2/dbot_vda5050_ilmatar/install/vda5050_msgs/share/vda5050_msgs/local_setup.bash
[3.128s] -- Up-to-date symlink: /home/dbot2/dbot_vda5050_ilmatar/install/vda5050_msgs/share/vda5050_msgs/local_setup.sh
[3.128s] -- Up-to-date symlink: /home/dbot2/dbot_vda5050_ilmatar/install/vda5050_msgs/share/vda5050_msgs/local_setup.zsh
[3.128s] -- Up-to-date symlink: /home/dbot2/dbot_vda5050_ilmatar/install/vda5050_msgs/share/vda5050_msgs/local_setup.dsv
[3.129s] -- Symlinking: /home/dbot2/dbot_vda5050_ilmatar/install/vda5050_msgs/share/vda5050_msgs/package.dsv
[3.139s] -- Up-to-date symlink: /home/dbot2/dbot_vda5050_ilmatar/install/vda5050_msgs/share/ament_index/resource_index/packages/vda5050_msgs
[3.139s] -- Up-to-date symlink: /home/dbot2/dbot_vda5050_ilmatar/install/vda5050_msgs/share/vda5050_msgs/cmake/rosidl_cmake-extras.cmake
[3.140s] -- Up-to-date symlink: /home/dbot2/dbot_vda5050_ilmatar/install/vda5050_msgs/share/vda5050_msgs/cmake/ament_cmake_export_dependencies-extras.cmake
[3.141s] -- Up-to-date symlink: /home/dbot2/dbot_vda5050_ilmatar/install/vda5050_msgs/share/vda5050_msgs/cmake/ament_cmake_export_include_directories-extras.cmake
[3.141s] -- Up-to-date symlink: /home/dbot2/dbot_vda5050_ilmatar/install/vda5050_msgs/share/vda5050_msgs/cmake/ament_cmake_export_libraries-extras.cmake
[3.142s] -- Up-to-date symlink: /home/dbot2/dbot_vda5050_ilmatar/install/vda5050_msgs/share/vda5050_msgs/cmake/ament_cmake_export_targets-extras.cmake
[3.143s] -- Up-to-date symlink: /home/dbot2/dbot_vda5050_ilmatar/install/vda5050_msgs/share/vda5050_msgs/cmake/rosidl_cmake_export_typesupport_targets-extras.cmake
[3.143s] -- Up-to-date symlink: /home/dbot2/dbot_vda5050_ilmatar/install/vda5050_msgs/share/vda5050_msgs/cmake/rosidl_cmake_export_typesupport_libraries-extras.cmake
[3.143s] -- Up-to-date symlink: /home/dbot2/dbot_vda5050_ilmatar/install/vda5050_msgs/share/vda5050_msgs/cmake/vda5050_msgsConfig.cmake
[3.144s] -- Up-to-date symlink: /home/dbot2/dbot_vda5050_ilmatar/install/vda5050_msgs/share/vda5050_msgs/cmake/vda5050_msgsConfig-version.cmake
[3.144s] -- Up-to-date symlink: /home/dbot2/dbot_vda5050_ilmatar/install/vda5050_msgs/share/vda5050_msgs/package.xml
[3.146s] -- Up-to-date: /home/dbot2/dbot_vda5050_ilmatar/install/vda5050_msgs/lib/libvda5050_msgs__rosidl_generator_c.so
[3.147s] -- Up-to-date: /home/dbot2/dbot_vda5050_ilmatar/install/vda5050_msgs/lib/libvda5050_msgs__rosidl_typesupport_fastrtps_c.so
[3.148s] -- Up-to-date: /home/dbot2/dbot_vda5050_ilmatar/install/vda5050_msgs/lib/libvda5050_msgs__rosidl_typesupport_fastrtps_cpp.so
[3.148s] -- Up-to-date: /home/dbot2/dbot_vda5050_ilmatar/install/vda5050_msgs/lib/libvda5050_msgs__rosidl_typesupport_introspection_c.so
[3.148s] -- Up-to-date: /home/dbot2/dbot_vda5050_ilmatar/install/vda5050_msgs/lib/libvda5050_msgs__rosidl_typesupport_c.so
[3.149s] -- Up-to-date: /home/dbot2/dbot_vda5050_ilmatar/install/vda5050_msgs/lib/libvda5050_msgs__rosidl_typesupport_introspection_cpp.so
[3.152s] -- Up-to-date: /home/dbot2/dbot_vda5050_ilmatar/install/vda5050_msgs/lib/libvda5050_msgs__rosidl_typesupport_cpp.so
[3.253s] Listing '/home/dbot2/dbot_vda5050_ilmatar/install/vda5050_msgs/local/lib/python3.10/dist-packages/vda5050_msgs'...
[3.253s] Compiling '/home/dbot2/dbot_vda5050_ilmatar/install/vda5050_msgs/local/lib/python3.10/dist-packages/vda5050_msgs/__init__.py'...
[3.253s] Listing '/home/dbot2/dbot_vda5050_ilmatar/install/vda5050_msgs/local/lib/python3.10/dist-packages/vda5050_msgs/msg'...
[3.263s] -- Up-to-date: /home/dbot2/dbot_vda5050_ilmatar/install/vda5050_msgs/lib/libvda5050_msgs__rosidl_generator_py.so
[3.263s] -- Up-to-date: /home/dbot2/dbot_vda5050_ilmatar/install/vda5050_msgs/share/vda5050_msgs/cmake/export_vda5050_msgs__rosidl_generator_cExport.cmake
[3.263s] -- Up-to-date: /home/dbot2/dbot_vda5050_ilmatar/install/vda5050_msgs/share/vda5050_msgs/cmake/export_vda5050_msgs__rosidl_generator_cExport-noconfig.cmake
[3.264s] -- Up-to-date: /home/dbot2/dbot_vda5050_ilmatar/install/vda5050_msgs/share/vda5050_msgs/cmake/export_vda5050_msgs__rosidl_typesupport_fastrtps_cExport.cmake
[3.264s] -- Up-to-date: /home/dbot2/dbot_vda5050_ilmatar/install/vda5050_msgs/share/vda5050_msgs/cmake/export_vda5050_msgs__rosidl_typesupport_fastrtps_cExport-noconfig.cmake
[3.264s] -- Up-to-date: /home/dbot2/dbot_vda5050_ilmatar/install/vda5050_msgs/share/vda5050_msgs/cmake/export_vda5050_msgs__rosidl_generator_cppExport.cmake
[3.264s] -- Up-to-date: /home/dbot2/dbot_vda5050_ilmatar/install/vda5050_msgs/share/vda5050_msgs/cmake/export_vda5050_msgs__rosidl_typesupport_fastrtps_cppExport.cmake
[3.264s] -- Up-to-date: /home/dbot2/dbot_vda5050_ilmatar/install/vda5050_msgs/share/vda5050_msgs/cmake/export_vda5050_msgs__rosidl_typesupport_fastrtps_cppExport-noconfig.cmake
[3.264s] -- Up-to-date: /home/dbot2/dbot_vda5050_ilmatar/install/vda5050_msgs/share/vda5050_msgs/cmake/vda5050_msgs__rosidl_typesupport_introspection_cExport.cmake
[3.265s] -- Up-to-date: /home/dbot2/dbot_vda5050_ilmatar/install/vda5050_msgs/share/vda5050_msgs/cmake/vda5050_msgs__rosidl_typesupport_introspection_cExport-noconfig.cmake
[3.265s] -- Up-to-date: /home/dbot2/dbot_vda5050_ilmatar/install/vda5050_msgs/share/vda5050_msgs/cmake/vda5050_msgs__rosidl_typesupport_cExport.cmake
[3.265s] -- Up-to-date: /home/dbot2/dbot_vda5050_ilmatar/install/vda5050_msgs/share/vda5050_msgs/cmake/vda5050_msgs__rosidl_typesupport_cExport-noconfig.cmake
[3.265s] -- Up-to-date: /home/dbot2/dbot_vda5050_ilmatar/install/vda5050_msgs/share/vda5050_msgs/cmake/vda5050_msgs__rosidl_typesupport_introspection_cppExport.cmake
[3.265s] -- Up-to-date: /home/dbot2/dbot_vda5050_ilmatar/install/vda5050_msgs/share/vda5050_msgs/cmake/vda5050_msgs__rosidl_typesupport_introspection_cppExport-noconfig.cmake
[3.265s] -- Up-to-date: /home/dbot2/dbot_vda5050_ilmatar/install/vda5050_msgs/share/vda5050_msgs/cmake/vda5050_msgs__rosidl_typesupport_cppExport.cmake
[3.265s] -- Up-to-date: /home/dbot2/dbot_vda5050_ilmatar/install/vda5050_msgs/share/vda5050_msgs/cmake/vda5050_msgs__rosidl_typesupport_cppExport-noconfig.cmake
[3.266s] -- Up-to-date: /home/dbot2/dbot_vda5050_ilmatar/install/vda5050_msgs/share/vda5050_msgs/cmake/export_vda5050_msgs__rosidl_generator_pyExport.cmake
[3.266s] -- Up-to-date: /home/dbot2/dbot_vda5050_ilmatar/install/vda5050_msgs/share/vda5050_msgs/cmake/export_vda5050_msgs__rosidl_generator_pyExport-noconfig.cmake
[3.269s] Invoked command in '/home/dbot2/dbot_vda5050_ilmatar/build/vda5050_msgs' returned '0': CMAKE_PREFIX_PATH=${CMAKE_PREFIX_PATH}:/home/dbot2/dbot_vda5050_ilmatar/install/vda5050_tb3_adapter:/home/dbot2/dbot_vda5050_ilmatar/install/tf2_dbot:/home/dbot2/dbot_vda5050_ilmatar/install/odom_motion_model:/home/dbot2/dbot_vda5050_ilmatar/install/motor_driver:/home/dbot2/dbot_vda5050_ilmatar/install/joycontrol:/home/dbot2/dbot_vda5050_ilmatar/install/gesturecontrol:/home/dbot2/dbot_vda5050_ilmatar/install/dbot_bridge:/home/dbot2/dbot_vda5050_ilmatar/install/dbot:/home/dbot2/ros2_ws/install/tf2_dbot:/home/dbot2/ros2_ws/install/odom_motion_model:/home/dbot2/ros2_ws/install/motor_driver:/home/dbot2/ros2_ws/install/joycontrol:/home/dbot2/ros2_ws/install/gesturecontrol:/home/dbot2/ros2_ws/install/dbot_bridge:/home/dbot2/ros2_ws/install/dbot:/home/dbot2/ros2_ws/install/ament_xmllint:/home/dbot2/ros2_ws/install/ament_uncrustify:/home/dbot2/ros2_ws/install/ament_pyflakes:/home/dbot2/ros2_ws/install/ament_pycodestyle:/home/dbot2/ros2_ws/install/ament_pep257:/home/dbot2/ros2_ws/install/ament_pclint:/home/dbot2/ros2_ws/install/ament_mypy:/home/dbot2/ros2_ws/install/ament_lint_cmake:/home/dbot2/ros2_ws/install/ament_flake8:/home/dbot2/ros2_ws/install/ament_copyright:/home/dbot2/ros2_ws/install/ament_lint:/home/dbot2/ros2_ws/install/ament_cpplint:/home/dbot2/ros2_ws/install/ament_cppcheck:/home/dbot2/ros2_ws/install/ament_clang_tidy:/home/dbot2/ros2_ws/install/ament_clang_format:/home/dbot2/dbot_src/install/tf2_dbot:/home/dbot2/dbot_src/install/odom_motion_model:/home/dbot2/dbot_src/install/motor_driver:/home/dbot2/dbot_src/install/joycontrol:/home/dbot2/dbot_src/install/dbot:/home/dbot2/dbot_remote/install/pcd_joy_trigger:/home/dbot2/circus_demo/install/circus_demo:/opt/ros/humble /usr/bin/cmake --install /home/dbot2/dbot_vda5050_ilmatar/build/vda5050_msgs
