[0.060s] Invoking command in '/home/dbot2/dbot_vda5050_ilmatar/build/vda5050_msgs': CMAKE_PREFIX_PATH=${CMAKE_PREFIX_PATH}:/home/dbot2/dbot_vda5050_ilmatar/install/vda5050_tb3_adapter:/home/dbot2/dbot_vda5050_ilmatar/install/tf2_dbot:/home/dbot2/dbot_vda5050_ilmatar/install/odom_motion_model:/home/dbot2/dbot_vda5050_ilmatar/install/motor_driver:/home/dbot2/dbot_vda5050_ilmatar/install/joycontrol:/home/dbot2/dbot_vda5050_ilmatar/install/gesturecontrol:/home/dbot2/dbot_vda5050_ilmatar/install/dbot_bridge:/home/dbot2/dbot_vda5050_ilmatar/install/dbot:/home/dbot2/dbot_src/install/tf2_dbot:/home/dbot2/dbot_src/install/odom_motion_model:/home/dbot2/dbot_src/install/motor_driver:/home/dbot2/dbot_src/install/joycontrol:/home/dbot2/dbot_src/install/dbot:/home/dbot2/dbot_remote/install/pcd_joy_trigger:/home/dbot2/circus_demo/install/circus_demo:/home/dbot2/ros2_ws/install/tf2_dbot:/home/dbot2/ros2_ws/install/odom_motion_model:/home/dbot2/ros2_ws/install/motor_driver:/home/dbot2/ros2_ws/install/joycontrol:/home/dbot2/ros2_ws/install/gesturecontrol:/home/dbot2/ros2_ws/install/dbot_bridge:/home/dbot2/ros2_ws/install/dbot:/home/dbot2/ros2_ws/install/ament_xmllint:/home/dbot2/ros2_ws/install/ament_uncrustify:/home/dbot2/ros2_ws/install/ament_pyflakes:/home/dbot2/ros2_ws/install/ament_pycodestyle:/home/dbot2/ros2_ws/install/ament_pep257:/home/dbot2/ros2_ws/install/ament_pclint:/home/dbot2/ros2_ws/install/ament_mypy:/home/dbot2/ros2_ws/install/ament_lint_cmake:/home/dbot2/ros2_ws/install/ament_flake8:/home/dbot2/ros2_ws/install/ament_copyright:/home/dbot2/ros2_ws/install/ament_lint:/home/dbot2/ros2_ws/install/ament_cpplint:/home/dbot2/ros2_ws/install/ament_cppcheck:/home/dbot2/ros2_ws/install/ament_clang_tidy:/home/dbot2/ros2_ws/install/ament_clang_format:/opt/ros/humble /usr/bin/cmake --build /home/dbot2/dbot_vda5050_ilmatar/build/vda5050_msgs -- -j8 -l8
[1.281s] [  0%] Built target vda5050_msgs__cpp
[1.281s] [  0%] Built target ament_cmake_python_symlink_vda5050_msgs
[1.281s] [ 12%] Built target vda5050_msgs__rosidl_generator_c
[1.281s] [ 25%] Built target vda5050_msgs__rosidl_typesupport_c
[1.281s] [ 37%] Built target vda5050_msgs__rosidl_typesupport_fastrtps_cpp
[1.281s] [ 62%] Built target vda5050_msgs__rosidl_typesupport_cpp
[1.281s] [ 62%] Built target vda5050_msgs__rosidl_typesupport_introspection_cpp
[1.281s] [ 75%] Built target vda5050_msgs__rosidl_typesupport_introspection_c
[1.281s] [ 88%] Built target vda5050_msgs__rosidl_typesupport_fastrtps_c
[1.281s] [ 88%] Built target vda5050_msgs
[1.281s] [ 88%] Built target vda5050_msgs__py
[1.281s] [100%] Built target vda5050_msgs__rosidl_generator_py
[1.281s] [100%] Built target vda5050_msgs__rosidl_typesupport_introspection_c__pyext
[1.281s] [100%] Built target vda5050_msgs__rosidl_typesupport_fastrtps_c__pyext
[1.281s] [100%] Built target vda5050_msgs__rosidl_typesupport_c__pyext
[1.281s] running egg_info
[1.281s] writing vda5050_msgs.egg-info/PKG-INFO
[1.281s] writing dependency_links to vda5050_msgs.egg-info/dependency_links.txt
[1.282s] writing top-level names to vda5050_msgs.egg-info/top_level.txt
[1.282s] reading manifest file 'vda5050_msgs.egg-info/SOURCES.txt'
[1.282s] writing manifest file 'vda5050_msgs.egg-info/SOURCES.txt'
[1.282s] [100%] Built target ament_cmake_python_build_vda5050_msgs_egg
[1.594s] Invoked command in '/home/dbot2/dbot_vda5050_ilmatar/build/vda5050_msgs' returned '0': CMAKE_PREFIX_PATH=${CMAKE_PREFIX_PATH}:/home/dbot2/dbot_vda5050_ilmatar/install/vda5050_tb3_adapter:/home/dbot2/dbot_vda5050_ilmatar/install/tf2_dbot:/home/dbot2/dbot_vda5050_ilmatar/install/odom_motion_model:/home/dbot2/dbot_vda5050_ilmatar/install/motor_driver:/home/dbot2/dbot_vda5050_ilmatar/install/joycontrol:/home/dbot2/dbot_vda5050_ilmatar/install/gesturecontrol:/home/dbot2/dbot_vda5050_ilmatar/install/dbot_bridge:/home/dbot2/dbot_vda5050_ilmatar/install/dbot:/home/dbot2/dbot_src/install/tf2_dbot:/home/dbot2/dbot_src/install/odom_motion_model:/home/dbot2/dbot_src/install/motor_driver:/home/dbot2/dbot_src/install/joycontrol:/home/dbot2/dbot_src/install/dbot:/home/dbot2/dbot_remote/install/pcd_joy_trigger:/home/dbot2/circus_demo/install/circus_demo:/home/dbot2/ros2_ws/install/tf2_dbot:/home/dbot2/ros2_ws/install/odom_motion_model:/home/dbot2/ros2_ws/install/motor_driver:/home/dbot2/ros2_ws/install/joycontrol:/home/dbot2/ros2_ws/install/gesturecontrol:/home/dbot2/ros2_ws/install/dbot_bridge:/home/dbot2/ros2_ws/install/dbot:/home/dbot2/ros2_ws/install/ament_xmllint:/home/dbot2/ros2_ws/install/ament_uncrustify:/home/dbot2/ros2_ws/install/ament_pyflakes:/home/dbot2/ros2_ws/install/ament_pycodestyle:/home/dbot2/ros2_ws/install/ament_pep257:/home/dbot2/ros2_ws/install/ament_pclint:/home/dbot2/ros2_ws/install/ament_mypy:/home/dbot2/ros2_ws/install/ament_lint_cmake:/home/dbot2/ros2_ws/install/ament_flake8:/home/dbot2/ros2_ws/install/ament_copyright:/home/dbot2/ros2_ws/install/ament_lint:/home/dbot2/ros2_ws/install/ament_cpplint:/home/dbot2/ros2_ws/install/ament_cppcheck:/home/dbot2/ros2_ws/install/ament_clang_tidy:/home/dbot2/ros2_ws/install/ament_clang_format:/opt/ros/humble /usr/bin/cmake --build /home/dbot2/dbot_vda5050_ilmatar/build/vda5050_msgs -- -j8 -l8
[1.595s] Invoking command in '/home/dbot2/dbot_vda5050_ilmatar/build/vda5050_msgs': CMAKE_PREFIX_PATH=${CMAKE_PREFIX_PATH}:/home/dbot2/dbot_vda5050_ilmatar/install/vda5050_tb3_adapter:/home/dbot2/dbot_vda5050_ilmatar/install/tf2_dbot:/home/dbot2/dbot_vda5050_ilmatar/install/odom_motion_model:/home/dbot2/dbot_vda5050_ilmatar/install/motor_driver:/home/dbot2/dbot_vda5050_ilmatar/install/joycontrol:/home/dbot2/dbot_vda5050_ilmatar/install/gesturecontrol:/home/dbot2/dbot_vda5050_ilmatar/install/dbot_bridge:/home/dbot2/dbot_vda5050_ilmatar/install/dbot:/home/dbot2/dbot_src/install/tf2_dbot:/home/dbot2/dbot_src/install/odom_motion_model:/home/dbot2/dbot_src/install/motor_driver:/home/dbot2/dbot_src/install/joycontrol:/home/dbot2/dbot_src/install/dbot:/home/dbot2/dbot_remote/install/pcd_joy_trigger:/home/dbot2/circus_demo/install/circus_demo:/home/dbot2/ros2_ws/install/tf2_dbot:/home/dbot2/ros2_ws/install/odom_motion_model:/home/dbot2/ros2_ws/install/motor_driver:/home/dbot2/ros2_ws/install/joycontrol:/home/dbot2/ros2_ws/install/gesturecontrol:/home/dbot2/ros2_ws/install/dbot_bridge:/home/dbot2/ros2_ws/install/dbot:/home/dbot2/ros2_ws/install/ament_xmllint:/home/dbot2/ros2_ws/install/ament_uncrustify:/home/dbot2/ros2_ws/install/ament_pyflakes:/home/dbot2/ros2_ws/install/ament_pycodestyle:/home/dbot2/ros2_ws/install/ament_pep257:/home/dbot2/ros2_ws/install/ament_pclint:/home/dbot2/ros2_ws/install/ament_mypy:/home/dbot2/ros2_ws/install/ament_lint_cmake:/home/dbot2/ros2_ws/install/ament_flake8:/home/dbot2/ros2_ws/install/ament_copyright:/home/dbot2/ros2_ws/install/ament_lint:/home/dbot2/ros2_ws/install/ament_cpplint:/home/dbot2/ros2_ws/install/ament_cppcheck:/home/dbot2/ros2_ws/install/ament_clang_tidy:/home/dbot2/ros2_ws/install/ament_clang_format:/opt/ros/humble /usr/bin/cmake --install /home/dbot2/dbot_vda5050_ilmatar/build/vda5050_msgs
[1.601s] -- Install configuration: ""
[1.602s] -- Execute custom install script
[1.602s] -- Up-to-date symlink: /home/dbot2/dbot_vda5050_ilmatar/install/vda5050_msgs/share/ament_index/resource_index/rosidl_interfaces/vda5050_msgs
[1.604s] -- Up-to-date symlink: /home/dbot2/dbot_vda5050_ilmatar/install/vda5050_msgs/include/vda5050_msgs/vda5050_msgs/msg/action.h
[1.605s] -- Up-to-date symlink: /home/dbot2/dbot_vda5050_ilmatar/install/vda5050_msgs/include/vda5050_msgs/vda5050_msgs/msg/action_parameter.h
[1.605s] -- Up-to-date symlink: /home/dbot2/dbot_vda5050_ilmatar/install/vda5050_msgs/include/vda5050_msgs/vda5050_msgs/msg/action_parameter_definition.h
[1.605s] -- Up-to-date symlink: /home/dbot2/dbot_vda5050_ilmatar/install/vda5050_msgs/include/vda5050_msgs/vda5050_msgs/msg/agv_action.h
[1.605s] -- Up-to-date symlink: /home/dbot2/dbot_vda5050_ilmatar/install/vda5050_msgs/include/vda5050_msgs/vda5050_msgs/msg/agv_geometry.h
[1.605s] -- Up-to-date symlink: /home/dbot2/dbot_vda5050_ilmatar/install/vda5050_msgs/include/vda5050_msgs/vda5050_msgs/msg/agv_position.h
[1.606s] -- Up-to-date symlink: /home/dbot2/dbot_vda5050_ilmatar/install/vda5050_msgs/include/vda5050_msgs/vda5050_msgs/msg/battery_state.h
[1.606s] -- Up-to-date symlink: /home/dbot2/dbot_vda5050_ilmatar/install/vda5050_msgs/include/vda5050_msgs/vda5050_msgs/msg/bounding_box_reference.h
[1.606s] -- Up-to-date symlink: /home/dbot2/dbot_vda5050_ilmatar/install/vda5050_msgs/include/vda5050_msgs/vda5050_msgs/msg/connection.h
[1.606s] -- Up-to-date symlink: /home/dbot2/dbot_vda5050_ilmatar/install/vda5050_msgs/include/vda5050_msgs/vda5050_msgs/msg/control_point.h
[1.606s] -- Up-to-date symlink: /home/dbot2/dbot_vda5050_ilmatar/install/vda5050_msgs/include/vda5050_msgs/vda5050_msgs/msg/current_action.h
[1.607s] -- Up-to-date symlink: /home/dbot2/dbot_vda5050_ilmatar/install/vda5050_msgs/include/vda5050_msgs/vda5050_msgs/msg/detail/action__functions.h
[1.607s] -- Up-to-date symlink: /home/dbot2/dbot_vda5050_ilmatar/install/vda5050_msgs/include/vda5050_msgs/vda5050_msgs/msg/detail/action__struct.h
[1.607s] -- Up-to-date symlink: /home/dbot2/dbot_vda5050_ilmatar/install/vda5050_msgs/include/vda5050_msgs/vda5050_msgs/msg/detail/action__type_support.h
[1.607s] -- Up-to-date symlink: /home/dbot2/dbot_vda5050_ilmatar/install/vda5050_msgs/include/vda5050_msgs/vda5050_msgs/msg/detail/action_parameter__functions.h
[1.607s] -- Up-to-date symlink: /home/dbot2/dbot_vda5050_ilmatar/install/vda5050_msgs/include/vda5050_msgs/vda5050_msgs/msg/detail/action_parameter__struct.h
[1.608s] -- Up-to-date symlink: /home/dbot2/dbot_vda5050_ilmatar/install/vda5050_msgs/include/vda5050_msgs/vda5050_msgs/msg/detail/action_parameter__type_support.h
[1.608s] -- Up-to-date symlink: /home/dbot2/dbot_vda5050_ilmatar/install/vda5050_msgs/include/vda5050_msgs/vda5050_msgs/msg/detail/action_parameter_definition__functions.h
[1.608s] -- Up-to-date symlink: /home/dbot2/dbot_vda5050_ilmatar/install/vda5050_msgs/include/vda5050_msgs/vda5050_msgs/msg/detail/action_parameter_definition__struct.h
[1.609s] -- Up-to-date symlink: /home/dbot2/dbot_vda5050_ilmatar/install/vda5050_msgs/include/vda5050_msgs/vda5050_msgs/msg/detail/action_parameter_definition__type_support.h
[1.610s] -- Up-to-date symlink: /home/dbot2/dbot_vda5050_ilmatar/install/vda5050_msgs/include/vda5050_msgs/vda5050_msgs/msg/detail/agv_action__functions.h
[1.610s] -- Up-to-date symlink: /home/dbot2/dbot_vda5050_ilmatar/install/vda5050_msgs/include/vda5050_msgs/vda5050_msgs/msg/detail/agv_action__struct.h
[1.610s] -- Up-to-date symlink: /home/dbot2/dbot_vda5050_ilmatar/install/vda5050_msgs/include/vda5050_msgs/vda5050_msgs/msg/detail/agv_action__type_support.h
[1.610s] -- Up-to-date symlink: /home/dbot2/dbot_vda5050_ilmatar/install/vda5050_msgs/include/vda5050_msgs/vda5050_msgs/msg/detail/agv_geometry__functions.h
[1.610s] -- Up-to-date symlink: /home/dbot2/dbot_vda5050_ilmatar/install/vda5050_msgs/include/vda5050_msgs/vda5050_msgs/msg/detail/agv_geometry__struct.h
[1.610s] -- Up-to-date symlink: /home/dbot2/dbot_vda5050_ilmatar/install/vda5050_msgs/include/vda5050_msgs/vda5050_msgs/msg/detail/agv_geometry__type_support.h
[1.610s] -- Up-to-date symlink: /home/dbot2/dbot_vda5050_ilmatar/install/vda5050_msgs/include/vda5050_msgs/vda5050_msgs/msg/detail/agv_position__functions.h
[1.610s] -- Up-to-date symlink: /home/dbot2/dbot_vda5050_ilmatar/install/vda5050_msgs/include/vda5050_msgs/vda5050_msgs/msg/detail/agv_position__struct.h
[1.610s] -- Up-to-date symlink: /home/dbot2/dbot_vda5050_ilmatar/install/vda5050_msgs/include/vda5050_msgs/vda5050_msgs/msg/detail/agv_position__type_support.h
[1.611s] -- Up-to-date symlink: /home/dbot2/dbot_vda5050_ilmatar/install/vda5050_msgs/include/vda5050_msgs/vda5050_msgs/msg/detail/battery_state__functions.h
[1.611s] -- Up-to-date symlink: /home/dbot2/dbot_vda5050_ilmatar/install/vda5050_msgs/include/vda5050_msgs/vda5050_msgs/msg/detail/battery_state__struct.h
[1.611s] -- Up-to-date symlink: /home/dbot2/dbot_vda5050_ilmatar/install/vda5050_msgs/include/vda5050_msgs/vda5050_msgs/msg/detail/battery_state__type_support.h
[1.611s] -- Up-to-date symlink: /home/dbot2/dbot_vda5050_ilmatar/install/vda5050_msgs/include/vda5050_msgs/vda5050_msgs/msg/detail/bounding_box_reference__functions.h
[1.611s] -- Up-to-date symlink: /home/dbot2/dbot_vda5050_ilmatar/install/vda5050_msgs/include/vda5050_msgs/vda5050_msgs/msg/detail/bounding_box_reference__struct.h
[1.612s] -- Up-to-date symlink: /home/dbot2/dbot_vda5050_ilmatar/install/vda5050_msgs/include/vda5050_msgs/vda5050_msgs/msg/detail/bounding_box_reference__type_support.h
[1.612s] -- Up-to-date symlink: /home/dbot2/dbot_vda5050_ilmatar/install/vda5050_msgs/include/vda5050_msgs/vda5050_msgs/msg/detail/connection__functions.h
[1.612s] -- Up-to-date symlink: /home/dbot2/dbot_vda5050_ilmatar/install/vda5050_msgs/include/vda5050_msgs/vda5050_msgs/msg/detail/connection__struct.h
[1.612s] -- Up-to-date symlink: /home/dbot2/dbot_vda5050_ilmatar/install/vda5050_msgs/include/vda5050_msgs/vda5050_msgs/msg/detail/connection__type_support.h
[1.612s] -- Up-to-date symlink: /home/dbot2/dbot_vda5050_ilmatar/install/vda5050_msgs/include/vda5050_msgs/vda5050_msgs/msg/detail/control_point__functions.h
[1.612s] -- Up-to-date symlink: /home/dbot2/dbot_vda5050_ilmatar/install/vda5050_msgs/include/vda5050_msgs/vda5050_msgs/msg/detail/control_point__struct.h
[1.618s] -- Up-to-date symlink: /home/dbot2/dbot_vda5050_ilmatar/install/vda5050_msgs/include/vda5050_msgs/vda5050_msgs/msg/detail/control_point__type_support.h
[1.618s] -- Up-to-date symlink: /home/dbot2/dbot_vda5050_ilmatar/install/vda5050_msgs/include/vda5050_msgs/vda5050_msgs/msg/detail/current_action__functions.h
[1.619s] -- Up-to-date symlink: /home/dbot2/dbot_vda5050_ilmatar/install/vda5050_msgs/include/vda5050_msgs/vda5050_msgs/msg/detail/current_action__struct.h
[1.619s] -- Up-to-date symlink: /home/dbot2/dbot_vda5050_ilmatar/install/vda5050_msgs/include/vda5050_msgs/vda5050_msgs/msg/detail/current_action__type_support.h
[1.619s] -- Up-to-date symlink: /home/dbot2/dbot_vda5050_ilmatar/install/vda5050_msgs/include/vda5050_msgs/vda5050_msgs/msg/detail/edge__functions.h
[1.619s] -- Up-to-date symlink: /home/dbot2/dbot_vda5050_ilmatar/install/vda5050_msgs/include/vda5050_msgs/vda5050_msgs/msg/detail/edge__struct.h
[1.619s] -- Up-to-date symlink: /home/dbot2/dbot_vda5050_ilmatar/install/vda5050_msgs/include/vda5050_msgs/vda5050_msgs/msg/detail/edge__type_support.h
[1.621s] -- Up-to-date symlink: /home/dbot2/dbot_vda5050_ilmatar/install/vda5050_msgs/include/vda5050_msgs/vda5050_msgs/msg/detail/edge_state__functions.h
[1.621s] -- Up-to-date symlink: /home/dbot2/dbot_vda5050_ilmatar/install/vda5050_msgs/include/vda5050_msgs/vda5050_msgs/msg/detail/edge_state__struct.h
[1.622s] -- Up-to-date symlink: /home/dbot2/dbot_vda5050_ilmatar/install/vda5050_msgs/include/vda5050_msgs/vda5050_msgs/msg/detail/edge_state__type_support.h
[1.622s] -- Up-to-date symlink: /home/dbot2/dbot_vda5050_ilmatar/install/vda5050_msgs/include/vda5050_msgs/vda5050_msgs/msg/detail/envelope2_d__functions.h
[1.622s] -- Up-to-date symlink: /home/dbot2/dbot_vda5050_ilmatar/install/vda5050_msgs/include/vda5050_msgs/vda5050_msgs/msg/detail/envelope2_d__struct.h
[1.623s] -- Up-to-date symlink: /home/dbot2/dbot_vda5050_ilmatar/install/vda5050_msgs/include/vda5050_msgs/vda5050_msgs/msg/detail/envelope2_d__type_support.h
[1.629s] -- Up-to-date symlink: /home/dbot2/dbot_vda5050_ilmatar/install/vda5050_msgs/include/vda5050_msgs/vda5050_msgs/msg/detail/envelope3_d__functions.h
[1.629s] -- Up-to-date symlink: /home/dbot2/dbot_vda5050_ilmatar/install/vda5050_msgs/include/vda5050_msgs/vda5050_msgs/msg/detail/envelope3_d__struct.h
[1.629s] -- Up-to-date symlink: /home/dbot2/dbot_vda5050_ilmatar/install/vda5050_msgs/include/vda5050_msgs/vda5050_msgs/msg/detail/envelope3_d__type_support.h
[1.629s] -- Up-to-date symlink: /home/dbot2/dbot_vda5050_ilmatar/install/vda5050_msgs/include/vda5050_msgs/vda5050_msgs/msg/detail/error__functions.h
[1.629s] -- Up-to-date symlink: /home/dbot2/dbot_vda5050_ilmatar/install/vda5050_msgs/include/vda5050_msgs/vda5050_msgs/msg/detail/error__struct.h
[1.629s] -- Up-to-date symlink: /home/dbot2/dbot_vda5050_ilmatar/install/vda5050_msgs/include/vda5050_msgs/vda5050_msgs/msg/detail/error__type_support.h
[1.629s] -- Up-to-date symlink: /home/dbot2/dbot_vda5050_ilmatar/install/vda5050_msgs/include/vda5050_msgs/vda5050_msgs/msg/detail/error_reference__functions.h
[1.629s] -- Up-to-date symlink: /home/dbot2/dbot_vda5050_ilmatar/install/vda5050_msgs/include/vda5050_msgs/vda5050_msgs/msg/detail/error_reference__struct.h
[1.630s] -- Up-to-date symlink: /home/dbot2/dbot_vda5050_ilmatar/install/vda5050_msgs/include/vda5050_msgs/vda5050_msgs/msg/detail/error_reference__type_support.h
[1.630s] -- Up-to-date symlink: /home/dbot2/dbot_vda5050_ilmatar/install/vda5050_msgs/include/vda5050_msgs/vda5050_msgs/msg/detail/factsheet__functions.h
[1.630s] -- Up-to-date symlink: /home/dbot2/dbot_vda5050_ilmatar/install/vda5050_msgs/include/vda5050_msgs/vda5050_msgs/msg/detail/factsheet__struct.h
[1.630s] -- Up-to-date symlink: /home/dbot2/dbot_vda5050_ilmatar/install/vda5050_msgs/include/vda5050_msgs/vda5050_msgs/msg/detail/factsheet__type_support.h
[1.630s] -- Up-to-date symlink: /home/dbot2/dbot_vda5050_ilmatar/install/vda5050_msgs/include/vda5050_msgs/vda5050_msgs/msg/detail/header__functions.h
[1.630s] -- Up-to-date symlink: /home/dbot2/dbot_vda5050_ilmatar/install/vda5050_msgs/include/vda5050_msgs/vda5050_msgs/msg/detail/header__struct.h
[1.630s] -- Up-to-date symlink: /home/dbot2/dbot_vda5050_ilmatar/install/vda5050_msgs/include/vda5050_msgs/vda5050_msgs/msg/detail/header__type_support.h
[1.630s] -- Up-to-date symlink: /home/dbot2/dbot_vda5050_ilmatar/install/vda5050_msgs/include/vda5050_msgs/vda5050_msgs/msg/detail/info__functions.h
[1.630s] -- Up-to-date symlink: /home/dbot2/dbot_vda5050_ilmatar/install/vda5050_msgs/include/vda5050_msgs/vda5050_msgs/msg/detail/info__struct.h
[1.630s] -- Up-to-date symlink: /home/dbot2/dbot_vda5050_ilmatar/install/vda5050_msgs/include/vda5050_msgs/vda5050_msgs/msg/detail/info__type_support.h
[1.630s] -- Up-to-date symlink: /home/dbot2/dbot_vda5050_ilmatar/install/vda5050_msgs/include/vda5050_msgs/vda5050_msgs/msg/detail/info_reference__functions.h
[1.631s] -- Up-to-date symlink: /home/dbot2/dbot_vda5050_ilmatar/install/vda5050_msgs/include/vda5050_msgs/vda5050_msgs/msg/detail/info_reference__struct.h
[1.631s] -- Up-to-date symlink: /home/dbot2/dbot_vda5050_ilmatar/install/vda5050_msgs/include/vda5050_msgs/vda5050_msgs/msg/detail/info_reference__type_support.h
[1.631s] -- Up-to-date symlink: /home/dbot2/dbot_vda5050_ilmatar/install/vda5050_msgs/include/vda5050_msgs/vda5050_msgs/msg/detail/instant_actions__functions.h
[1.631s] -- Up-to-date symlink: /home/dbot2/dbot_vda5050_ilmatar/install/vda5050_msgs/include/vda5050_msgs/vda5050_msgs/msg/detail/instant_actions__struct.h
[1.631s] -- Up-to-date symlink: /home/dbot2/dbot_vda5050_ilmatar/install/vda5050_msgs/include/vda5050_msgs/vda5050_msgs/msg/detail/instant_actions__type_support.h
[1.631s] -- Up-to-date symlink: /home/dbot2/dbot_vda5050_ilmatar/install/vda5050_msgs/include/vda5050_msgs/vda5050_msgs/msg/detail/load__functions.h
[1.631s] -- Up-to-date symlink: /home/dbot2/dbot_vda5050_ilmatar/install/vda5050_msgs/include/vda5050_msgs/vda5050_msgs/msg/detail/load__struct.h
[1.631s] -- Up-to-date symlink: /home/dbot2/dbot_vda5050_ilmatar/install/vda5050_msgs/include/vda5050_msgs/vda5050_msgs/msg/detail/load__type_support.h
[1.631s] -- Up-to-date symlink: /home/dbot2/dbot_vda5050_ilmatar/install/vda5050_msgs/include/vda5050_msgs/vda5050_msgs/msg/detail/load_dimensions__functions.h
[1.631s] -- Up-to-date symlink: /home/dbot2/dbot_vda5050_ilmatar/install/vda5050_msgs/include/vda5050_msgs/vda5050_msgs/msg/detail/load_dimensions__struct.h
[1.632s] -- Up-to-date symlink: /home/dbot2/dbot_vda5050_ilmatar/install/vda5050_msgs/include/vda5050_msgs/vda5050_msgs/msg/detail/load_dimensions__type_support.h
[1.632s] -- Up-to-date symlink: /home/dbot2/dbot_vda5050_ilmatar/install/vda5050_msgs/include/vda5050_msgs/vda5050_msgs/msg/detail/load_set__functions.h
[1.632s] -- Up-to-date symlink: /home/dbot2/dbot_vda5050_ilmatar/install/vda5050_msgs/include/vda5050_msgs/vda5050_msgs/msg/detail/load_set__struct.h
[1.632s] -- Up-to-date symlink: /home/dbot2/dbot_vda5050_ilmatar/install/vda5050_msgs/include/vda5050_msgs/vda5050_msgs/msg/detail/load_set__type_support.h
[1.632s] -- Up-to-date symlink: /home/dbot2/dbot_vda5050_ilmatar/install/vda5050_msgs/include/vda5050_msgs/vda5050_msgs/msg/detail/load_specification__functions.h
[1.632s] -- Up-to-date symlink: /home/dbot2/dbot_vda5050_ilmatar/install/vda5050_msgs/include/vda5050_msgs/vda5050_msgs/msg/detail/load_specification__struct.h
[1.632s] -- Up-to-date symlink: /home/dbot2/dbot_vda5050_ilmatar/install/vda5050_msgs/include/vda5050_msgs/vda5050_msgs/msg/detail/load_specification__type_support.h
[1.632s] -- Up-to-date symlink: /home/dbot2/dbot_vda5050_ilmatar/install/vda5050_msgs/include/vda5050_msgs/vda5050_msgs/msg/detail/max_array_lens__functions.h
[1.632s] -- Up-to-date symlink: /home/dbot2/dbot_vda5050_ilmatar/install/vda5050_msgs/include/vda5050_msgs/vda5050_msgs/msg/detail/max_array_lens__struct.h
[1.632s] -- Up-to-date symlink: /home/dbot2/dbot_vda5050_ilmatar/install/vda5050_msgs/include/vda5050_msgs/vda5050_msgs/msg/detail/max_array_lens__type_support.h
[1.632s] -- Up-to-date symlink: /home/dbot2/dbot_vda5050_ilmatar/install/vda5050_msgs/include/vda5050_msgs/vda5050_msgs/msg/detail/max_string_lens__functions.h
[1.632s] -- Up-to-date symlink: /home/dbot2/dbot_vda5050_ilmatar/install/vda5050_msgs/include/vda5050_msgs/vda5050_msgs/msg/detail/max_string_lens__struct.h
[1.632s] -- Up-to-date symlink: /home/dbot2/dbot_vda5050_ilmatar/install/vda5050_msgs/include/vda5050_msgs/vda5050_msgs/msg/detail/max_string_lens__type_support.h
[1.632s] -- Up-to-date symlink: /home/dbot2/dbot_vda5050_ilmatar/install/vda5050_msgs/include/vda5050_msgs/vda5050_msgs/msg/detail/node__functions.h
[1.633s] -- Up-to-date symlink: /home/dbot2/dbot_vda5050_ilmatar/install/vda5050_msgs/include/vda5050_msgs/vda5050_msgs/msg/detail/node__struct.h
[1.633s] -- Up-to-date symlink: /home/dbot2/dbot_vda5050_ilmatar/install/vda5050_msgs/include/vda5050_msgs/vda5050_msgs/msg/detail/node__type_support.h
[1.633s] -- Up-to-date symlink: /home/dbot2/dbot_vda5050_ilmatar/install/vda5050_msgs/include/vda5050_msgs/vda5050_msgs/msg/detail/node_position__functions.h
[1.633s] -- Up-to-date symlink: /home/dbot2/dbot_vda5050_ilmatar/install/vda5050_msgs/include/vda5050_msgs/vda5050_msgs/msg/detail/node_position__struct.h
[1.634s] -- Up-to-date symlink: /home/dbot2/dbot_vda5050_ilmatar/install/vda5050_msgs/include/vda5050_msgs/vda5050_msgs/msg/detail/node_position__type_support.h
[1.634s] -- Up-to-date symlink: /home/dbot2/dbot_vda5050_ilmatar/install/vda5050_msgs/include/vda5050_msgs/vda5050_msgs/msg/detail/node_state__functions.h
[1.634s] -- Up-to-date symlink: /home/dbot2/dbot_vda5050_ilmatar/install/vda5050_msgs/include/vda5050_msgs/vda5050_msgs/msg/detail/node_state__struct.h
[1.634s] -- Up-to-date symlink: /home/dbot2/dbot_vda5050_ilmatar/install/vda5050_msgs/include/vda5050_msgs/vda5050_msgs/msg/detail/node_state__type_support.h
[1.634s] -- Up-to-date symlink: /home/dbot2/dbot_vda5050_ilmatar/install/vda5050_msgs/include/vda5050_msgs/vda5050_msgs/msg/detail/optional_parameter__functions.h
[1.634s] -- Up-to-date symlink: /home/dbot2/dbot_vda5050_ilmatar/install/vda5050_msgs/include/vda5050_msgs/vda5050_msgs/msg/detail/optional_parameter__struct.h
[1.635s] -- Up-to-date symlink: /home/dbot2/dbot_vda5050_ilmatar/install/vda5050_msgs/include/vda5050_msgs/vda5050_msgs/msg/detail/optional_parameter__type_support.h
[1.635s] -- Up-to-date symlink: /home/dbot2/dbot_vda5050_ilmatar/install/vda5050_msgs/include/vda5050_msgs/vda5050_msgs/msg/detail/order__functions.h
[1.635s] -- Up-to-date symlink: /home/dbot2/dbot_vda5050_ilmatar/install/vda5050_msgs/include/vda5050_msgs/vda5050_msgs/msg/detail/order__struct.h
[1.635s] -- Up-to-date symlink: /home/dbot2/dbot_vda5050_ilmatar/install/vda5050_msgs/include/vda5050_msgs/vda5050_msgs/msg/detail/order__type_support.h
[1.635s] -- Up-to-date symlink: /home/dbot2/dbot_vda5050_ilmatar/install/vda5050_msgs/include/vda5050_msgs/vda5050_msgs/msg/detail/order_state__functions.h
[1.636s] -- Up-to-date symlink: /home/dbot2/dbot_vda5050_ilmatar/install/vda5050_msgs/include/vda5050_msgs/vda5050_msgs/msg/detail/order_state__struct.h
[1.636s] -- Up-to-date symlink: /home/dbot2/dbot_vda5050_ilmatar/install/vda5050_msgs/include/vda5050_msgs/vda5050_msgs/msg/detail/order_state__type_support.h
[1.636s] -- Up-to-date symlink: /home/dbot2/dbot_vda5050_ilmatar/install/vda5050_msgs/include/vda5050_msgs/vda5050_msgs/msg/detail/physical_parameters__functions.h
[1.636s] -- Up-to-date symlink: /home/dbot2/dbot_vda5050_ilmatar/install/vda5050_msgs/include/vda5050_msgs/vda5050_msgs/msg/detail/physical_parameters__struct.h
[1.636s] -- Up-to-date symlink: /home/dbot2/dbot_vda5050_ilmatar/install/vda5050_msgs/include/vda5050_msgs/vda5050_msgs/msg/detail/physical_parameters__type_support.h
[1.636s] -- Up-to-date symlink: /home/dbot2/dbot_vda5050_ilmatar/install/vda5050_msgs/include/vda5050_msgs/vda5050_msgs/msg/detail/polygon_point__functions.h
[1.643s] -- Up-to-date symlink: /home/dbot2/dbot_vda5050_ilmatar/install/vda5050_msgs/include/vda5050_msgs/vda5050_msgs/msg/detail/polygon_point__struct.h
[1.644s] -- Up-to-date symlink: /home/dbot2/dbot_vda5050_ilmatar/install/vda5050_msgs/include/vda5050_msgs/vda5050_msgs/msg/detail/polygon_point__type_support.h
[1.644s] -- Up-to-date symlink: /home/dbot2/dbot_vda5050_ilmatar/install/vda5050_msgs/include/vda5050_msgs/vda5050_msgs/msg/detail/position__functions.h
[1.644s] -- Up-to-date symlink: /home/dbot2/dbot_vda5050_ilmatar/install/vda5050_msgs/include/vda5050_msgs/vda5050_msgs/msg/detail/position__struct.h
[1.644s] -- Up-to-date symlink: /home/dbot2/dbot_vda5050_ilmatar/install/vda5050_msgs/include/vda5050_msgs/vda5050_msgs/msg/detail/position__type_support.h
[1.644s] -- Up-to-date symlink: /home/dbot2/dbot_vda5050_ilmatar/install/vda5050_msgs/include/vda5050_msgs/vda5050_msgs/msg/detail/protocol_features__functions.h
[1.644s] -- Up-to-date symlink: /home/dbot2/dbot_vda5050_ilmatar/install/vda5050_msgs/include/vda5050_msgs/vda5050_msgs/msg/detail/protocol_features__struct.h
[1.644s] -- Up-to-date symlink: /home/dbot2/dbot_vda5050_ilmatar/install/vda5050_msgs/include/vda5050_msgs/vda5050_msgs/msg/detail/protocol_features__type_support.h
[1.644s] -- Up-to-date symlink: /home/dbot2/dbot_vda5050_ilmatar/install/vda5050_msgs/include/vda5050_msgs/vda5050_msgs/msg/detail/protocol_limits__functions.h
[1.644s] -- Up-to-date symlink: /home/dbot2/dbot_vda5050_ilmatar/install/vda5050_msgs/include/vda5050_msgs/vda5050_msgs/msg/detail/protocol_limits__struct.h
[1.645s] -- Up-to-date symlink: /home/dbot2/dbot_vda5050_ilmatar/install/vda5050_msgs/include/vda5050_msgs/vda5050_msgs/msg/detail/protocol_limits__type_support.h
[1.645s] -- Up-to-date symlink: /home/dbot2/dbot_vda5050_ilmatar/install/vda5050_msgs/include/vda5050_msgs/vda5050_msgs/msg/detail/safety_state__functions.h
[1.645s] -- Up-to-date symlink: /home/dbot2/dbot_vda5050_ilmatar/install/vda5050_msgs/include/vda5050_msgs/vda5050_msgs/msg/detail/safety_state__struct.h
[1.645s] -- Up-to-date symlink: /home/dbot2/dbot_vda5050_ilmatar/install/vda5050_msgs/include/vda5050_msgs/vda5050_msgs/msg/detail/safety_state__type_support.h
[1.645s] -- Up-to-date symlink: /home/dbot2/dbot_vda5050_ilmatar/install/vda5050_msgs/include/vda5050_msgs/vda5050_msgs/msg/detail/timing__functions.h
[1.645s] -- Up-to-date symlink: /home/dbot2/dbot_vda5050_ilmatar/install/vda5050_msgs/include/vda5050_msgs/vda5050_msgs/msg/detail/timing__struct.h
[1.645s] -- Up-to-date symlink: /home/dbot2/dbot_vda5050_ilmatar/install/vda5050_msgs/include/vda5050_msgs/vda5050_msgs/msg/detail/timing__type_support.h
[1.645s] -- Up-to-date symlink: /home/dbot2/dbot_vda5050_ilmatar/install/vda5050_msgs/include/vda5050_msgs/vda5050_msgs/msg/detail/trajectory__functions.h
[1.648s] -- Up-to-date symlink: /home/dbot2/dbot_vda5050_ilmatar/install/vda5050_msgs/include/vda5050_msgs/vda5050_msgs/msg/detail/trajectory__struct.h
[1.648s] -- Up-to-date symlink: /home/dbot2/dbot_vda5050_ilmatar/install/vda5050_msgs/include/vda5050_msgs/vda5050_msgs/msg/detail/trajectory__type_support.h
[1.648s] -- Up-to-date symlink: /home/dbot2/dbot_vda5050_ilmatar/install/vda5050_msgs/include/vda5050_msgs/vda5050_msgs/msg/detail/type_specification__functions.h
[1.648s] -- Up-to-date symlink: /home/dbot2/dbot_vda5050_ilmatar/install/vda5050_msgs/include/vda5050_msgs/vda5050_msgs/msg/detail/type_specification__struct.h
[1.648s] -- Up-to-date symlink: /home/dbot2/dbot_vda5050_ilmatar/install/vda5050_msgs/include/vda5050_msgs/vda5050_msgs/msg/detail/type_specification__type_support.h
[1.648s] -- Up-to-date symlink: /home/dbot2/dbot_vda5050_ilmatar/install/vda5050_msgs/include/vda5050_msgs/vda5050_msgs/msg/detail/velocity__functions.h
[1.649s] -- Up-to-date symlink: /home/dbot2/dbot_vda5050_ilmatar/install/vda5050_msgs/include/vda5050_msgs/vda5050_msgs/msg/detail/velocity__struct.h
[1.649s] -- Up-to-date symlink: /home/dbot2/dbot_vda5050_ilmatar/install/vda5050_msgs/include/vda5050_msgs/vda5050_msgs/msg/detail/velocity__type_support.h
[1.649s] -- Up-to-date symlink: /home/dbot2/dbot_vda5050_ilmatar/install/vda5050_msgs/include/vda5050_msgs/vda5050_msgs/msg/detail/visualization__functions.h
[1.649s] -- Up-to-date symlink: /home/dbot2/dbot_vda5050_ilmatar/install/vda5050_msgs/include/vda5050_msgs/vda5050_msgs/msg/detail/visualization__struct.h
[1.649s] -- Up-to-date symlink: /home/dbot2/dbot_vda5050_ilmatar/install/vda5050_msgs/include/vda5050_msgs/vda5050_msgs/msg/detail/visualization__type_support.h
[1.649s] -- Up-to-date symlink: /home/dbot2/dbot_vda5050_ilmatar/install/vda5050_msgs/include/vda5050_msgs/vda5050_msgs/msg/detail/wheel_definition__functions.h
[1.649s] -- Up-to-date symlink: /home/dbot2/dbot_vda5050_ilmatar/install/vda5050_msgs/include/vda5050_msgs/vda5050_msgs/msg/detail/wheel_definition__struct.h
[1.649s] -- Up-to-date symlink: /home/dbot2/dbot_vda5050_ilmatar/install/vda5050_msgs/include/vda5050_msgs/vda5050_msgs/msg/detail/wheel_definition__type_support.h
[1.650s] -- Up-to-date symlink: /home/dbot2/dbot_vda5050_ilmatar/install/vda5050_msgs/include/vda5050_msgs/vda5050_msgs/msg/edge.h
[1.650s] -- Up-to-date symlink: /home/dbot2/dbot_vda5050_ilmatar/install/vda5050_msgs/include/vda5050_msgs/vda5050_msgs/msg/edge_state.h
[1.650s] -- Up-to-date symlink: /home/dbot2/dbot_vda5050_ilmatar/install/vda5050_msgs/include/vda5050_msgs/vda5050_msgs/msg/envelope2_d.h
[1.650s] -- Up-to-date symlink: /home/dbot2/dbot_vda5050_ilmatar/install/vda5050_msgs/include/vda5050_msgs/vda5050_msgs/msg/envelope3_d.h
[1.650s] -- Up-to-date symlink: /home/dbot2/dbot_vda5050_ilmatar/install/vda5050_msgs/include/vda5050_msgs/vda5050_msgs/msg/error.h
[1.650s] -- Up-to-date symlink: /home/dbot2/dbot_vda5050_ilmatar/install/vda5050_msgs/include/vda5050_msgs/vda5050_msgs/msg/error_reference.h
[1.650s] -- Up-to-date symlink: /home/dbot2/dbot_vda5050_ilmatar/install/vda5050_msgs/include/vda5050_msgs/vda5050_msgs/msg/factsheet.h
[1.650s] -- Up-to-date symlink: /home/dbot2/dbot_vda5050_ilmatar/install/vda5050_msgs/include/vda5050_msgs/vda5050_msgs/msg/header.h
[1.650s] -- Up-to-date symlink: /home/dbot2/dbot_vda5050_ilmatar/install/vda5050_msgs/include/vda5050_msgs/vda5050_msgs/msg/info.h
[1.650s] -- Up-to-date symlink: /home/dbot2/dbot_vda5050_ilmatar/install/vda5050_msgs/include/vda5050_msgs/vda5050_msgs/msg/info_reference.h
[1.650s] -- Up-to-date symlink: /home/dbot2/dbot_vda5050_ilmatar/install/vda5050_msgs/include/vda5050_msgs/vda5050_msgs/msg/instant_actions.h
[1.650s] -- Up-to-date symlink: /home/dbot2/dbot_vda5050_ilmatar/install/vda5050_msgs/include/vda5050_msgs/vda5050_msgs/msg/load.h
[1.650s] -- Up-to-date symlink: /home/dbot2/dbot_vda5050_ilmatar/install/vda5050_msgs/include/vda5050_msgs/vda5050_msgs/msg/load_dimensions.h
[1.650s] -- Up-to-date symlink: /home/dbot2/dbot_vda5050_ilmatar/install/vda5050_msgs/include/vda5050_msgs/vda5050_msgs/msg/load_set.h
[1.650s] -- Up-to-date symlink: /home/dbot2/dbot_vda5050_ilmatar/install/vda5050_msgs/include/vda5050_msgs/vda5050_msgs/msg/load_specification.h
[1.650s] -- Up-to-date symlink: /home/dbot2/dbot_vda5050_ilmatar/install/vda5050_msgs/include/vda5050_msgs/vda5050_msgs/msg/max_array_lens.h
[1.650s] -- Up-to-date symlink: /home/dbot2/dbot_vda5050_ilmatar/install/vda5050_msgs/include/vda5050_msgs/vda5050_msgs/msg/max_string_lens.h
[1.651s] -- Up-to-date symlink: /home/dbot2/dbot_vda5050_ilmatar/install/vda5050_msgs/include/vda5050_msgs/vda5050_msgs/msg/node.h
[1.651s] -- Up-to-date symlink: /home/dbot2/dbot_vda5050_ilmatar/install/vda5050_msgs/include/vda5050_msgs/vda5050_msgs/msg/node_position.h
[1.651s] -- Up-to-date symlink: /home/dbot2/dbot_vda5050_ilmatar/install/vda5050_msgs/include/vda5050_msgs/vda5050_msgs/msg/node_state.h
[1.651s] -- Up-to-date symlink: /home/dbot2/dbot_vda5050_ilmatar/install/vda5050_msgs/include/vda5050_msgs/vda5050_msgs/msg/optional_parameter.h
[1.651s] -- Up-to-date symlink: /home/dbot2/dbot_vda5050_ilmatar/install/vda5050_msgs/include/vda5050_msgs/vda5050_msgs/msg/order.h
[1.651s] -- Up-to-date symlink: /home/dbot2/dbot_vda5050_ilmatar/install/vda5050_msgs/include/vda5050_msgs/vda5050_msgs/msg/order_state.h
[1.651s] -- Up-to-date symlink: /home/dbot2/dbot_vda5050_ilmatar/install/vda5050_msgs/include/vda5050_msgs/vda5050_msgs/msg/physical_parameters.h
[1.651s] -- Up-to-date symlink: /home/dbot2/dbot_vda5050_ilmatar/install/vda5050_msgs/include/vda5050_msgs/vda5050_msgs/msg/polygon_point.h
[1.651s] -- Up-to-date symlink: /home/dbot2/dbot_vda5050_ilmatar/install/vda5050_msgs/include/vda5050_msgs/vda5050_msgs/msg/position.h
[1.651s] -- Up-to-date symlink: /home/dbot2/dbot_vda5050_ilmatar/install/vda5050_msgs/include/vda5050_msgs/vda5050_msgs/msg/protocol_features.h
[1.651s] -- Up-to-date symlink: /home/dbot2/dbot_vda5050_ilmatar/install/vda5050_msgs/include/vda5050_msgs/vda5050_msgs/msg/protocol_limits.h
[1.651s] -- Up-to-date symlink: /home/dbot2/dbot_vda5050_ilmatar/install/vda5050_msgs/include/vda5050_msgs/vda5050_msgs/msg/rosidl_generator_c__visibility_control.h
[1.652s] -- Up-to-date symlink: /home/dbot2/dbot_vda5050_ilmatar/install/vda5050_msgs/include/vda5050_msgs/vda5050_msgs/msg/safety_state.h
[1.652s] -- Up-to-date symlink: /home/dbot2/dbot_vda5050_ilmatar/install/vda5050_msgs/include/vda5050_msgs/vda5050_msgs/msg/timing.h
[1.652s] -- Up-to-date symlink: /home/dbot2/dbot_vda5050_ilmatar/install/vda5050_msgs/include/vda5050_msgs/vda5050_msgs/msg/trajectory.h
[1.652s] -- Up-to-date symlink: /home/dbot2/dbot_vda5050_ilmatar/install/vda5050_msgs/include/vda5050_msgs/vda5050_msgs/msg/type_specification.h
[1.652s] -- Up-to-date symlink: /home/dbot2/dbot_vda5050_ilmatar/install/vda5050_msgs/include/vda5050_msgs/vda5050_msgs/msg/velocity.h
[1.652s] -- Up-to-date symlink: /home/dbot2/dbot_vda5050_ilmatar/install/vda5050_msgs/include/vda5050_msgs/vda5050_msgs/msg/visualization.h
[1.652s] -- Up-to-date symlink: /home/dbot2/dbot_vda5050_ilmatar/install/vda5050_msgs/include/vda5050_msgs/vda5050_msgs/msg/wheel_definition.h
[1.652s] -- Up-to-date symlink: /home/dbot2/dbot_vda5050_ilmatar/install/vda5050_msgs/share/vda5050_msgs/environment/library_path.sh
[1.652s] -- Up-to-date symlink: /home/dbot2/dbot_vda5050_ilmatar/install/vda5050_msgs/share/vda5050_msgs/environment/library_path.dsv
[1.654s] -- Up-to-date symlink: /home/dbot2/dbot_vda5050_ilmatar/install/vda5050_msgs/include/vda5050_msgs/vda5050_msgs/msg/detail/action__rosidl_typesupport_fastrtps_c.h
[1.654s] -- Up-to-date symlink: /home/dbot2/dbot_vda5050_ilmatar/install/vda5050_msgs/include/vda5050_msgs/vda5050_msgs/msg/detail/action_parameter__rosidl_typesupport_fastrtps_c.h
[1.654s] -- Up-to-date symlink: /home/dbot2/dbot_vda5050_ilmatar/install/vda5050_msgs/include/vda5050_msgs/vda5050_msgs/msg/detail/action_parameter_definition__rosidl_typesupport_fastrtps_c.h
[1.655s] -- Up-to-date symlink: /home/dbot2/dbot_vda5050_ilmatar/install/vda5050_msgs/include/vda5050_msgs/vda5050_msgs/msg/detail/agv_action__rosidl_typesupport_fastrtps_c.h
[1.655s] -- Up-to-date symlink: /home/dbot2/dbot_vda5050_ilmatar/install/vda5050_msgs/include/vda5050_msgs/vda5050_msgs/msg/detail/agv_geometry__rosidl_typesupport_fastrtps_c.h
[1.655s] -- Up-to-date symlink: /home/dbot2/dbot_vda5050_ilmatar/install/vda5050_msgs/include/vda5050_msgs/vda5050_msgs/msg/detail/agv_position__rosidl_typesupport_fastrtps_c.h
[1.656s] -- Up-to-date symlink: /home/dbot2/dbot_vda5050_ilmatar/install/vda5050_msgs/include/vda5050_msgs/vda5050_msgs/msg/detail/battery_state__rosidl_typesupport_fastrtps_c.h
[1.656s] -- Up-to-date symlink: /home/dbot2/dbot_vda5050_ilmatar/install/vda5050_msgs/include/vda5050_msgs/vda5050_msgs/msg/detail/bounding_box_reference__rosidl_typesupport_fastrtps_c.h
[1.656s] -- Up-to-date symlink: /home/dbot2/dbot_vda5050_ilmatar/install/vda5050_msgs/include/vda5050_msgs/vda5050_msgs/msg/detail/connection__rosidl_typesupport_fastrtps_c.h
[1.657s] -- Up-to-date symlink: /home/dbot2/dbot_vda5050_ilmatar/install/vda5050_msgs/include/vda5050_msgs/vda5050_msgs/msg/detail/control_point__rosidl_typesupport_fastrtps_c.h
[1.657s] -- Up-to-date symlink: /home/dbot2/dbot_vda5050_ilmatar/install/vda5050_msgs/include/vda5050_msgs/vda5050_msgs/msg/detail/current_action__rosidl_typesupport_fastrtps_c.h
[1.657s] -- Up-to-date symlink: /home/dbot2/dbot_vda5050_ilmatar/install/vda5050_msgs/include/vda5050_msgs/vda5050_msgs/msg/detail/edge__rosidl_typesupport_fastrtps_c.h
[1.657s] -- Up-to-date symlink: /home/dbot2/dbot_vda5050_ilmatar/install/vda5050_msgs/include/vda5050_msgs/vda5050_msgs/msg/detail/edge_state__rosidl_typesupport_fastrtps_c.h
[1.658s] -- Up-to-date symlink: /home/dbot2/dbot_vda5050_ilmatar/install/vda5050_msgs/include/vda5050_msgs/vda5050_msgs/msg/detail/envelope2_d__rosidl_typesupport_fastrtps_c.h
[1.658s] -- Up-to-date symlink: /home/dbot2/dbot_vda5050_ilmatar/install/vda5050_msgs/include/vda5050_msgs/vda5050_msgs/msg/detail/envelope3_d__rosidl_typesupport_fastrtps_c.h
[1.658s] -- Up-to-date symlink: /home/dbot2/dbot_vda5050_ilmatar/install/vda5050_msgs/include/vda5050_msgs/vda5050_msgs/msg/detail/error__rosidl_typesupport_fastrtps_c.h
[1.658s] -- Up-to-date symlink: /home/dbot2/dbot_vda5050_ilmatar/install/vda5050_msgs/include/vda5050_msgs/vda5050_msgs/msg/detail/error_reference__rosidl_typesupport_fastrtps_c.h
[1.659s] -- Up-to-date symlink: /home/dbot2/dbot_vda5050_ilmatar/install/vda5050_msgs/include/vda5050_msgs/vda5050_msgs/msg/detail/factsheet__rosidl_typesupport_fastrtps_c.h
[1.659s] -- Up-to-date symlink: /home/dbot2/dbot_vda5050_ilmatar/install/vda5050_msgs/include/vda5050_msgs/vda5050_msgs/msg/detail/header__rosidl_typesupport_fastrtps_c.h
[1.659s] -- Up-to-date symlink: /home/dbot2/dbot_vda5050_ilmatar/install/vda5050_msgs/include/vda5050_msgs/vda5050_msgs/msg/detail/info__rosidl_typesupport_fastrtps_c.h
[1.660s] -- Up-to-date symlink: /home/dbot2/dbot_vda5050_ilmatar/install/vda5050_msgs/include/vda5050_msgs/vda5050_msgs/msg/detail/info_reference__rosidl_typesupport_fastrtps_c.h
[1.660s] -- Up-to-date symlink: /home/dbot2/dbot_vda5050_ilmatar/install/vda5050_msgs/include/vda5050_msgs/vda5050_msgs/msg/detail/instant_actions__rosidl_typesupport_fastrtps_c.h
[1.660s] -- Up-to-date symlink: /home/dbot2/dbot_vda5050_ilmatar/install/vda5050_msgs/include/vda5050_msgs/vda5050_msgs/msg/detail/load__rosidl_typesupport_fastrtps_c.h
[1.660s] -- Up-to-date symlink: /home/dbot2/dbot_vda5050_ilmatar/install/vda5050_msgs/include/vda5050_msgs/vda5050_msgs/msg/detail/load_dimensions__rosidl_typesupport_fastrtps_c.h
[1.661s] -- Up-to-date symlink: /home/dbot2/dbot_vda5050_ilmatar/install/vda5050_msgs/include/vda5050_msgs/vda5050_msgs/msg/detail/load_set__rosidl_typesupport_fastrtps_c.h
[1.661s] -- Up-to-date symlink: /home/dbot2/dbot_vda5050_ilmatar/install/vda5050_msgs/include/vda5050_msgs/vda5050_msgs/msg/detail/load_specification__rosidl_typesupport_fastrtps_c.h
[1.661s] -- Up-to-date symlink: /home/dbot2/dbot_vda5050_ilmatar/install/vda5050_msgs/include/vda5050_msgs/vda5050_msgs/msg/detail/max_array_lens__rosidl_typesupport_fastrtps_c.h
[1.661s] -- Up-to-date symlink: /home/dbot2/dbot_vda5050_ilmatar/install/vda5050_msgs/include/vda5050_msgs/vda5050_msgs/msg/detail/max_string_lens__rosidl_typesupport_fastrtps_c.h
[1.661s] -- Up-to-date symlink: /home/dbot2/dbot_vda5050_ilmatar/install/vda5050_msgs/include/vda5050_msgs/vda5050_msgs/msg/detail/node__rosidl_typesupport_fastrtps_c.h
[1.662s] -- Up-to-date symlink: /home/dbot2/dbot_vda5050_ilmatar/install/vda5050_msgs/include/vda5050_msgs/vda5050_msgs/msg/detail/node_position__rosidl_typesupport_fastrtps_c.h
[1.662s] -- Up-to-date symlink: /home/dbot2/dbot_vda5050_ilmatar/install/vda5050_msgs/include/vda5050_msgs/vda5050_msgs/msg/detail/node_state__rosidl_typesupport_fastrtps_c.h
[1.662s] -- Up-to-date symlink: /home/dbot2/dbot_vda5050_ilmatar/install/vda5050_msgs/include/vda5050_msgs/vda5050_msgs/msg/detail/optional_parameter__rosidl_typesupport_fastrtps_c.h
[1.662s] -- Up-to-date symlink: /home/dbot2/dbot_vda5050_ilmatar/install/vda5050_msgs/include/vda5050_msgs/vda5050_msgs/msg/detail/order__rosidl_typesupport_fastrtps_c.h
[1.663s] -- Up-to-date symlink: /home/dbot2/dbot_vda5050_ilmatar/install/vda5050_msgs/include/vda5050_msgs/vda5050_msgs/msg/detail/order_state__rosidl_typesupport_fastrtps_c.h
[1.663s] -- Up-to-date symlink: /home/dbot2/dbot_vda5050_ilmatar/install/vda5050_msgs/include/vda5050_msgs/vda5050_msgs/msg/detail/physical_parameters__rosidl_typesupport_fastrtps_c.h
[1.663s] -- Up-to-date symlink: /home/dbot2/dbot_vda5050_ilmatar/install/vda5050_msgs/include/vda5050_msgs/vda5050_msgs/msg/detail/polygon_point__rosidl_typesupport_fastrtps_c.h
[1.663s] -- Up-to-date symlink: /home/dbot2/dbot_vda5050_ilmatar/install/vda5050_msgs/include/vda5050_msgs/vda5050_msgs/msg/detail/position__rosidl_typesupport_fastrtps_c.h
[1.664s] -- Up-to-date symlink: /home/dbot2/dbot_vda5050_ilmatar/install/vda5050_msgs/include/vda5050_msgs/vda5050_msgs/msg/detail/protocol_features__rosidl_typesupport_fastrtps_c.h
[1.664s] -- Up-to-date symlink: /home/dbot2/dbot_vda5050_ilmatar/install/vda5050_msgs/include/vda5050_msgs/vda5050_msgs/msg/detail/protocol_limits__rosidl_typesupport_fastrtps_c.h
[1.664s] -- Up-to-date symlink: /home/dbot2/dbot_vda5050_ilmatar/install/vda5050_msgs/include/vda5050_msgs/vda5050_msgs/msg/detail/safety_state__rosidl_typesupport_fastrtps_c.h
[1.664s] -- Up-to-date symlink: /home/dbot2/dbot_vda5050_ilmatar/install/vda5050_msgs/include/vda5050_msgs/vda5050_msgs/msg/detail/timing__rosidl_typesupport_fastrtps_c.h
[1.664s] -- Up-to-date symlink: /home/dbot2/dbot_vda5050_ilmatar/install/vda5050_msgs/include/vda5050_msgs/vda5050_msgs/msg/detail/trajectory__rosidl_typesupport_fastrtps_c.h
[1.665s] -- Up-to-date symlink: /home/dbot2/dbot_vda5050_ilmatar/install/vda5050_msgs/include/vda5050_msgs/vda5050_msgs/msg/detail/type_specification__rosidl_typesupport_fastrtps_c.h
[1.665s] -- Up-to-date symlink: /home/dbot2/dbot_vda5050_ilmatar/install/vda5050_msgs/include/vda5050_msgs/vda5050_msgs/msg/detail/velocity__rosidl_typesupport_fastrtps_c.h
[1.665s] -- Up-to-date symlink: /home/dbot2/dbot_vda5050_ilmatar/install/vda5050_msgs/include/vda5050_msgs/vda5050_msgs/msg/detail/visualization__rosidl_typesupport_fastrtps_c.h
[1.666s] -- Up-to-date symlink: /home/dbot2/dbot_vda5050_ilmatar/install/vda5050_msgs/include/vda5050_msgs/vda5050_msgs/msg/detail/wheel_definition__rosidl_typesupport_fastrtps_c.h
[1.667s] -- Up-to-date symlink: /home/dbot2/dbot_vda5050_ilmatar/install/vda5050_msgs/include/vda5050_msgs/vda5050_msgs/msg/rosidl_typesupport_fastrtps_c__visibility_control.h
[1.673s] -- Up-to-date symlink: /home/dbot2/dbot_vda5050_ilmatar/install/vda5050_msgs/include/vda5050_msgs/vda5050_msgs/msg/action.hpp
[1.674s] -- Up-to-date symlink: /home/dbot2/dbot_vda5050_ilmatar/install/vda5050_msgs/include/vda5050_msgs/vda5050_msgs/msg/action_parameter.hpp
[1.674s] -- Up-to-date symlink: /home/dbot2/dbot_vda5050_ilmatar/install/vda5050_msgs/include/vda5050_msgs/vda5050_msgs/msg/action_parameter_definition.hpp
[1.674s] -- Up-to-date symlink: /home/dbot2/dbot_vda5050_ilmatar/install/vda5050_msgs/include/vda5050_msgs/vda5050_msgs/msg/agv_action.hpp
[1.674s] -- Up-to-date symlink: /home/dbot2/dbot_vda5050_ilmatar/install/vda5050_msgs/include/vda5050_msgs/vda5050_msgs/msg/agv_geometry.hpp
[1.677s] -- Up-to-date symlink: /home/dbot2/dbot_vda5050_ilmatar/install/vda5050_msgs/include/vda5050_msgs/vda5050_msgs/msg/agv_position.hpp
[1.677s] -- Up-to-date symlink: /home/dbot2/dbot_vda5050_ilmatar/install/vda5050_msgs/include/vda5050_msgs/vda5050_msgs/msg/battery_state.hpp
[1.677s] -- Up-to-date symlink: /home/dbot2/dbot_vda5050_ilmatar/install/vda5050_msgs/include/vda5050_msgs/vda5050_msgs/msg/bounding_box_reference.hpp
[1.677s] -- Up-to-date symlink: /home/dbot2/dbot_vda5050_ilmatar/install/vda5050_msgs/include/vda5050_msgs/vda5050_msgs/msg/connection.hpp
[1.677s] -- Up-to-date symlink: /home/dbot2/dbot_vda5050_ilmatar/install/vda5050_msgs/include/vda5050_msgs/vda5050_msgs/msg/control_point.hpp
[1.677s] -- Up-to-date symlink: /home/dbot2/dbot_vda5050_ilmatar/install/vda5050_msgs/include/vda5050_msgs/vda5050_msgs/msg/current_action.hpp
[1.677s] -- Up-to-date symlink: /home/dbot2/dbot_vda5050_ilmatar/install/vda5050_msgs/include/vda5050_msgs/vda5050_msgs/msg/detail/action__builder.hpp
[1.677s] -- Up-to-date symlink: /home/dbot2/dbot_vda5050_ilmatar/install/vda5050_msgs/include/vda5050_msgs/vda5050_msgs/msg/detail/action__struct.hpp
[1.678s] -- Up-to-date symlink: /home/dbot2/dbot_vda5050_ilmatar/install/vda5050_msgs/include/vda5050_msgs/vda5050_msgs/msg/detail/action__traits.hpp
[1.678s] -- Up-to-date symlink: /home/dbot2/dbot_vda5050_ilmatar/install/vda5050_msgs/include/vda5050_msgs/vda5050_msgs/msg/detail/action__type_support.hpp
[1.678s] -- Up-to-date symlink: /home/dbot2/dbot_vda5050_ilmatar/install/vda5050_msgs/include/vda5050_msgs/vda5050_msgs/msg/detail/action_parameter__builder.hpp
[1.679s] -- Up-to-date symlink: /home/dbot2/dbot_vda5050_ilmatar/install/vda5050_msgs/include/vda5050_msgs/vda5050_msgs/msg/detail/action_parameter__struct.hpp
[1.680s] -- Up-to-date symlink: /home/dbot2/dbot_vda5050_ilmatar/install/vda5050_msgs/include/vda5050_msgs/vda5050_msgs/msg/detail/action_parameter__traits.hpp
[1.680s] -- Up-to-date symlink: /home/dbot2/dbot_vda5050_ilmatar/install/vda5050_msgs/include/vda5050_msgs/vda5050_msgs/msg/detail/action_parameter__type_support.hpp
[1.682s] -- Up-to-date symlink: /home/dbot2/dbot_vda5050_ilmatar/install/vda5050_msgs/include/vda5050_msgs/vda5050_msgs/msg/detail/action_parameter_definition__builder.hpp
[1.682s] -- Up-to-date symlink: /home/dbot2/dbot_vda5050_ilmatar/install/vda5050_msgs/include/vda5050_msgs/vda5050_msgs/msg/detail/action_parameter_definition__struct.hpp
[1.682s] -- Up-to-date symlink: /home/dbot2/dbot_vda5050_ilmatar/install/vda5050_msgs/include/vda5050_msgs/vda5050_msgs/msg/detail/action_parameter_definition__traits.hpp
[1.682s] -- Up-to-date symlink: /home/dbot2/dbot_vda5050_ilmatar/install/vda5050_msgs/include/vda5050_msgs/vda5050_msgs/msg/detail/action_parameter_definition__type_support.hpp
[1.682s] -- Up-to-date symlink: /home/dbot2/dbot_vda5050_ilmatar/install/vda5050_msgs/include/vda5050_msgs/vda5050_msgs/msg/detail/agv_action__builder.hpp
[1.682s] -- Up-to-date symlink: /home/dbot2/dbot_vda5050_ilmatar/install/vda5050_msgs/include/vda5050_msgs/vda5050_msgs/msg/detail/agv_action__struct.hpp
[1.682s] -- Up-to-date symlink: /home/dbot2/dbot_vda5050_ilmatar/install/vda5050_msgs/include/vda5050_msgs/vda5050_msgs/msg/detail/agv_action__traits.hpp
[1.684s] -- Up-to-date symlink: /home/dbot2/dbot_vda5050_ilmatar/install/vda5050_msgs/include/vda5050_msgs/vda5050_msgs/msg/detail/agv_action__type_support.hpp
[1.686s] -- Up-to-date symlink: /home/dbot2/dbot_vda5050_ilmatar/install/vda5050_msgs/include/vda5050_msgs/vda5050_msgs/msg/detail/agv_geometry__builder.hpp
[1.686s] -- Up-to-date symlink: /home/dbot2/dbot_vda5050_ilmatar/install/vda5050_msgs/include/vda5050_msgs/vda5050_msgs/msg/detail/agv_geometry__struct.hpp
[1.686s] -- Up-to-date symlink: /home/dbot2/dbot_vda5050_ilmatar/install/vda5050_msgs/include/vda5050_msgs/vda5050_msgs/msg/detail/agv_geometry__traits.hpp
[1.686s] -- Up-to-date symlink: /home/dbot2/dbot_vda5050_ilmatar/install/vda5050_msgs/include/vda5050_msgs/vda5050_msgs/msg/detail/agv_geometry__type_support.hpp
[1.687s] -- Up-to-date symlink: /home/dbot2/dbot_vda5050_ilmatar/install/vda5050_msgs/include/vda5050_msgs/vda5050_msgs/msg/detail/agv_position__builder.hpp
[1.687s] -- Up-to-date symlink: /home/dbot2/dbot_vda5050_ilmatar/install/vda5050_msgs/include/vda5050_msgs/vda5050_msgs/msg/detail/agv_position__struct.hpp
[1.687s] -- Up-to-date symlink: /home/dbot2/dbot_vda5050_ilmatar/install/vda5050_msgs/include/vda5050_msgs/vda5050_msgs/msg/detail/agv_position__traits.hpp
[1.687s] -- Up-to-date symlink: /home/dbot2/dbot_vda5050_ilmatar/install/vda5050_msgs/include/vda5050_msgs/vda5050_msgs/msg/detail/agv_position__type_support.hpp
[1.687s] -- Up-to-date symlink: /home/dbot2/dbot_vda5050_ilmatar/install/vda5050_msgs/include/vda5050_msgs/vda5050_msgs/msg/detail/battery_state__builder.hpp
[1.687s] -- Up-to-date symlink: /home/dbot2/dbot_vda5050_ilmatar/install/vda5050_msgs/include/vda5050_msgs/vda5050_msgs/msg/detail/battery_state__struct.hpp
[1.688s] -- Up-to-date symlink: /home/dbot2/dbot_vda5050_ilmatar/install/vda5050_msgs/include/vda5050_msgs/vda5050_msgs/msg/detail/battery_state__traits.hpp
[1.688s] -- Up-to-date symlink: /home/dbot2/dbot_vda5050_ilmatar/install/vda5050_msgs/include/vda5050_msgs/vda5050_msgs/msg/detail/battery_state__type_support.hpp
[1.688s] -- Up-to-date symlink: /home/dbot2/dbot_vda5050_ilmatar/install/vda5050_msgs/include/vda5050_msgs/vda5050_msgs/msg/detail/bounding_box_reference__builder.hpp
[1.688s] -- Up-to-date symlink: /home/dbot2/dbot_vda5050_ilmatar/install/vda5050_msgs/include/vda5050_msgs/vda5050_msgs/msg/detail/bounding_box_reference__struct.hpp
[1.688s] -- Up-to-date symlink: /home/dbot2/dbot_vda5050_ilmatar/install/vda5050_msgs/include/vda5050_msgs/vda5050_msgs/msg/detail/bounding_box_reference__traits.hpp
[1.688s] -- Up-to-date symlink: /home/dbot2/dbot_vda5050_ilmatar/install/vda5050_msgs/include/vda5050_msgs/vda5050_msgs/msg/detail/bounding_box_reference__type_support.hpp
[1.690s] -- Up-to-date symlink: /home/dbot2/dbot_vda5050_ilmatar/install/vda5050_msgs/include/vda5050_msgs/vda5050_msgs/msg/detail/connection__builder.hpp
[1.690s] -- Up-to-date symlink: /home/dbot2/dbot_vda5050_ilmatar/install/vda5050_msgs/include/vda5050_msgs/vda5050_msgs/msg/detail/connection__struct.hpp
[1.690s] -- Up-to-date symlink: /home/dbot2/dbot_vda5050_ilmatar/install/vda5050_msgs/include/vda5050_msgs/vda5050_msgs/msg/detail/connection__traits.hpp
[1.690s] -- Up-to-date symlink: /home/dbot2/dbot_vda5050_ilmatar/install/vda5050_msgs/include/vda5050_msgs/vda5050_msgs/msg/detail/connection__type_support.hpp
[1.690s] -- Up-to-date symlink: /home/dbot2/dbot_vda5050_ilmatar/install/vda5050_msgs/include/vda5050_msgs/vda5050_msgs/msg/detail/control_point__builder.hpp
[1.690s] -- Up-to-date symlink: /home/dbot2/dbot_vda5050_ilmatar/install/vda5050_msgs/include/vda5050_msgs/vda5050_msgs/msg/detail/control_point__struct.hpp
[1.690s] -- Up-to-date symlink: /home/dbot2/dbot_vda5050_ilmatar/install/vda5050_msgs/include/vda5050_msgs/vda5050_msgs/msg/detail/control_point__traits.hpp
[1.690s] -- Up-to-date symlink: /home/dbot2/dbot_vda5050_ilmatar/install/vda5050_msgs/include/vda5050_msgs/vda5050_msgs/msg/detail/control_point__type_support.hpp
[1.690s] -- Up-to-date symlink: /home/dbot2/dbot_vda5050_ilmatar/install/vda5050_msgs/include/vda5050_msgs/vda5050_msgs/msg/detail/current_action__builder.hpp
[1.690s] -- Up-to-date symlink: /home/dbot2/dbot_vda5050_ilmatar/install/vda5050_msgs/include/vda5050_msgs/vda5050_msgs/msg/detail/current_action__struct.hpp
[1.690s] -- Up-to-date symlink: /home/dbot2/dbot_vda5050_ilmatar/install/vda5050_msgs/include/vda5050_msgs/vda5050_msgs/msg/detail/current_action__traits.hpp
[1.690s] -- Up-to-date symlink: /home/dbot2/dbot_vda5050_ilmatar/install/vda5050_msgs/include/vda5050_msgs/vda5050_msgs/msg/detail/current_action__type_support.hpp
[1.691s] -- Up-to-date symlink: /home/dbot2/dbot_vda5050_ilmatar/install/vda5050_msgs/include/vda5050_msgs/vda5050_msgs/msg/detail/edge__builder.hpp
[1.691s] -- Up-to-date symlink: /home/dbot2/dbot_vda5050_ilmatar/install/vda5050_msgs/include/vda5050_msgs/vda5050_msgs/msg/detail/edge__struct.hpp
[1.691s] -- Up-to-date symlink: /home/dbot2/dbot_vda5050_ilmatar/install/vda5050_msgs/include/vda5050_msgs/vda5050_msgs/msg/detail/edge__traits.hpp
[1.691s] -- Up-to-date symlink: /home/dbot2/dbot_vda5050_ilmatar/install/vda5050_msgs/include/vda5050_msgs/vda5050_msgs/msg/detail/edge__type_support.hpp
[1.691s] -- Up-to-date symlink: /home/dbot2/dbot_vda5050_ilmatar/install/vda5050_msgs/include/vda5050_msgs/vda5050_msgs/msg/detail/edge_state__builder.hpp
[1.691s] -- Up-to-date symlink: /home/dbot2/dbot_vda5050_ilmatar/install/vda5050_msgs/include/vda5050_msgs/vda5050_msgs/msg/detail/edge_state__struct.hpp
[1.691s] -- Up-to-date symlink: /home/dbot2/dbot_vda5050_ilmatar/install/vda5050_msgs/include/vda5050_msgs/vda5050_msgs/msg/detail/edge_state__traits.hpp
[1.691s] -- Up-to-date symlink: /home/dbot2/dbot_vda5050_ilmatar/install/vda5050_msgs/include/vda5050_msgs/vda5050_msgs/msg/detail/edge_state__type_support.hpp
[1.692s] -- Up-to-date symlink: /home/dbot2/dbot_vda5050_ilmatar/install/vda5050_msgs/include/vda5050_msgs/vda5050_msgs/msg/detail/envelope2_d__builder.hpp
[1.692s] -- Up-to-date symlink: /home/dbot2/dbot_vda5050_ilmatar/install/vda5050_msgs/include/vda5050_msgs/vda5050_msgs/msg/detail/envelope2_d__struct.hpp
[1.692s] -- Up-to-date symlink: /home/dbot2/dbot_vda5050_ilmatar/install/vda5050_msgs/include/vda5050_msgs/vda5050_msgs/msg/detail/envelope2_d__traits.hpp
[1.692s] -- Up-to-date symlink: /home/dbot2/dbot_vda5050_ilmatar/install/vda5050_msgs/include/vda5050_msgs/vda5050_msgs/msg/detail/envelope2_d__type_support.hpp
[1.692s] -- Up-to-date symlink: /home/dbot2/dbot_vda5050_ilmatar/install/vda5050_msgs/include/vda5050_msgs/vda5050_msgs/msg/detail/envelope3_d__builder.hpp
[1.693s] -- Up-to-date symlink: /home/dbot2/dbot_vda5050_ilmatar/install/vda5050_msgs/include/vda5050_msgs/vda5050_msgs/msg/detail/envelope3_d__struct.hpp
[1.693s] -- Up-to-date symlink: /home/dbot2/dbot_vda5050_ilmatar/install/vda5050_msgs/include/vda5050_msgs/vda5050_msgs/msg/detail/envelope3_d__traits.hpp
[1.693s] -- Up-to-date symlink: /home/dbot2/dbot_vda5050_ilmatar/install/vda5050_msgs/include/vda5050_msgs/vda5050_msgs/msg/detail/envelope3_d__type_support.hpp
[1.693s] -- Up-to-date symlink: /home/dbot2/dbot_vda5050_ilmatar/install/vda5050_msgs/include/vda5050_msgs/vda5050_msgs/msg/detail/error__builder.hpp
[1.693s] -- Up-to-date symlink: /home/dbot2/dbot_vda5050_ilmatar/install/vda5050_msgs/include/vda5050_msgs/vda5050_msgs/msg/detail/error__struct.hpp
[1.693s] -- Up-to-date symlink: /home/dbot2/dbot_vda5050_ilmatar/install/vda5050_msgs/include/vda5050_msgs/vda5050_msgs/msg/detail/error__traits.hpp
[1.693s] -- Up-to-date symlink: /home/dbot2/dbot_vda5050_ilmatar/install/vda5050_msgs/include/vda5050_msgs/vda5050_msgs/msg/detail/error__type_support.hpp
[1.694s] -- Up-to-date symlink: /home/dbot2/dbot_vda5050_ilmatar/install/vda5050_msgs/include/vda5050_msgs/vda5050_msgs/msg/detail/error_reference__builder.hpp
[1.694s] -- Up-to-date symlink: /home/dbot2/dbot_vda5050_ilmatar/install/vda5050_msgs/include/vda5050_msgs/vda5050_msgs/msg/detail/error_reference__struct.hpp
[1.695s] -- Up-to-date symlink: /home/dbot2/dbot_vda5050_ilmatar/install/vda5050_msgs/include/vda5050_msgs/vda5050_msgs/msg/detail/error_reference__traits.hpp
[1.695s] -- Up-to-date symlink: /home/dbot2/dbot_vda5050_ilmatar/install/vda5050_msgs/include/vda5050_msgs/vda5050_msgs/msg/detail/error_reference__type_support.hpp
[1.696s] -- Up-to-date symlink: /home/dbot2/dbot_vda5050_ilmatar/install/vda5050_msgs/include/vda5050_msgs/vda5050_msgs/msg/detail/factsheet__builder.hpp
[1.696s] -- Up-to-date symlink: /home/dbot2/dbot_vda5050_ilmatar/install/vda5050_msgs/include/vda5050_msgs/vda5050_msgs/msg/detail/factsheet__struct.hpp
[1.698s] -- Up-to-date symlink: /home/dbot2/dbot_vda5050_ilmatar/install/vda5050_msgs/include/vda5050_msgs/vda5050_msgs/msg/detail/factsheet__traits.hpp
[1.698s] -- Up-to-date symlink: /home/dbot2/dbot_vda5050_ilmatar/install/vda5050_msgs/include/vda5050_msgs/vda5050_msgs/msg/detail/factsheet__type_support.hpp
[1.698s] -- Up-to-date symlink: /home/dbot2/dbot_vda5050_ilmatar/install/vda5050_msgs/include/vda5050_msgs/vda5050_msgs/msg/detail/header__builder.hpp
[1.698s] -- Up-to-date symlink: /home/dbot2/dbot_vda5050_ilmatar/install/vda5050_msgs/include/vda5050_msgs/vda5050_msgs/msg/detail/header__struct.hpp
[1.698s] -- Up-to-date symlink: /home/dbot2/dbot_vda5050_ilmatar/install/vda5050_msgs/include/vda5050_msgs/vda5050_msgs/msg/detail/header__traits.hpp
[1.698s] -- Up-to-date symlink: /home/dbot2/dbot_vda5050_ilmatar/install/vda5050_msgs/include/vda5050_msgs/vda5050_msgs/msg/detail/header__type_support.hpp
[1.698s] -- Up-to-date symlink: /home/dbot2/dbot_vda5050_ilmatar/install/vda5050_msgs/include/vda5050_msgs/vda5050_msgs/msg/detail/info__builder.hpp
[1.698s] -- Up-to-date symlink: /home/dbot2/dbot_vda5050_ilmatar/install/vda5050_msgs/include/vda5050_msgs/vda5050_msgs/msg/detail/info__struct.hpp
[1.698s] -- Up-to-date symlink: /home/dbot2/dbot_vda5050_ilmatar/install/vda5050_msgs/include/vda5050_msgs/vda5050_msgs/msg/detail/info__traits.hpp
[1.698s] -- Up-to-date symlink: /home/dbot2/dbot_vda5050_ilmatar/install/vda5050_msgs/include/vda5050_msgs/vda5050_msgs/msg/detail/info__type_support.hpp
[1.699s] -- Up-to-date symlink: /home/dbot2/dbot_vda5050_ilmatar/install/vda5050_msgs/include/vda5050_msgs/vda5050_msgs/msg/detail/info_reference__builder.hpp
[1.699s] -- Up-to-date symlink: /home/dbot2/dbot_vda5050_ilmatar/install/vda5050_msgs/include/vda5050_msgs/vda5050_msgs/msg/detail/info_reference__struct.hpp
[1.699s] -- Up-to-date symlink: /home/dbot2/dbot_vda5050_ilmatar/install/vda5050_msgs/include/vda5050_msgs/vda5050_msgs/msg/detail/info_reference__traits.hpp
[1.699s] -- Up-to-date symlink: /home/dbot2/dbot_vda5050_ilmatar/install/vda5050_msgs/include/vda5050_msgs/vda5050_msgs/msg/detail/info_reference__type_support.hpp
[1.699s] -- Up-to-date symlink: /home/dbot2/dbot_vda5050_ilmatar/install/vda5050_msgs/include/vda5050_msgs/vda5050_msgs/msg/detail/instant_actions__builder.hpp
[1.699s] -- Up-to-date symlink: /home/dbot2/dbot_vda5050_ilmatar/install/vda5050_msgs/include/vda5050_msgs/vda5050_msgs/msg/detail/instant_actions__struct.hpp
[1.699s] -- Up-to-date symlink: /home/dbot2/dbot_vda5050_ilmatar/install/vda5050_msgs/include/vda5050_msgs/vda5050_msgs/msg/detail/instant_actions__traits.hpp
[1.699s] -- Up-to-date symlink: /home/dbot2/dbot_vda5050_ilmatar/install/vda5050_msgs/include/vda5050_msgs/vda5050_msgs/msg/detail/instant_actions__type_support.hpp
[1.699s] -- Up-to-date symlink: /home/dbot2/dbot_vda5050_ilmatar/install/vda5050_msgs/include/vda5050_msgs/vda5050_msgs/msg/detail/load__builder.hpp
[1.699s] -- Up-to-date symlink: /home/dbot2/dbot_vda5050_ilmatar/install/vda5050_msgs/include/vda5050_msgs/vda5050_msgs/msg/detail/load__struct.hpp
[1.699s] -- Up-to-date symlink: /home/dbot2/dbot_vda5050_ilmatar/install/vda5050_msgs/include/vda5050_msgs/vda5050_msgs/msg/detail/load__traits.hpp
[1.699s] -- Up-to-date symlink: /home/dbot2/dbot_vda5050_ilmatar/install/vda5050_msgs/include/vda5050_msgs/vda5050_msgs/msg/detail/load__type_support.hpp
[1.699s] -- Up-to-date symlink: /home/dbot2/dbot_vda5050_ilmatar/install/vda5050_msgs/include/vda5050_msgs/vda5050_msgs/msg/detail/load_dimensions__builder.hpp
[1.699s] -- Up-to-date symlink: /home/dbot2/dbot_vda5050_ilmatar/install/vda5050_msgs/include/vda5050_msgs/vda5050_msgs/msg/detail/load_dimensions__struct.hpp
[1.700s] -- Up-to-date symlink: /home/dbot2/dbot_vda5050_ilmatar/install/vda5050_msgs/include/vda5050_msgs/vda5050_msgs/msg/detail/load_dimensions__traits.hpp
[1.700s] -- Up-to-date symlink: /home/dbot2/dbot_vda5050_ilmatar/install/vda5050_msgs/include/vda5050_msgs/vda5050_msgs/msg/detail/load_dimensions__type_support.hpp
[1.700s] -- Up-to-date symlink: /home/dbot2/dbot_vda5050_ilmatar/install/vda5050_msgs/include/vda5050_msgs/vda5050_msgs/msg/detail/load_set__builder.hpp
[1.700s] -- Up-to-date symlink: /home/dbot2/dbot_vda5050_ilmatar/install/vda5050_msgs/include/vda5050_msgs/vda5050_msgs/msg/detail/load_set__struct.hpp
[1.700s] -- Up-to-date symlink: /home/dbot2/dbot_vda5050_ilmatar/install/vda5050_msgs/include/vda5050_msgs/vda5050_msgs/msg/detail/load_set__traits.hpp
[1.700s] -- Up-to-date symlink: /home/dbot2/dbot_vda5050_ilmatar/install/vda5050_msgs/include/vda5050_msgs/vda5050_msgs/msg/detail/load_set__type_support.hpp
[1.700s] -- Up-to-date symlink: /home/dbot2/dbot_vda5050_ilmatar/install/vda5050_msgs/include/vda5050_msgs/vda5050_msgs/msg/detail/load_specification__builder.hpp
[1.700s] -- Up-to-date symlink: /home/dbot2/dbot_vda5050_ilmatar/install/vda5050_msgs/include/vda5050_msgs/vda5050_msgs/msg/detail/load_specification__struct.hpp
[1.701s] -- Up-to-date symlink: /home/dbot2/dbot_vda5050_ilmatar/install/vda5050_msgs/include/vda5050_msgs/vda5050_msgs/msg/detail/load_specification__traits.hpp
[1.701s] -- Up-to-date symlink: /home/dbot2/dbot_vda5050_ilmatar/install/vda5050_msgs/include/vda5050_msgs/vda5050_msgs/msg/detail/load_specification__type_support.hpp
[1.701s] -- Up-to-date symlink: /home/dbot2/dbot_vda5050_ilmatar/install/vda5050_msgs/include/vda5050_msgs/vda5050_msgs/msg/detail/max_array_lens__builder.hpp
[1.701s] -- Up-to-date symlink: /home/dbot2/dbot_vda5050_ilmatar/install/vda5050_msgs/include/vda5050_msgs/vda5050_msgs/msg/detail/max_array_lens__struct.hpp
[1.702s] -- Up-to-date symlink: /home/dbot2/dbot_vda5050_ilmatar/install/vda5050_msgs/include/vda5050_msgs/vda5050_msgs/msg/detail/max_array_lens__traits.hpp
[1.702s] -- Up-to-date symlink: /home/dbot2/dbot_vda5050_ilmatar/install/vda5050_msgs/include/vda5050_msgs/vda5050_msgs/msg/detail/max_array_lens__type_support.hpp
[1.702s] -- Up-to-date symlink: /home/dbot2/dbot_vda5050_ilmatar/install/vda5050_msgs/include/vda5050_msgs/vda5050_msgs/msg/detail/max_string_lens__builder.hpp
[1.702s] -- Up-to-date symlink: /home/dbot2/dbot_vda5050_ilmatar/install/vda5050_msgs/include/vda5050_msgs/vda5050_msgs/msg/detail/max_string_lens__struct.hpp
[1.702s] -- Up-to-date symlink: /home/dbot2/dbot_vda5050_ilmatar/install/vda5050_msgs/include/vda5050_msgs/vda5050_msgs/msg/detail/max_string_lens__traits.hpp
[1.702s] -- Up-to-date symlink: /home/dbot2/dbot_vda5050_ilmatar/install/vda5050_msgs/include/vda5050_msgs/vda5050_msgs/msg/detail/max_string_lens__type_support.hpp
[1.703s] -- Up-to-date symlink: /home/dbot2/dbot_vda5050_ilmatar/install/vda5050_msgs/include/vda5050_msgs/vda5050_msgs/msg/detail/node__builder.hpp
[1.703s] -- Up-to-date symlink: /home/dbot2/dbot_vda5050_ilmatar/install/vda5050_msgs/include/vda5050_msgs/vda5050_msgs/msg/detail/node__struct.hpp
[1.703s] -- Up-to-date symlink: /home/dbot2/dbot_vda5050_ilmatar/install/vda5050_msgs/include/vda5050_msgs/vda5050_msgs/msg/detail/node__traits.hpp
[1.703s] -- Up-to-date symlink: /home/dbot2/dbot_vda5050_ilmatar/install/vda5050_msgs/include/vda5050_msgs/vda5050_msgs/msg/detail/node__type_support.hpp
[1.703s] -- Up-to-date symlink: /home/dbot2/dbot_vda5050_ilmatar/install/vda5050_msgs/include/vda5050_msgs/vda5050_msgs/msg/detail/node_position__builder.hpp
[1.703s] -- Up-to-date symlink: /home/dbot2/dbot_vda5050_ilmatar/install/vda5050_msgs/include/vda5050_msgs/vda5050_msgs/msg/detail/node_position__struct.hpp
[1.704s] -- Up-to-date symlink: /home/dbot2/dbot_vda5050_ilmatar/install/vda5050_msgs/include/vda5050_msgs/vda5050_msgs/msg/detail/node_position__traits.hpp
[1.704s] -- Up-to-date symlink: /home/dbot2/dbot_vda5050_ilmatar/install/vda5050_msgs/include/vda5050_msgs/vda5050_msgs/msg/detail/node_position__type_support.hpp
[1.704s] -- Up-to-date symlink: /home/dbot2/dbot_vda5050_ilmatar/install/vda5050_msgs/include/vda5050_msgs/vda5050_msgs/msg/detail/node_state__builder.hpp
[1.704s] -- Up-to-date symlink: /home/dbot2/dbot_vda5050_ilmatar/install/vda5050_msgs/include/vda5050_msgs/vda5050_msgs/msg/detail/node_state__struct.hpp
[1.704s] -- Up-to-date symlink: /home/dbot2/dbot_vda5050_ilmatar/install/vda5050_msgs/include/vda5050_msgs/vda5050_msgs/msg/detail/node_state__traits.hpp
[1.704s] -- Up-to-date symlink: /home/dbot2/dbot_vda5050_ilmatar/install/vda5050_msgs/include/vda5050_msgs/vda5050_msgs/msg/detail/node_state__type_support.hpp
[1.704s] -- Up-to-date symlink: /home/dbot2/dbot_vda5050_ilmatar/install/vda5050_msgs/include/vda5050_msgs/vda5050_msgs/msg/detail/optional_parameter__builder.hpp
[1.705s] -- Up-to-date symlink: /home/dbot2/dbot_vda5050_ilmatar/install/vda5050_msgs/include/vda5050_msgs/vda5050_msgs/msg/detail/optional_parameter__struct.hpp
[1.705s] -- Up-to-date symlink: /home/dbot2/dbot_vda5050_ilmatar/install/vda5050_msgs/include/vda5050_msgs/vda5050_msgs/msg/detail/optional_parameter__traits.hpp
[1.705s] -- Up-to-date symlink: /home/dbot2/dbot_vda5050_ilmatar/install/vda5050_msgs/include/vda5050_msgs/vda5050_msgs/msg/detail/optional_parameter__type_support.hpp
[1.705s] -- Up-to-date symlink: /home/dbot2/dbot_vda5050_ilmatar/install/vda5050_msgs/include/vda5050_msgs/vda5050_msgs/msg/detail/order__builder.hpp
[1.705s] -- Up-to-date symlink: /home/dbot2/dbot_vda5050_ilmatar/install/vda5050_msgs/include/vda5050_msgs/vda5050_msgs/msg/detail/order__struct.hpp
[1.705s] -- Up-to-date symlink: /home/dbot2/dbot_vda5050_ilmatar/install/vda5050_msgs/include/vda5050_msgs/vda5050_msgs/msg/detail/order__traits.hpp
[1.706s] -- Up-to-date symlink: /home/dbot2/dbot_vda5050_ilmatar/install/vda5050_msgs/include/vda5050_msgs/vda5050_msgs/msg/detail/order__type_support.hpp
[1.706s] -- Up-to-date symlink: /home/dbot2/dbot_vda5050_ilmatar/install/vda5050_msgs/include/vda5050_msgs/vda5050_msgs/msg/detail/order_state__builder.hpp
[1.706s] -- Up-to-date symlink: /home/dbot2/dbot_vda5050_ilmatar/install/vda5050_msgs/include/vda5050_msgs/vda5050_msgs/msg/detail/order_state__struct.hpp
[1.706s] -- Up-to-date symlink: /home/dbot2/dbot_vda5050_ilmatar/install/vda5050_msgs/include/vda5050_msgs/vda5050_msgs/msg/detail/order_state__traits.hpp
[1.706s] -- Up-to-date symlink: /home/dbot2/dbot_vda5050_ilmatar/install/vda5050_msgs/include/vda5050_msgs/vda5050_msgs/msg/detail/order_state__type_support.hpp
[1.706s] -- Up-to-date symlink: /home/dbot2/dbot_vda5050_ilmatar/install/vda5050_msgs/include/vda5050_msgs/vda5050_msgs/msg/detail/physical_parameters__builder.hpp
[1.707s] -- Up-to-date symlink: /home/dbot2/dbot_vda5050_ilmatar/install/vda5050_msgs/include/vda5050_msgs/vda5050_msgs/msg/detail/physical_parameters__struct.hpp
[1.707s] -- Up-to-date symlink: /home/dbot2/dbot_vda5050_ilmatar/install/vda5050_msgs/include/vda5050_msgs/vda5050_msgs/msg/detail/physical_parameters__traits.hpp
[1.707s] -- Up-to-date symlink: /home/dbot2/dbot_vda5050_ilmatar/install/vda5050_msgs/include/vda5050_msgs/vda5050_msgs/msg/detail/physical_parameters__type_support.hpp
[1.707s] -- Up-to-date symlink: /home/dbot2/dbot_vda5050_ilmatar/install/vda5050_msgs/include/vda5050_msgs/vda5050_msgs/msg/detail/polygon_point__builder.hpp
[1.707s] -- Up-to-date symlink: /home/dbot2/dbot_vda5050_ilmatar/install/vda5050_msgs/include/vda5050_msgs/vda5050_msgs/msg/detail/polygon_point__struct.hpp
[1.707s] -- Up-to-date symlink: /home/dbot2/dbot_vda5050_ilmatar/install/vda5050_msgs/include/vda5050_msgs/vda5050_msgs/msg/detail/polygon_point__traits.hpp
[1.707s] -- Up-to-date symlink: /home/dbot2/dbot_vda5050_ilmatar/install/vda5050_msgs/include/vda5050_msgs/vda5050_msgs/msg/detail/polygon_point__type_support.hpp
[1.708s] -- Up-to-date symlink: /home/dbot2/dbot_vda5050_ilmatar/install/vda5050_msgs/include/vda5050_msgs/vda5050_msgs/msg/detail/position__builder.hpp
[1.708s] -- Up-to-date symlink: /home/dbot2/dbot_vda5050_ilmatar/install/vda5050_msgs/include/vda5050_msgs/vda5050_msgs/msg/detail/position__struct.hpp
[1.708s] -- Up-to-date symlink: /home/dbot2/dbot_vda5050_ilmatar/install/vda5050_msgs/include/vda5050_msgs/vda5050_msgs/msg/detail/position__traits.hpp
[1.708s] -- Up-to-date symlink: /home/dbot2/dbot_vda5050_ilmatar/install/vda5050_msgs/include/vda5050_msgs/vda5050_msgs/msg/detail/position__type_support.hpp
[1.708s] -- Up-to-date symlink: /home/dbot2/dbot_vda5050_ilmatar/install/vda5050_msgs/include/vda5050_msgs/vda5050_msgs/msg/detail/protocol_features__builder.hpp
[1.708s] -- Up-to-date symlink: /home/dbot2/dbot_vda5050_ilmatar/install/vda5050_msgs/include/vda5050_msgs/vda5050_msgs/msg/detail/protocol_features__struct.hpp
[1.710s] -- Up-to-date symlink: /home/dbot2/dbot_vda5050_ilmatar/install/vda5050_msgs/include/vda5050_msgs/vda5050_msgs/msg/detail/protocol_features__traits.hpp
[1.710s] -- Up-to-date symlink: /home/dbot2/dbot_vda5050_ilmatar/install/vda5050_msgs/include/vda5050_msgs/vda5050_msgs/msg/detail/protocol_features__type_support.hpp
[1.710s] -- Up-to-date symlink: /home/dbot2/dbot_vda5050_ilmatar/install/vda5050_msgs/include/vda5050_msgs/vda5050_msgs/msg/detail/protocol_limits__builder.hpp
[1.710s] -- Up-to-date symlink: /home/dbot2/dbot_vda5050_ilmatar/install/vda5050_msgs/include/vda5050_msgs/vda5050_msgs/msg/detail/protocol_limits__struct.hpp
[1.710s] -- Up-to-date symlink: /home/dbot2/dbot_vda5050_ilmatar/install/vda5050_msgs/include/vda5050_msgs/vda5050_msgs/msg/detail/protocol_limits__traits.hpp
[1.712s] -- Up-to-date symlink: /home/dbot2/dbot_vda5050_ilmatar/install/vda5050_msgs/include/vda5050_msgs/vda5050_msgs/msg/detail/protocol_limits__type_support.hpp
[1.713s] -- Up-to-date symlink: /home/dbot2/dbot_vda5050_ilmatar/install/vda5050_msgs/include/vda5050_msgs/vda5050_msgs/msg/detail/safety_state__builder.hpp
[1.713s] -- Up-to-date symlink: /home/dbot2/dbot_vda5050_ilmatar/install/vda5050_msgs/include/vda5050_msgs/vda5050_msgs/msg/detail/safety_state__struct.hpp
[1.713s] -- Up-to-date symlink: /home/dbot2/dbot_vda5050_ilmatar/install/vda5050_msgs/include/vda5050_msgs/vda5050_msgs/msg/detail/safety_state__traits.hpp
[1.713s] -- Up-to-date symlink: /home/dbot2/dbot_vda5050_ilmatar/install/vda5050_msgs/include/vda5050_msgs/vda5050_msgs/msg/detail/safety_state__type_support.hpp
[1.714s] -- Up-to-date symlink: /home/dbot2/dbot_vda5050_ilmatar/install/vda5050_msgs/include/vda5050_msgs/vda5050_msgs/msg/detail/timing__builder.hpp
[1.714s] -- Up-to-date symlink: /home/dbot2/dbot_vda5050_ilmatar/install/vda5050_msgs/include/vda5050_msgs/vda5050_msgs/msg/detail/timing__struct.hpp
[1.714s] -- Up-to-date symlink: /home/dbot2/dbot_vda5050_ilmatar/install/vda5050_msgs/include/vda5050_msgs/vda5050_msgs/msg/detail/timing__traits.hpp
[1.714s] -- Up-to-date symlink: /home/dbot2/dbot_vda5050_ilmatar/install/vda5050_msgs/include/vda5050_msgs/vda5050_msgs/msg/detail/timing__type_support.hpp
[1.714s] -- Up-to-date symlink: /home/dbot2/dbot_vda5050_ilmatar/install/vda5050_msgs/include/vda5050_msgs/vda5050_msgs/msg/detail/trajectory__builder.hpp
[1.714s] -- Up-to-date symlink: /home/dbot2/dbot_vda5050_ilmatar/install/vda5050_msgs/include/vda5050_msgs/vda5050_msgs/msg/detail/trajectory__struct.hpp
[1.714s] -- Up-to-date symlink: /home/dbot2/dbot_vda5050_ilmatar/install/vda5050_msgs/include/vda5050_msgs/vda5050_msgs/msg/detail/trajectory__traits.hpp
[1.714s] -- Up-to-date symlink: /home/dbot2/dbot_vda5050_ilmatar/install/vda5050_msgs/include/vda5050_msgs/vda5050_msgs/msg/detail/trajectory__type_support.hpp
[1.715s] -- Up-to-date symlink: /home/dbot2/dbot_vda5050_ilmatar/install/vda5050_msgs/include/vda5050_msgs/vda5050_msgs/msg/detail/type_specification__builder.hpp
[1.715s] -- Up-to-date symlink: /home/dbot2/dbot_vda5050_ilmatar/install/vda5050_msgs/include/vda5050_msgs/vda5050_msgs/msg/detail/type_specification__struct.hpp
[1.715s] -- Up-to-date symlink: /home/dbot2/dbot_vda5050_ilmatar/install/vda5050_msgs/include/vda5050_msgs/vda5050_msgs/msg/detail/type_specification__traits.hpp
[1.715s] -- Up-to-date symlink: /home/dbot2/dbot_vda5050_ilmatar/install/vda5050_msgs/include/vda5050_msgs/vda5050_msgs/msg/detail/type_specification__type_support.hpp
[1.718s] -- Up-to-date symlink: /home/dbot2/dbot_vda5050_ilmatar/install/vda5050_msgs/include/vda5050_msgs/vda5050_msgs/msg/detail/velocity__builder.hpp
[1.718s] -- Up-to-date symlink: /home/dbot2/dbot_vda5050_ilmatar/install/vda5050_msgs/include/vda5050_msgs/vda5050_msgs/msg/detail/velocity__struct.hpp
[1.718s] -- Up-to-date symlink: /home/dbot2/dbot_vda5050_ilmatar/install/vda5050_msgs/include/vda5050_msgs/vda5050_msgs/msg/detail/velocity__traits.hpp
[1.718s] -- Up-to-date symlink: /home/dbot2/dbot_vda5050_ilmatar/install/vda5050_msgs/include/vda5050_msgs/vda5050_msgs/msg/detail/velocity__type_support.hpp
[1.718s] -- Up-to-date symlink: /home/dbot2/dbot_vda5050_ilmatar/install/vda5050_msgs/include/vda5050_msgs/vda5050_msgs/msg/detail/visualization__builder.hpp
[1.719s] -- Up-to-date symlink: /home/dbot2/dbot_vda5050_ilmatar/install/vda5050_msgs/include/vda5050_msgs/vda5050_msgs/msg/detail/visualization__struct.hpp
[1.719s] -- Up-to-date symlink: /home/dbot2/dbot_vda5050_ilmatar/install/vda5050_msgs/include/vda5050_msgs/vda5050_msgs/msg/detail/visualization__traits.hpp
[1.719s] -- Up-to-date symlink: /home/dbot2/dbot_vda5050_ilmatar/install/vda5050_msgs/include/vda5050_msgs/vda5050_msgs/msg/detail/visualization__type_support.hpp
[1.719s] -- Up-to-date symlink: /home/dbot2/dbot_vda5050_ilmatar/install/vda5050_msgs/include/vda5050_msgs/vda5050_msgs/msg/detail/wheel_definition__builder.hpp
[1.719s] -- Up-to-date symlink: /home/dbot2/dbot_vda5050_ilmatar/install/vda5050_msgs/include/vda5050_msgs/vda5050_msgs/msg/detail/wheel_definition__struct.hpp
[1.719s] -- Up-to-date symlink: /home/dbot2/dbot_vda5050_ilmatar/install/vda5050_msgs/include/vda5050_msgs/vda5050_msgs/msg/detail/wheel_definition__traits.hpp
[1.719s] -- Up-to-date symlink: /home/dbot2/dbot_vda5050_ilmatar/install/vda5050_msgs/include/vda5050_msgs/vda5050_msgs/msg/detail/wheel_definition__type_support.hpp
[1.719s] -- Up-to-date symlink: /home/dbot2/dbot_vda5050_ilmatar/install/vda5050_msgs/include/vda5050_msgs/vda5050_msgs/msg/edge.hpp
[1.719s] -- Up-to-date symlink: /home/dbot2/dbot_vda5050_ilmatar/install/vda5050_msgs/include/vda5050_msgs/vda5050_msgs/msg/edge_state.hpp
[1.720s] -- Up-to-date symlink: /home/dbot2/dbot_vda5050_ilmatar/install/vda5050_msgs/include/vda5050_msgs/vda5050_msgs/msg/envelope2_d.hpp
[1.721s] -- Up-to-date symlink: /home/dbot2/dbot_vda5050_ilmatar/install/vda5050_msgs/include/vda5050_msgs/vda5050_msgs/msg/envelope3_d.hpp
[1.721s] -- Up-to-date symlink: /home/dbot2/dbot_vda5050_ilmatar/install/vda5050_msgs/include/vda5050_msgs/vda5050_msgs/msg/error.hpp
[1.721s] -- Up-to-date symlink: /home/dbot2/dbot_vda5050_ilmatar/install/vda5050_msgs/include/vda5050_msgs/vda5050_msgs/msg/error_reference.hpp
[1.722s] -- Up-to-date symlink: /home/dbot2/dbot_vda5050_ilmatar/install/vda5050_msgs/include/vda5050_msgs/vda5050_msgs/msg/factsheet.hpp
[1.722s] -- Up-to-date symlink: /home/dbot2/dbot_vda5050_ilmatar/install/vda5050_msgs/include/vda5050_msgs/vda5050_msgs/msg/header.hpp
[1.722s] -- Up-to-date symlink: /home/dbot2/dbot_vda5050_ilmatar/install/vda5050_msgs/include/vda5050_msgs/vda5050_msgs/msg/info.hpp
[1.723s] -- Up-to-date symlink: /home/dbot2/dbot_vda5050_ilmatar/install/vda5050_msgs/include/vda5050_msgs/vda5050_msgs/msg/info_reference.hpp
[1.723s] -- Up-to-date symlink: /home/dbot2/dbot_vda5050_ilmatar/install/vda5050_msgs/include/vda5050_msgs/vda5050_msgs/msg/instant_actions.hpp
[1.723s] -- Up-to-date symlink: /home/dbot2/dbot_vda5050_ilmatar/install/vda5050_msgs/include/vda5050_msgs/vda5050_msgs/msg/load.hpp
[1.723s] -- Up-to-date symlink: /home/dbot2/dbot_vda5050_ilmatar/install/vda5050_msgs/include/vda5050_msgs/vda5050_msgs/msg/load_dimensions.hpp
[1.724s] -- Up-to-date symlink: /home/dbot2/dbot_vda5050_ilmatar/install/vda5050_msgs/include/vda5050_msgs/vda5050_msgs/msg/load_set.hpp
[1.724s] -- Up-to-date symlink: /home/dbot2/dbot_vda5050_ilmatar/install/vda5050_msgs/include/vda5050_msgs/vda5050_msgs/msg/load_specification.hpp
[1.724s] -- Up-to-date symlink: /home/dbot2/dbot_vda5050_ilmatar/install/vda5050_msgs/include/vda5050_msgs/vda5050_msgs/msg/max_array_lens.hpp
[1.725s] -- Up-to-date symlink: /home/dbot2/dbot_vda5050_ilmatar/install/vda5050_msgs/include/vda5050_msgs/vda5050_msgs/msg/max_string_lens.hpp
[1.725s] -- Up-to-date symlink: /home/dbot2/dbot_vda5050_ilmatar/install/vda5050_msgs/include/vda5050_msgs/vda5050_msgs/msg/node.hpp
[1.725s] -- Up-to-date symlink: /home/dbot2/dbot_vda5050_ilmatar/install/vda5050_msgs/include/vda5050_msgs/vda5050_msgs/msg/node_position.hpp
[1.730s] -- Up-to-date symlink: /home/dbot2/dbot_vda5050_ilmatar/install/vda5050_msgs/include/vda5050_msgs/vda5050_msgs/msg/node_state.hpp
[1.730s] -- Up-to-date symlink: /home/dbot2/dbot_vda5050_ilmatar/install/vda5050_msgs/include/vda5050_msgs/vda5050_msgs/msg/optional_parameter.hpp
[1.730s] -- Up-to-date symlink: /home/dbot2/dbot_vda5050_ilmatar/install/vda5050_msgs/include/vda5050_msgs/vda5050_msgs/msg/order.hpp
[1.731s] -- Up-to-date symlink: /home/dbot2/dbot_vda5050_ilmatar/install/vda5050_msgs/include/vda5050_msgs/vda5050_msgs/msg/order_state.hpp
[1.731s] -- Up-to-date symlink: /home/dbot2/dbot_vda5050_ilmatar/install/vda5050_msgs/include/vda5050_msgs/vda5050_msgs/msg/physical_parameters.hpp
[1.731s] -- Up-to-date symlink: /home/dbot2/dbot_vda5050_ilmatar/install/vda5050_msgs/include/vda5050_msgs/vda5050_msgs/msg/polygon_point.hpp
[1.731s] -- Up-to-date symlink: /home/dbot2/dbot_vda5050_ilmatar/install/vda5050_msgs/include/vda5050_msgs/vda5050_msgs/msg/position.hpp
[1.731s] -- Up-to-date symlink: /home/dbot2/dbot_vda5050_ilmatar/install/vda5050_msgs/include/vda5050_msgs/vda5050_msgs/msg/protocol_features.hpp
[1.731s] -- Up-to-date symlink: /home/dbot2/dbot_vda5050_ilmatar/install/vda5050_msgs/include/vda5050_msgs/vda5050_msgs/msg/protocol_limits.hpp
[1.731s] -- Up-to-date symlink: /home/dbot2/dbot_vda5050_ilmatar/install/vda5050_msgs/include/vda5050_msgs/vda5050_msgs/msg/rosidl_generator_cpp__visibility_control.hpp
[1.732s] -- Up-to-date symlink: /home/dbot2/dbot_vda5050_ilmatar/install/vda5050_msgs/include/vda5050_msgs/vda5050_msgs/msg/safety_state.hpp
[1.732s] -- Up-to-date symlink: /home/dbot2/dbot_vda5050_ilmatar/install/vda5050_msgs/include/vda5050_msgs/vda5050_msgs/msg/timing.hpp
[1.732s] -- Up-to-date symlink: /home/dbot2/dbot_vda5050_ilmatar/install/vda5050_msgs/include/vda5050_msgs/vda5050_msgs/msg/trajectory.hpp
[1.732s] -- Up-to-date symlink: /home/dbot2/dbot_vda5050_ilmatar/install/vda5050_msgs/include/vda5050_msgs/vda5050_msgs/msg/type_specification.hpp
[1.733s] -- Up-to-date symlink: /home/dbot2/dbot_vda5050_ilmatar/install/vda5050_msgs/include/vda5050_msgs/vda5050_msgs/msg/velocity.hpp
[1.733s] -- Up-to-date symlink: /home/dbot2/dbot_vda5050_ilmatar/install/vda5050_msgs/include/vda5050_msgs/vda5050_msgs/msg/visualization.hpp
[1.733s] -- Up-to-date symlink: /home/dbot2/dbot_vda5050_ilmatar/install/vda5050_msgs/include/vda5050_msgs/vda5050_msgs/msg/wheel_definition.hpp
[1.737s] -- Up-to-date symlink: /home/dbot2/dbot_vda5050_ilmatar/install/vda5050_msgs/include/vda5050_msgs/vda5050_msgs/msg/detail/action__rosidl_typesupport_fastrtps_cpp.hpp
[1.737s] -- Up-to-date symlink: /home/dbot2/dbot_vda5050_ilmatar/install/vda5050_msgs/include/vda5050_msgs/vda5050_msgs/msg/detail/action_parameter__rosidl_typesupport_fastrtps_cpp.hpp
[1.737s] -- Up-to-date symlink: /home/dbot2/dbot_vda5050_ilmatar/install/vda5050_msgs/include/vda5050_msgs/vda5050_msgs/msg/detail/action_parameter_definition__rosidl_typesupport_fastrtps_cpp.hpp
[1.737s] -- Up-to-date symlink: /home/dbot2/dbot_vda5050_ilmatar/install/vda5050_msgs/include/vda5050_msgs/vda5050_msgs/msg/detail/agv_action__rosidl_typesupport_fastrtps_cpp.hpp
[1.737s] -- Up-to-date symlink: /home/dbot2/dbot_vda5050_ilmatar/install/vda5050_msgs/include/vda5050_msgs/vda5050_msgs/msg/detail/agv_geometry__rosidl_typesupport_fastrtps_cpp.hpp
[1.737s] -- Up-to-date symlink: /home/dbot2/dbot_vda5050_ilmatar/install/vda5050_msgs/include/vda5050_msgs/vda5050_msgs/msg/detail/agv_position__rosidl_typesupport_fastrtps_cpp.hpp
[1.738s] -- Up-to-date symlink: /home/dbot2/dbot_vda5050_ilmatar/install/vda5050_msgs/include/vda5050_msgs/vda5050_msgs/msg/detail/battery_state__rosidl_typesupport_fastrtps_cpp.hpp
[1.738s] -- Up-to-date symlink: /home/dbot2/dbot_vda5050_ilmatar/install/vda5050_msgs/include/vda5050_msgs/vda5050_msgs/msg/detail/bounding_box_reference__rosidl_typesupport_fastrtps_cpp.hpp
[1.739s] -- Up-to-date symlink: /home/dbot2/dbot_vda5050_ilmatar/install/vda5050_msgs/include/vda5050_msgs/vda5050_msgs/msg/detail/connection__rosidl_typesupport_fastrtps_cpp.hpp
[1.739s] -- Up-to-date symlink: /home/dbot2/dbot_vda5050_ilmatar/install/vda5050_msgs/include/vda5050_msgs/vda5050_msgs/msg/detail/control_point__rosidl_typesupport_fastrtps_cpp.hpp
[1.739s] -- Up-to-date symlink: /home/dbot2/dbot_vda5050_ilmatar/install/vda5050_msgs/include/vda5050_msgs/vda5050_msgs/msg/detail/current_action__rosidl_typesupport_fastrtps_cpp.hpp
[1.740s] -- Up-to-date symlink: /home/dbot2/dbot_vda5050_ilmatar/install/vda5050_msgs/include/vda5050_msgs/vda5050_msgs/msg/detail/edge__rosidl_typesupport_fastrtps_cpp.hpp
[1.740s] -- Up-to-date symlink: /home/dbot2/dbot_vda5050_ilmatar/install/vda5050_msgs/include/vda5050_msgs/vda5050_msgs/msg/detail/edge_state__rosidl_typesupport_fastrtps_cpp.hpp
[1.740s] -- Up-to-date symlink: /home/dbot2/dbot_vda5050_ilmatar/install/vda5050_msgs/include/vda5050_msgs/vda5050_msgs/msg/detail/envelope2_d__rosidl_typesupport_fastrtps_cpp.hpp
[1.741s] -- Up-to-date symlink: /home/dbot2/dbot_vda5050_ilmatar/install/vda5050_msgs/include/vda5050_msgs/vda5050_msgs/msg/detail/envelope3_d__rosidl_typesupport_fastrtps_cpp.hpp
[1.741s] -- Up-to-date symlink: /home/dbot2/dbot_vda5050_ilmatar/install/vda5050_msgs/include/vda5050_msgs/vda5050_msgs/msg/detail/error__rosidl_typesupport_fastrtps_cpp.hpp
[1.741s] -- Up-to-date symlink: /home/dbot2/dbot_vda5050_ilmatar/install/vda5050_msgs/include/vda5050_msgs/vda5050_msgs/msg/detail/error_reference__rosidl_typesupport_fastrtps_cpp.hpp
[1.741s] -- Up-to-date symlink: /home/dbot2/dbot_vda5050_ilmatar/install/vda5050_msgs/include/vda5050_msgs/vda5050_msgs/msg/detail/factsheet__rosidl_typesupport_fastrtps_cpp.hpp
[1.741s] -- Up-to-date symlink: /home/dbot2/dbot_vda5050_ilmatar/install/vda5050_msgs/include/vda5050_msgs/vda5050_msgs/msg/detail/header__rosidl_typesupport_fastrtps_cpp.hpp
[1.742s] -- Up-to-date symlink: /home/dbot2/dbot_vda5050_ilmatar/install/vda5050_msgs/include/vda5050_msgs/vda5050_msgs/msg/detail/info__rosidl_typesupport_fastrtps_cpp.hpp
[1.742s] -- Up-to-date symlink: /home/dbot2/dbot_vda5050_ilmatar/install/vda5050_msgs/include/vda5050_msgs/vda5050_msgs/msg/detail/info_reference__rosidl_typesupport_fastrtps_cpp.hpp
[1.743s] -- Up-to-date symlink: /home/dbot2/dbot_vda5050_ilmatar/install/vda5050_msgs/include/vda5050_msgs/vda5050_msgs/msg/detail/instant_actions__rosidl_typesupport_fastrtps_cpp.hpp
[1.743s] -- Up-to-date symlink: /home/dbot2/dbot_vda5050_ilmatar/install/vda5050_msgs/include/vda5050_msgs/vda5050_msgs/msg/detail/load__rosidl_typesupport_fastrtps_cpp.hpp
[1.743s] -- Up-to-date symlink: /home/dbot2/dbot_vda5050_ilmatar/install/vda5050_msgs/include/vda5050_msgs/vda5050_msgs/msg/detail/load_dimensions__rosidl_typesupport_fastrtps_cpp.hpp
[1.743s] -- Up-to-date symlink: /home/dbot2/dbot_vda5050_ilmatar/install/vda5050_msgs/include/vda5050_msgs/vda5050_msgs/msg/detail/load_set__rosidl_typesupport_fastrtps_cpp.hpp
[1.743s] -- Up-to-date symlink: /home/dbot2/dbot_vda5050_ilmatar/install/vda5050_msgs/include/vda5050_msgs/vda5050_msgs/msg/detail/load_specification__rosidl_typesupport_fastrtps_cpp.hpp
[1.743s] -- Up-to-date symlink: /home/dbot2/dbot_vda5050_ilmatar/install/vda5050_msgs/include/vda5050_msgs/vda5050_msgs/msg/detail/max_array_lens__rosidl_typesupport_fastrtps_cpp.hpp
[1.745s] -- Up-to-date symlink: /home/dbot2/dbot_vda5050_ilmatar/install/vda5050_msgs/include/vda5050_msgs/vda5050_msgs/msg/detail/max_string_lens__rosidl_typesupport_fastrtps_cpp.hpp
[1.745s] -- Up-to-date symlink: /home/dbot2/dbot_vda5050_ilmatar/install/vda5050_msgs/include/vda5050_msgs/vda5050_msgs/msg/detail/node__rosidl_typesupport_fastrtps_cpp.hpp
[1.745s] -- Up-to-date symlink: /home/dbot2/dbot_vda5050_ilmatar/install/vda5050_msgs/include/vda5050_msgs/vda5050_msgs/msg/detail/node_position__rosidl_typesupport_fastrtps_cpp.hpp
[1.745s] -- Up-to-date symlink: /home/dbot2/dbot_vda5050_ilmatar/install/vda5050_msgs/include/vda5050_msgs/vda5050_msgs/msg/detail/node_state__rosidl_typesupport_fastrtps_cpp.hpp
[1.745s] -- Up-to-date symlink: /home/dbot2/dbot_vda5050_ilmatar/install/vda5050_msgs/include/vda5050_msgs/vda5050_msgs/msg/detail/optional_parameter__rosidl_typesupport_fastrtps_cpp.hpp
[1.745s] -- Up-to-date symlink: /home/dbot2/dbot_vda5050_ilmatar/install/vda5050_msgs/include/vda5050_msgs/vda5050_msgs/msg/detail/order__rosidl_typesupport_fastrtps_cpp.hpp
[1.746s] -- Up-to-date symlink: /home/dbot2/dbot_vda5050_ilmatar/install/vda5050_msgs/include/vda5050_msgs/vda5050_msgs/msg/detail/order_state__rosidl_typesupport_fastrtps_cpp.hpp
[1.746s] -- Up-to-date symlink: /home/dbot2/dbot_vda5050_ilmatar/install/vda5050_msgs/include/vda5050_msgs/vda5050_msgs/msg/detail/physical_parameters__rosidl_typesupport_fastrtps_cpp.hpp
[1.746s] -- Up-to-date symlink: /home/dbot2/dbot_vda5050_ilmatar/install/vda5050_msgs/include/vda5050_msgs/vda5050_msgs/msg/detail/polygon_point__rosidl_typesupport_fastrtps_cpp.hpp
[1.746s] -- Up-to-date symlink: /home/dbot2/dbot_vda5050_ilmatar/install/vda5050_msgs/include/vda5050_msgs/vda5050_msgs/msg/detail/position__rosidl_typesupport_fastrtps_cpp.hpp
[1.747s] -- Up-to-date symlink: /home/dbot2/dbot_vda5050_ilmatar/install/vda5050_msgs/include/vda5050_msgs/vda5050_msgs/msg/detail/protocol_features__rosidl_typesupport_fastrtps_cpp.hpp
[1.747s] -- Up-to-date symlink: /home/dbot2/dbot_vda5050_ilmatar/install/vda5050_msgs/include/vda5050_msgs/vda5050_msgs/msg/detail/protocol_limits__rosidl_typesupport_fastrtps_cpp.hpp
[1.747s] -- Up-to-date symlink: /home/dbot2/dbot_vda5050_ilmatar/install/vda5050_msgs/include/vda5050_msgs/vda5050_msgs/msg/detail/safety_state__rosidl_typesupport_fastrtps_cpp.hpp
[1.747s] -- Up-to-date symlink: /home/dbot2/dbot_vda5050_ilmatar/install/vda5050_msgs/include/vda5050_msgs/vda5050_msgs/msg/detail/timing__rosidl_typesupport_fastrtps_cpp.hpp
[1.747s] -- Up-to-date symlink: /home/dbot2/dbot_vda5050_ilmatar/install/vda5050_msgs/include/vda5050_msgs/vda5050_msgs/msg/detail/trajectory__rosidl_typesupport_fastrtps_cpp.hpp
[1.747s] -- Up-to-date symlink: /home/dbot2/dbot_vda5050_ilmatar/install/vda5050_msgs/include/vda5050_msgs/vda5050_msgs/msg/detail/type_specification__rosidl_typesupport_fastrtps_cpp.hpp
[1.748s] -- Up-to-date symlink: /home/dbot2/dbot_vda5050_ilmatar/install/vda5050_msgs/include/vda5050_msgs/vda5050_msgs/msg/detail/velocity__rosidl_typesupport_fastrtps_cpp.hpp
[1.748s] -- Up-to-date symlink: /home/dbot2/dbot_vda5050_ilmatar/install/vda5050_msgs/include/vda5050_msgs/vda5050_msgs/msg/detail/visualization__rosidl_typesupport_fastrtps_cpp.hpp
[1.748s] -- Up-to-date symlink: /home/dbot2/dbot_vda5050_ilmatar/install/vda5050_msgs/include/vda5050_msgs/vda5050_msgs/msg/detail/wheel_definition__rosidl_typesupport_fastrtps_cpp.hpp
[1.748s] -- Up-to-date symlink: /home/dbot2/dbot_vda5050_ilmatar/install/vda5050_msgs/include/vda5050_msgs/vda5050_msgs/msg/rosidl_typesupport_fastrtps_cpp__visibility_control.h
[1.750s] -- Up-to-date symlink: /home/dbot2/dbot_vda5050_ilmatar/install/vda5050_msgs/include/vda5050_msgs/vda5050_msgs/msg/detail/action__rosidl_typesupport_introspection_c.h
[1.750s] -- Up-to-date symlink: /home/dbot2/dbot_vda5050_ilmatar/install/vda5050_msgs/include/vda5050_msgs/vda5050_msgs/msg/detail/action_parameter__rosidl_typesupport_introspection_c.h
[1.755s] -- Up-to-date symlink: /home/dbot2/dbot_vda5050_ilmatar/install/vda5050_msgs/include/vda5050_msgs/vda5050_msgs/msg/detail/action_parameter_definition__rosidl_typesupport_introspection_c.h
[1.755s] -- Up-to-date symlink: /home/dbot2/dbot_vda5050_ilmatar/install/vda5050_msgs/include/vda5050_msgs/vda5050_msgs/msg/detail/agv_action__rosidl_typesupport_introspection_c.h
[1.755s] -- Up-to-date symlink: /home/dbot2/dbot_vda5050_ilmatar/install/vda5050_msgs/include/vda5050_msgs/vda5050_msgs/msg/detail/agv_geometry__rosidl_typesupport_introspection_c.h
[1.755s] -- Up-to-date symlink: /home/dbot2/dbot_vda5050_ilmatar/install/vda5050_msgs/include/vda5050_msgs/vda5050_msgs/msg/detail/agv_position__rosidl_typesupport_introspection_c.h
[1.755s] -- Up-to-date symlink: /home/dbot2/dbot_vda5050_ilmatar/install/vda5050_msgs/include/vda5050_msgs/vda5050_msgs/msg/detail/battery_state__rosidl_typesupport_introspection_c.h
[1.755s] -- Up-to-date symlink: /home/dbot2/dbot_vda5050_ilmatar/install/vda5050_msgs/include/vda5050_msgs/vda5050_msgs/msg/detail/bounding_box_reference__rosidl_typesupport_introspection_c.h
[1.755s] -- Up-to-date symlink: /home/dbot2/dbot_vda5050_ilmatar/install/vda5050_msgs/include/vda5050_msgs/vda5050_msgs/msg/detail/connection__rosidl_typesupport_introspection_c.h
[1.755s] -- Up-to-date symlink: /home/dbot2/dbot_vda5050_ilmatar/install/vda5050_msgs/include/vda5050_msgs/vda5050_msgs/msg/detail/control_point__rosidl_typesupport_introspection_c.h
[1.755s] -- Up-to-date symlink: /home/dbot2/dbot_vda5050_ilmatar/install/vda5050_msgs/include/vda5050_msgs/vda5050_msgs/msg/detail/current_action__rosidl_typesupport_introspection_c.h
[1.755s] -- Up-to-date symlink: /home/dbot2/dbot_vda5050_ilmatar/install/vda5050_msgs/include/vda5050_msgs/vda5050_msgs/msg/detail/edge__rosidl_typesupport_introspection_c.h
[1.756s] -- Up-to-date symlink: /home/dbot2/dbot_vda5050_ilmatar/install/vda5050_msgs/include/vda5050_msgs/vda5050_msgs/msg/detail/edge_state__rosidl_typesupport_introspection_c.h
[1.756s] -- Up-to-date symlink: /home/dbot2/dbot_vda5050_ilmatar/install/vda5050_msgs/include/vda5050_msgs/vda5050_msgs/msg/detail/envelope2_d__rosidl_typesupport_introspection_c.h
[1.756s] -- Up-to-date symlink: /home/dbot2/dbot_vda5050_ilmatar/install/vda5050_msgs/include/vda5050_msgs/vda5050_msgs/msg/detail/envelope3_d__rosidl_typesupport_introspection_c.h
[1.756s] -- Up-to-date symlink: /home/dbot2/dbot_vda5050_ilmatar/install/vda5050_msgs/include/vda5050_msgs/vda5050_msgs/msg/detail/error__rosidl_typesupport_introspection_c.h
[1.756s] -- Up-to-date symlink: /home/dbot2/dbot_vda5050_ilmatar/install/vda5050_msgs/include/vda5050_msgs/vda5050_msgs/msg/detail/error_reference__rosidl_typesupport_introspection_c.h
[1.757s] -- Up-to-date symlink: /home/dbot2/dbot_vda5050_ilmatar/install/vda5050_msgs/include/vda5050_msgs/vda5050_msgs/msg/detail/factsheet__rosidl_typesupport_introspection_c.h
[1.757s] -- Up-to-date symlink: /home/dbot2/dbot_vda5050_ilmatar/install/vda5050_msgs/include/vda5050_msgs/vda5050_msgs/msg/detail/header__rosidl_typesupport_introspection_c.h
[1.757s] -- Up-to-date symlink: /home/dbot2/dbot_vda5050_ilmatar/install/vda5050_msgs/include/vda5050_msgs/vda5050_msgs/msg/detail/info__rosidl_typesupport_introspection_c.h
[1.757s] -- Up-to-date symlink: /home/dbot2/dbot_vda5050_ilmatar/install/vda5050_msgs/include/vda5050_msgs/vda5050_msgs/msg/detail/info_reference__rosidl_typesupport_introspection_c.h
[1.758s] -- Up-to-date symlink: /home/dbot2/dbot_vda5050_ilmatar/install/vda5050_msgs/include/vda5050_msgs/vda5050_msgs/msg/detail/instant_actions__rosidl_typesupport_introspection_c.h
[1.758s] -- Up-to-date symlink: /home/dbot2/dbot_vda5050_ilmatar/install/vda5050_msgs/include/vda5050_msgs/vda5050_msgs/msg/detail/load__rosidl_typesupport_introspection_c.h
[1.758s] -- Up-to-date symlink: /home/dbot2/dbot_vda5050_ilmatar/install/vda5050_msgs/include/vda5050_msgs/vda5050_msgs/msg/detail/load_dimensions__rosidl_typesupport_introspection_c.h
[1.758s] -- Up-to-date symlink: /home/dbot2/dbot_vda5050_ilmatar/install/vda5050_msgs/include/vda5050_msgs/vda5050_msgs/msg/detail/load_set__rosidl_typesupport_introspection_c.h
[1.758s] -- Up-to-date symlink: /home/dbot2/dbot_vda5050_ilmatar/install/vda5050_msgs/include/vda5050_msgs/vda5050_msgs/msg/detail/load_specification__rosidl_typesupport_introspection_c.h
[1.758s] -- Up-to-date symlink: /home/dbot2/dbot_vda5050_ilmatar/install/vda5050_msgs/include/vda5050_msgs/vda5050_msgs/msg/detail/max_array_lens__rosidl_typesupport_introspection_c.h
[1.758s] -- Up-to-date symlink: /home/dbot2/dbot_vda5050_ilmatar/install/vda5050_msgs/include/vda5050_msgs/vda5050_msgs/msg/detail/max_string_lens__rosidl_typesupport_introspection_c.h
[1.758s] -- Up-to-date symlink: /home/dbot2/dbot_vda5050_ilmatar/install/vda5050_msgs/include/vda5050_msgs/vda5050_msgs/msg/detail/node__rosidl_typesupport_introspection_c.h
[1.758s] -- Up-to-date symlink: /home/dbot2/dbot_vda5050_ilmatar/install/vda5050_msgs/include/vda5050_msgs/vda5050_msgs/msg/detail/node_position__rosidl_typesupport_introspection_c.h
[1.758s] -- Up-to-date symlink: /home/dbot2/dbot_vda5050_ilmatar/install/vda5050_msgs/include/vda5050_msgs/vda5050_msgs/msg/detail/node_state__rosidl_typesupport_introspection_c.h
[1.758s] -- Up-to-date symlink: /home/dbot2/dbot_vda5050_ilmatar/install/vda5050_msgs/include/vda5050_msgs/vda5050_msgs/msg/detail/optional_parameter__rosidl_typesupport_introspection_c.h
[1.758s] -- Up-to-date symlink: /home/dbot2/dbot_vda5050_ilmatar/install/vda5050_msgs/include/vda5050_msgs/vda5050_msgs/msg/detail/order__rosidl_typesupport_introspection_c.h
[1.758s] -- Up-to-date symlink: /home/dbot2/dbot_vda5050_ilmatar/install/vda5050_msgs/include/vda5050_msgs/vda5050_msgs/msg/detail/order_state__rosidl_typesupport_introspection_c.h
[1.758s] -- Up-to-date symlink: /home/dbot2/dbot_vda5050_ilmatar/install/vda5050_msgs/include/vda5050_msgs/vda5050_msgs/msg/detail/physical_parameters__rosidl_typesupport_introspection_c.h
[1.758s] -- Up-to-date symlink: /home/dbot2/dbot_vda5050_ilmatar/install/vda5050_msgs/include/vda5050_msgs/vda5050_msgs/msg/detail/polygon_point__rosidl_typesupport_introspection_c.h
[1.758s] -- Up-to-date symlink: /home/dbot2/dbot_vda5050_ilmatar/install/vda5050_msgs/include/vda5050_msgs/vda5050_msgs/msg/detail/position__rosidl_typesupport_introspection_c.h
[1.758s] -- Up-to-date symlink: /home/dbot2/dbot_vda5050_ilmatar/install/vda5050_msgs/include/vda5050_msgs/vda5050_msgs/msg/detail/protocol_features__rosidl_typesupport_introspection_c.h
[1.759s] -- Up-to-date symlink: /home/dbot2/dbot_vda5050_ilmatar/install/vda5050_msgs/include/vda5050_msgs/vda5050_msgs/msg/detail/protocol_limits__rosidl_typesupport_introspection_c.h
[1.759s] -- Up-to-date symlink: /home/dbot2/dbot_vda5050_ilmatar/install/vda5050_msgs/include/vda5050_msgs/vda5050_msgs/msg/detail/safety_state__rosidl_typesupport_introspection_c.h
[1.760s] -- Up-to-date symlink: /home/dbot2/dbot_vda5050_ilmatar/install/vda5050_msgs/include/vda5050_msgs/vda5050_msgs/msg/detail/timing__rosidl_typesupport_introspection_c.h
[1.763s] -- Up-to-date symlink: /home/dbot2/dbot_vda5050_ilmatar/install/vda5050_msgs/include/vda5050_msgs/vda5050_msgs/msg/detail/trajectory__rosidl_typesupport_introspection_c.h
[1.764s] -- Up-to-date symlink: /home/dbot2/dbot_vda5050_ilmatar/install/vda5050_msgs/include/vda5050_msgs/vda5050_msgs/msg/detail/type_specification__rosidl_typesupport_introspection_c.h
[1.764s] -- Up-to-date symlink: /home/dbot2/dbot_vda5050_ilmatar/install/vda5050_msgs/include/vda5050_msgs/vda5050_msgs/msg/detail/velocity__rosidl_typesupport_introspection_c.h
[1.764s] -- Up-to-date symlink: /home/dbot2/dbot_vda5050_ilmatar/install/vda5050_msgs/include/vda5050_msgs/vda5050_msgs/msg/detail/visualization__rosidl_typesupport_introspection_c.h
[1.764s] -- Up-to-date symlink: /home/dbot2/dbot_vda5050_ilmatar/install/vda5050_msgs/include/vda5050_msgs/vda5050_msgs/msg/detail/wheel_definition__rosidl_typesupport_introspection_c.h
[1.764s] -- Up-to-date symlink: /home/dbot2/dbot_vda5050_ilmatar/install/vda5050_msgs/include/vda5050_msgs/vda5050_msgs/msg/rosidl_typesupport_introspection_c__visibility_control.h
[1.764s] -- Up-to-date symlink: /home/dbot2/dbot_vda5050_ilmatar/install/vda5050_msgs/include/vda5050_msgs/vda5050_msgs/msg/detail/action__rosidl_typesupport_introspection_cpp.hpp
[1.765s] -- Up-to-date symlink: /home/dbot2/dbot_vda5050_ilmatar/install/vda5050_msgs/include/vda5050_msgs/vda5050_msgs/msg/detail/action_parameter__rosidl_typesupport_introspection_cpp.hpp
[1.765s] -- Up-to-date symlink: /home/dbot2/dbot_vda5050_ilmatar/install/vda5050_msgs/include/vda5050_msgs/vda5050_msgs/msg/detail/action_parameter_definition__rosidl_typesupport_introspection_cpp.hpp
[1.765s] -- Up-to-date symlink: /home/dbot2/dbot_vda5050_ilmatar/install/vda5050_msgs/include/vda5050_msgs/vda5050_msgs/msg/detail/agv_action__rosidl_typesupport_introspection_cpp.hpp
[1.765s] -- Up-to-date symlink: /home/dbot2/dbot_vda5050_ilmatar/install/vda5050_msgs/include/vda5050_msgs/vda5050_msgs/msg/detail/agv_geometry__rosidl_typesupport_introspection_cpp.hpp
[1.765s] -- Up-to-date symlink: /home/dbot2/dbot_vda5050_ilmatar/install/vda5050_msgs/include/vda5050_msgs/vda5050_msgs/msg/detail/agv_position__rosidl_typesupport_introspection_cpp.hpp
[1.765s] -- Up-to-date symlink: /home/dbot2/dbot_vda5050_ilmatar/install/vda5050_msgs/include/vda5050_msgs/vda5050_msgs/msg/detail/battery_state__rosidl_typesupport_introspection_cpp.hpp
[1.765s] -- Up-to-date symlink: /home/dbot2/dbot_vda5050_ilmatar/install/vda5050_msgs/include/vda5050_msgs/vda5050_msgs/msg/detail/bounding_box_reference__rosidl_typesupport_introspection_cpp.hpp
[1.765s] -- Up-to-date symlink: /home/dbot2/dbot_vda5050_ilmatar/install/vda5050_msgs/include/vda5050_msgs/vda5050_msgs/msg/detail/connection__rosidl_typesupport_introspection_cpp.hpp
[1.766s] -- Up-to-date symlink: /home/dbot2/dbot_vda5050_ilmatar/install/vda5050_msgs/include/vda5050_msgs/vda5050_msgs/msg/detail/control_point__rosidl_typesupport_introspection_cpp.hpp
[1.766s] -- Up-to-date symlink: /home/dbot2/dbot_vda5050_ilmatar/install/vda5050_msgs/include/vda5050_msgs/vda5050_msgs/msg/detail/current_action__rosidl_typesupport_introspection_cpp.hpp
[1.766s] -- Up-to-date symlink: /home/dbot2/dbot_vda5050_ilmatar/install/vda5050_msgs/include/vda5050_msgs/vda5050_msgs/msg/detail/edge__rosidl_typesupport_introspection_cpp.hpp
[1.766s] -- Up-to-date symlink: /home/dbot2/dbot_vda5050_ilmatar/install/vda5050_msgs/include/vda5050_msgs/vda5050_msgs/msg/detail/edge_state__rosidl_typesupport_introspection_cpp.hpp
[1.766s] -- Up-to-date symlink: /home/dbot2/dbot_vda5050_ilmatar/install/vda5050_msgs/include/vda5050_msgs/vda5050_msgs/msg/detail/envelope2_d__rosidl_typesupport_introspection_cpp.hpp
[1.766s] -- Up-to-date symlink: /home/dbot2/dbot_vda5050_ilmatar/install/vda5050_msgs/include/vda5050_msgs/vda5050_msgs/msg/detail/envelope3_d__rosidl_typesupport_introspection_cpp.hpp
[1.766s] -- Up-to-date symlink: /home/dbot2/dbot_vda5050_ilmatar/install/vda5050_msgs/include/vda5050_msgs/vda5050_msgs/msg/detail/error__rosidl_typesupport_introspection_cpp.hpp
[1.766s] -- Up-to-date symlink: /home/dbot2/dbot_vda5050_ilmatar/install/vda5050_msgs/include/vda5050_msgs/vda5050_msgs/msg/detail/error_reference__rosidl_typesupport_introspection_cpp.hpp
[1.769s] -- Up-to-date symlink: /home/dbot2/dbot_vda5050_ilmatar/install/vda5050_msgs/include/vda5050_msgs/vda5050_msgs/msg/detail/factsheet__rosidl_typesupport_introspection_cpp.hpp
[1.769s] -- Up-to-date symlink: /home/dbot2/dbot_vda5050_ilmatar/install/vda5050_msgs/include/vda5050_msgs/vda5050_msgs/msg/detail/header__rosidl_typesupport_introspection_cpp.hpp
[1.769s] -- Up-to-date symlink: /home/dbot2/dbot_vda5050_ilmatar/install/vda5050_msgs/include/vda5050_msgs/vda5050_msgs/msg/detail/info__rosidl_typesupport_introspection_cpp.hpp
[1.769s] -- Up-to-date symlink: /home/dbot2/dbot_vda5050_ilmatar/install/vda5050_msgs/include/vda5050_msgs/vda5050_msgs/msg/detail/info_reference__rosidl_typesupport_introspection_cpp.hpp
[1.769s] -- Up-to-date symlink: /home/dbot2/dbot_vda5050_ilmatar/install/vda5050_msgs/include/vda5050_msgs/vda5050_msgs/msg/detail/instant_actions__rosidl_typesupport_introspection_cpp.hpp
[1.769s] -- Up-to-date symlink: /home/dbot2/dbot_vda5050_ilmatar/install/vda5050_msgs/include/vda5050_msgs/vda5050_msgs/msg/detail/load__rosidl_typesupport_introspection_cpp.hpp
[1.769s] -- Up-to-date symlink: /home/dbot2/dbot_vda5050_ilmatar/install/vda5050_msgs/include/vda5050_msgs/vda5050_msgs/msg/detail/load_dimensions__rosidl_typesupport_introspection_cpp.hpp
[1.769s] -- Up-to-date symlink: /home/dbot2/dbot_vda5050_ilmatar/install/vda5050_msgs/include/vda5050_msgs/vda5050_msgs/msg/detail/load_set__rosidl_typesupport_introspection_cpp.hpp
[1.770s] -- Up-to-date symlink: /home/dbot2/dbot_vda5050_ilmatar/install/vda5050_msgs/include/vda5050_msgs/vda5050_msgs/msg/detail/load_specification__rosidl_typesupport_introspection_cpp.hpp
[1.770s] -- Up-to-date symlink: /home/dbot2/dbot_vda5050_ilmatar/install/vda5050_msgs/include/vda5050_msgs/vda5050_msgs/msg/detail/max_array_lens__rosidl_typesupport_introspection_cpp.hpp
[1.771s] -- Up-to-date symlink: /home/dbot2/dbot_vda5050_ilmatar/install/vda5050_msgs/include/vda5050_msgs/vda5050_msgs/msg/detail/max_string_lens__rosidl_typesupport_introspection_cpp.hpp
[1.771s] -- Up-to-date symlink: /home/dbot2/dbot_vda5050_ilmatar/install/vda5050_msgs/include/vda5050_msgs/vda5050_msgs/msg/detail/node__rosidl_typesupport_introspection_cpp.hpp
[1.771s] -- Up-to-date symlink: /home/dbot2/dbot_vda5050_ilmatar/install/vda5050_msgs/include/vda5050_msgs/vda5050_msgs/msg/detail/node_position__rosidl_typesupport_introspection_cpp.hpp
[1.771s] -- Up-to-date symlink: /home/dbot2/dbot_vda5050_ilmatar/install/vda5050_msgs/include/vda5050_msgs/vda5050_msgs/msg/detail/node_state__rosidl_typesupport_introspection_cpp.hpp
[1.771s] -- Up-to-date symlink: /home/dbot2/dbot_vda5050_ilmatar/install/vda5050_msgs/include/vda5050_msgs/vda5050_msgs/msg/detail/optional_parameter__rosidl_typesupport_introspection_cpp.hpp
[1.772s] -- Up-to-date symlink: /home/dbot2/dbot_vda5050_ilmatar/install/vda5050_msgs/include/vda5050_msgs/vda5050_msgs/msg/detail/order__rosidl_typesupport_introspection_cpp.hpp
[1.773s] -- Up-to-date symlink: /home/dbot2/dbot_vda5050_ilmatar/install/vda5050_msgs/include/vda5050_msgs/vda5050_msgs/msg/detail/order_state__rosidl_typesupport_introspection_cpp.hpp
[1.773s] -- Up-to-date symlink: /home/dbot2/dbot_vda5050_ilmatar/install/vda5050_msgs/include/vda5050_msgs/vda5050_msgs/msg/detail/physical_parameters__rosidl_typesupport_introspection_cpp.hpp
[1.773s] -- Up-to-date symlink: /home/dbot2/dbot_vda5050_ilmatar/install/vda5050_msgs/include/vda5050_msgs/vda5050_msgs/msg/detail/polygon_point__rosidl_typesupport_introspection_cpp.hpp
[1.773s] -- Up-to-date symlink: /home/dbot2/dbot_vda5050_ilmatar/install/vda5050_msgs/include/vda5050_msgs/vda5050_msgs/msg/detail/position__rosidl_typesupport_introspection_cpp.hpp
[1.773s] -- Up-to-date symlink: /home/dbot2/dbot_vda5050_ilmatar/install/vda5050_msgs/include/vda5050_msgs/vda5050_msgs/msg/detail/protocol_features__rosidl_typesupport_introspection_cpp.hpp
[1.774s] -- Up-to-date symlink: /home/dbot2/dbot_vda5050_ilmatar/install/vda5050_msgs/include/vda5050_msgs/vda5050_msgs/msg/detail/protocol_limits__rosidl_typesupport_introspection_cpp.hpp
[1.774s] -- Up-to-date symlink: /home/dbot2/dbot_vda5050_ilmatar/install/vda5050_msgs/include/vda5050_msgs/vda5050_msgs/msg/detail/safety_state__rosidl_typesupport_introspection_cpp.hpp
[1.774s] -- Up-to-date symlink: /home/dbot2/dbot_vda5050_ilmatar/install/vda5050_msgs/include/vda5050_msgs/vda5050_msgs/msg/detail/timing__rosidl_typesupport_introspection_cpp.hpp
[1.775s] -- Up-to-date symlink: /home/dbot2/dbot_vda5050_ilmatar/install/vda5050_msgs/include/vda5050_msgs/vda5050_msgs/msg/detail/trajectory__rosidl_typesupport_introspection_cpp.hpp
[1.776s] -- Up-to-date symlink: /home/dbot2/dbot_vda5050_ilmatar/install/vda5050_msgs/include/vda5050_msgs/vda5050_msgs/msg/detail/type_specification__rosidl_typesupport_introspection_cpp.hpp
[1.776s] -- Up-to-date symlink: /home/dbot2/dbot_vda5050_ilmatar/install/vda5050_msgs/include/vda5050_msgs/vda5050_msgs/msg/detail/velocity__rosidl_typesupport_introspection_cpp.hpp
[1.776s] -- Up-to-date symlink: /home/dbot2/dbot_vda5050_ilmatar/install/vda5050_msgs/include/vda5050_msgs/vda5050_msgs/msg/detail/visualization__rosidl_typesupport_introspection_cpp.hpp
[1.776s] -- Up-to-date symlink: /home/dbot2/dbot_vda5050_ilmatar/install/vda5050_msgs/include/vda5050_msgs/vda5050_msgs/msg/detail/wheel_definition__rosidl_typesupport_introspection_cpp.hpp
[1.776s] -- Up-to-date symlink: /home/dbot2/dbot_vda5050_ilmatar/install/vda5050_msgs/share/vda5050_msgs/environment/pythonpath.sh
[1.776s] -- Up-to-date symlink: /home/dbot2/dbot_vda5050_ilmatar/install/vda5050_msgs/share/vda5050_msgs/environment/pythonpath.dsv
[1.776s] -- Up-to-date symlink: /home/dbot2/dbot_vda5050_ilmatar/install/vda5050_msgs/local/lib/python3.10/dist-packages/vda5050_msgs-1.1.1-py3.10.egg-info/PKG-INFO
[1.777s] -- Up-to-date symlink: /home/dbot2/dbot_vda5050_ilmatar/install/vda5050_msgs/local/lib/python3.10/dist-packages/vda5050_msgs-1.1.1-py3.10.egg-info/SOURCES.txt
[1.777s] -- Up-to-date symlink: /home/dbot2/dbot_vda5050_ilmatar/install/vda5050_msgs/local/lib/python3.10/dist-packages/vda5050_msgs-1.1.1-py3.10.egg-info/dependency_links.txt
[1.777s] -- Up-to-date symlink: /home/dbot2/dbot_vda5050_ilmatar/install/vda5050_msgs/local/lib/python3.10/dist-packages/vda5050_msgs-1.1.1-py3.10.egg-info/top_level.txt
[1.780s] -- Up-to-date symlink: /home/dbot2/dbot_vda5050_ilmatar/install/vda5050_msgs/local/lib/python3.10/dist-packages/vda5050_msgs/__init__.py
[1.780s] -- Up-to-date symlink: /home/dbot2/dbot_vda5050_ilmatar/install/vda5050_msgs/local/lib/python3.10/dist-packages/vda5050_msgs/_vda5050_msgs_s.ep.rosidl_typesupport_c.c
[1.780s] -- Up-to-date symlink: /home/dbot2/dbot_vda5050_ilmatar/install/vda5050_msgs/local/lib/python3.10/dist-packages/vda5050_msgs/_vda5050_msgs_s.ep.rosidl_typesupport_fastrtps_c.c
[1.780s] -- Up-to-date symlink: /home/dbot2/dbot_vda5050_ilmatar/install/vda5050_msgs/local/lib/python3.10/dist-packages/vda5050_msgs/_vda5050_msgs_s.ep.rosidl_typesupport_introspection_c.c
[1.780s] -- Up-to-date symlink: /home/dbot2/dbot_vda5050_ilmatar/install/vda5050_msgs/local/lib/python3.10/dist-packages/vda5050_msgs/libvda5050_msgs__rosidl_generator_py.so
[1.780s] -- Up-to-date symlink: /home/dbot2/dbot_vda5050_ilmatar/install/vda5050_msgs/local/lib/python3.10/dist-packages/vda5050_msgs/msg/__init__.py
[1.780s] -- Up-to-date symlink: /home/dbot2/dbot_vda5050_ilmatar/install/vda5050_msgs/local/lib/python3.10/dist-packages/vda5050_msgs/msg/_action.py
[1.780s] -- Up-to-date symlink: /home/dbot2/dbot_vda5050_ilmatar/install/vda5050_msgs/local/lib/python3.10/dist-packages/vda5050_msgs/msg/_action_parameter.py
[1.780s] -- Up-to-date symlink: /home/dbot2/dbot_vda5050_ilmatar/install/vda5050_msgs/local/lib/python3.10/dist-packages/vda5050_msgs/msg/_action_parameter_definition.py
[1.781s] -- Up-to-date symlink: /home/dbot2/dbot_vda5050_ilmatar/install/vda5050_msgs/local/lib/python3.10/dist-packages/vda5050_msgs/msg/_action_parameter_definition_s.c
[1.783s] -- Up-to-date symlink: /home/dbot2/dbot_vda5050_ilmatar/install/vda5050_msgs/local/lib/python3.10/dist-packages/vda5050_msgs/msg/_action_parameter_s.c
[1.783s] -- Up-to-date symlink: /home/dbot2/dbot_vda5050_ilmatar/install/vda5050_msgs/local/lib/python3.10/dist-packages/vda5050_msgs/msg/_action_s.c
[1.783s] -- Up-to-date symlink: /home/dbot2/dbot_vda5050_ilmatar/install/vda5050_msgs/local/lib/python3.10/dist-packages/vda5050_msgs/msg/_agv_action.py
[1.783s] -- Up-to-date symlink: /home/dbot2/dbot_vda5050_ilmatar/install/vda5050_msgs/local/lib/python3.10/dist-packages/vda5050_msgs/msg/_agv_action_s.c
[1.783s] -- Up-to-date symlink: /home/dbot2/dbot_vda5050_ilmatar/install/vda5050_msgs/local/lib/python3.10/dist-packages/vda5050_msgs/msg/_agv_geometry.py
[1.783s] -- Up-to-date symlink: /home/dbot2/dbot_vda5050_ilmatar/install/vda5050_msgs/local/lib/python3.10/dist-packages/vda5050_msgs/msg/_agv_geometry_s.c
[1.783s] -- Up-to-date symlink: /home/dbot2/dbot_vda5050_ilmatar/install/vda5050_msgs/local/lib/python3.10/dist-packages/vda5050_msgs/msg/_agv_position.py
[1.783s] -- Up-to-date symlink: /home/dbot2/dbot_vda5050_ilmatar/install/vda5050_msgs/local/lib/python3.10/dist-packages/vda5050_msgs/msg/_agv_position_s.c
[1.783s] -- Up-to-date symlink: /home/dbot2/dbot_vda5050_ilmatar/install/vda5050_msgs/local/lib/python3.10/dist-packages/vda5050_msgs/msg/_battery_state.py
[1.783s] -- Up-to-date symlink: /home/dbot2/dbot_vda5050_ilmatar/install/vda5050_msgs/local/lib/python3.10/dist-packages/vda5050_msgs/msg/_battery_state_s.c
[1.784s] -- Up-to-date symlink: /home/dbot2/dbot_vda5050_ilmatar/install/vda5050_msgs/local/lib/python3.10/dist-packages/vda5050_msgs/msg/_bounding_box_reference.py
[1.784s] -- Up-to-date symlink: /home/dbot2/dbot_vda5050_ilmatar/install/vda5050_msgs/local/lib/python3.10/dist-packages/vda5050_msgs/msg/_bounding_box_reference_s.c
[1.784s] -- Up-to-date symlink: /home/dbot2/dbot_vda5050_ilmatar/install/vda5050_msgs/local/lib/python3.10/dist-packages/vda5050_msgs/msg/_connection.py
[1.784s] -- Up-to-date symlink: /home/dbot2/dbot_vda5050_ilmatar/install/vda5050_msgs/local/lib/python3.10/dist-packages/vda5050_msgs/msg/_connection_s.c
[1.784s] -- Up-to-date symlink: /home/dbot2/dbot_vda5050_ilmatar/install/vda5050_msgs/local/lib/python3.10/dist-packages/vda5050_msgs/msg/_control_point.py
[1.785s] -- Up-to-date symlink: /home/dbot2/dbot_vda5050_ilmatar/install/vda5050_msgs/local/lib/python3.10/dist-packages/vda5050_msgs/msg/_control_point_s.c
[1.785s] -- Up-to-date symlink: /home/dbot2/dbot_vda5050_ilmatar/install/vda5050_msgs/local/lib/python3.10/dist-packages/vda5050_msgs/msg/_current_action.py
[1.785s] -- Up-to-date symlink: /home/dbot2/dbot_vda5050_ilmatar/install/vda5050_msgs/local/lib/python3.10/dist-packages/vda5050_msgs/msg/_current_action_s.c
[1.785s] -- Up-to-date symlink: /home/dbot2/dbot_vda5050_ilmatar/install/vda5050_msgs/local/lib/python3.10/dist-packages/vda5050_msgs/msg/_edge.py
[1.785s] -- Up-to-date symlink: /home/dbot2/dbot_vda5050_ilmatar/install/vda5050_msgs/local/lib/python3.10/dist-packages/vda5050_msgs/msg/_edge_s.c
[1.785s] -- Up-to-date symlink: /home/dbot2/dbot_vda5050_ilmatar/install/vda5050_msgs/local/lib/python3.10/dist-packages/vda5050_msgs/msg/_edge_state.py
[1.786s] -- Up-to-date symlink: /home/dbot2/dbot_vda5050_ilmatar/install/vda5050_msgs/local/lib/python3.10/dist-packages/vda5050_msgs/msg/_edge_state_s.c
[1.786s] -- Up-to-date symlink: /home/dbot2/dbot_vda5050_ilmatar/install/vda5050_msgs/local/lib/python3.10/dist-packages/vda5050_msgs/msg/_envelope2_d.py
[1.786s] -- Up-to-date symlink: /home/dbot2/dbot_vda5050_ilmatar/install/vda5050_msgs/local/lib/python3.10/dist-packages/vda5050_msgs/msg/_envelope2_d_s.c
[1.786s] -- Up-to-date symlink: /home/dbot2/dbot_vda5050_ilmatar/install/vda5050_msgs/local/lib/python3.10/dist-packages/vda5050_msgs/msg/_envelope3_d.py
[1.786s] -- Up-to-date symlink: /home/dbot2/dbot_vda5050_ilmatar/install/vda5050_msgs/local/lib/python3.10/dist-packages/vda5050_msgs/msg/_envelope3_d_s.c
[1.786s] -- Up-to-date symlink: /home/dbot2/dbot_vda5050_ilmatar/install/vda5050_msgs/local/lib/python3.10/dist-packages/vda5050_msgs/msg/_error.py
[1.789s] -- Up-to-date symlink: /home/dbot2/dbot_vda5050_ilmatar/install/vda5050_msgs/local/lib/python3.10/dist-packages/vda5050_msgs/msg/_error_reference.py
[1.789s] -- Up-to-date symlink: /home/dbot2/dbot_vda5050_ilmatar/install/vda5050_msgs/local/lib/python3.10/dist-packages/vda5050_msgs/msg/_error_reference_s.c
[1.789s] -- Up-to-date symlink: /home/dbot2/dbot_vda5050_ilmatar/install/vda5050_msgs/local/lib/python3.10/dist-packages/vda5050_msgs/msg/_error_s.c
[1.789s] -- Up-to-date symlink: /home/dbot2/dbot_vda5050_ilmatar/install/vda5050_msgs/local/lib/python3.10/dist-packages/vda5050_msgs/msg/_factsheet.py
[1.789s] -- Up-to-date symlink: /home/dbot2/dbot_vda5050_ilmatar/install/vda5050_msgs/local/lib/python3.10/dist-packages/vda5050_msgs/msg/_factsheet_s.c
[1.789s] -- Up-to-date symlink: /home/dbot2/dbot_vda5050_ilmatar/install/vda5050_msgs/local/lib/python3.10/dist-packages/vda5050_msgs/msg/_header.py
[1.789s] -- Up-to-date symlink: /home/dbot2/dbot_vda5050_ilmatar/install/vda5050_msgs/local/lib/python3.10/dist-packages/vda5050_msgs/msg/_header_s.c
[1.789s] -- Up-to-date symlink: /home/dbot2/dbot_vda5050_ilmatar/install/vda5050_msgs/local/lib/python3.10/dist-packages/vda5050_msgs/msg/_info.py
[1.789s] -- Up-to-date symlink: /home/dbot2/dbot_vda5050_ilmatar/install/vda5050_msgs/local/lib/python3.10/dist-packages/vda5050_msgs/msg/_info_reference.py
[1.789s] -- Up-to-date symlink: /home/dbot2/dbot_vda5050_ilmatar/install/vda5050_msgs/local/lib/python3.10/dist-packages/vda5050_msgs/msg/_info_reference_s.c
[1.790s] -- Up-to-date symlink: /home/dbot2/dbot_vda5050_ilmatar/install/vda5050_msgs/local/lib/python3.10/dist-packages/vda5050_msgs/msg/_info_s.c
[1.790s] -- Up-to-date symlink: /home/dbot2/dbot_vda5050_ilmatar/install/vda5050_msgs/local/lib/python3.10/dist-packages/vda5050_msgs/msg/_instant_actions.py
[1.790s] -- Up-to-date symlink: /home/dbot2/dbot_vda5050_ilmatar/install/vda5050_msgs/local/lib/python3.10/dist-packages/vda5050_msgs/msg/_instant_actions_s.c
[1.790s] -- Up-to-date symlink: /home/dbot2/dbot_vda5050_ilmatar/install/vda5050_msgs/local/lib/python3.10/dist-packages/vda5050_msgs/msg/_load.py
[1.790s] -- Up-to-date symlink: /home/dbot2/dbot_vda5050_ilmatar/install/vda5050_msgs/local/lib/python3.10/dist-packages/vda5050_msgs/msg/_load_dimensions.py
[1.790s] -- Up-to-date symlink: /home/dbot2/dbot_vda5050_ilmatar/install/vda5050_msgs/local/lib/python3.10/dist-packages/vda5050_msgs/msg/_load_dimensions_s.c
[1.792s] -- Up-to-date symlink: /home/dbot2/dbot_vda5050_ilmatar/install/vda5050_msgs/local/lib/python3.10/dist-packages/vda5050_msgs/msg/_load_s.c
[1.792s] -- Up-to-date symlink: /home/dbot2/dbot_vda5050_ilmatar/install/vda5050_msgs/local/lib/python3.10/dist-packages/vda5050_msgs/msg/_load_set.py
[1.792s] -- Up-to-date symlink: /home/dbot2/dbot_vda5050_ilmatar/install/vda5050_msgs/local/lib/python3.10/dist-packages/vda5050_msgs/msg/_load_set_s.c
[1.792s] -- Up-to-date symlink: /home/dbot2/dbot_vda5050_ilmatar/install/vda5050_msgs/local/lib/python3.10/dist-packages/vda5050_msgs/msg/_load_specification.py
[1.792s] -- Up-to-date symlink: /home/dbot2/dbot_vda5050_ilmatar/install/vda5050_msgs/local/lib/python3.10/dist-packages/vda5050_msgs/msg/_load_specification_s.c
[1.793s] -- Up-to-date symlink: /home/dbot2/dbot_vda5050_ilmatar/install/vda5050_msgs/local/lib/python3.10/dist-packages/vda5050_msgs/msg/_max_array_lens.py
[1.793s] -- Up-to-date symlink: /home/dbot2/dbot_vda5050_ilmatar/install/vda5050_msgs/local/lib/python3.10/dist-packages/vda5050_msgs/msg/_max_array_lens_s.c
[1.793s] -- Up-to-date symlink: /home/dbot2/dbot_vda5050_ilmatar/install/vda5050_msgs/local/lib/python3.10/dist-packages/vda5050_msgs/msg/_max_string_lens.py
[1.793s] -- Up-to-date symlink: /home/dbot2/dbot_vda5050_ilmatar/install/vda5050_msgs/local/lib/python3.10/dist-packages/vda5050_msgs/msg/_max_string_lens_s.c
[1.793s] -- Up-to-date symlink: /home/dbot2/dbot_vda5050_ilmatar/install/vda5050_msgs/local/lib/python3.10/dist-packages/vda5050_msgs/msg/_node.py
[1.793s] -- Up-to-date symlink: /home/dbot2/dbot_vda5050_ilmatar/install/vda5050_msgs/local/lib/python3.10/dist-packages/vda5050_msgs/msg/_node_position.py
[1.793s] -- Up-to-date symlink: /home/dbot2/dbot_vda5050_ilmatar/install/vda5050_msgs/local/lib/python3.10/dist-packages/vda5050_msgs/msg/_node_position_s.c
[1.793s] -- Up-to-date symlink: /home/dbot2/dbot_vda5050_ilmatar/install/vda5050_msgs/local/lib/python3.10/dist-packages/vda5050_msgs/msg/_node_s.c
[1.793s] -- Up-to-date symlink: /home/dbot2/dbot_vda5050_ilmatar/install/vda5050_msgs/local/lib/python3.10/dist-packages/vda5050_msgs/msg/_node_state.py
[1.793s] -- Up-to-date symlink: /home/dbot2/dbot_vda5050_ilmatar/install/vda5050_msgs/local/lib/python3.10/dist-packages/vda5050_msgs/msg/_node_state_s.c
[1.793s] -- Up-to-date symlink: /home/dbot2/dbot_vda5050_ilmatar/install/vda5050_msgs/local/lib/python3.10/dist-packages/vda5050_msgs/msg/_optional_parameter.py
[1.793s] -- Up-to-date symlink: /home/dbot2/dbot_vda5050_ilmatar/install/vda5050_msgs/local/lib/python3.10/dist-packages/vda5050_msgs/msg/_optional_parameter_s.c
[1.793s] -- Up-to-date symlink: /home/dbot2/dbot_vda5050_ilmatar/install/vda5050_msgs/local/lib/python3.10/dist-packages/vda5050_msgs/msg/_order.py
[1.793s] -- Up-to-date symlink: /home/dbot2/dbot_vda5050_ilmatar/install/vda5050_msgs/local/lib/python3.10/dist-packages/vda5050_msgs/msg/_order_s.c
[1.793s] -- Up-to-date symlink: /home/dbot2/dbot_vda5050_ilmatar/install/vda5050_msgs/local/lib/python3.10/dist-packages/vda5050_msgs/msg/_order_state.py
[1.793s] -- Up-to-date symlink: /home/dbot2/dbot_vda5050_ilmatar/install/vda5050_msgs/local/lib/python3.10/dist-packages/vda5050_msgs/msg/_order_state_s.c
[1.794s] -- Up-to-date symlink: /home/dbot2/dbot_vda5050_ilmatar/install/vda5050_msgs/local/lib/python3.10/dist-packages/vda5050_msgs/msg/_physical_parameters.py
[1.794s] -- Up-to-date symlink: /home/dbot2/dbot_vda5050_ilmatar/install/vda5050_msgs/local/lib/python3.10/dist-packages/vda5050_msgs/msg/_physical_parameters_s.c
[1.797s] -- Up-to-date symlink: /home/dbot2/dbot_vda5050_ilmatar/install/vda5050_msgs/local/lib/python3.10/dist-packages/vda5050_msgs/msg/_polygon_point.py
[1.797s] -- Up-to-date symlink: /home/dbot2/dbot_vda5050_ilmatar/install/vda5050_msgs/local/lib/python3.10/dist-packages/vda5050_msgs/msg/_polygon_point_s.c
[1.798s] -- Up-to-date symlink: /home/dbot2/dbot_vda5050_ilmatar/install/vda5050_msgs/local/lib/python3.10/dist-packages/vda5050_msgs/msg/_position.py
[1.798s] -- Up-to-date symlink: /home/dbot2/dbot_vda5050_ilmatar/install/vda5050_msgs/local/lib/python3.10/dist-packages/vda5050_msgs/msg/_position_s.c
[1.798s] -- Up-to-date symlink: /home/dbot2/dbot_vda5050_ilmatar/install/vda5050_msgs/local/lib/python3.10/dist-packages/vda5050_msgs/msg/_protocol_features.py
[1.798s] -- Up-to-date symlink: /home/dbot2/dbot_vda5050_ilmatar/install/vda5050_msgs/local/lib/python3.10/dist-packages/vda5050_msgs/msg/_protocol_features_s.c
[1.798s] -- Up-to-date symlink: /home/dbot2/dbot_vda5050_ilmatar/install/vda5050_msgs/local/lib/python3.10/dist-packages/vda5050_msgs/msg/_protocol_limits.py
[1.798s] -- Up-to-date symlink: /home/dbot2/dbot_vda5050_ilmatar/install/vda5050_msgs/local/lib/python3.10/dist-packages/vda5050_msgs/msg/_protocol_limits_s.c
[1.798s] -- Up-to-date symlink: /home/dbot2/dbot_vda5050_ilmatar/install/vda5050_msgs/local/lib/python3.10/dist-packages/vda5050_msgs/msg/_safety_state.py
[1.798s] -- Up-to-date symlink: /home/dbot2/dbot_vda5050_ilmatar/install/vda5050_msgs/local/lib/python3.10/dist-packages/vda5050_msgs/msg/_safety_state_s.c
[1.798s] -- Up-to-date symlink: /home/dbot2/dbot_vda5050_ilmatar/install/vda5050_msgs/local/lib/python3.10/dist-packages/vda5050_msgs/msg/_timing.py
[1.798s] -- Up-to-date symlink: /home/dbot2/dbot_vda5050_ilmatar/install/vda5050_msgs/local/lib/python3.10/dist-packages/vda5050_msgs/msg/_timing_s.c
[1.799s] -- Up-to-date symlink: /home/dbot2/dbot_vda5050_ilmatar/install/vda5050_msgs/local/lib/python3.10/dist-packages/vda5050_msgs/msg/_trajectory.py
[1.799s] -- Up-to-date symlink: /home/dbot2/dbot_vda5050_ilmatar/install/vda5050_msgs/local/lib/python3.10/dist-packages/vda5050_msgs/msg/_trajectory_s.c
[1.799s] -- Up-to-date symlink: /home/dbot2/dbot_vda5050_ilmatar/install/vda5050_msgs/local/lib/python3.10/dist-packages/vda5050_msgs/msg/_type_specification.py
[1.799s] -- Up-to-date symlink: /home/dbot2/dbot_vda5050_ilmatar/install/vda5050_msgs/local/lib/python3.10/dist-packages/vda5050_msgs/msg/_type_specification_s.c
[1.799s] -- Up-to-date symlink: /home/dbot2/dbot_vda5050_ilmatar/install/vda5050_msgs/local/lib/python3.10/dist-packages/vda5050_msgs/msg/_velocity.py
[1.799s] -- Up-to-date symlink: /home/dbot2/dbot_vda5050_ilmatar/install/vda5050_msgs/local/lib/python3.10/dist-packages/vda5050_msgs/msg/_velocity_s.c
[1.799s] -- Up-to-date symlink: /home/dbot2/dbot_vda5050_ilmatar/install/vda5050_msgs/local/lib/python3.10/dist-packages/vda5050_msgs/msg/_visualization.py
[1.799s] -- Up-to-date symlink: /home/dbot2/dbot_vda5050_ilmatar/install/vda5050_msgs/local/lib/python3.10/dist-packages/vda5050_msgs/msg/_visualization_s.c
[1.799s] -- Up-to-date symlink: /home/dbot2/dbot_vda5050_ilmatar/install/vda5050_msgs/local/lib/python3.10/dist-packages/vda5050_msgs/msg/_wheel_definition.py
[1.799s] -- Up-to-date symlink: /home/dbot2/dbot_vda5050_ilmatar/install/vda5050_msgs/local/lib/python3.10/dist-packages/vda5050_msgs/msg/_wheel_definition_s.c
[1.799s] -- Up-to-date symlink: /home/dbot2/dbot_vda5050_ilmatar/install/vda5050_msgs/local/lib/python3.10/dist-packages/vda5050_msgs/vda5050_msgs_s__rosidl_typesupport_c.cpython-310-x86_64-linux-gnu.so
[1.799s] -- Up-to-date symlink: /home/dbot2/dbot_vda5050_ilmatar/install/vda5050_msgs/local/lib/python3.10/dist-packages/vda5050_msgs/vda5050_msgs_s__rosidl_typesupport_fastrtps_c.cpython-310-x86_64-linux-gnu.so
[1.799s] -- Up-to-date symlink: /home/dbot2/dbot_vda5050_ilmatar/install/vda5050_msgs/local/lib/python3.10/dist-packages/vda5050_msgs/vda5050_msgs_s__rosidl_typesupport_introspection_c.cpython-310-x86_64-linux-gnu.so
[1.799s] -- Up-to-date symlink: /home/dbot2/dbot_vda5050_ilmatar/install/vda5050_msgs/local/lib/python3.10/dist-packages/vda5050_msgs/vda5050_msgs_s__rosidl_typesupport_fastrtps_c.cpython-310-x86_64-linux-gnu.so
[1.800s] -- Up-to-date symlink: /home/dbot2/dbot_vda5050_ilmatar/install/vda5050_msgs/local/lib/python3.10/dist-packages/vda5050_msgs/vda5050_msgs_s__rosidl_typesupport_introspection_c.cpython-310-x86_64-linux-gnu.so
[1.800s] -- Up-to-date symlink: /home/dbot2/dbot_vda5050_ilmatar/install/vda5050_msgs/local/lib/python3.10/dist-packages/vda5050_msgs/vda5050_msgs_s__rosidl_typesupport_c.cpython-310-x86_64-linux-gnu.so
[1.800s] -- Up-to-date symlink: /home/dbot2/dbot_vda5050_ilmatar/install/vda5050_msgs/share/vda5050_msgs/msg/Action.idl
[1.800s] -- Up-to-date symlink: /home/dbot2/dbot_vda5050_ilmatar/install/vda5050_msgs/share/vda5050_msgs/msg/ActionParameter.idl
[1.800s] -- Up-to-date symlink: /home/dbot2/dbot_vda5050_ilmatar/install/vda5050_msgs/share/vda5050_msgs/msg/ActionParameterDefinition.idl
[1.800s] -- Up-to-date symlink: /home/dbot2/dbot_vda5050_ilmatar/install/vda5050_msgs/share/vda5050_msgs/msg/AGVAction.idl
[1.804s] -- Up-to-date symlink: /home/dbot2/dbot_vda5050_ilmatar/install/vda5050_msgs/share/vda5050_msgs/msg/AGVGeometry.idl
[1.804s] -- Up-to-date symlink: /home/dbot2/dbot_vda5050_ilmatar/install/vda5050_msgs/share/vda5050_msgs/msg/AGVPosition.idl
[1.804s] -- Up-to-date symlink: /home/dbot2/dbot_vda5050_ilmatar/install/vda5050_msgs/share/vda5050_msgs/msg/BatteryState.idl
[1.804s] -- Up-to-date symlink: /home/dbot2/dbot_vda5050_ilmatar/install/vda5050_msgs/share/vda5050_msgs/msg/BoundingBoxReference.idl
[1.804s] -- Up-to-date symlink: /home/dbot2/dbot_vda5050_ilmatar/install/vda5050_msgs/share/vda5050_msgs/msg/Connection.idl
[1.804s] -- Up-to-date symlink: /home/dbot2/dbot_vda5050_ilmatar/install/vda5050_msgs/share/vda5050_msgs/msg/ControlPoint.idl
[1.804s] -- Up-to-date symlink: /home/dbot2/dbot_vda5050_ilmatar/install/vda5050_msgs/share/vda5050_msgs/msg/CurrentAction.idl
[1.804s] -- Up-to-date symlink: /home/dbot2/dbot_vda5050_ilmatar/install/vda5050_msgs/share/vda5050_msgs/msg/Edge.idl
[1.805s] -- Up-to-date symlink: /home/dbot2/dbot_vda5050_ilmatar/install/vda5050_msgs/share/vda5050_msgs/msg/EdgeState.idl
[1.805s] -- Up-to-date symlink: /home/dbot2/dbot_vda5050_ilmatar/install/vda5050_msgs/share/vda5050_msgs/msg/Envelope2D.idl
[1.805s] -- Up-to-date symlink: /home/dbot2/dbot_vda5050_ilmatar/install/vda5050_msgs/share/vda5050_msgs/msg/Envelope3D.idl
[1.805s] -- Up-to-date symlink: /home/dbot2/dbot_vda5050_ilmatar/install/vda5050_msgs/share/vda5050_msgs/msg/Error.idl
[1.805s] -- Up-to-date symlink: /home/dbot2/dbot_vda5050_ilmatar/install/vda5050_msgs/share/vda5050_msgs/msg/ErrorReference.idl
[1.805s] -- Up-to-date symlink: /home/dbot2/dbot_vda5050_ilmatar/install/vda5050_msgs/share/vda5050_msgs/msg/Factsheet.idl
[1.805s] -- Up-to-date symlink: /home/dbot2/dbot_vda5050_ilmatar/install/vda5050_msgs/share/vda5050_msgs/msg/Info.idl
[1.805s] -- Up-to-date symlink: /home/dbot2/dbot_vda5050_ilmatar/install/vda5050_msgs/share/vda5050_msgs/msg/InfoReference.idl
[1.805s] -- Up-to-date symlink: /home/dbot2/dbot_vda5050_ilmatar/install/vda5050_msgs/share/vda5050_msgs/msg/Header.idl
[1.805s] -- Up-to-date symlink: /home/dbot2/dbot_vda5050_ilmatar/install/vda5050_msgs/share/vda5050_msgs/msg/InstantActions.idl
[1.808s] -- Up-to-date symlink: /home/dbot2/dbot_vda5050_ilmatar/install/vda5050_msgs/share/vda5050_msgs/msg/Load.idl
[1.808s] -- Up-to-date symlink: /home/dbot2/dbot_vda5050_ilmatar/install/vda5050_msgs/share/vda5050_msgs/msg/LoadDimensions.idl
[1.808s] -- Up-to-date symlink: /home/dbot2/dbot_vda5050_ilmatar/install/vda5050_msgs/share/vda5050_msgs/msg/LoadSet.idl
[1.808s] -- Up-to-date symlink: /home/dbot2/dbot_vda5050_ilmatar/install/vda5050_msgs/share/vda5050_msgs/msg/LoadSpecification.idl
[1.808s] -- Up-to-date symlink: /home/dbot2/dbot_vda5050_ilmatar/install/vda5050_msgs/share/vda5050_msgs/msg/MaxArrayLens.idl
[1.808s] -- Up-to-date symlink: /home/dbot2/dbot_vda5050_ilmatar/install/vda5050_msgs/share/vda5050_msgs/msg/MaxStringLens.idl
[1.808s] -- Up-to-date symlink: /home/dbot2/dbot_vda5050_ilmatar/install/vda5050_msgs/share/vda5050_msgs/msg/Node.idl
[1.808s] -- Up-to-date symlink: /home/dbot2/dbot_vda5050_ilmatar/install/vda5050_msgs/share/vda5050_msgs/msg/NodePosition.idl
[1.808s] -- Up-to-date symlink: /home/dbot2/dbot_vda5050_ilmatar/install/vda5050_msgs/share/vda5050_msgs/msg/NodeState.idl
[1.808s] -- Up-to-date symlink: /home/dbot2/dbot_vda5050_ilmatar/install/vda5050_msgs/share/vda5050_msgs/msg/OptionalParameter.idl
[1.808s] -- Up-to-date symlink: /home/dbot2/dbot_vda5050_ilmatar/install/vda5050_msgs/share/vda5050_msgs/msg/Order.idl
[1.809s] -- Up-to-date symlink: /home/dbot2/dbot_vda5050_ilmatar/install/vda5050_msgs/share/vda5050_msgs/msg/OrderState.idl
[1.809s] -- Up-to-date symlink: /home/dbot2/dbot_vda5050_ilmatar/install/vda5050_msgs/share/vda5050_msgs/msg/PhysicalParameters.idl
[1.809s] -- Up-to-date symlink: /home/dbot2/dbot_vda5050_ilmatar/install/vda5050_msgs/share/vda5050_msgs/msg/PolygonPoint.idl
[1.809s] -- Up-to-date symlink: /home/dbot2/dbot_vda5050_ilmatar/install/vda5050_msgs/share/vda5050_msgs/msg/Position.idl
[1.809s] -- Up-to-date symlink: /home/dbot2/dbot_vda5050_ilmatar/install/vda5050_msgs/share/vda5050_msgs/msg/ProtocolFeatures.idl
[1.809s] -- Up-to-date symlink: /home/dbot2/dbot_vda5050_ilmatar/install/vda5050_msgs/share/vda5050_msgs/msg/ProtocolLimits.idl
[1.809s] -- Up-to-date symlink: /home/dbot2/dbot_vda5050_ilmatar/install/vda5050_msgs/share/vda5050_msgs/msg/SafetyState.idl
[1.809s] -- Up-to-date symlink: /home/dbot2/dbot_vda5050_ilmatar/install/vda5050_msgs/share/vda5050_msgs/msg/Timing.idl
[1.809s] -- Up-to-date symlink: /home/dbot2/dbot_vda5050_ilmatar/install/vda5050_msgs/share/vda5050_msgs/msg/Trajectory.idl
[1.810s] -- Up-to-date symlink: /home/dbot2/dbot_vda5050_ilmatar/install/vda5050_msgs/share/vda5050_msgs/msg/TypeSpecification.idl
[1.810s] -- Up-to-date symlink: /home/dbot2/dbot_vda5050_ilmatar/install/vda5050_msgs/share/vda5050_msgs/msg/Velocity.idl
[1.810s] -- Up-to-date symlink: /home/dbot2/dbot_vda5050_ilmatar/install/vda5050_msgs/share/vda5050_msgs/msg/Visualization.idl
[1.810s] -- Up-to-date symlink: /home/dbot2/dbot_vda5050_ilmatar/install/vda5050_msgs/share/vda5050_msgs/msg/WheelDefinition.idl
[1.811s] -- Up-to-date symlink: /home/dbot2/dbot_vda5050_ilmatar/install/vda5050_msgs/share/vda5050_msgs/msg/Action.msg
[1.811s] -- Up-to-date symlink: /home/dbot2/dbot_vda5050_ilmatar/install/vda5050_msgs/share/vda5050_msgs/msg/ActionParameter.msg
[1.811s] -- Up-to-date symlink: /home/dbot2/dbot_vda5050_ilmatar/install/vda5050_msgs/share/vda5050_msgs/msg/ActionParameterDefinition.msg
[1.812s] -- Up-to-date symlink: /home/dbot2/dbot_vda5050_ilmatar/install/vda5050_msgs/share/vda5050_msgs/msg/AGVAction.msg
[1.812s] -- Up-to-date symlink: /home/dbot2/dbot_vda5050_ilmatar/install/vda5050_msgs/share/vda5050_msgs/msg/AGVGeometry.msg
[1.812s] -- Up-to-date symlink: /home/dbot2/dbot_vda5050_ilmatar/install/vda5050_msgs/share/vda5050_msgs/msg/AGVPosition.msg
[1.814s] -- Up-to-date symlink: /home/dbot2/dbot_vda5050_ilmatar/install/vda5050_msgs/share/vda5050_msgs/msg/BatteryState.msg
[1.814s] -- Up-to-date symlink: /home/dbot2/dbot_vda5050_ilmatar/install/vda5050_msgs/share/vda5050_msgs/msg/BoundingBoxReference.msg
[1.814s] -- Up-to-date symlink: /home/dbot2/dbot_vda5050_ilmatar/install/vda5050_msgs/share/vda5050_msgs/msg/Connection.msg
[1.814s] -- Up-to-date symlink: /home/dbot2/dbot_vda5050_ilmatar/install/vda5050_msgs/share/vda5050_msgs/msg/ControlPoint.msg
[1.814s] -- Up-to-date symlink: /home/dbot2/dbot_vda5050_ilmatar/install/vda5050_msgs/share/vda5050_msgs/msg/CurrentAction.msg
[1.814s] -- Up-to-date symlink: /home/dbot2/dbot_vda5050_ilmatar/install/vda5050_msgs/share/vda5050_msgs/msg/Edge.msg
[1.814s] -- Up-to-date symlink: /home/dbot2/dbot_vda5050_ilmatar/install/vda5050_msgs/share/vda5050_msgs/msg/EdgeState.msg
[1.815s] -- Up-to-date symlink: /home/dbot2/dbot_vda5050_ilmatar/install/vda5050_msgs/share/vda5050_msgs/msg/Envelope2D.msg
[1.815s] -- Up-to-date symlink: /home/dbot2/dbot_vda5050_ilmatar/install/vda5050_msgs/share/vda5050_msgs/msg/Envelope3D.msg
[1.816s] -- Up-to-date symlink: /home/dbot2/dbot_vda5050_ilmatar/install/vda5050_msgs/share/vda5050_msgs/msg/Error.msg
[1.816s] -- Up-to-date symlink: /home/dbot2/dbot_vda5050_ilmatar/install/vda5050_msgs/share/vda5050_msgs/msg/ErrorReference.msg
[1.817s] -- Up-to-date symlink: /home/dbot2/dbot_vda5050_ilmatar/install/vda5050_msgs/share/vda5050_msgs/msg/Factsheet.msg
[1.817s] -- Up-to-date symlink: /home/dbot2/dbot_vda5050_ilmatar/install/vda5050_msgs/share/vda5050_msgs/msg/Info.msg
[1.817s] -- Up-to-date symlink: /home/dbot2/dbot_vda5050_ilmatar/install/vda5050_msgs/share/vda5050_msgs/msg/InfoReference.msg
[1.817s] -- Up-to-date symlink: /home/dbot2/dbot_vda5050_ilmatar/install/vda5050_msgs/share/vda5050_msgs/msg/Header.msg
[1.818s] -- Up-to-date symlink: /home/dbot2/dbot_vda5050_ilmatar/install/vda5050_msgs/share/vda5050_msgs/msg/InstantActions.msg
[1.818s] -- Up-to-date symlink: /home/dbot2/dbot_vda5050_ilmatar/install/vda5050_msgs/share/vda5050_msgs/msg/Load.msg
[1.818s] -- Up-to-date symlink: /home/dbot2/dbot_vda5050_ilmatar/install/vda5050_msgs/share/vda5050_msgs/msg/LoadDimensions.msg
[1.818s] -- Up-to-date symlink: /home/dbot2/dbot_vda5050_ilmatar/install/vda5050_msgs/share/vda5050_msgs/msg/LoadSet.msg
[1.819s] -- Up-to-date symlink: /home/dbot2/dbot_vda5050_ilmatar/install/vda5050_msgs/share/vda5050_msgs/msg/LoadSpecification.msg
[1.821s] -- Up-to-date symlink: /home/dbot2/dbot_vda5050_ilmatar/install/vda5050_msgs/share/vda5050_msgs/msg/MaxArrayLens.msg
[1.822s] -- Up-to-date symlink: /home/dbot2/dbot_vda5050_ilmatar/install/vda5050_msgs/share/vda5050_msgs/msg/MaxStringLens.msg
[1.822s] -- Up-to-date symlink: /home/dbot2/dbot_vda5050_ilmatar/install/vda5050_msgs/share/vda5050_msgs/msg/Node.msg
[1.822s] -- Up-to-date symlink: /home/dbot2/dbot_vda5050_ilmatar/install/vda5050_msgs/share/vda5050_msgs/msg/NodePosition.msg
[1.822s] -- Up-to-date symlink: /home/dbot2/dbot_vda5050_ilmatar/install/vda5050_msgs/share/vda5050_msgs/msg/NodeState.msg
[1.822s] -- Up-to-date symlink: /home/dbot2/dbot_vda5050_ilmatar/install/vda5050_msgs/share/vda5050_msgs/msg/OptionalParameter.msg
[1.822s] -- Up-to-date symlink: /home/dbot2/dbot_vda5050_ilmatar/install/vda5050_msgs/share/vda5050_msgs/msg/Order.msg
[1.822s] -- Up-to-date symlink: /home/dbot2/dbot_vda5050_ilmatar/install/vda5050_msgs/share/vda5050_msgs/msg/OrderState.msg
[1.822s] -- Up-to-date symlink: /home/dbot2/dbot_vda5050_ilmatar/install/vda5050_msgs/share/vda5050_msgs/msg/PhysicalParameters.msg
[1.822s] -- Up-to-date symlink: /home/dbot2/dbot_vda5050_ilmatar/install/vda5050_msgs/share/vda5050_msgs/msg/PolygonPoint.msg
[1.822s] -- Up-to-date symlink: /home/dbot2/dbot_vda5050_ilmatar/install/vda5050_msgs/share/vda5050_msgs/msg/Position.msg
[1.822s] -- Up-to-date symlink: /home/dbot2/dbot_vda5050_ilmatar/install/vda5050_msgs/share/vda5050_msgs/msg/ProtocolFeatures.msg
[1.823s] -- Up-to-date symlink: /home/dbot2/dbot_vda5050_ilmatar/install/vda5050_msgs/share/vda5050_msgs/msg/ProtocolLimits.msg
[1.823s] -- Up-to-date symlink: /home/dbot2/dbot_vda5050_ilmatar/install/vda5050_msgs/share/vda5050_msgs/msg/SafetyState.msg
[1.823s] -- Up-to-date symlink: /home/dbot2/dbot_vda5050_ilmatar/install/vda5050_msgs/share/vda5050_msgs/msg/Timing.msg
[1.823s] -- Up-to-date symlink: /home/dbot2/dbot_vda5050_ilmatar/install/vda5050_msgs/share/vda5050_msgs/msg/Trajectory.msg
[1.825s] -- Up-to-date symlink: /home/dbot2/dbot_vda5050_ilmatar/install/vda5050_msgs/share/vda5050_msgs/msg/TypeSpecification.msg
[1.825s] -- Up-to-date symlink: /home/dbot2/dbot_vda5050_ilmatar/install/vda5050_msgs/share/vda5050_msgs/msg/Velocity.msg
[1.825s] -- Up-to-date symlink: /home/dbot2/dbot_vda5050_ilmatar/install/vda5050_msgs/share/vda5050_msgs/msg/Visualization.msg
[1.825s] -- Up-to-date symlink: /home/dbot2/dbot_vda5050_ilmatar/install/vda5050_msgs/share/vda5050_msgs/msg/WheelDefinition.msg
[1.825s] -- Up-to-date symlink: /home/dbot2/dbot_vda5050_ilmatar/install/vda5050_msgs/share/ament_index/resource_index/package_run_dependencies/vda5050_msgs
[1.825s] -- Up-to-date symlink: /home/dbot2/dbot_vda5050_ilmatar/install/vda5050_msgs/share/ament_index/resource_index/parent_prefix_path/vda5050_msgs
[1.825s] -- Up-to-date symlink: /home/dbot2/dbot_vda5050_ilmatar/install/vda5050_msgs/share/vda5050_msgs/environment/ament_prefix_path.sh
[1.826s] -- Up-to-date symlink: /home/dbot2/dbot_vda5050_ilmatar/install/vda5050_msgs/share/vda5050_msgs/environment/ament_prefix_path.dsv
[1.826s] -- Up-to-date symlink: /home/dbot2/dbot_vda5050_ilmatar/install/vda5050_msgs/share/vda5050_msgs/environment/path.sh
[1.826s] -- Up-to-date symlink: /home/dbot2/dbot_vda5050_ilmatar/install/vda5050_msgs/share/vda5050_msgs/environment/path.dsv
[1.826s] -- Up-to-date symlink: /home/dbot2/dbot_vda5050_ilmatar/install/vda5050_msgs/share/vda5050_msgs/local_setup.bash
[1.826s] -- Up-to-date symlink: /home/dbot2/dbot_vda5050_ilmatar/install/vda5050_msgs/share/vda5050_msgs/local_setup.sh
[1.826s] -- Up-to-date symlink: /home/dbot2/dbot_vda5050_ilmatar/install/vda5050_msgs/share/vda5050_msgs/local_setup.zsh
[1.826s] -- Up-to-date symlink: /home/dbot2/dbot_vda5050_ilmatar/install/vda5050_msgs/share/vda5050_msgs/local_setup.dsv
[1.826s] -- Symlinking: /home/dbot2/dbot_vda5050_ilmatar/install/vda5050_msgs/share/vda5050_msgs/package.dsv
[1.838s] -- Up-to-date symlink: /home/dbot2/dbot_vda5050_ilmatar/install/vda5050_msgs/share/ament_index/resource_index/packages/vda5050_msgs
[1.838s] -- Up-to-date symlink: /home/dbot2/dbot_vda5050_ilmatar/install/vda5050_msgs/share/vda5050_msgs/cmake/rosidl_cmake-extras.cmake
[1.838s] -- Up-to-date symlink: /home/dbot2/dbot_vda5050_ilmatar/install/vda5050_msgs/share/vda5050_msgs/cmake/ament_cmake_export_dependencies-extras.cmake
[1.839s] -- Up-to-date symlink: /home/dbot2/dbot_vda5050_ilmatar/install/vda5050_msgs/share/vda5050_msgs/cmake/ament_cmake_export_include_directories-extras.cmake
[1.839s] -- Up-to-date symlink: /home/dbot2/dbot_vda5050_ilmatar/install/vda5050_msgs/share/vda5050_msgs/cmake/ament_cmake_export_libraries-extras.cmake
[1.839s] -- Up-to-date symlink: /home/dbot2/dbot_vda5050_ilmatar/install/vda5050_msgs/share/vda5050_msgs/cmake/ament_cmake_export_targets-extras.cmake
[1.839s] -- Up-to-date symlink: /home/dbot2/dbot_vda5050_ilmatar/install/vda5050_msgs/share/vda5050_msgs/cmake/rosidl_cmake_export_typesupport_targets-extras.cmake
[1.839s] -- Up-to-date symlink: /home/dbot2/dbot_vda5050_ilmatar/install/vda5050_msgs/share/vda5050_msgs/cmake/rosidl_cmake_export_typesupport_libraries-extras.cmake
[1.840s] -- Up-to-date symlink: /home/dbot2/dbot_vda5050_ilmatar/install/vda5050_msgs/share/vda5050_msgs/cmake/vda5050_msgsConfig.cmake
[1.841s] -- Up-to-date symlink: /home/dbot2/dbot_vda5050_ilmatar/install/vda5050_msgs/share/vda5050_msgs/cmake/vda5050_msgsConfig-version.cmake
[1.841s] -- Up-to-date symlink: /home/dbot2/dbot_vda5050_ilmatar/install/vda5050_msgs/share/vda5050_msgs/package.xml
[1.842s] -- Up-to-date: /home/dbot2/dbot_vda5050_ilmatar/install/vda5050_msgs/lib/libvda5050_msgs__rosidl_generator_c.so
[1.842s] -- Up-to-date: /home/dbot2/dbot_vda5050_ilmatar/install/vda5050_msgs/lib/libvda5050_msgs__rosidl_typesupport_fastrtps_c.so
[1.842s] -- Up-to-date: /home/dbot2/dbot_vda5050_ilmatar/install/vda5050_msgs/lib/libvda5050_msgs__rosidl_typesupport_fastrtps_cpp.so
[1.842s] -- Up-to-date: /home/dbot2/dbot_vda5050_ilmatar/install/vda5050_msgs/lib/libvda5050_msgs__rosidl_typesupport_introspection_c.so
[1.842s] -- Up-to-date: /home/dbot2/dbot_vda5050_ilmatar/install/vda5050_msgs/lib/libvda5050_msgs__rosidl_typesupport_c.so
[1.843s] -- Up-to-date: /home/dbot2/dbot_vda5050_ilmatar/install/vda5050_msgs/lib/libvda5050_msgs__rosidl_typesupport_introspection_cpp.so
[1.843s] -- Up-to-date: /home/dbot2/dbot_vda5050_ilmatar/install/vda5050_msgs/lib/libvda5050_msgs__rosidl_typesupport_cpp.so
[1.984s] Listing '/home/dbot2/dbot_vda5050_ilmatar/install/vda5050_msgs/local/lib/python3.10/dist-packages/vda5050_msgs'...
[1.984s] Listing '/home/dbot2/dbot_vda5050_ilmatar/install/vda5050_msgs/local/lib/python3.10/dist-packages/vda5050_msgs/msg'...
[1.986s] -- Up-to-date: /home/dbot2/dbot_vda5050_ilmatar/install/vda5050_msgs/lib/libvda5050_msgs__rosidl_generator_py.so
[1.986s] -- Up-to-date: /home/dbot2/dbot_vda5050_ilmatar/install/vda5050_msgs/share/vda5050_msgs/cmake/export_vda5050_msgs__rosidl_generator_cExport.cmake
[1.986s] -- Up-to-date: /home/dbot2/dbot_vda5050_ilmatar/install/vda5050_msgs/share/vda5050_msgs/cmake/export_vda5050_msgs__rosidl_generator_cExport-noconfig.cmake
[1.986s] -- Up-to-date: /home/dbot2/dbot_vda5050_ilmatar/install/vda5050_msgs/share/vda5050_msgs/cmake/export_vda5050_msgs__rosidl_typesupport_fastrtps_cExport.cmake
[1.986s] -- Up-to-date: /home/dbot2/dbot_vda5050_ilmatar/install/vda5050_msgs/share/vda5050_msgs/cmake/export_vda5050_msgs__rosidl_typesupport_fastrtps_cExport-noconfig.cmake
[1.986s] -- Up-to-date: /home/dbot2/dbot_vda5050_ilmatar/install/vda5050_msgs/share/vda5050_msgs/cmake/export_vda5050_msgs__rosidl_generator_cppExport.cmake
[1.987s] -- Up-to-date: /home/dbot2/dbot_vda5050_ilmatar/install/vda5050_msgs/share/vda5050_msgs/cmake/export_vda5050_msgs__rosidl_typesupport_fastrtps_cppExport.cmake
[1.987s] -- Up-to-date: /home/dbot2/dbot_vda5050_ilmatar/install/vda5050_msgs/share/vda5050_msgs/cmake/export_vda5050_msgs__rosidl_typesupport_fastrtps_cppExport-noconfig.cmake
[1.987s] -- Up-to-date: /home/dbot2/dbot_vda5050_ilmatar/install/vda5050_msgs/share/vda5050_msgs/cmake/vda5050_msgs__rosidl_typesupport_introspection_cExport.cmake
[1.987s] -- Up-to-date: /home/dbot2/dbot_vda5050_ilmatar/install/vda5050_msgs/share/vda5050_msgs/cmake/vda5050_msgs__rosidl_typesupport_introspection_cExport-noconfig.cmake
[1.987s] -- Up-to-date: /home/dbot2/dbot_vda5050_ilmatar/install/vda5050_msgs/share/vda5050_msgs/cmake/vda5050_msgs__rosidl_typesupport_cExport.cmake
[1.987s] -- Up-to-date: /home/dbot2/dbot_vda5050_ilmatar/install/vda5050_msgs/share/vda5050_msgs/cmake/vda5050_msgs__rosidl_typesupport_cExport-noconfig.cmake
[1.987s] -- Up-to-date: /home/dbot2/dbot_vda5050_ilmatar/install/vda5050_msgs/share/vda5050_msgs/cmake/vda5050_msgs__rosidl_typesupport_introspection_cppExport.cmake
[1.987s] -- Up-to-date: /home/dbot2/dbot_vda5050_ilmatar/install/vda5050_msgs/share/vda5050_msgs/cmake/vda5050_msgs__rosidl_typesupport_introspection_cppExport-noconfig.cmake
[1.987s] -- Up-to-date: /home/dbot2/dbot_vda5050_ilmatar/install/vda5050_msgs/share/vda5050_msgs/cmake/vda5050_msgs__rosidl_typesupport_cppExport.cmake
[1.987s] -- Up-to-date: /home/dbot2/dbot_vda5050_ilmatar/install/vda5050_msgs/share/vda5050_msgs/cmake/vda5050_msgs__rosidl_typesupport_cppExport-noconfig.cmake
[1.987s] -- Up-to-date: /home/dbot2/dbot_vda5050_ilmatar/install/vda5050_msgs/share/vda5050_msgs/cmake/export_vda5050_msgs__rosidl_generator_pyExport.cmake
[1.987s] -- Up-to-date: /home/dbot2/dbot_vda5050_ilmatar/install/vda5050_msgs/share/vda5050_msgs/cmake/export_vda5050_msgs__rosidl_generator_pyExport-noconfig.cmake
[1.990s] Invoked command in '/home/dbot2/dbot_vda5050_ilmatar/build/vda5050_msgs' returned '0': CMAKE_PREFIX_PATH=${CMAKE_PREFIX_PATH}:/home/dbot2/dbot_vda5050_ilmatar/install/vda5050_tb3_adapter:/home/dbot2/dbot_vda5050_ilmatar/install/tf2_dbot:/home/dbot2/dbot_vda5050_ilmatar/install/odom_motion_model:/home/dbot2/dbot_vda5050_ilmatar/install/motor_driver:/home/dbot2/dbot_vda5050_ilmatar/install/joycontrol:/home/dbot2/dbot_vda5050_ilmatar/install/gesturecontrol:/home/dbot2/dbot_vda5050_ilmatar/install/dbot_bridge:/home/dbot2/dbot_vda5050_ilmatar/install/dbot:/home/dbot2/dbot_src/install/tf2_dbot:/home/dbot2/dbot_src/install/odom_motion_model:/home/dbot2/dbot_src/install/motor_driver:/home/dbot2/dbot_src/install/joycontrol:/home/dbot2/dbot_src/install/dbot:/home/dbot2/dbot_remote/install/pcd_joy_trigger:/home/dbot2/circus_demo/install/circus_demo:/home/dbot2/ros2_ws/install/tf2_dbot:/home/dbot2/ros2_ws/install/odom_motion_model:/home/dbot2/ros2_ws/install/motor_driver:/home/dbot2/ros2_ws/install/joycontrol:/home/dbot2/ros2_ws/install/gesturecontrol:/home/dbot2/ros2_ws/install/dbot_bridge:/home/dbot2/ros2_ws/install/dbot:/home/dbot2/ros2_ws/install/ament_xmllint:/home/dbot2/ros2_ws/install/ament_uncrustify:/home/dbot2/ros2_ws/install/ament_pyflakes:/home/dbot2/ros2_ws/install/ament_pycodestyle:/home/dbot2/ros2_ws/install/ament_pep257:/home/dbot2/ros2_ws/install/ament_pclint:/home/dbot2/ros2_ws/install/ament_mypy:/home/dbot2/ros2_ws/install/ament_lint_cmake:/home/dbot2/ros2_ws/install/ament_flake8:/home/dbot2/ros2_ws/install/ament_copyright:/home/dbot2/ros2_ws/install/ament_lint:/home/dbot2/ros2_ws/install/ament_cpplint:/home/dbot2/ros2_ws/install/ament_cppcheck:/home/dbot2/ros2_ws/install/ament_clang_tidy:/home/dbot2/ros2_ws/install/ament_clang_format:/opt/ros/humble /usr/bin/cmake --install /home/dbot2/dbot_vda5050_ilmatar/build/vda5050_msgs
