[0.171s] DEBUG:colcon:Command line arguments: ['/usr/bin/colcon', 'build', '--symlink-install']
[0.171s] DEBUG:colcon:Parsed command line arguments: Namespace(log_base=None, log_level=None, verb_name='build', build_base='build', install_base='install', merge_install=False, symlink_install=True, test_result_base=None, continue_on_error=False, executor='parallel', parallel_workers=8, event_handlers=None, ignore_user_meta=False, metas=['./colcon.meta'], base_paths=['.'], packages_ignore=None, packages_ignore_regex=None, paths=None, packages_up_to=None, packages_up_to_regex=None, packages_above=None, packages_above_and_dependencies=None, packages_above_depth=None, packages_select_by_dep=None, packages_skip_by_dep=None, packages_skip_up_to=None, packages_select_build_failed=False, packages_skip_build_finished=False, packages_select_test_failures=False, packages_skip_test_passed=False, packages_select=None, packages_skip=None, packages_select_regex=None, packages_skip_regex=None, packages_start=None, packages_end=None, allow_overriding=[], cmake_args=None, cmake_target=None, cmake_target_skip_unavailable=False, cmake_clean_cache=False, cmake_clean_first=False, cmake_force_configure=False, ament_cmake_args=None, catkin_cmake_args=None, catkin_skip_building_tests=False, mixin_files=None, mixin=None, verb_parser=<colcon_mixin.mixin.mixin_argument.MixinArgumentDecorator object at 0x777daf1b3a00>, verb_extension=<colcon_core.verb.build.BuildVerb object at 0x777daf1b2e00>, main=<bound method BuildVerb.main of <colcon_core.verb.build.BuildVerb object at 0x777daf1b2e00>>, mixin_verb=('build',))
[0.382s] Level 1:colcon.colcon_core.package_discovery:discover_packages(colcon_meta) check parameters
[0.382s] Level 1:colcon.colcon_core.package_discovery:discover_packages(recursive) check parameters
[0.382s] Level 1:colcon.colcon_core.package_discovery:discover_packages(ignore) check parameters
[0.382s] Level 1:colcon.colcon_core.package_discovery:discover_packages(path) check parameters
[0.382s] Level 1:colcon.colcon_core.package_discovery:discover_packages(colcon_meta) discover
[0.382s] Level 1:colcon.colcon_core.package_discovery:discover_packages(recursive) discover
[0.382s] INFO:colcon.colcon_core.package_discovery:Crawling recursively for packages in '/home/dbot2/dbot_vda5050_ilmatar'
[0.382s] Level 1:colcon.colcon_core.package_identification:_identify(.) by extensions ['ignore', 'ignore_ament_install']
[0.382s] Level 1:colcon.colcon_core.package_identification:_identify(.) by extension 'ignore'
[0.382s] Level 1:colcon.colcon_core.package_identification:_identify(.) by extension 'ignore_ament_install'
[0.382s] Level 1:colcon.colcon_core.package_identification:_identify(.) by extensions ['colcon_pkg']
[0.382s] Level 1:colcon.colcon_core.package_identification:_identify(.) by extension 'colcon_pkg'
[0.382s] Level 1:colcon.colcon_core.package_identification:_identify(.) by extensions ['colcon_meta']
[0.382s] Level 1:colcon.colcon_core.package_identification:_identify(.) by extension 'colcon_meta'
[0.382s] Level 1:colcon.colcon_core.package_identification:_identify(.) by extensions ['ros']
[0.382s] Level 1:colcon.colcon_core.package_identification:_identify(.) by extension 'ros'
[0.390s] Level 1:colcon.colcon_core.package_identification:_identify(.) by extensions ['cmake', 'python']
[0.390s] Level 1:colcon.colcon_core.package_identification:_identify(.) by extension 'cmake'
[0.390s] Level 1:colcon.colcon_core.package_identification:_identify(.) by extension 'python'
[0.390s] Level 1:colcon.colcon_core.package_identification:_identify(.) by extensions ['python_setup_py']
[0.390s] Level 1:colcon.colcon_core.package_identification:_identify(.) by extension 'python_setup_py'
[0.390s] Level 1:colcon.colcon_core.package_identification:_identify(build) by extensions ['ignore', 'ignore_ament_install']
[0.390s] Level 1:colcon.colcon_core.package_identification:_identify(build) by extension 'ignore'
[0.390s] Level 1:colcon.colcon_core.package_identification:_identify(build) ignored
[0.390s] Level 1:colcon.colcon_core.package_identification:_identify(install) by extensions ['ignore', 'ignore_ament_install']
[0.390s] Level 1:colcon.colcon_core.package_identification:_identify(install) by extension 'ignore'
[0.391s] Level 1:colcon.colcon_core.package_identification:_identify(install) ignored
[0.391s] Level 1:colcon.colcon_core.package_identification:_identify(log) by extensions ['ignore', 'ignore_ament_install']
[0.391s] Level 1:colcon.colcon_core.package_identification:_identify(log) by extension 'ignore'
[0.391s] Level 1:colcon.colcon_core.package_identification:_identify(log) ignored
[0.391s] Level 1:colcon.colcon_core.package_identification:_identify(src) by extensions ['ignore', 'ignore_ament_install']
[0.391s] Level 1:colcon.colcon_core.package_identification:_identify(src) by extension 'ignore'
[0.391s] Level 1:colcon.colcon_core.package_identification:_identify(src) by extension 'ignore_ament_install'
[0.391s] Level 1:colcon.colcon_core.package_identification:_identify(src) by extensions ['colcon_pkg']
[0.391s] Level 1:colcon.colcon_core.package_identification:_identify(src) by extension 'colcon_pkg'
[0.391s] Level 1:colcon.colcon_core.package_identification:_identify(src) by extensions ['colcon_meta']
[0.391s] Level 1:colcon.colcon_core.package_identification:_identify(src) by extension 'colcon_meta'
[0.391s] Level 1:colcon.colcon_core.package_identification:_identify(src) by extensions ['ros']
[0.391s] Level 1:colcon.colcon_core.package_identification:_identify(src) by extension 'ros'
[0.391s] Level 1:colcon.colcon_core.package_identification:_identify(src) by extensions ['cmake', 'python']
[0.391s] Level 1:colcon.colcon_core.package_identification:_identify(src) by extension 'cmake'
[0.391s] Level 1:colcon.colcon_core.package_identification:_identify(src) by extension 'python'
[0.391s] Level 1:colcon.colcon_core.package_identification:_identify(src) by extensions ['python_setup_py']
[0.391s] Level 1:colcon.colcon_core.package_identification:_identify(src) by extension 'python_setup_py'
[0.391s] Level 1:colcon.colcon_core.package_identification:_identify(src/build) by extensions ['ignore', 'ignore_ament_install']
[0.391s] Level 1:colcon.colcon_core.package_identification:_identify(src/build) by extension 'ignore'
[0.391s] Level 1:colcon.colcon_core.package_identification:_identify(src/build) ignored
[0.391s] Level 1:colcon.colcon_core.package_identification:_identify(src/dbot) by extensions ['ignore', 'ignore_ament_install']
[0.391s] Level 1:colcon.colcon_core.package_identification:_identify(src/dbot) by extension 'ignore'
[0.391s] Level 1:colcon.colcon_core.package_identification:_identify(src/dbot) by extension 'ignore_ament_install'
[0.391s] Level 1:colcon.colcon_core.package_identification:_identify(src/dbot) by extensions ['colcon_pkg']
[0.391s] Level 1:colcon.colcon_core.package_identification:_identify(src/dbot) by extension 'colcon_pkg'
[0.391s] Level 1:colcon.colcon_core.package_identification:_identify(src/dbot) by extensions ['colcon_meta']
[0.391s] Level 1:colcon.colcon_core.package_identification:_identify(src/dbot) by extension 'colcon_meta'
[0.391s] Level 1:colcon.colcon_core.package_identification:_identify(src/dbot) by extensions ['ros']
[0.391s] Level 1:colcon.colcon_core.package_identification:_identify(src/dbot) by extension 'ros'
[0.393s] DEBUG:colcon.colcon_core.package_identification:Package 'src/dbot' with type 'ros.ament_python' and name 'dbot'
[0.393s] Level 1:colcon.colcon_core.package_identification:_identify(src/dbot_bridge) by extensions ['ignore', 'ignore_ament_install']
[0.393s] Level 1:colcon.colcon_core.package_identification:_identify(src/dbot_bridge) by extension 'ignore'
[0.393s] Level 1:colcon.colcon_core.package_identification:_identify(src/dbot_bridge) by extension 'ignore_ament_install'
[0.393s] Level 1:colcon.colcon_core.package_identification:_identify(src/dbot_bridge) by extensions ['colcon_pkg']
[0.393s] Level 1:colcon.colcon_core.package_identification:_identify(src/dbot_bridge) by extension 'colcon_pkg'
[0.393s] Level 1:colcon.colcon_core.package_identification:_identify(src/dbot_bridge) by extensions ['colcon_meta']
[0.393s] Level 1:colcon.colcon_core.package_identification:_identify(src/dbot_bridge) by extension 'colcon_meta'
[0.393s] Level 1:colcon.colcon_core.package_identification:_identify(src/dbot_bridge) by extensions ['ros']
[0.393s] Level 1:colcon.colcon_core.package_identification:_identify(src/dbot_bridge) by extension 'ros'
[0.394s] DEBUG:colcon.colcon_core.package_identification:Package 'src/dbot_bridge' with type 'ros.ament_python' and name 'dbot_bridge'
[0.394s] Level 1:colcon.colcon_core.package_identification:_identify(src/dbot_custom_msgs) by extensions ['ignore', 'ignore_ament_install']
[0.394s] Level 1:colcon.colcon_core.package_identification:_identify(src/dbot_custom_msgs) by extension 'ignore'
[0.394s] Level 1:colcon.colcon_core.package_identification:_identify(src/dbot_custom_msgs) by extension 'ignore_ament_install'
[0.394s] Level 1:colcon.colcon_core.package_identification:_identify(src/dbot_custom_msgs) by extensions ['colcon_pkg']
[0.394s] Level 1:colcon.colcon_core.package_identification:_identify(src/dbot_custom_msgs) by extension 'colcon_pkg'
[0.394s] Level 1:colcon.colcon_core.package_identification:_identify(src/dbot_custom_msgs) by extensions ['colcon_meta']
[0.394s] Level 1:colcon.colcon_core.package_identification:_identify(src/dbot_custom_msgs) by extension 'colcon_meta'
[0.394s] Level 1:colcon.colcon_core.package_identification:_identify(src/dbot_custom_msgs) by extensions ['ros']
[0.394s] Level 1:colcon.colcon_core.package_identification:_identify(src/dbot_custom_msgs) by extension 'ros'
[0.394s] DEBUG:colcon.colcon_core.package_identification:Package 'src/dbot_custom_msgs' with type 'ros.ament_cmake' and name 'dbot_custom_msgs'
[0.394s] Level 1:colcon.colcon_core.package_identification:_identify(src/dbot_nav_slam) by extensions ['ignore', 'ignore_ament_install']
[0.395s] Level 1:colcon.colcon_core.package_identification:_identify(src/dbot_nav_slam) by extension 'ignore'
[0.395s] Level 1:colcon.colcon_core.package_identification:_identify(src/dbot_nav_slam) by extension 'ignore_ament_install'
[0.395s] Level 1:colcon.colcon_core.package_identification:_identify(src/dbot_nav_slam) by extensions ['colcon_pkg']
[0.395s] Level 1:colcon.colcon_core.package_identification:_identify(src/dbot_nav_slam) by extension 'colcon_pkg'
[0.395s] Level 1:colcon.colcon_core.package_identification:_identify(src/dbot_nav_slam) by extensions ['colcon_meta']
[0.395s] Level 1:colcon.colcon_core.package_identification:_identify(src/dbot_nav_slam) by extension 'colcon_meta'
[0.395s] Level 1:colcon.colcon_core.package_identification:_identify(src/dbot_nav_slam) by extensions ['ros']
[0.395s] Level 1:colcon.colcon_core.package_identification:_identify(src/dbot_nav_slam) by extension 'ros'
[0.395s] DEBUG:colcon.colcon_core.package_identification:Package 'src/dbot_nav_slam' with type 'ros.ament_cmake' and name 'dbot_nav_slam'
[0.395s] Level 1:colcon.colcon_core.package_identification:_identify(src/gesturecontrol) by extensions ['ignore', 'ignore_ament_install']
[0.395s] Level 1:colcon.colcon_core.package_identification:_identify(src/gesturecontrol) by extension 'ignore'
[0.395s] Level 1:colcon.colcon_core.package_identification:_identify(src/gesturecontrol) by extension 'ignore_ament_install'
[0.395s] Level 1:colcon.colcon_core.package_identification:_identify(src/gesturecontrol) by extensions ['colcon_pkg']
[0.395s] Level 1:colcon.colcon_core.package_identification:_identify(src/gesturecontrol) by extension 'colcon_pkg'
[0.395s] Level 1:colcon.colcon_core.package_identification:_identify(src/gesturecontrol) by extensions ['colcon_meta']
[0.395s] Level 1:colcon.colcon_core.package_identification:_identify(src/gesturecontrol) by extension 'colcon_meta'
[0.395s] Level 1:colcon.colcon_core.package_identification:_identify(src/gesturecontrol) by extensions ['ros']
[0.395s] Level 1:colcon.colcon_core.package_identification:_identify(src/gesturecontrol) by extension 'ros'
[0.396s] DEBUG:colcon.colcon_core.package_identification:Package 'src/gesturecontrol' with type 'ros.ament_python' and name 'gesturecontrol'
[0.396s] Level 1:colcon.colcon_core.package_identification:_identify(src/install) by extensions ['ignore', 'ignore_ament_install']
[0.396s] Level 1:colcon.colcon_core.package_identification:_identify(src/install) by extension 'ignore'
[0.396s] Level 1:colcon.colcon_core.package_identification:_identify(src/install) ignored
[0.396s] Level 1:colcon.colcon_core.package_identification:_identify(src/joycontrol) by extensions ['ignore', 'ignore_ament_install']
[0.396s] Level 1:colcon.colcon_core.package_identification:_identify(src/joycontrol) by extension 'ignore'
[0.396s] Level 1:colcon.colcon_core.package_identification:_identify(src/joycontrol) by extension 'ignore_ament_install'
[0.396s] Level 1:colcon.colcon_core.package_identification:_identify(src/joycontrol) by extensions ['colcon_pkg']
[0.396s] Level 1:colcon.colcon_core.package_identification:_identify(src/joycontrol) by extension 'colcon_pkg'
[0.396s] Level 1:colcon.colcon_core.package_identification:_identify(src/joycontrol) by extensions ['colcon_meta']
[0.396s] Level 1:colcon.colcon_core.package_identification:_identify(src/joycontrol) by extension 'colcon_meta'
[0.396s] Level 1:colcon.colcon_core.package_identification:_identify(src/joycontrol) by extensions ['ros']
[0.396s] Level 1:colcon.colcon_core.package_identification:_identify(src/joycontrol) by extension 'ros'
[0.397s] DEBUG:colcon.colcon_core.package_identification:Package 'src/joycontrol' with type 'ros.ament_python' and name 'joycontrol'
[0.397s] Level 1:colcon.colcon_core.package_identification:_identify(src/log) by extensions ['ignore', 'ignore_ament_install']
[0.397s] Level 1:colcon.colcon_core.package_identification:_identify(src/log) by extension 'ignore'
[0.397s] Level 1:colcon.colcon_core.package_identification:_identify(src/log) ignored
[0.397s] Level 1:colcon.colcon_core.package_identification:_identify(src/motor_driver) by extensions ['ignore', 'ignore_ament_install']
[0.397s] Level 1:colcon.colcon_core.package_identification:_identify(src/motor_driver) by extension 'ignore'
[0.397s] Level 1:colcon.colcon_core.package_identification:_identify(src/motor_driver) by extension 'ignore_ament_install'
[0.397s] Level 1:colcon.colcon_core.package_identification:_identify(src/motor_driver) by extensions ['colcon_pkg']
[0.397s] Level 1:colcon.colcon_core.package_identification:_identify(src/motor_driver) by extension 'colcon_pkg'
[0.397s] Level 1:colcon.colcon_core.package_identification:_identify(src/motor_driver) by extensions ['colcon_meta']
[0.397s] Level 1:colcon.colcon_core.package_identification:_identify(src/motor_driver) by extension 'colcon_meta'
[0.397s] Level 1:colcon.colcon_core.package_identification:_identify(src/motor_driver) by extensions ['ros']
[0.397s] Level 1:colcon.colcon_core.package_identification:_identify(src/motor_driver) by extension 'ros'
[0.397s] DEBUG:colcon.colcon_core.package_identification:Package 'src/motor_driver' with type 'ros.ament_python' and name 'motor_driver'
[0.397s] Level 1:colcon.colcon_core.package_identification:_identify(src/odom_motion_model) by extensions ['ignore', 'ignore_ament_install']
[0.397s] Level 1:colcon.colcon_core.package_identification:_identify(src/odom_motion_model) by extension 'ignore'
[0.397s] Level 1:colcon.colcon_core.package_identification:_identify(src/odom_motion_model) by extension 'ignore_ament_install'
[0.397s] Level 1:colcon.colcon_core.package_identification:_identify(src/odom_motion_model) by extensions ['colcon_pkg']
[0.397s] Level 1:colcon.colcon_core.package_identification:_identify(src/odom_motion_model) by extension 'colcon_pkg'
[0.397s] Level 1:colcon.colcon_core.package_identification:_identify(src/odom_motion_model) by extensions ['colcon_meta']
[0.398s] Level 1:colcon.colcon_core.package_identification:_identify(src/odom_motion_model) by extension 'colcon_meta'
[0.398s] Level 1:colcon.colcon_core.package_identification:_identify(src/odom_motion_model) by extensions ['ros']
[0.398s] Level 1:colcon.colcon_core.package_identification:_identify(src/odom_motion_model) by extension 'ros'
[0.398s] DEBUG:colcon.colcon_core.package_identification:Package 'src/odom_motion_model' with type 'ros.ament_python' and name 'odom_motion_model'
[0.398s] Level 1:colcon.colcon_core.package_identification:_identify(src/ros2_odometry_estimation) by extensions ['ignore', 'ignore_ament_install']
[0.398s] Level 1:colcon.colcon_core.package_identification:_identify(src/ros2_odometry_estimation) by extension 'ignore'
[0.398s] Level 1:colcon.colcon_core.package_identification:_identify(src/ros2_odometry_estimation) by extension 'ignore_ament_install'
[0.398s] Level 1:colcon.colcon_core.package_identification:_identify(src/ros2_odometry_estimation) by extensions ['colcon_pkg']
[0.398s] Level 1:colcon.colcon_core.package_identification:_identify(src/ros2_odometry_estimation) by extension 'colcon_pkg'
[0.398s] Level 1:colcon.colcon_core.package_identification:_identify(src/ros2_odometry_estimation) by extensions ['colcon_meta']
[0.398s] Level 1:colcon.colcon_core.package_identification:_identify(src/ros2_odometry_estimation) by extension 'colcon_meta'
[0.398s] Level 1:colcon.colcon_core.package_identification:_identify(src/ros2_odometry_estimation) by extensions ['ros']
[0.398s] Level 1:colcon.colcon_core.package_identification:_identify(src/ros2_odometry_estimation) by extension 'ros'
[0.399s] DEBUG:colcon.colcon_core.package_identification:Package 'src/ros2_odometry_estimation' with type 'ros.ament_cmake' and name 'odometry_estimator'
[0.399s] Level 1:colcon.colcon_core.package_identification:_identify(src/tf2_dbot) by extensions ['ignore', 'ignore_ament_install']
[0.399s] Level 1:colcon.colcon_core.package_identification:_identify(src/tf2_dbot) by extension 'ignore'
[0.399s] Level 1:colcon.colcon_core.package_identification:_identify(src/tf2_dbot) by extension 'ignore_ament_install'
[0.399s] Level 1:colcon.colcon_core.package_identification:_identify(src/tf2_dbot) by extensions ['colcon_pkg']
[0.399s] Level 1:colcon.colcon_core.package_identification:_identify(src/tf2_dbot) by extension 'colcon_pkg'
[0.399s] Level 1:colcon.colcon_core.package_identification:_identify(src/tf2_dbot) by extensions ['colcon_meta']
[0.399s] Level 1:colcon.colcon_core.package_identification:_identify(src/tf2_dbot) by extension 'colcon_meta'
[0.399s] Level 1:colcon.colcon_core.package_identification:_identify(src/tf2_dbot) by extensions ['ros']
[0.399s] Level 1:colcon.colcon_core.package_identification:_identify(src/tf2_dbot) by extension 'ros'
[0.400s] DEBUG:colcon.colcon_core.package_identification:Package 'src/tf2_dbot' with type 'ros.ament_python' and name 'tf2_dbot'
[0.400s] Level 1:colcon.colcon_core.package_identification:_identify(src/vda5050_connector) by extensions ['ignore', 'ignore_ament_install']
[0.400s] Level 1:colcon.colcon_core.package_identification:_identify(src/vda5050_connector) by extension 'ignore'
[0.400s] Level 1:colcon.colcon_core.package_identification:_identify(src/vda5050_connector) by extension 'ignore_ament_install'
[0.400s] Level 1:colcon.colcon_core.package_identification:_identify(src/vda5050_connector) by extensions ['colcon_pkg']
[0.400s] Level 1:colcon.colcon_core.package_identification:_identify(src/vda5050_connector) by extension 'colcon_pkg'
[0.400s] Level 1:colcon.colcon_core.package_identification:_identify(src/vda5050_connector) by extensions ['colcon_meta']
[0.400s] Level 1:colcon.colcon_core.package_identification:_identify(src/vda5050_connector) by extension 'colcon_meta'
[0.400s] Level 1:colcon.colcon_core.package_identification:_identify(src/vda5050_connector) by extensions ['ros']
[0.400s] Level 1:colcon.colcon_core.package_identification:_identify(src/vda5050_connector) by extension 'ros'
[0.401s] DEBUG:colcon.colcon_core.package_identification:Package 'src/vda5050_connector' with type 'ros.ament_cmake' and name 'vda5050_connector'
[0.401s] Level 1:colcon.colcon_core.package_identification:_identify(src/vda5050_msgs) by extensions ['ignore', 'ignore_ament_install']
[0.401s] Level 1:colcon.colcon_core.package_identification:_identify(src/vda5050_msgs) by extension 'ignore'
[0.401s] Level 1:colcon.colcon_core.package_identification:_identify(src/vda5050_msgs) by extension 'ignore_ament_install'
[0.401s] Level 1:colcon.colcon_core.package_identification:_identify(src/vda5050_msgs) by extensions ['colcon_pkg']
[0.401s] Level 1:colcon.colcon_core.package_identification:_identify(src/vda5050_msgs) by extension 'colcon_pkg'
[0.401s] Level 1:colcon.colcon_core.package_identification:_identify(src/vda5050_msgs) by extensions ['colcon_meta']
[0.401s] Level 1:colcon.colcon_core.package_identification:_identify(src/vda5050_msgs) by extension 'colcon_meta'
[0.401s] Level 1:colcon.colcon_core.package_identification:_identify(src/vda5050_msgs) by extensions ['ros']
[0.401s] Level 1:colcon.colcon_core.package_identification:_identify(src/vda5050_msgs) by extension 'ros'
[0.401s] DEBUG:colcon.colcon_core.package_identification:Package 'src/vda5050_msgs' with type 'ros.ament_cmake' and name 'vda5050_msgs'
[0.401s] Level 1:colcon.colcon_core.package_identification:_identify(src/vda5050_tb3_adapter) by extensions ['ignore', 'ignore_ament_install']
[0.402s] Level 1:colcon.colcon_core.package_identification:_identify(src/vda5050_tb3_adapter) by extension 'ignore'
[0.402s] Level 1:colcon.colcon_core.package_identification:_identify(src/vda5050_tb3_adapter) by extension 'ignore_ament_install'
[0.402s] Level 1:colcon.colcon_core.package_identification:_identify(src/vda5050_tb3_adapter) by extensions ['colcon_pkg']
[0.402s] Level 1:colcon.colcon_core.package_identification:_identify(src/vda5050_tb3_adapter) by extension 'colcon_pkg'
[0.402s] Level 1:colcon.colcon_core.package_identification:_identify(src/vda5050_tb3_adapter) by extensions ['colcon_meta']
[0.402s] Level 1:colcon.colcon_core.package_identification:_identify(src/vda5050_tb3_adapter) by extension 'colcon_meta'
[0.402s] Level 1:colcon.colcon_core.package_identification:_identify(src/vda5050_tb3_adapter) by extensions ['ros']
[0.402s] Level 1:colcon.colcon_core.package_identification:_identify(src/vda5050_tb3_adapter) by extension 'ros'
[0.403s] DEBUG:colcon.colcon_core.package_identification:Package 'src/vda5050_tb3_adapter' with type 'ros.ament_python' and name 'vda5050_tb3_adapter'
[0.403s] Level 1:colcon.colcon_core.package_identification:_identify(src/vda_dbot_nav_slam) by extensions ['ignore', 'ignore_ament_install']
[0.403s] Level 1:colcon.colcon_core.package_identification:_identify(src/vda_dbot_nav_slam) by extension 'ignore'
[0.403s] Level 1:colcon.colcon_core.package_identification:_identify(src/vda_dbot_nav_slam) by extension 'ignore_ament_install'
[0.403s] Level 1:colcon.colcon_core.package_identification:_identify(src/vda_dbot_nav_slam) by extensions ['colcon_pkg']
[0.403s] Level 1:colcon.colcon_core.package_identification:_identify(src/vda_dbot_nav_slam) by extension 'colcon_pkg'
[0.403s] Level 1:colcon.colcon_core.package_identification:_identify(src/vda_dbot_nav_slam) by extensions ['colcon_meta']
[0.403s] Level 1:colcon.colcon_core.package_identification:_identify(src/vda_dbot_nav_slam) by extension 'colcon_meta'
[0.403s] Level 1:colcon.colcon_core.package_identification:_identify(src/vda_dbot_nav_slam) by extensions ['ros']
[0.403s] Level 1:colcon.colcon_core.package_identification:_identify(src/vda_dbot_nav_slam) by extension 'ros'
[0.403s] DEBUG:colcon.colcon_core.package_identification:Package 'src/vda_dbot_nav_slam' with type 'ros.ament_cmake' and name 'vda_dbot_nav_slam'
[0.403s] Level 1:colcon.colcon_core.package_discovery:discover_packages(recursive) using defaults
[0.403s] Level 1:colcon.colcon_core.package_discovery:discover_packages(ignore) discover
[0.403s] Level 1:colcon.colcon_core.package_discovery:discover_packages(ignore) using defaults
[0.403s] Level 1:colcon.colcon_core.package_discovery:discover_packages(path) discover
[0.403s] Level 1:colcon.colcon_core.package_discovery:discover_packages(path) using defaults
[0.426s] Level 1:colcon.colcon_core.package_discovery:discover_packages(prefix_path) check parameters
[0.426s] Level 1:colcon.colcon_core.package_discovery:discover_packages(prefix_path) discover
[0.429s] DEBUG:colcon.colcon_installed_package_information.package_discovery:Found 14 installed packages in /home/dbot2/dbot_vda5050_ilmatar/install
[0.429s] DEBUG:colcon.colcon_installed_package_information.package_discovery:Found 7 installed packages in /home/dbot2/dbot_src/install
[0.429s] DEBUG:colcon.colcon_installed_package_information.package_discovery:Found 2 installed packages in /home/dbot2/dbot_remote/install
[0.430s] DEBUG:colcon.colcon_installed_package_information.package_discovery:Found 3 installed packages in /home/dbot2/circus_demo/install
[0.430s] DEBUG:colcon.colcon_installed_package_information.package_discovery:Found 41 installed packages in /home/dbot2/ros2_ws/install
[0.432s] DEBUG:colcon.colcon_installed_package_information.package_discovery:Found 414 installed packages in /opt/ros/humble
[0.434s] Level 1:colcon.colcon_core.package_discovery:discover_packages(prefix_path) using defaults
[0.482s] Level 5:colcon.colcon_core.verb:set package 'dbot' build argument 'cmake_args' from command line to 'None'
[0.482s] Level 5:colcon.colcon_core.verb:set package 'dbot' build argument 'cmake_target' from command line to 'None'
[0.482s] Level 5:colcon.colcon_core.verb:set package 'dbot' build argument 'cmake_target_skip_unavailable' from command line to 'False'
[0.482s] Level 5:colcon.colcon_core.verb:set package 'dbot' build argument 'cmake_clean_cache' from command line to 'False'
[0.482s] Level 5:colcon.colcon_core.verb:set package 'dbot' build argument 'cmake_clean_first' from command line to 'False'
[0.482s] Level 5:colcon.colcon_core.verb:set package 'dbot' build argument 'cmake_force_configure' from command line to 'False'
[0.482s] Level 5:colcon.colcon_core.verb:set package 'dbot' build argument 'ament_cmake_args' from command line to 'None'
[0.482s] Level 5:colcon.colcon_core.verb:set package 'dbot' build argument 'catkin_cmake_args' from command line to 'None'
[0.482s] Level 5:colcon.colcon_core.verb:set package 'dbot' build argument 'catkin_skip_building_tests' from command line to 'False'
[0.482s] DEBUG:colcon.colcon_core.verb:Building package 'dbot' with the following arguments: {'ament_cmake_args': None, 'build_base': '/home/dbot2/dbot_vda5050_ilmatar/build/dbot', 'catkin_cmake_args': None, 'catkin_skip_building_tests': False, 'cmake_args': None, 'cmake_clean_cache': False, 'cmake_clean_first': False, 'cmake_force_configure': False, 'cmake_target': None, 'cmake_target_skip_unavailable': False, 'install_base': '/home/dbot2/dbot_vda5050_ilmatar/install/dbot', 'merge_install': False, 'path': '/home/dbot2/dbot_vda5050_ilmatar/src/dbot', 'symlink_install': True, 'test_result_base': None}
[0.482s] Level 5:colcon.colcon_core.verb:set package 'dbot_bridge' build argument 'cmake_args' from command line to 'None'
[0.482s] Level 5:colcon.colcon_core.verb:set package 'dbot_bridge' build argument 'cmake_target' from command line to 'None'
[0.482s] Level 5:colcon.colcon_core.verb:set package 'dbot_bridge' build argument 'cmake_target_skip_unavailable' from command line to 'False'
[0.482s] Level 5:colcon.colcon_core.verb:set package 'dbot_bridge' build argument 'cmake_clean_cache' from command line to 'False'
[0.482s] Level 5:colcon.colcon_core.verb:set package 'dbot_bridge' build argument 'cmake_clean_first' from command line to 'False'
[0.482s] Level 5:colcon.colcon_core.verb:set package 'dbot_bridge' build argument 'cmake_force_configure' from command line to 'False'
[0.482s] Level 5:colcon.colcon_core.verb:set package 'dbot_bridge' build argument 'ament_cmake_args' from command line to 'None'
[0.482s] Level 5:colcon.colcon_core.verb:set package 'dbot_bridge' build argument 'catkin_cmake_args' from command line to 'None'
[0.482s] Level 5:colcon.colcon_core.verb:set package 'dbot_bridge' build argument 'catkin_skip_building_tests' from command line to 'False'
[0.482s] DEBUG:colcon.colcon_core.verb:Building package 'dbot_bridge' with the following arguments: {'ament_cmake_args': None, 'build_base': '/home/dbot2/dbot_vda5050_ilmatar/build/dbot_bridge', 'catkin_cmake_args': None, 'catkin_skip_building_tests': False, 'cmake_args': None, 'cmake_clean_cache': False, 'cmake_clean_first': False, 'cmake_force_configure': False, 'cmake_target': None, 'cmake_target_skip_unavailable': False, 'install_base': '/home/dbot2/dbot_vda5050_ilmatar/install/dbot_bridge', 'merge_install': False, 'path': '/home/dbot2/dbot_vda5050_ilmatar/src/dbot_bridge', 'symlink_install': True, 'test_result_base': None}
[0.483s] Level 5:colcon.colcon_core.verb:set package 'dbot_custom_msgs' build argument 'cmake_args' from command line to 'None'
[0.483s] Level 5:colcon.colcon_core.verb:set package 'dbot_custom_msgs' build argument 'cmake_target' from command line to 'None'
[0.483s] Level 5:colcon.colcon_core.verb:set package 'dbot_custom_msgs' build argument 'cmake_target_skip_unavailable' from command line to 'False'
[0.483s] Level 5:colcon.colcon_core.verb:set package 'dbot_custom_msgs' build argument 'cmake_clean_cache' from command line to 'False'
[0.483s] Level 5:colcon.colcon_core.verb:set package 'dbot_custom_msgs' build argument 'cmake_clean_first' from command line to 'False'
[0.483s] Level 5:colcon.colcon_core.verb:set package 'dbot_custom_msgs' build argument 'cmake_force_configure' from command line to 'False'
[0.483s] Level 5:colcon.colcon_core.verb:set package 'dbot_custom_msgs' build argument 'ament_cmake_args' from command line to 'None'
[0.483s] Level 5:colcon.colcon_core.verb:set package 'dbot_custom_msgs' build argument 'catkin_cmake_args' from command line to 'None'
[0.483s] Level 5:colcon.colcon_core.verb:set package 'dbot_custom_msgs' build argument 'catkin_skip_building_tests' from command line to 'False'
[0.483s] DEBUG:colcon.colcon_core.verb:Building package 'dbot_custom_msgs' with the following arguments: {'ament_cmake_args': None, 'build_base': '/home/dbot2/dbot_vda5050_ilmatar/build/dbot_custom_msgs', 'catkin_cmake_args': None, 'catkin_skip_building_tests': False, 'cmake_args': None, 'cmake_clean_cache': False, 'cmake_clean_first': False, 'cmake_force_configure': False, 'cmake_target': None, 'cmake_target_skip_unavailable': False, 'install_base': '/home/dbot2/dbot_vda5050_ilmatar/install/dbot_custom_msgs', 'merge_install': False, 'path': '/home/dbot2/dbot_vda5050_ilmatar/src/dbot_custom_msgs', 'symlink_install': True, 'test_result_base': None}
[0.483s] Level 5:colcon.colcon_core.verb:set package 'dbot_nav_slam' build argument 'cmake_args' from command line to 'None'
[0.483s] Level 5:colcon.colcon_core.verb:set package 'dbot_nav_slam' build argument 'cmake_target' from command line to 'None'
[0.483s] Level 5:colcon.colcon_core.verb:set package 'dbot_nav_slam' build argument 'cmake_target_skip_unavailable' from command line to 'False'
[0.483s] Level 5:colcon.colcon_core.verb:set package 'dbot_nav_slam' build argument 'cmake_clean_cache' from command line to 'False'
[0.483s] Level 5:colcon.colcon_core.verb:set package 'dbot_nav_slam' build argument 'cmake_clean_first' from command line to 'False'
[0.483s] Level 5:colcon.colcon_core.verb:set package 'dbot_nav_slam' build argument 'cmake_force_configure' from command line to 'False'
[0.483s] Level 5:colcon.colcon_core.verb:set package 'dbot_nav_slam' build argument 'ament_cmake_args' from command line to 'None'
[0.483s] Level 5:colcon.colcon_core.verb:set package 'dbot_nav_slam' build argument 'catkin_cmake_args' from command line to 'None'
[0.483s] Level 5:colcon.colcon_core.verb:set package 'dbot_nav_slam' build argument 'catkin_skip_building_tests' from command line to 'False'
[0.483s] DEBUG:colcon.colcon_core.verb:Building package 'dbot_nav_slam' with the following arguments: {'ament_cmake_args': None, 'build_base': '/home/dbot2/dbot_vda5050_ilmatar/build/dbot_nav_slam', 'catkin_cmake_args': None, 'catkin_skip_building_tests': False, 'cmake_args': None, 'cmake_clean_cache': False, 'cmake_clean_first': False, 'cmake_force_configure': False, 'cmake_target': None, 'cmake_target_skip_unavailable': False, 'install_base': '/home/dbot2/dbot_vda5050_ilmatar/install/dbot_nav_slam', 'merge_install': False, 'path': '/home/dbot2/dbot_vda5050_ilmatar/src/dbot_nav_slam', 'symlink_install': True, 'test_result_base': None}
[0.483s] Level 5:colcon.colcon_core.verb:set package 'gesturecontrol' build argument 'cmake_args' from command line to 'None'
[0.483s] Level 5:colcon.colcon_core.verb:set package 'gesturecontrol' build argument 'cmake_target' from command line to 'None'
[0.483s] Level 5:colcon.colcon_core.verb:set package 'gesturecontrol' build argument 'cmake_target_skip_unavailable' from command line to 'False'
[0.483s] Level 5:colcon.colcon_core.verb:set package 'gesturecontrol' build argument 'cmake_clean_cache' from command line to 'False'
[0.483s] Level 5:colcon.colcon_core.verb:set package 'gesturecontrol' build argument 'cmake_clean_first' from command line to 'False'
[0.483s] Level 5:colcon.colcon_core.verb:set package 'gesturecontrol' build argument 'cmake_force_configure' from command line to 'False'
[0.483s] Level 5:colcon.colcon_core.verb:set package 'gesturecontrol' build argument 'ament_cmake_args' from command line to 'None'
[0.483s] Level 5:colcon.colcon_core.verb:set package 'gesturecontrol' build argument 'catkin_cmake_args' from command line to 'None'
[0.483s] Level 5:colcon.colcon_core.verb:set package 'gesturecontrol' build argument 'catkin_skip_building_tests' from command line to 'False'
[0.483s] DEBUG:colcon.colcon_core.verb:Building package 'gesturecontrol' with the following arguments: {'ament_cmake_args': None, 'build_base': '/home/dbot2/dbot_vda5050_ilmatar/build/gesturecontrol', 'catkin_cmake_args': None, 'catkin_skip_building_tests': False, 'cmake_args': None, 'cmake_clean_cache': False, 'cmake_clean_first': False, 'cmake_force_configure': False, 'cmake_target': None, 'cmake_target_skip_unavailable': False, 'install_base': '/home/dbot2/dbot_vda5050_ilmatar/install/gesturecontrol', 'merge_install': False, 'path': '/home/dbot2/dbot_vda5050_ilmatar/src/gesturecontrol', 'symlink_install': True, 'test_result_base': None}
[0.484s] Level 5:colcon.colcon_core.verb:set package 'joycontrol' build argument 'cmake_args' from command line to 'None'
[0.484s] Level 5:colcon.colcon_core.verb:set package 'joycontrol' build argument 'cmake_target' from command line to 'None'
[0.484s] Level 5:colcon.colcon_core.verb:set package 'joycontrol' build argument 'cmake_target_skip_unavailable' from command line to 'False'
[0.484s] Level 5:colcon.colcon_core.verb:set package 'joycontrol' build argument 'cmake_clean_cache' from command line to 'False'
[0.484s] Level 5:colcon.colcon_core.verb:set package 'joycontrol' build argument 'cmake_clean_first' from command line to 'False'
[0.484s] Level 5:colcon.colcon_core.verb:set package 'joycontrol' build argument 'cmake_force_configure' from command line to 'False'
[0.484s] Level 5:colcon.colcon_core.verb:set package 'joycontrol' build argument 'ament_cmake_args' from command line to 'None'
[0.484s] Level 5:colcon.colcon_core.verb:set package 'joycontrol' build argument 'catkin_cmake_args' from command line to 'None'
[0.484s] Level 5:colcon.colcon_core.verb:set package 'joycontrol' build argument 'catkin_skip_building_tests' from command line to 'False'
[0.484s] DEBUG:colcon.colcon_core.verb:Building package 'joycontrol' with the following arguments: {'ament_cmake_args': None, 'build_base': '/home/dbot2/dbot_vda5050_ilmatar/build/joycontrol', 'catkin_cmake_args': None, 'catkin_skip_building_tests': False, 'cmake_args': None, 'cmake_clean_cache': False, 'cmake_clean_first': False, 'cmake_force_configure': False, 'cmake_target': None, 'cmake_target_skip_unavailable': False, 'install_base': '/home/dbot2/dbot_vda5050_ilmatar/install/joycontrol', 'merge_install': False, 'path': '/home/dbot2/dbot_vda5050_ilmatar/src/joycontrol', 'symlink_install': True, 'test_result_base': None}
[0.484s] Level 5:colcon.colcon_core.verb:set package 'tf2_dbot' build argument 'cmake_args' from command line to 'None'
[0.484s] Level 5:colcon.colcon_core.verb:set package 'tf2_dbot' build argument 'cmake_target' from command line to 'None'
[0.484s] Level 5:colcon.colcon_core.verb:set package 'tf2_dbot' build argument 'cmake_target_skip_unavailable' from command line to 'False'
[0.484s] Level 5:colcon.colcon_core.verb:set package 'tf2_dbot' build argument 'cmake_clean_cache' from command line to 'False'
[0.484s] Level 5:colcon.colcon_core.verb:set package 'tf2_dbot' build argument 'cmake_clean_first' from command line to 'False'
[0.484s] Level 5:colcon.colcon_core.verb:set package 'tf2_dbot' build argument 'cmake_force_configure' from command line to 'False'
[0.484s] Level 5:colcon.colcon_core.verb:set package 'tf2_dbot' build argument 'ament_cmake_args' from command line to 'None'
[0.484s] Level 5:colcon.colcon_core.verb:set package 'tf2_dbot' build argument 'catkin_cmake_args' from command line to 'None'
[0.484s] Level 5:colcon.colcon_core.verb:set package 'tf2_dbot' build argument 'catkin_skip_building_tests' from command line to 'False'
[0.484s] DEBUG:colcon.colcon_core.verb:Building package 'tf2_dbot' with the following arguments: {'ament_cmake_args': None, 'build_base': '/home/dbot2/dbot_vda5050_ilmatar/build/tf2_dbot', 'catkin_cmake_args': None, 'catkin_skip_building_tests': False, 'cmake_args': None, 'cmake_clean_cache': False, 'cmake_clean_first': False, 'cmake_force_configure': False, 'cmake_target': None, 'cmake_target_skip_unavailable': False, 'install_base': '/home/dbot2/dbot_vda5050_ilmatar/install/tf2_dbot', 'merge_install': False, 'path': '/home/dbot2/dbot_vda5050_ilmatar/src/tf2_dbot', 'symlink_install': True, 'test_result_base': None}
[0.484s] Level 5:colcon.colcon_core.verb:set package 'vda5050_msgs' build argument 'cmake_args' from command line to 'None'
[0.484s] Level 5:colcon.colcon_core.verb:set package 'vda5050_msgs' build argument 'cmake_target' from command line to 'None'
[0.484s] Level 5:colcon.colcon_core.verb:set package 'vda5050_msgs' build argument 'cmake_target_skip_unavailable' from command line to 'False'
[0.484s] Level 5:colcon.colcon_core.verb:set package 'vda5050_msgs' build argument 'cmake_clean_cache' from command line to 'False'
[0.484s] Level 5:colcon.colcon_core.verb:set package 'vda5050_msgs' build argument 'cmake_clean_first' from command line to 'False'
[0.484s] Level 5:colcon.colcon_core.verb:set package 'vda5050_msgs' build argument 'cmake_force_configure' from command line to 'False'
[0.484s] Level 5:colcon.colcon_core.verb:set package 'vda5050_msgs' build argument 'ament_cmake_args' from command line to 'None'
[0.484s] Level 5:colcon.colcon_core.verb:set package 'vda5050_msgs' build argument 'catkin_cmake_args' from command line to 'None'
[0.484s] Level 5:colcon.colcon_core.verb:set package 'vda5050_msgs' build argument 'catkin_skip_building_tests' from command line to 'False'
[0.484s] DEBUG:colcon.colcon_core.verb:Building package 'vda5050_msgs' with the following arguments: {'ament_cmake_args': None, 'build_base': '/home/dbot2/dbot_vda5050_ilmatar/build/vda5050_msgs', 'catkin_cmake_args': None, 'catkin_skip_building_tests': False, 'cmake_args': None, 'cmake_clean_cache': False, 'cmake_clean_first': False, 'cmake_force_configure': False, 'cmake_target': None, 'cmake_target_skip_unavailable': False, 'install_base': '/home/dbot2/dbot_vda5050_ilmatar/install/vda5050_msgs', 'merge_install': False, 'path': '/home/dbot2/dbot_vda5050_ilmatar/src/vda5050_msgs', 'symlink_install': True, 'test_result_base': None}
[0.484s] Level 5:colcon.colcon_core.verb:set package 'vda_dbot_nav_slam' build argument 'cmake_args' from command line to 'None'
[0.484s] Level 5:colcon.colcon_core.verb:set package 'vda_dbot_nav_slam' build argument 'cmake_target' from command line to 'None'
[0.484s] Level 5:colcon.colcon_core.verb:set package 'vda_dbot_nav_slam' build argument 'cmake_target_skip_unavailable' from command line to 'False'
[0.484s] Level 5:colcon.colcon_core.verb:set package 'vda_dbot_nav_slam' build argument 'cmake_clean_cache' from command line to 'False'
[0.484s] Level 5:colcon.colcon_core.verb:set package 'vda_dbot_nav_slam' build argument 'cmake_clean_first' from command line to 'False'
[0.484s] Level 5:colcon.colcon_core.verb:set package 'vda_dbot_nav_slam' build argument 'cmake_force_configure' from command line to 'False'
[0.484s] Level 5:colcon.colcon_core.verb:set package 'vda_dbot_nav_slam' build argument 'ament_cmake_args' from command line to 'None'
[0.485s] Level 5:colcon.colcon_core.verb:set package 'vda_dbot_nav_slam' build argument 'catkin_cmake_args' from command line to 'None'
[0.485s] Level 5:colcon.colcon_core.verb:set package 'vda_dbot_nav_slam' build argument 'catkin_skip_building_tests' from command line to 'False'
[0.485s] DEBUG:colcon.colcon_core.verb:Building package 'vda_dbot_nav_slam' with the following arguments: {'ament_cmake_args': None, 'build_base': '/home/dbot2/dbot_vda5050_ilmatar/build/vda_dbot_nav_slam', 'catkin_cmake_args': None, 'catkin_skip_building_tests': False, 'cmake_args': None, 'cmake_clean_cache': False, 'cmake_clean_first': False, 'cmake_force_configure': False, 'cmake_target': None, 'cmake_target_skip_unavailable': False, 'install_base': '/home/dbot2/dbot_vda5050_ilmatar/install/vda_dbot_nav_slam', 'merge_install': False, 'path': '/home/dbot2/dbot_vda5050_ilmatar/src/vda_dbot_nav_slam', 'symlink_install': True, 'test_result_base': None}
[0.485s] Level 5:colcon.colcon_core.verb:set package 'motor_driver' build argument 'cmake_args' from command line to 'None'
[0.485s] Level 5:colcon.colcon_core.verb:set package 'motor_driver' build argument 'cmake_target' from command line to 'None'
[0.485s] Level 5:colcon.colcon_core.verb:set package 'motor_driver' build argument 'cmake_target_skip_unavailable' from command line to 'False'
[0.485s] Level 5:colcon.colcon_core.verb:set package 'motor_driver' build argument 'cmake_clean_cache' from command line to 'False'
[0.485s] Level 5:colcon.colcon_core.verb:set package 'motor_driver' build argument 'cmake_clean_first' from command line to 'False'
[0.485s] Level 5:colcon.colcon_core.verb:set package 'motor_driver' build argument 'cmake_force_configure' from command line to 'False'
[0.485s] Level 5:colcon.colcon_core.verb:set package 'motor_driver' build argument 'ament_cmake_args' from command line to 'None'
[0.485s] Level 5:colcon.colcon_core.verb:set package 'motor_driver' build argument 'catkin_cmake_args' from command line to 'None'
[0.485s] Level 5:colcon.colcon_core.verb:set package 'motor_driver' build argument 'catkin_skip_building_tests' from command line to 'False'
[0.485s] DEBUG:colcon.colcon_core.verb:Building package 'motor_driver' with the following arguments: {'ament_cmake_args': None, 'build_base': '/home/dbot2/dbot_vda5050_ilmatar/build/motor_driver', 'catkin_cmake_args': None, 'catkin_skip_building_tests': False, 'cmake_args': None, 'cmake_clean_cache': False, 'cmake_clean_first': False, 'cmake_force_configure': False, 'cmake_target': None, 'cmake_target_skip_unavailable': False, 'install_base': '/home/dbot2/dbot_vda5050_ilmatar/install/motor_driver', 'merge_install': False, 'path': '/home/dbot2/dbot_vda5050_ilmatar/src/motor_driver', 'symlink_install': True, 'test_result_base': None}
[0.485s] Level 5:colcon.colcon_core.verb:set package 'odometry_estimator' build argument 'cmake_args' from command line to 'None'
[0.485s] Level 5:colcon.colcon_core.verb:set package 'odometry_estimator' build argument 'cmake_target' from command line to 'None'
[0.485s] Level 5:colcon.colcon_core.verb:set package 'odometry_estimator' build argument 'cmake_target_skip_unavailable' from command line to 'False'
[0.485s] Level 5:colcon.colcon_core.verb:set package 'odometry_estimator' build argument 'cmake_clean_cache' from command line to 'False'
[0.485s] Level 5:colcon.colcon_core.verb:set package 'odometry_estimator' build argument 'cmake_clean_first' from command line to 'False'
[0.485s] Level 5:colcon.colcon_core.verb:set package 'odometry_estimator' build argument 'cmake_force_configure' from command line to 'False'
[0.485s] Level 5:colcon.colcon_core.verb:set package 'odometry_estimator' build argument 'ament_cmake_args' from command line to 'None'
[0.485s] Level 5:colcon.colcon_core.verb:set package 'odometry_estimator' build argument 'catkin_cmake_args' from command line to 'None'
[0.485s] Level 5:colcon.colcon_core.verb:set package 'odometry_estimator' build argument 'catkin_skip_building_tests' from command line to 'False'
[0.485s] DEBUG:colcon.colcon_core.verb:Building package 'odometry_estimator' with the following arguments: {'ament_cmake_args': None, 'build_base': '/home/dbot2/dbot_vda5050_ilmatar/build/odometry_estimator', 'catkin_cmake_args': None, 'catkin_skip_building_tests': False, 'cmake_args': None, 'cmake_clean_cache': False, 'cmake_clean_first': False, 'cmake_force_configure': False, 'cmake_target': None, 'cmake_target_skip_unavailable': False, 'install_base': '/home/dbot2/dbot_vda5050_ilmatar/install/odometry_estimator', 'merge_install': False, 'path': '/home/dbot2/dbot_vda5050_ilmatar/src/ros2_odometry_estimation', 'symlink_install': True, 'test_result_base': None}
[0.485s] Level 5:colcon.colcon_core.verb:set package 'vda5050_connector' build argument 'cmake_args' from command line to 'None'
[0.485s] Level 5:colcon.colcon_core.verb:set package 'vda5050_connector' build argument 'cmake_target' from command line to 'None'
[0.485s] Level 5:colcon.colcon_core.verb:set package 'vda5050_connector' build argument 'cmake_target_skip_unavailable' from command line to 'False'
[0.485s] Level 5:colcon.colcon_core.verb:set package 'vda5050_connector' build argument 'cmake_clean_cache' from command line to 'False'
[0.485s] Level 5:colcon.colcon_core.verb:set package 'vda5050_connector' build argument 'cmake_clean_first' from command line to 'False'
[0.485s] Level 5:colcon.colcon_core.verb:set package 'vda5050_connector' build argument 'cmake_force_configure' from command line to 'False'
[0.485s] Level 5:colcon.colcon_core.verb:set package 'vda5050_connector' build argument 'ament_cmake_args' from command line to 'None'
[0.485s] Level 5:colcon.colcon_core.verb:set package 'vda5050_connector' build argument 'catkin_cmake_args' from command line to 'None'
[0.485s] Level 5:colcon.colcon_core.verb:set package 'vda5050_connector' build argument 'catkin_skip_building_tests' from command line to 'False'
[0.485s] DEBUG:colcon.colcon_core.verb:Building package 'vda5050_connector' with the following arguments: {'ament_cmake_args': None, 'build_base': '/home/dbot2/dbot_vda5050_ilmatar/build/vda5050_connector', 'catkin_cmake_args': None, 'catkin_skip_building_tests': False, 'cmake_args': None, 'cmake_clean_cache': False, 'cmake_clean_first': False, 'cmake_force_configure': False, 'cmake_target': None, 'cmake_target_skip_unavailable': False, 'install_base': '/home/dbot2/dbot_vda5050_ilmatar/install/vda5050_connector', 'merge_install': False, 'path': '/home/dbot2/dbot_vda5050_ilmatar/src/vda5050_connector', 'symlink_install': True, 'test_result_base': None}
[0.486s] Level 5:colcon.colcon_core.verb:set package 'odom_motion_model' build argument 'cmake_args' from command line to 'None'
[0.486s] Level 5:colcon.colcon_core.verb:set package 'odom_motion_model' build argument 'cmake_target' from command line to 'None'
[0.486s] Level 5:colcon.colcon_core.verb:set package 'odom_motion_model' build argument 'cmake_target_skip_unavailable' from command line to 'False'
[0.486s] Level 5:colcon.colcon_core.verb:set package 'odom_motion_model' build argument 'cmake_clean_cache' from command line to 'False'
[0.486s] Level 5:colcon.colcon_core.verb:set package 'odom_motion_model' build argument 'cmake_clean_first' from command line to 'False'
[0.486s] Level 5:colcon.colcon_core.verb:set package 'odom_motion_model' build argument 'cmake_force_configure' from command line to 'False'
[0.486s] Level 5:colcon.colcon_core.verb:set package 'odom_motion_model' build argument 'ament_cmake_args' from command line to 'None'
[0.486s] Level 5:colcon.colcon_core.verb:set package 'odom_motion_model' build argument 'catkin_cmake_args' from command line to 'None'
[0.486s] Level 5:colcon.colcon_core.verb:set package 'odom_motion_model' build argument 'catkin_skip_building_tests' from command line to 'False'
[0.486s] DEBUG:colcon.colcon_core.verb:Building package 'odom_motion_model' with the following arguments: {'ament_cmake_args': None, 'build_base': '/home/dbot2/dbot_vda5050_ilmatar/build/odom_motion_model', 'catkin_cmake_args': None, 'catkin_skip_building_tests': False, 'cmake_args': None, 'cmake_clean_cache': False, 'cmake_clean_first': False, 'cmake_force_configure': False, 'cmake_target': None, 'cmake_target_skip_unavailable': False, 'install_base': '/home/dbot2/dbot_vda5050_ilmatar/install/odom_motion_model', 'merge_install': False, 'path': '/home/dbot2/dbot_vda5050_ilmatar/src/odom_motion_model', 'symlink_install': True, 'test_result_base': None}
[0.486s] Level 5:colcon.colcon_core.verb:set package 'vda5050_tb3_adapter' build argument 'cmake_args' from command line to 'None'
[0.486s] Level 5:colcon.colcon_core.verb:set package 'vda5050_tb3_adapter' build argument 'cmake_target' from command line to 'None'
[0.486s] Level 5:colcon.colcon_core.verb:set package 'vda5050_tb3_adapter' build argument 'cmake_target_skip_unavailable' from command line to 'False'
[0.486s] Level 5:colcon.colcon_core.verb:set package 'vda5050_tb3_adapter' build argument 'cmake_clean_cache' from command line to 'False'
[0.486s] Level 5:colcon.colcon_core.verb:set package 'vda5050_tb3_adapter' build argument 'cmake_clean_first' from command line to 'False'
[0.486s] Level 5:colcon.colcon_core.verb:set package 'vda5050_tb3_adapter' build argument 'cmake_force_configure' from command line to 'False'
[0.486s] Level 5:colcon.colcon_core.verb:set package 'vda5050_tb3_adapter' build argument 'ament_cmake_args' from command line to 'None'
[0.486s] Level 5:colcon.colcon_core.verb:set package 'vda5050_tb3_adapter' build argument 'catkin_cmake_args' from command line to 'None'
[0.486s] Level 5:colcon.colcon_core.verb:set package 'vda5050_tb3_adapter' build argument 'catkin_skip_building_tests' from command line to 'False'
[0.486s] DEBUG:colcon.colcon_core.verb:Building package 'vda5050_tb3_adapter' with the following arguments: {'ament_cmake_args': None, 'build_base': '/home/dbot2/dbot_vda5050_ilmatar/build/vda5050_tb3_adapter', 'catkin_cmake_args': None, 'catkin_skip_building_tests': False, 'cmake_args': None, 'cmake_clean_cache': False, 'cmake_clean_first': False, 'cmake_force_configure': False, 'cmake_target': None, 'cmake_target_skip_unavailable': False, 'install_base': '/home/dbot2/dbot_vda5050_ilmatar/install/vda5050_tb3_adapter', 'merge_install': False, 'path': '/home/dbot2/dbot_vda5050_ilmatar/src/vda5050_tb3_adapter', 'symlink_install': True, 'test_result_base': None}
[0.486s] INFO:colcon.colcon_core.executor:Executing jobs using 'parallel' executor
[0.487s] DEBUG:colcon.colcon_parallel_executor.executor.parallel:run_until_complete
[0.487s] INFO:colcon.colcon_ros.task.ament_cmake.build:Building ROS package in '/home/dbot2/dbot_vda5050_ilmatar/src/dbot_custom_msgs' with build type 'ament_cmake'
[0.487s] INFO:colcon.colcon_cmake.task.cmake.build:Building CMake package in '/home/dbot2/dbot_vda5050_ilmatar/src/dbot_custom_msgs'
[0.490s] INFO:colcon.colcon_core.plugin_system:Skipping extension 'colcon_core.shell.bat': Not used on non-Windows systems
[0.490s] INFO:colcon.colcon_core.shell:Skip shell extension 'powershell' for command environment: Not usable outside of PowerShell
[0.490s] DEBUG:colcon.colcon_core.shell:Skip shell extension 'dsv' for command environment
[0.495s] INFO:colcon.colcon_ros.task.ament_cmake.build:Building ROS package in '/home/dbot2/dbot_vda5050_ilmatar/src/vda5050_msgs' with build type 'ament_cmake'
[0.495s] INFO:colcon.colcon_cmake.task.cmake.build:Building CMake package in '/home/dbot2/dbot_vda5050_ilmatar/src/vda5050_msgs'
[0.495s] INFO:colcon.colcon_core.shell:Skip shell extension 'powershell' for command environment: Not usable outside of PowerShell
[0.495s] DEBUG:colcon.colcon_core.shell:Skip shell extension 'dsv' for command environment
[0.500s] INFO:colcon.colcon_ros.task.ament_python.build:Building ROS package in '/home/dbot2/dbot_vda5050_ilmatar/src/dbot' with build type 'ament_python'
[0.500s] Level 1:colcon.colcon_core.shell:create_environment_hook('dbot', 'ament_prefix_path')
[0.500s] INFO:colcon.colcon_core.shell:Creating environment hook '/home/dbot2/dbot_vda5050_ilmatar/install/dbot/share/dbot/hook/ament_prefix_path.ps1'
[0.501s] INFO:colcon.colcon_core.shell:Creating environment descriptor '/home/dbot2/dbot_vda5050_ilmatar/install/dbot/share/dbot/hook/ament_prefix_path.dsv'
[0.501s] INFO:colcon.colcon_core.shell:Creating environment hook '/home/dbot2/dbot_vda5050_ilmatar/install/dbot/share/dbot/hook/ament_prefix_path.sh'
[0.502s] INFO:colcon.colcon_core.shell:Skip shell extension 'powershell' for command environment: Not usable outside of PowerShell
[0.502s] DEBUG:colcon.colcon_core.shell:Skip shell extension 'dsv' for command environment
[0.507s] INFO:colcon.colcon_ros.task.ament_python.build:Building ROS package in '/home/dbot2/dbot_vda5050_ilmatar/src/dbot_bridge' with build type 'ament_python'
[0.507s] Level 1:colcon.colcon_core.shell:create_environment_hook('dbot_bridge', 'ament_prefix_path')
[0.507s] INFO:colcon.colcon_core.shell:Creating environment hook '/home/dbot2/dbot_vda5050_ilmatar/install/dbot_bridge/share/dbot_bridge/hook/ament_prefix_path.ps1'
[0.507s] INFO:colcon.colcon_core.shell:Creating environment descriptor '/home/dbot2/dbot_vda5050_ilmatar/install/dbot_bridge/share/dbot_bridge/hook/ament_prefix_path.dsv'
[0.508s] INFO:colcon.colcon_core.shell:Creating environment hook '/home/dbot2/dbot_vda5050_ilmatar/install/dbot_bridge/share/dbot_bridge/hook/ament_prefix_path.sh'
[0.508s] INFO:colcon.colcon_core.shell:Skip shell extension 'powershell' for command environment: Not usable outside of PowerShell
[0.508s] DEBUG:colcon.colcon_core.shell:Skip shell extension 'dsv' for command environment
[0.513s] INFO:colcon.colcon_ros.task.ament_cmake.build:Building ROS package in '/home/dbot2/dbot_vda5050_ilmatar/src/dbot_nav_slam' with build type 'ament_cmake'
[0.513s] INFO:colcon.colcon_cmake.task.cmake.build:Building CMake package in '/home/dbot2/dbot_vda5050_ilmatar/src/dbot_nav_slam'
[0.513s] INFO:colcon.colcon_core.shell:Skip shell extension 'powershell' for command environment: Not usable outside of PowerShell
[0.513s] DEBUG:colcon.colcon_core.shell:Skip shell extension 'dsv' for command environment
[0.519s] INFO:colcon.colcon_ros.task.ament_python.build:Building ROS package in '/home/dbot2/dbot_vda5050_ilmatar/src/gesturecontrol' with build type 'ament_python'
[0.519s] Level 1:colcon.colcon_core.shell:create_environment_hook('gesturecontrol', 'ament_prefix_path')
[0.519s] INFO:colcon.colcon_core.shell:Creating environment hook '/home/dbot2/dbot_vda5050_ilmatar/install/gesturecontrol/share/gesturecontrol/hook/ament_prefix_path.ps1'
[0.519s] INFO:colcon.colcon_core.shell:Creating environment descriptor '/home/dbot2/dbot_vda5050_ilmatar/install/gesturecontrol/share/gesturecontrol/hook/ament_prefix_path.dsv'
[0.520s] INFO:colcon.colcon_core.shell:Creating environment hook '/home/dbot2/dbot_vda5050_ilmatar/install/gesturecontrol/share/gesturecontrol/hook/ament_prefix_path.sh'
[0.520s] INFO:colcon.colcon_core.shell:Skip shell extension 'powershell' for command environment: Not usable outside of PowerShell
[0.520s] DEBUG:colcon.colcon_core.shell:Skip shell extension 'dsv' for command environment
[0.526s] INFO:colcon.colcon_ros.task.ament_python.build:Building ROS package in '/home/dbot2/dbot_vda5050_ilmatar/src/joycontrol' with build type 'ament_python'
[0.526s] Level 1:colcon.colcon_core.shell:create_environment_hook('joycontrol', 'ament_prefix_path')
[0.526s] INFO:colcon.colcon_core.shell:Creating environment hook '/home/dbot2/dbot_vda5050_ilmatar/install/joycontrol/share/joycontrol/hook/ament_prefix_path.ps1'
[0.527s] INFO:colcon.colcon_core.shell:Creating environment descriptor '/home/dbot2/dbot_vda5050_ilmatar/install/joycontrol/share/joycontrol/hook/ament_prefix_path.dsv'
[0.527s] INFO:colcon.colcon_core.shell:Creating environment hook '/home/dbot2/dbot_vda5050_ilmatar/install/joycontrol/share/joycontrol/hook/ament_prefix_path.sh'
[0.527s] INFO:colcon.colcon_core.shell:Skip shell extension 'powershell' for command environment: Not usable outside of PowerShell
[0.527s] DEBUG:colcon.colcon_core.shell:Skip shell extension 'dsv' for command environment
[0.534s] INFO:colcon.colcon_ros.task.ament_python.build:Building ROS package in '/home/dbot2/dbot_vda5050_ilmatar/src/tf2_dbot' with build type 'ament_python'
[0.534s] Level 1:colcon.colcon_core.shell:create_environment_hook('tf2_dbot', 'ament_prefix_path')
[0.534s] INFO:colcon.colcon_core.shell:Creating environment hook '/home/dbot2/dbot_vda5050_ilmatar/install/tf2_dbot/share/tf2_dbot/hook/ament_prefix_path.ps1'
[0.535s] INFO:colcon.colcon_core.shell:Creating environment descriptor '/home/dbot2/dbot_vda5050_ilmatar/install/tf2_dbot/share/tf2_dbot/hook/ament_prefix_path.dsv'
[0.535s] INFO:colcon.colcon_core.shell:Creating environment hook '/home/dbot2/dbot_vda5050_ilmatar/install/tf2_dbot/share/tf2_dbot/hook/ament_prefix_path.sh'
[0.536s] INFO:colcon.colcon_core.shell:Skip shell extension 'powershell' for command environment: Not usable outside of PowerShell
[0.536s] DEBUG:colcon.colcon_core.shell:Skip shell extension 'dsv' for command environment
[0.546s] DEBUG:colcon.colcon_core.event_handler.log_command:Invoking command in '/home/dbot2/dbot_vda5050_ilmatar/build/dbot_custom_msgs': CMAKE_PREFIX_PATH=${CMAKE_PREFIX_PATH}:/home/dbot2/dbot_vda5050_ilmatar/install/vda5050_tb3_adapter:/home/dbot2/dbot_vda5050_ilmatar/install/tf2_dbot:/home/dbot2/dbot_vda5050_ilmatar/install/odom_motion_model:/home/dbot2/dbot_vda5050_ilmatar/install/motor_driver:/home/dbot2/dbot_vda5050_ilmatar/install/joycontrol:/home/dbot2/dbot_vda5050_ilmatar/install/gesturecontrol:/home/dbot2/dbot_vda5050_ilmatar/install/dbot_bridge:/home/dbot2/dbot_vda5050_ilmatar/install/dbot:/home/dbot2/dbot_src/install/tf2_dbot:/home/dbot2/dbot_src/install/odom_motion_model:/home/dbot2/dbot_src/install/motor_driver:/home/dbot2/dbot_src/install/joycontrol:/home/dbot2/dbot_src/install/dbot:/home/dbot2/dbot_remote/install/pcd_joy_trigger:/home/dbot2/circus_demo/install/circus_demo:/home/dbot2/ros2_ws/install/tf2_dbot:/home/dbot2/ros2_ws/install/odom_motion_model:/home/dbot2/ros2_ws/install/motor_driver:/home/dbot2/ros2_ws/install/joycontrol:/home/dbot2/ros2_ws/install/gesturecontrol:/home/dbot2/ros2_ws/install/dbot_bridge:/home/dbot2/ros2_ws/install/dbot:/home/dbot2/ros2_ws/install/ament_xmllint:/home/dbot2/ros2_ws/install/ament_uncrustify:/home/dbot2/ros2_ws/install/ament_pyflakes:/home/dbot2/ros2_ws/install/ament_pycodestyle:/home/dbot2/ros2_ws/install/ament_pep257:/home/dbot2/ros2_ws/install/ament_pclint:/home/dbot2/ros2_ws/install/ament_mypy:/home/dbot2/ros2_ws/install/ament_lint_cmake:/home/dbot2/ros2_ws/install/ament_flake8:/home/dbot2/ros2_ws/install/ament_copyright:/home/dbot2/ros2_ws/install/ament_lint:/home/dbot2/ros2_ws/install/ament_cpplint:/home/dbot2/ros2_ws/install/ament_cppcheck:/home/dbot2/ros2_ws/install/ament_clang_tidy:/home/dbot2/ros2_ws/install/ament_clang_format:/opt/ros/humble /usr/bin/cmake --build /home/dbot2/dbot_vda5050_ilmatar/build/dbot_custom_msgs -- -j8 -l8
[0.551s] DEBUG:colcon.colcon_core.event_handler.log_command:Invoking command in '/home/dbot2/dbot_vda5050_ilmatar/build/vda5050_msgs': CMAKE_PREFIX_PATH=${CMAKE_PREFIX_PATH}:/home/dbot2/dbot_vda5050_ilmatar/install/vda5050_tb3_adapter:/home/dbot2/dbot_vda5050_ilmatar/install/tf2_dbot:/home/dbot2/dbot_vda5050_ilmatar/install/odom_motion_model:/home/dbot2/dbot_vda5050_ilmatar/install/motor_driver:/home/dbot2/dbot_vda5050_ilmatar/install/joycontrol:/home/dbot2/dbot_vda5050_ilmatar/install/gesturecontrol:/home/dbot2/dbot_vda5050_ilmatar/install/dbot_bridge:/home/dbot2/dbot_vda5050_ilmatar/install/dbot:/home/dbot2/dbot_src/install/tf2_dbot:/home/dbot2/dbot_src/install/odom_motion_model:/home/dbot2/dbot_src/install/motor_driver:/home/dbot2/dbot_src/install/joycontrol:/home/dbot2/dbot_src/install/dbot:/home/dbot2/dbot_remote/install/pcd_joy_trigger:/home/dbot2/circus_demo/install/circus_demo:/home/dbot2/ros2_ws/install/tf2_dbot:/home/dbot2/ros2_ws/install/odom_motion_model:/home/dbot2/ros2_ws/install/motor_driver:/home/dbot2/ros2_ws/install/joycontrol:/home/dbot2/ros2_ws/install/gesturecontrol:/home/dbot2/ros2_ws/install/dbot_bridge:/home/dbot2/ros2_ws/install/dbot:/home/dbot2/ros2_ws/install/ament_xmllint:/home/dbot2/ros2_ws/install/ament_uncrustify:/home/dbot2/ros2_ws/install/ament_pyflakes:/home/dbot2/ros2_ws/install/ament_pycodestyle:/home/dbot2/ros2_ws/install/ament_pep257:/home/dbot2/ros2_ws/install/ament_pclint:/home/dbot2/ros2_ws/install/ament_mypy:/home/dbot2/ros2_ws/install/ament_lint_cmake:/home/dbot2/ros2_ws/install/ament_flake8:/home/dbot2/ros2_ws/install/ament_copyright:/home/dbot2/ros2_ws/install/ament_lint:/home/dbot2/ros2_ws/install/ament_cpplint:/home/dbot2/ros2_ws/install/ament_cppcheck:/home/dbot2/ros2_ws/install/ament_clang_tidy:/home/dbot2/ros2_ws/install/ament_clang_format:/opt/ros/humble /usr/bin/cmake --build /home/dbot2/dbot_vda5050_ilmatar/build/vda5050_msgs -- -j8 -l8
[0.882s] WARNING:colcon.colcon_ros.task.ament_python.build:Package 'dbot' doesn't explicitly install a marker in the package index (colcon-ros currently does it implicitly but that fallback will be removed in the future)
[0.883s] WARNING:colcon.colcon_ros.task.ament_python.build:Package 'dbot' doesn't explicitly install the 'package.xml' file (colcon-ros currently does it implicitly but that fallback will be removed in the future)
[0.883s] INFO:colcon.colcon_core.task.python.build:Building Python package in '/home/dbot2/dbot_vda5050_ilmatar/src/dbot'
[0.883s] INFO:colcon.colcon_core.shell:Skip shell extension 'powershell' for command environment: Not usable outside of PowerShell
[0.883s] DEBUG:colcon.colcon_core.shell:Skip shell extension 'dsv' for command environment
[1.164s] INFO:colcon.colcon_core.task.python.build:Building Python package in '/home/dbot2/dbot_vda5050_ilmatar/src/dbot_bridge'
[1.164s] INFO:colcon.colcon_core.shell:Skip shell extension 'powershell' for command environment: Not usable outside of PowerShell
[1.164s] DEBUG:colcon.colcon_core.shell:Skip shell extension 'dsv' for command environment
[1.172s] DEBUG:colcon.colcon_core.event_handler.log_command:Invoking command in '/home/dbot2/dbot_vda5050_ilmatar/build/dbot_nav_slam': CMAKE_PREFIX_PATH=${CMAKE_PREFIX_PATH}:/home/dbot2/dbot_vda5050_ilmatar/install/vda5050_tb3_adapter:/home/dbot2/dbot_vda5050_ilmatar/install/tf2_dbot:/home/dbot2/dbot_vda5050_ilmatar/install/odom_motion_model:/home/dbot2/dbot_vda5050_ilmatar/install/motor_driver:/home/dbot2/dbot_vda5050_ilmatar/install/joycontrol:/home/dbot2/dbot_vda5050_ilmatar/install/gesturecontrol:/home/dbot2/dbot_vda5050_ilmatar/install/dbot_bridge:/home/dbot2/dbot_vda5050_ilmatar/install/dbot:/home/dbot2/dbot_src/install/tf2_dbot:/home/dbot2/dbot_src/install/odom_motion_model:/home/dbot2/dbot_src/install/motor_driver:/home/dbot2/dbot_src/install/joycontrol:/home/dbot2/dbot_src/install/dbot:/home/dbot2/dbot_remote/install/pcd_joy_trigger:/home/dbot2/circus_demo/install/circus_demo:/home/dbot2/ros2_ws/install/tf2_dbot:/home/dbot2/ros2_ws/install/odom_motion_model:/home/dbot2/ros2_ws/install/motor_driver:/home/dbot2/ros2_ws/install/joycontrol:/home/dbot2/ros2_ws/install/gesturecontrol:/home/dbot2/ros2_ws/install/dbot_bridge:/home/dbot2/ros2_ws/install/dbot:/home/dbot2/ros2_ws/install/ament_xmllint:/home/dbot2/ros2_ws/install/ament_uncrustify:/home/dbot2/ros2_ws/install/ament_pyflakes:/home/dbot2/ros2_ws/install/ament_pycodestyle:/home/dbot2/ros2_ws/install/ament_pep257:/home/dbot2/ros2_ws/install/ament_pclint:/home/dbot2/ros2_ws/install/ament_mypy:/home/dbot2/ros2_ws/install/ament_lint_cmake:/home/dbot2/ros2_ws/install/ament_flake8:/home/dbot2/ros2_ws/install/ament_copyright:/home/dbot2/ros2_ws/install/ament_lint:/home/dbot2/ros2_ws/install/ament_cpplint:/home/dbot2/ros2_ws/install/ament_cppcheck:/home/dbot2/ros2_ws/install/ament_clang_tidy:/home/dbot2/ros2_ws/install/ament_clang_format:/opt/ros/humble /usr/bin/cmake --build /home/dbot2/dbot_vda5050_ilmatar/build/dbot_nav_slam -- -j8 -l8
[1.450s] INFO:colcon.colcon_core.task.python.build:Building Python package in '/home/dbot2/dbot_vda5050_ilmatar/src/gesturecontrol'
[1.451s] INFO:colcon.colcon_core.shell:Skip shell extension 'powershell' for command environment: Not usable outside of PowerShell
[1.451s] DEBUG:colcon.colcon_core.shell:Skip shell extension 'dsv' for command environment
[1.711s] INFO:colcon.colcon_core.task.python.build:Building Python package in '/home/dbot2/dbot_vda5050_ilmatar/src/joycontrol'
[1.711s] INFO:colcon.colcon_core.shell:Skip shell extension 'powershell' for command environment: Not usable outside of PowerShell
[1.711s] DEBUG:colcon.colcon_core.shell:Skip shell extension 'dsv' for command environment
[1.964s] INFO:colcon.colcon_core.task.python.build:Building Python package in '/home/dbot2/dbot_vda5050_ilmatar/src/tf2_dbot'
[1.964s] INFO:colcon.colcon_core.shell:Skip shell extension 'powershell' for command environment: Not usable outside of PowerShell
[1.964s] DEBUG:colcon.colcon_core.shell:Skip shell extension 'dsv' for command environment
[1.970s] DEBUG:colcon.colcon_core.event_handler.log_command:Invoked command in '/home/dbot2/dbot_vda5050_ilmatar/build/vda5050_msgs' returned '0': CMAKE_PREFIX_PATH=${CMAKE_PREFIX_PATH}:/home/dbot2/dbot_vda5050_ilmatar/install/vda5050_tb3_adapter:/home/dbot2/dbot_vda5050_ilmatar/install/tf2_dbot:/home/dbot2/dbot_vda5050_ilmatar/install/odom_motion_model:/home/dbot2/dbot_vda5050_ilmatar/install/motor_driver:/home/dbot2/dbot_vda5050_ilmatar/install/joycontrol:/home/dbot2/dbot_vda5050_ilmatar/install/gesturecontrol:/home/dbot2/dbot_vda5050_ilmatar/install/dbot_bridge:/home/dbot2/dbot_vda5050_ilmatar/install/dbot:/home/dbot2/dbot_src/install/tf2_dbot:/home/dbot2/dbot_src/install/odom_motion_model:/home/dbot2/dbot_src/install/motor_driver:/home/dbot2/dbot_src/install/joycontrol:/home/dbot2/dbot_src/install/dbot:/home/dbot2/dbot_remote/install/pcd_joy_trigger:/home/dbot2/circus_demo/install/circus_demo:/home/dbot2/ros2_ws/install/tf2_dbot:/home/dbot2/ros2_ws/install/odom_motion_model:/home/dbot2/ros2_ws/install/motor_driver:/home/dbot2/ros2_ws/install/joycontrol:/home/dbot2/ros2_ws/install/gesturecontrol:/home/dbot2/ros2_ws/install/dbot_bridge:/home/dbot2/ros2_ws/install/dbot:/home/dbot2/ros2_ws/install/ament_xmllint:/home/dbot2/ros2_ws/install/ament_uncrustify:/home/dbot2/ros2_ws/install/ament_pyflakes:/home/dbot2/ros2_ws/install/ament_pycodestyle:/home/dbot2/ros2_ws/install/ament_pep257:/home/dbot2/ros2_ws/install/ament_pclint:/home/dbot2/ros2_ws/install/ament_mypy:/home/dbot2/ros2_ws/install/ament_lint_cmake:/home/dbot2/ros2_ws/install/ament_flake8:/home/dbot2/ros2_ws/install/ament_copyright:/home/dbot2/ros2_ws/install/ament_lint:/home/dbot2/ros2_ws/install/ament_cpplint:/home/dbot2/ros2_ws/install/ament_cppcheck:/home/dbot2/ros2_ws/install/ament_clang_tidy:/home/dbot2/ros2_ws/install/ament_clang_format:/opt/ros/humble /usr/bin/cmake --build /home/dbot2/dbot_vda5050_ilmatar/build/vda5050_msgs -- -j8 -l8
[1.977s] DEBUG:colcon.colcon_core.event_handler.log_command:Invoking command in '/home/dbot2/dbot_vda5050_ilmatar/build/vda5050_msgs': CMAKE_PREFIX_PATH=${CMAKE_PREFIX_PATH}:/home/dbot2/dbot_vda5050_ilmatar/install/vda5050_tb3_adapter:/home/dbot2/dbot_vda5050_ilmatar/install/tf2_dbot:/home/dbot2/dbot_vda5050_ilmatar/install/odom_motion_model:/home/dbot2/dbot_vda5050_ilmatar/install/motor_driver:/home/dbot2/dbot_vda5050_ilmatar/install/joycontrol:/home/dbot2/dbot_vda5050_ilmatar/install/gesturecontrol:/home/dbot2/dbot_vda5050_ilmatar/install/dbot_bridge:/home/dbot2/dbot_vda5050_ilmatar/install/dbot:/home/dbot2/dbot_src/install/tf2_dbot:/home/dbot2/dbot_src/install/odom_motion_model:/home/dbot2/dbot_src/install/motor_driver:/home/dbot2/dbot_src/install/joycontrol:/home/dbot2/dbot_src/install/dbot:/home/dbot2/dbot_remote/install/pcd_joy_trigger:/home/dbot2/circus_demo/install/circus_demo:/home/dbot2/ros2_ws/install/tf2_dbot:/home/dbot2/ros2_ws/install/odom_motion_model:/home/dbot2/ros2_ws/install/motor_driver:/home/dbot2/ros2_ws/install/joycontrol:/home/dbot2/ros2_ws/install/gesturecontrol:/home/dbot2/ros2_ws/install/dbot_bridge:/home/dbot2/ros2_ws/install/dbot:/home/dbot2/ros2_ws/install/ament_xmllint:/home/dbot2/ros2_ws/install/ament_uncrustify:/home/dbot2/ros2_ws/install/ament_pyflakes:/home/dbot2/ros2_ws/install/ament_pycodestyle:/home/dbot2/ros2_ws/install/ament_pep257:/home/dbot2/ros2_ws/install/ament_pclint:/home/dbot2/ros2_ws/install/ament_mypy:/home/dbot2/ros2_ws/install/ament_lint_cmake:/home/dbot2/ros2_ws/install/ament_flake8:/home/dbot2/ros2_ws/install/ament_copyright:/home/dbot2/ros2_ws/install/ament_lint:/home/dbot2/ros2_ws/install/ament_cpplint:/home/dbot2/ros2_ws/install/ament_cppcheck:/home/dbot2/ros2_ws/install/ament_clang_tidy:/home/dbot2/ros2_ws/install/ament_clang_format:/opt/ros/humble /usr/bin/cmake --install /home/dbot2/dbot_vda5050_ilmatar/build/vda5050_msgs
[1.977s] DEBUG:colcon.colcon_core.event_handler.log_command:Invoked command in '/home/dbot2/dbot_vda5050_ilmatar/build/dbot_custom_msgs' returned '0': CMAKE_PREFIX_PATH=${CMAKE_PREFIX_PATH}:/home/dbot2/dbot_vda5050_ilmatar/install/vda5050_tb3_adapter:/home/dbot2/dbot_vda5050_ilmatar/install/tf2_dbot:/home/dbot2/dbot_vda5050_ilmatar/install/odom_motion_model:/home/dbot2/dbot_vda5050_ilmatar/install/motor_driver:/home/dbot2/dbot_vda5050_ilmatar/install/joycontrol:/home/dbot2/dbot_vda5050_ilmatar/install/gesturecontrol:/home/dbot2/dbot_vda5050_ilmatar/install/dbot_bridge:/home/dbot2/dbot_vda5050_ilmatar/install/dbot:/home/dbot2/dbot_src/install/tf2_dbot:/home/dbot2/dbot_src/install/odom_motion_model:/home/dbot2/dbot_src/install/motor_driver:/home/dbot2/dbot_src/install/joycontrol:/home/dbot2/dbot_src/install/dbot:/home/dbot2/dbot_remote/install/pcd_joy_trigger:/home/dbot2/circus_demo/install/circus_demo:/home/dbot2/ros2_ws/install/tf2_dbot:/home/dbot2/ros2_ws/install/odom_motion_model:/home/dbot2/ros2_ws/install/motor_driver:/home/dbot2/ros2_ws/install/joycontrol:/home/dbot2/ros2_ws/install/gesturecontrol:/home/dbot2/ros2_ws/install/dbot_bridge:/home/dbot2/ros2_ws/install/dbot:/home/dbot2/ros2_ws/install/ament_xmllint:/home/dbot2/ros2_ws/install/ament_uncrustify:/home/dbot2/ros2_ws/install/ament_pyflakes:/home/dbot2/ros2_ws/install/ament_pycodestyle:/home/dbot2/ros2_ws/install/ament_pep257:/home/dbot2/ros2_ws/install/ament_pclint:/home/dbot2/ros2_ws/install/ament_mypy:/home/dbot2/ros2_ws/install/ament_lint_cmake:/home/dbot2/ros2_ws/install/ament_flake8:/home/dbot2/ros2_ws/install/ament_copyright:/home/dbot2/ros2_ws/install/ament_lint:/home/dbot2/ros2_ws/install/ament_cpplint:/home/dbot2/ros2_ws/install/ament_cppcheck:/home/dbot2/ros2_ws/install/ament_clang_tidy:/home/dbot2/ros2_ws/install/ament_clang_format:/opt/ros/humble /usr/bin/cmake --build /home/dbot2/dbot_vda5050_ilmatar/build/dbot_custom_msgs -- -j8 -l8
[1.978s] DEBUG:colcon.colcon_core.event_handler.log_command:Invoking command in '/home/dbot2/dbot_vda5050_ilmatar/build/dbot_custom_msgs': CMAKE_PREFIX_PATH=${CMAKE_PREFIX_PATH}:/home/dbot2/dbot_vda5050_ilmatar/install/vda5050_tb3_adapter:/home/dbot2/dbot_vda5050_ilmatar/install/tf2_dbot:/home/dbot2/dbot_vda5050_ilmatar/install/odom_motion_model:/home/dbot2/dbot_vda5050_ilmatar/install/motor_driver:/home/dbot2/dbot_vda5050_ilmatar/install/joycontrol:/home/dbot2/dbot_vda5050_ilmatar/install/gesturecontrol:/home/dbot2/dbot_vda5050_ilmatar/install/dbot_bridge:/home/dbot2/dbot_vda5050_ilmatar/install/dbot:/home/dbot2/dbot_src/install/tf2_dbot:/home/dbot2/dbot_src/install/odom_motion_model:/home/dbot2/dbot_src/install/motor_driver:/home/dbot2/dbot_src/install/joycontrol:/home/dbot2/dbot_src/install/dbot:/home/dbot2/dbot_remote/install/pcd_joy_trigger:/home/dbot2/circus_demo/install/circus_demo:/home/dbot2/ros2_ws/install/tf2_dbot:/home/dbot2/ros2_ws/install/odom_motion_model:/home/dbot2/ros2_ws/install/motor_driver:/home/dbot2/ros2_ws/install/joycontrol:/home/dbot2/ros2_ws/install/gesturecontrol:/home/dbot2/ros2_ws/install/dbot_bridge:/home/dbot2/ros2_ws/install/dbot:/home/dbot2/ros2_ws/install/ament_xmllint:/home/dbot2/ros2_ws/install/ament_uncrustify:/home/dbot2/ros2_ws/install/ament_pyflakes:/home/dbot2/ros2_ws/install/ament_pycodestyle:/home/dbot2/ros2_ws/install/ament_pep257:/home/dbot2/ros2_ws/install/ament_pclint:/home/dbot2/ros2_ws/install/ament_mypy:/home/dbot2/ros2_ws/install/ament_lint_cmake:/home/dbot2/ros2_ws/install/ament_flake8:/home/dbot2/ros2_ws/install/ament_copyright:/home/dbot2/ros2_ws/install/ament_lint:/home/dbot2/ros2_ws/install/ament_cpplint:/home/dbot2/ros2_ws/install/ament_cppcheck:/home/dbot2/ros2_ws/install/ament_clang_tidy:/home/dbot2/ros2_ws/install/ament_clang_format:/opt/ros/humble /usr/bin/cmake --install /home/dbot2/dbot_vda5050_ilmatar/build/dbot_custom_msgs
[1.979s] DEBUG:colcon.colcon_core.event_handler.log_command:Invoked command in '/home/dbot2/dbot_vda5050_ilmatar/build/dbot_nav_slam' returned '0': CMAKE_PREFIX_PATH=${CMAKE_PREFIX_PATH}:/home/dbot2/dbot_vda5050_ilmatar/install/vda5050_tb3_adapter:/home/dbot2/dbot_vda5050_ilmatar/install/tf2_dbot:/home/dbot2/dbot_vda5050_ilmatar/install/odom_motion_model:/home/dbot2/dbot_vda5050_ilmatar/install/motor_driver:/home/dbot2/dbot_vda5050_ilmatar/install/joycontrol:/home/dbot2/dbot_vda5050_ilmatar/install/gesturecontrol:/home/dbot2/dbot_vda5050_ilmatar/install/dbot_bridge:/home/dbot2/dbot_vda5050_ilmatar/install/dbot:/home/dbot2/dbot_src/install/tf2_dbot:/home/dbot2/dbot_src/install/odom_motion_model:/home/dbot2/dbot_src/install/motor_driver:/home/dbot2/dbot_src/install/joycontrol:/home/dbot2/dbot_src/install/dbot:/home/dbot2/dbot_remote/install/pcd_joy_trigger:/home/dbot2/circus_demo/install/circus_demo:/home/dbot2/ros2_ws/install/tf2_dbot:/home/dbot2/ros2_ws/install/odom_motion_model:/home/dbot2/ros2_ws/install/motor_driver:/home/dbot2/ros2_ws/install/joycontrol:/home/dbot2/ros2_ws/install/gesturecontrol:/home/dbot2/ros2_ws/install/dbot_bridge:/home/dbot2/ros2_ws/install/dbot:/home/dbot2/ros2_ws/install/ament_xmllint:/home/dbot2/ros2_ws/install/ament_uncrustify:/home/dbot2/ros2_ws/install/ament_pyflakes:/home/dbot2/ros2_ws/install/ament_pycodestyle:/home/dbot2/ros2_ws/install/ament_pep257:/home/dbot2/ros2_ws/install/ament_pclint:/home/dbot2/ros2_ws/install/ament_mypy:/home/dbot2/ros2_ws/install/ament_lint_cmake:/home/dbot2/ros2_ws/install/ament_flake8:/home/dbot2/ros2_ws/install/ament_copyright:/home/dbot2/ros2_ws/install/ament_lint:/home/dbot2/ros2_ws/install/ament_cpplint:/home/dbot2/ros2_ws/install/ament_cppcheck:/home/dbot2/ros2_ws/install/ament_clang_tidy:/home/dbot2/ros2_ws/install/ament_clang_format:/opt/ros/humble /usr/bin/cmake --build /home/dbot2/dbot_vda5050_ilmatar/build/dbot_nav_slam -- -j8 -l8
[1.980s] DEBUG:colcon.colcon_core.event_handler.log_command:Invoking command in '/home/dbot2/dbot_vda5050_ilmatar/build/dbot_nav_slam': CMAKE_PREFIX_PATH=${CMAKE_PREFIX_PATH}:/home/dbot2/dbot_vda5050_ilmatar/install/vda5050_tb3_adapter:/home/dbot2/dbot_vda5050_ilmatar/install/tf2_dbot:/home/dbot2/dbot_vda5050_ilmatar/install/odom_motion_model:/home/dbot2/dbot_vda5050_ilmatar/install/motor_driver:/home/dbot2/dbot_vda5050_ilmatar/install/joycontrol:/home/dbot2/dbot_vda5050_ilmatar/install/gesturecontrol:/home/dbot2/dbot_vda5050_ilmatar/install/dbot_bridge:/home/dbot2/dbot_vda5050_ilmatar/install/dbot:/home/dbot2/dbot_src/install/tf2_dbot:/home/dbot2/dbot_src/install/odom_motion_model:/home/dbot2/dbot_src/install/motor_driver:/home/dbot2/dbot_src/install/joycontrol:/home/dbot2/dbot_src/install/dbot:/home/dbot2/dbot_remote/install/pcd_joy_trigger:/home/dbot2/circus_demo/install/circus_demo:/home/dbot2/ros2_ws/install/tf2_dbot:/home/dbot2/ros2_ws/install/odom_motion_model:/home/dbot2/ros2_ws/install/motor_driver:/home/dbot2/ros2_ws/install/joycontrol:/home/dbot2/ros2_ws/install/gesturecontrol:/home/dbot2/ros2_ws/install/dbot_bridge:/home/dbot2/ros2_ws/install/dbot:/home/dbot2/ros2_ws/install/ament_xmllint:/home/dbot2/ros2_ws/install/ament_uncrustify:/home/dbot2/ros2_ws/install/ament_pyflakes:/home/dbot2/ros2_ws/install/ament_pycodestyle:/home/dbot2/ros2_ws/install/ament_pep257:/home/dbot2/ros2_ws/install/ament_pclint:/home/dbot2/ros2_ws/install/ament_mypy:/home/dbot2/ros2_ws/install/ament_lint_cmake:/home/dbot2/ros2_ws/install/ament_flake8:/home/dbot2/ros2_ws/install/ament_copyright:/home/dbot2/ros2_ws/install/ament_lint:/home/dbot2/ros2_ws/install/ament_cpplint:/home/dbot2/ros2_ws/install/ament_cppcheck:/home/dbot2/ros2_ws/install/ament_clang_tidy:/home/dbot2/ros2_ws/install/ament_clang_format:/opt/ros/humble /usr/bin/cmake --install /home/dbot2/dbot_vda5050_ilmatar/build/dbot_nav_slam
[2.114s] Level 1:colcon.colcon_core.environment:create_environment_scripts_only(dbot_custom_msgs)
[2.115s] DEBUG:colcon.colcon_core.event_handler.log_command:Invoked command in '/home/dbot2/dbot_vda5050_ilmatar/build/dbot_custom_msgs' returned '0': CMAKE_PREFIX_PATH=${CMAKE_PREFIX_PATH}:/home/dbot2/dbot_vda5050_ilmatar/install/vda5050_tb3_adapter:/home/dbot2/dbot_vda5050_ilmatar/install/tf2_dbot:/home/dbot2/dbot_vda5050_ilmatar/install/odom_motion_model:/home/dbot2/dbot_vda5050_ilmatar/install/motor_driver:/home/dbot2/dbot_vda5050_ilmatar/install/joycontrol:/home/dbot2/dbot_vda5050_ilmatar/install/gesturecontrol:/home/dbot2/dbot_vda5050_ilmatar/install/dbot_bridge:/home/dbot2/dbot_vda5050_ilmatar/install/dbot:/home/dbot2/dbot_src/install/tf2_dbot:/home/dbot2/dbot_src/install/odom_motion_model:/home/dbot2/dbot_src/install/motor_driver:/home/dbot2/dbot_src/install/joycontrol:/home/dbot2/dbot_src/install/dbot:/home/dbot2/dbot_remote/install/pcd_joy_trigger:/home/dbot2/circus_demo/install/circus_demo:/home/dbot2/ros2_ws/install/tf2_dbot:/home/dbot2/ros2_ws/install/odom_motion_model:/home/dbot2/ros2_ws/install/motor_driver:/home/dbot2/ros2_ws/install/joycontrol:/home/dbot2/ros2_ws/install/gesturecontrol:/home/dbot2/ros2_ws/install/dbot_bridge:/home/dbot2/ros2_ws/install/dbot:/home/dbot2/ros2_ws/install/ament_xmllint:/home/dbot2/ros2_ws/install/ament_uncrustify:/home/dbot2/ros2_ws/install/ament_pyflakes:/home/dbot2/ros2_ws/install/ament_pycodestyle:/home/dbot2/ros2_ws/install/ament_pep257:/home/dbot2/ros2_ws/install/ament_pclint:/home/dbot2/ros2_ws/install/ament_mypy:/home/dbot2/ros2_ws/install/ament_lint_cmake:/home/dbot2/ros2_ws/install/ament_flake8:/home/dbot2/ros2_ws/install/ament_copyright:/home/dbot2/ros2_ws/install/ament_lint:/home/dbot2/ros2_ws/install/ament_cpplint:/home/dbot2/ros2_ws/install/ament_cppcheck:/home/dbot2/ros2_ws/install/ament_clang_tidy:/home/dbot2/ros2_ws/install/ament_clang_format:/opt/ros/humble /usr/bin/cmake --install /home/dbot2/dbot_vda5050_ilmatar/build/dbot_custom_msgs
[2.126s] Level 1:colcon.colcon_core.environment:checking '/home/dbot2/dbot_vda5050_ilmatar/install/dbot_custom_msgs' for CMake module files
[2.127s] Level 1:colcon.colcon_core.environment:checking '/home/dbot2/dbot_vda5050_ilmatar/install/dbot_custom_msgs' for CMake config files
[2.127s] Level 1:colcon.colcon_core.shell:create_environment_hook('dbot_custom_msgs', 'cmake_prefix_path')
[2.128s] INFO:colcon.colcon_core.shell:Creating environment hook '/home/dbot2/dbot_vda5050_ilmatar/install/dbot_custom_msgs/share/dbot_custom_msgs/hook/cmake_prefix_path.ps1'
[2.128s] INFO:colcon.colcon_core.shell:Creating environment descriptor '/home/dbot2/dbot_vda5050_ilmatar/install/dbot_custom_msgs/share/dbot_custom_msgs/hook/cmake_prefix_path.dsv'
[2.129s] INFO:colcon.colcon_core.shell:Creating environment hook '/home/dbot2/dbot_vda5050_ilmatar/install/dbot_custom_msgs/share/dbot_custom_msgs/hook/cmake_prefix_path.sh'
[2.130s] Level 1:colcon.colcon_core.environment:checking '/home/dbot2/dbot_vda5050_ilmatar/install/dbot_custom_msgs/lib'
[2.130s] Level 1:colcon.colcon_core.shell:create_environment_hook('dbot_custom_msgs', 'ld_library_path_lib')
[2.130s] INFO:colcon.colcon_core.shell:Creating environment hook '/home/dbot2/dbot_vda5050_ilmatar/install/dbot_custom_msgs/share/dbot_custom_msgs/hook/ld_library_path_lib.ps1'
[2.131s] INFO:colcon.colcon_core.shell:Creating environment descriptor '/home/dbot2/dbot_vda5050_ilmatar/install/dbot_custom_msgs/share/dbot_custom_msgs/hook/ld_library_path_lib.dsv'
[2.131s] INFO:colcon.colcon_core.shell:Creating environment hook '/home/dbot2/dbot_vda5050_ilmatar/install/dbot_custom_msgs/share/dbot_custom_msgs/hook/ld_library_path_lib.sh'
[2.132s] Level 1:colcon.colcon_core.environment:checking '/home/dbot2/dbot_vda5050_ilmatar/install/dbot_custom_msgs/bin'
[2.132s] Level 1:colcon.colcon_core.environment:checking '/home/dbot2/dbot_vda5050_ilmatar/install/dbot_custom_msgs/lib/pkgconfig/dbot_custom_msgs.pc'
[2.133s] Level 1:colcon.colcon_core.environment:checking '/home/dbot2/dbot_vda5050_ilmatar/install/dbot_custom_msgs/lib/python3.10/site-packages'
[2.133s] Level 1:colcon.colcon_core.environment:checking '/home/dbot2/dbot_vda5050_ilmatar/install/dbot_custom_msgs/bin'
[2.134s] INFO:colcon.colcon_core.shell:Creating package script '/home/dbot2/dbot_vda5050_ilmatar/install/dbot_custom_msgs/share/dbot_custom_msgs/package.ps1'
[2.135s] INFO:colcon.colcon_core.shell:Creating package descriptor '/home/dbot2/dbot_vda5050_ilmatar/install/dbot_custom_msgs/share/dbot_custom_msgs/package.dsv'
[2.137s] INFO:colcon.colcon_core.shell:Creating package script '/home/dbot2/dbot_vda5050_ilmatar/install/dbot_custom_msgs/share/dbot_custom_msgs/package.sh'
[2.137s] INFO:colcon.colcon_core.shell:Creating package script '/home/dbot2/dbot_vda5050_ilmatar/install/dbot_custom_msgs/share/dbot_custom_msgs/package.bash'
[2.139s] INFO:colcon.colcon_core.shell:Creating package script '/home/dbot2/dbot_vda5050_ilmatar/install/dbot_custom_msgs/share/dbot_custom_msgs/package.zsh'
[2.141s] Level 1:colcon.colcon_core.environment:create_file_with_runtime_dependencies(/home/dbot2/dbot_vda5050_ilmatar/install/dbot_custom_msgs/share/colcon-core/packages/dbot_custom_msgs)
[2.142s] Level 1:colcon.colcon_core.environment:create_environment_scripts_only(dbot_custom_msgs)
[2.143s] Level 1:colcon.colcon_core.environment:checking '/home/dbot2/dbot_vda5050_ilmatar/install/dbot_custom_msgs' for CMake module files
[2.144s] Level 1:colcon.colcon_core.environment:checking '/home/dbot2/dbot_vda5050_ilmatar/install/dbot_custom_msgs' for CMake config files
[2.144s] Level 1:colcon.colcon_core.shell:create_environment_hook('dbot_custom_msgs', 'cmake_prefix_path')
[2.145s] INFO:colcon.colcon_core.shell:Creating environment hook '/home/dbot2/dbot_vda5050_ilmatar/install/dbot_custom_msgs/share/dbot_custom_msgs/hook/cmake_prefix_path.ps1'
[2.146s] INFO:colcon.colcon_core.shell:Creating environment descriptor '/home/dbot2/dbot_vda5050_ilmatar/install/dbot_custom_msgs/share/dbot_custom_msgs/hook/cmake_prefix_path.dsv'
[2.147s] INFO:colcon.colcon_core.shell:Creating environment hook '/home/dbot2/dbot_vda5050_ilmatar/install/dbot_custom_msgs/share/dbot_custom_msgs/hook/cmake_prefix_path.sh'
[2.148s] Level 1:colcon.colcon_core.environment:checking '/home/dbot2/dbot_vda5050_ilmatar/install/dbot_custom_msgs/lib'
[2.148s] Level 1:colcon.colcon_core.shell:create_environment_hook('dbot_custom_msgs', 'ld_library_path_lib')
[2.149s] INFO:colcon.colcon_core.shell:Creating environment hook '/home/dbot2/dbot_vda5050_ilmatar/install/dbot_custom_msgs/share/dbot_custom_msgs/hook/ld_library_path_lib.ps1'
[2.149s] INFO:colcon.colcon_core.shell:Creating environment descriptor '/home/dbot2/dbot_vda5050_ilmatar/install/dbot_custom_msgs/share/dbot_custom_msgs/hook/ld_library_path_lib.dsv'
[2.150s] INFO:colcon.colcon_core.shell:Creating environment hook '/home/dbot2/dbot_vda5050_ilmatar/install/dbot_custom_msgs/share/dbot_custom_msgs/hook/ld_library_path_lib.sh'
[2.150s] Level 1:colcon.colcon_core.environment:checking '/home/dbot2/dbot_vda5050_ilmatar/install/dbot_custom_msgs/bin'
[2.150s] Level 1:colcon.colcon_core.environment:checking '/home/dbot2/dbot_vda5050_ilmatar/install/dbot_custom_msgs/lib/pkgconfig/dbot_custom_msgs.pc'
[2.150s] Level 1:colcon.colcon_core.environment:checking '/home/dbot2/dbot_vda5050_ilmatar/install/dbot_custom_msgs/lib/python3.10/site-packages'
[2.151s] Level 1:colcon.colcon_core.environment:checking '/home/dbot2/dbot_vda5050_ilmatar/install/dbot_custom_msgs/bin'
[2.151s] INFO:colcon.colcon_core.shell:Creating package script '/home/dbot2/dbot_vda5050_ilmatar/install/dbot_custom_msgs/share/dbot_custom_msgs/package.ps1'
[2.152s] INFO:colcon.colcon_core.shell:Creating package descriptor '/home/dbot2/dbot_vda5050_ilmatar/install/dbot_custom_msgs/share/dbot_custom_msgs/package.dsv'
[2.153s] INFO:colcon.colcon_core.shell:Creating package script '/home/dbot2/dbot_vda5050_ilmatar/install/dbot_custom_msgs/share/dbot_custom_msgs/package.sh'
[2.154s] INFO:colcon.colcon_core.shell:Creating package script '/home/dbot2/dbot_vda5050_ilmatar/install/dbot_custom_msgs/share/dbot_custom_msgs/package.bash'
[2.155s] INFO:colcon.colcon_core.shell:Creating package script '/home/dbot2/dbot_vda5050_ilmatar/install/dbot_custom_msgs/share/dbot_custom_msgs/package.zsh'
[2.156s] Level 1:colcon.colcon_core.environment:create_file_with_runtime_dependencies(/home/dbot2/dbot_vda5050_ilmatar/install/dbot_custom_msgs/share/colcon-core/packages/dbot_custom_msgs)
[2.157s] INFO:colcon.colcon_ros.task.ament_cmake.build:Building ROS package in '/home/dbot2/dbot_vda5050_ilmatar/src/ros2_odometry_estimation' with build type 'ament_cmake'
[2.157s] INFO:colcon.colcon_cmake.task.cmake.build:Building CMake package in '/home/dbot2/dbot_vda5050_ilmatar/src/ros2_odometry_estimation'
[2.157s] INFO:colcon.colcon_core.shell:Skip shell extension 'powershell' for command environment: Not usable outside of PowerShell
[2.157s] DEBUG:colcon.colcon_core.shell:Skip shell extension 'dsv' for command environment
[2.175s] Level 1:colcon.colcon_core.environment:create_environment_scripts_only(dbot_nav_slam)
[2.175s] Level 1:colcon.colcon_core.environment:checking '/home/dbot2/dbot_vda5050_ilmatar/install/dbot_nav_slam' for CMake module files
[2.176s] Level 1:colcon.colcon_core.environment:checking '/home/dbot2/dbot_vda5050_ilmatar/install/dbot_nav_slam' for CMake config files
[2.177s] DEBUG:colcon.colcon_core.event_handler.log_command:Invoked command in '/home/dbot2/dbot_vda5050_ilmatar/build/dbot_nav_slam' returned '0': CMAKE_PREFIX_PATH=${CMAKE_PREFIX_PATH}:/home/dbot2/dbot_vda5050_ilmatar/install/vda5050_tb3_adapter:/home/dbot2/dbot_vda5050_ilmatar/install/tf2_dbot:/home/dbot2/dbot_vda5050_ilmatar/install/odom_motion_model:/home/dbot2/dbot_vda5050_ilmatar/install/motor_driver:/home/dbot2/dbot_vda5050_ilmatar/install/joycontrol:/home/dbot2/dbot_vda5050_ilmatar/install/gesturecontrol:/home/dbot2/dbot_vda5050_ilmatar/install/dbot_bridge:/home/dbot2/dbot_vda5050_ilmatar/install/dbot:/home/dbot2/dbot_src/install/tf2_dbot:/home/dbot2/dbot_src/install/odom_motion_model:/home/dbot2/dbot_src/install/motor_driver:/home/dbot2/dbot_src/install/joycontrol:/home/dbot2/dbot_src/install/dbot:/home/dbot2/dbot_remote/install/pcd_joy_trigger:/home/dbot2/circus_demo/install/circus_demo:/home/dbot2/ros2_ws/install/tf2_dbot:/home/dbot2/ros2_ws/install/odom_motion_model:/home/dbot2/ros2_ws/install/motor_driver:/home/dbot2/ros2_ws/install/joycontrol:/home/dbot2/ros2_ws/install/gesturecontrol:/home/dbot2/ros2_ws/install/dbot_bridge:/home/dbot2/ros2_ws/install/dbot:/home/dbot2/ros2_ws/install/ament_xmllint:/home/dbot2/ros2_ws/install/ament_uncrustify:/home/dbot2/ros2_ws/install/ament_pyflakes:/home/dbot2/ros2_ws/install/ament_pycodestyle:/home/dbot2/ros2_ws/install/ament_pep257:/home/dbot2/ros2_ws/install/ament_pclint:/home/dbot2/ros2_ws/install/ament_mypy:/home/dbot2/ros2_ws/install/ament_lint_cmake:/home/dbot2/ros2_ws/install/ament_flake8:/home/dbot2/ros2_ws/install/ament_copyright:/home/dbot2/ros2_ws/install/ament_lint:/home/dbot2/ros2_ws/install/ament_cpplint:/home/dbot2/ros2_ws/install/ament_cppcheck:/home/dbot2/ros2_ws/install/ament_clang_tidy:/home/dbot2/ros2_ws/install/ament_clang_format:/opt/ros/humble /usr/bin/cmake --install /home/dbot2/dbot_vda5050_ilmatar/build/dbot_nav_slam
[2.179s] Level 1:colcon.colcon_core.shell:create_environment_hook('dbot_nav_slam', 'cmake_prefix_path')
[2.180s] INFO:colcon.colcon_core.shell:Creating environment hook '/home/dbot2/dbot_vda5050_ilmatar/install/dbot_nav_slam/share/dbot_nav_slam/hook/cmake_prefix_path.ps1'
[2.182s] INFO:colcon.colcon_core.shell:Creating environment descriptor '/home/dbot2/dbot_vda5050_ilmatar/install/dbot_nav_slam/share/dbot_nav_slam/hook/cmake_prefix_path.dsv'
[2.183s] INFO:colcon.colcon_core.shell:Creating environment hook '/home/dbot2/dbot_vda5050_ilmatar/install/dbot_nav_slam/share/dbot_nav_slam/hook/cmake_prefix_path.sh'
[2.183s] Level 1:colcon.colcon_core.environment:checking '/home/dbot2/dbot_vda5050_ilmatar/install/dbot_nav_slam/lib'
[2.183s] Level 1:colcon.colcon_core.environment:checking '/home/dbot2/dbot_vda5050_ilmatar/install/dbot_nav_slam/bin'
[2.183s] Level 1:colcon.colcon_core.environment:checking '/home/dbot2/dbot_vda5050_ilmatar/install/dbot_nav_slam/lib/pkgconfig/dbot_nav_slam.pc'
[2.184s] Level 1:colcon.colcon_core.environment:checking '/home/dbot2/dbot_vda5050_ilmatar/install/dbot_nav_slam/lib/python3.10/site-packages'
[2.184s] Level 1:colcon.colcon_core.environment:checking '/home/dbot2/dbot_vda5050_ilmatar/install/dbot_nav_slam/bin'
[2.184s] INFO:colcon.colcon_core.shell:Creating package script '/home/dbot2/dbot_vda5050_ilmatar/install/dbot_nav_slam/share/dbot_nav_slam/package.ps1'
[2.185s] INFO:colcon.colcon_core.shell:Creating package descriptor '/home/dbot2/dbot_vda5050_ilmatar/install/dbot_nav_slam/share/dbot_nav_slam/package.dsv'
[2.185s] INFO:colcon.colcon_core.shell:Creating package script '/home/dbot2/dbot_vda5050_ilmatar/install/dbot_nav_slam/share/dbot_nav_slam/package.sh'
[2.186s] INFO:colcon.colcon_core.shell:Creating package script '/home/dbot2/dbot_vda5050_ilmatar/install/dbot_nav_slam/share/dbot_nav_slam/package.bash'
[2.187s] INFO:colcon.colcon_core.shell:Creating package script '/home/dbot2/dbot_vda5050_ilmatar/install/dbot_nav_slam/share/dbot_nav_slam/package.zsh'
[2.187s] Level 1:colcon.colcon_core.environment:create_file_with_runtime_dependencies(/home/dbot2/dbot_vda5050_ilmatar/install/dbot_nav_slam/share/colcon-core/packages/dbot_nav_slam)
[2.188s] Level 1:colcon.colcon_core.environment:create_environment_scripts_only(dbot_nav_slam)
[2.188s] Level 1:colcon.colcon_core.environment:checking '/home/dbot2/dbot_vda5050_ilmatar/install/dbot_nav_slam' for CMake module files
[2.189s] Level 1:colcon.colcon_core.environment:checking '/home/dbot2/dbot_vda5050_ilmatar/install/dbot_nav_slam' for CMake config files
[2.190s] Level 1:colcon.colcon_core.shell:create_environment_hook('dbot_nav_slam', 'cmake_prefix_path')
[2.190s] INFO:colcon.colcon_core.shell:Creating environment hook '/home/dbot2/dbot_vda5050_ilmatar/install/dbot_nav_slam/share/dbot_nav_slam/hook/cmake_prefix_path.ps1'
[2.191s] INFO:colcon.colcon_core.shell:Creating environment descriptor '/home/dbot2/dbot_vda5050_ilmatar/install/dbot_nav_slam/share/dbot_nav_slam/hook/cmake_prefix_path.dsv'
[2.192s] INFO:colcon.colcon_core.shell:Creating environment hook '/home/dbot2/dbot_vda5050_ilmatar/install/dbot_nav_slam/share/dbot_nav_slam/hook/cmake_prefix_path.sh'
[2.193s] Level 1:colcon.colcon_core.environment:checking '/home/dbot2/dbot_vda5050_ilmatar/install/dbot_nav_slam/lib'
[2.193s] Level 1:colcon.colcon_core.environment:checking '/home/dbot2/dbot_vda5050_ilmatar/install/dbot_nav_slam/bin'
[2.193s] Level 1:colcon.colcon_core.environment:checking '/home/dbot2/dbot_vda5050_ilmatar/install/dbot_nav_slam/lib/pkgconfig/dbot_nav_slam.pc'
[2.193s] Level 1:colcon.colcon_core.environment:checking '/home/dbot2/dbot_vda5050_ilmatar/install/dbot_nav_slam/lib/python3.10/site-packages'
[2.194s] Level 1:colcon.colcon_core.environment:checking '/home/dbot2/dbot_vda5050_ilmatar/install/dbot_nav_slam/bin'
[2.194s] INFO:colcon.colcon_core.shell:Creating package script '/home/dbot2/dbot_vda5050_ilmatar/install/dbot_nav_slam/share/dbot_nav_slam/package.ps1'
[2.195s] INFO:colcon.colcon_core.shell:Creating package descriptor '/home/dbot2/dbot_vda5050_ilmatar/install/dbot_nav_slam/share/dbot_nav_slam/package.dsv'
[2.195s] INFO:colcon.colcon_core.shell:Creating package script '/home/dbot2/dbot_vda5050_ilmatar/install/dbot_nav_slam/share/dbot_nav_slam/package.sh'
[2.196s] INFO:colcon.colcon_core.shell:Creating package script '/home/dbot2/dbot_vda5050_ilmatar/install/dbot_nav_slam/share/dbot_nav_slam/package.bash'
[2.196s] INFO:colcon.colcon_core.shell:Creating package script '/home/dbot2/dbot_vda5050_ilmatar/install/dbot_nav_slam/share/dbot_nav_slam/package.zsh'
[2.197s] Level 1:colcon.colcon_core.environment:create_file_with_runtime_dependencies(/home/dbot2/dbot_vda5050_ilmatar/install/dbot_nav_slam/share/colcon-core/packages/dbot_nav_slam)
[2.198s] INFO:colcon.colcon_ros.task.ament_cmake.build:Building ROS package in '/home/dbot2/dbot_vda5050_ilmatar/src/vda_dbot_nav_slam' with build type 'ament_cmake'
[2.198s] INFO:colcon.colcon_cmake.task.cmake.build:Building CMake package in '/home/dbot2/dbot_vda5050_ilmatar/src/vda_dbot_nav_slam'
[2.198s] INFO:colcon.colcon_core.shell:Skip shell extension 'powershell' for command environment: Not usable outside of PowerShell
[2.198s] DEBUG:colcon.colcon_core.shell:Skip shell extension 'dsv' for command environment
[2.221s] DEBUG:colcon.colcon_core.event_handler.log_command:Invoking command in '/home/dbot2/dbot_vda5050_ilmatar/build/odometry_estimator': CMAKE_PREFIX_PATH=/home/dbot2/dbot_vda5050_ilmatar/install/dbot_custom_msgs:/home/dbot2/dbot_vda5050_ilmatar/install/vda_dbot_nav_slam:/home/dbot2/dbot_vda5050_ilmatar/install/vda5050_connector:/home/dbot2/dbot_vda5050_ilmatar/install/vda5050_msgs:/home/dbot2/dbot_vda5050_ilmatar/install/odometry_estimator:/home/dbot2/dbot_vda5050_ilmatar/install/dbot_nav_slam:/home/dbot2/dbot_src/install/odometry_estimator:/home/dbot2/dbot_src/install/dbot_custom_msgs:/home/dbot2/dbot_remote/install/pointcloud_saver:/home/dbot2/circus_demo/install/pcl_localization_ros2:/home/dbot2/circus_demo/install/ndt_omp_ros2:/home/dbot2/ros2_ws/install/odometry_estimator:/home/dbot2/ros2_ws/install/dbot_nav_slam:/home/dbot2/ros2_ws/install/dbot_custom_msgs:/home/dbot2/ros2_ws/install/ament_lint_common:/home/dbot2/ros2_ws/install/ament_cmake_xmllint:/home/dbot2/ros2_ws/install/ament_cmake_uncrustify:/home/dbot2/ros2_ws/install/ament_cmake_pyflakes:/home/dbot2/ros2_ws/install/ament_cmake_pycodestyle:/home/dbot2/ros2_ws/install/ament_cmake_pep257:/home/dbot2/ros2_ws/install/ament_cmake_pclint:/home/dbot2/ros2_ws/install/ament_cmake_mypy:/home/dbot2/ros2_ws/install/ament_cmake_lint_cmake:/home/dbot2/ros2_ws/install/ament_lint_auto:/home/dbot2/ros2_ws/install/ament_cmake_flake8:/home/dbot2/ros2_ws/install/ament_cmake_copyright:/home/dbot2/ros2_ws/install/ament_cmake_cpplint:/home/dbot2/ros2_ws/install/ament_cmake_cppcheck:/home/dbot2/ros2_ws/install/ament_cmake_clang_tidy:/home/dbot2/ros2_ws/install/ament_cmake_clang_format:/home/dbot2/dbot_vda5050_ilmatar/install/vda5050_tb3_adapter:/home/dbot2/dbot_vda5050_ilmatar/install/tf2_dbot:/home/dbot2/dbot_vda5050_ilmatar/install/odom_motion_model:/home/dbot2/dbot_vda5050_ilmatar/install/motor_driver:/home/dbot2/dbot_vda5050_ilmatar/install/joycontrol:/home/dbot2/dbot_vda5050_ilmatar/install/gesturecontrol:/home/dbot2/dbot_vda5050_ilmatar/install/dbot_bridge:/home/dbot2/dbot_vda5050_ilmatar/install/dbot:/home/dbot2/dbot_src/install/tf2_dbot:/home/dbot2/dbot_src/install/odom_motion_model:/home/dbot2/dbot_src/install/motor_driver:/home/dbot2/dbot_src/install/joycontrol:/home/dbot2/dbot_src/install/dbot:/home/dbot2/dbot_remote/install/pcd_joy_trigger:/home/dbot2/circus_demo/install/circus_demo:/home/dbot2/ros2_ws/install/tf2_dbot:/home/dbot2/ros2_ws/install/odom_motion_model:/home/dbot2/ros2_ws/install/motor_driver:/home/dbot2/ros2_ws/install/joycontrol:/home/dbot2/ros2_ws/install/gesturecontrol:/home/dbot2/ros2_ws/install/dbot_bridge:/home/dbot2/ros2_ws/install/dbot:/home/dbot2/ros2_ws/install/ament_xmllint:/home/dbot2/ros2_ws/install/ament_uncrustify:/home/dbot2/ros2_ws/install/ament_pyflakes:/home/dbot2/ros2_ws/install/ament_pycodestyle:/home/dbot2/ros2_ws/install/ament_pep257:/home/dbot2/ros2_ws/install/ament_pclint:/home/dbot2/ros2_ws/install/ament_mypy:/home/dbot2/ros2_ws/install/ament_lint_cmake:/home/dbot2/ros2_ws/install/ament_flake8:/home/dbot2/ros2_ws/install/ament_copyright:/home/dbot2/ros2_ws/install/ament_lint:/home/dbot2/ros2_ws/install/ament_cpplint:/home/dbot2/ros2_ws/install/ament_cppcheck:/home/dbot2/ros2_ws/install/ament_clang_tidy:/home/dbot2/ros2_ws/install/ament_clang_format:/opt/ros/humble LD_LIBRARY_PATH=/home/dbot2/dbot_vda5050_ilmatar/install/dbot_custom_msgs/lib:/home/dbot2/dbot_vda5050_ilmatar/install/vda5050_connector/lib:/home/dbot2/dbot_vda5050_ilmatar/install/vda5050_msgs/lib:/home/dbot2/dbot_src/install/dbot_custom_msgs/lib:/home/dbot2/circus_demo/install/pcl_localization_ros2/lib:/home/dbot2/ros2_ws/install/dbot_custom_msgs/lib:/opt/ros/humble/opt/rviz_ogre_vendor/lib:/opt/ros/humble/lib/x86_64-linux-gnu:/opt/ros/humble/lib /usr/bin/cmake --build /home/dbot2/dbot_vda5050_ilmatar/build/odometry_estimator -- -j8 -l8
[2.229s] DEBUG:colcon.colcon_core.event_handler.log_command:Invoking command in '/home/dbot2/dbot_vda5050_ilmatar/build/vda_dbot_nav_slam': CMAKE_PREFIX_PATH=${CMAKE_PREFIX_PATH}:/home/dbot2/dbot_vda5050_ilmatar/install/vda5050_tb3_adapter:/home/dbot2/dbot_vda5050_ilmatar/install/tf2_dbot:/home/dbot2/dbot_vda5050_ilmatar/install/odom_motion_model:/home/dbot2/dbot_vda5050_ilmatar/install/motor_driver:/home/dbot2/dbot_vda5050_ilmatar/install/joycontrol:/home/dbot2/dbot_vda5050_ilmatar/install/gesturecontrol:/home/dbot2/dbot_vda5050_ilmatar/install/dbot_bridge:/home/dbot2/dbot_vda5050_ilmatar/install/dbot:/home/dbot2/dbot_src/install/tf2_dbot:/home/dbot2/dbot_src/install/odom_motion_model:/home/dbot2/dbot_src/install/motor_driver:/home/dbot2/dbot_src/install/joycontrol:/home/dbot2/dbot_src/install/dbot:/home/dbot2/dbot_remote/install/pcd_joy_trigger:/home/dbot2/circus_demo/install/circus_demo:/home/dbot2/ros2_ws/install/tf2_dbot:/home/dbot2/ros2_ws/install/odom_motion_model:/home/dbot2/ros2_ws/install/motor_driver:/home/dbot2/ros2_ws/install/joycontrol:/home/dbot2/ros2_ws/install/gesturecontrol:/home/dbot2/ros2_ws/install/dbot_bridge:/home/dbot2/ros2_ws/install/dbot:/home/dbot2/ros2_ws/install/ament_xmllint:/home/dbot2/ros2_ws/install/ament_uncrustify:/home/dbot2/ros2_ws/install/ament_pyflakes:/home/dbot2/ros2_ws/install/ament_pycodestyle:/home/dbot2/ros2_ws/install/ament_pep257:/home/dbot2/ros2_ws/install/ament_pclint:/home/dbot2/ros2_ws/install/ament_mypy:/home/dbot2/ros2_ws/install/ament_lint_cmake:/home/dbot2/ros2_ws/install/ament_flake8:/home/dbot2/ros2_ws/install/ament_copyright:/home/dbot2/ros2_ws/install/ament_lint:/home/dbot2/ros2_ws/install/ament_cpplint:/home/dbot2/ros2_ws/install/ament_cppcheck:/home/dbot2/ros2_ws/install/ament_clang_tidy:/home/dbot2/ros2_ws/install/ament_clang_format:/opt/ros/humble /usr/bin/cmake --build /home/dbot2/dbot_vda5050_ilmatar/build/vda_dbot_nav_slam -- -j8 -l8
[2.349s] Level 1:colcon.colcon_core.environment:create_environment_scripts_only(vda5050_msgs)
[2.349s] Level 1:colcon.colcon_core.environment:checking '/home/dbot2/dbot_vda5050_ilmatar/install/vda5050_msgs' for CMake module files
[2.349s] DEBUG:colcon.colcon_core.event_handler.log_command:Invoked command in '/home/dbot2/dbot_vda5050_ilmatar/build/vda5050_msgs' returned '0': CMAKE_PREFIX_PATH=${CMAKE_PREFIX_PATH}:/home/dbot2/dbot_vda5050_ilmatar/install/vda5050_tb3_adapter:/home/dbot2/dbot_vda5050_ilmatar/install/tf2_dbot:/home/dbot2/dbot_vda5050_ilmatar/install/odom_motion_model:/home/dbot2/dbot_vda5050_ilmatar/install/motor_driver:/home/dbot2/dbot_vda5050_ilmatar/install/joycontrol:/home/dbot2/dbot_vda5050_ilmatar/install/gesturecontrol:/home/dbot2/dbot_vda5050_ilmatar/install/dbot_bridge:/home/dbot2/dbot_vda5050_ilmatar/install/dbot:/home/dbot2/dbot_src/install/tf2_dbot:/home/dbot2/dbot_src/install/odom_motion_model:/home/dbot2/dbot_src/install/motor_driver:/home/dbot2/dbot_src/install/joycontrol:/home/dbot2/dbot_src/install/dbot:/home/dbot2/dbot_remote/install/pcd_joy_trigger:/home/dbot2/circus_demo/install/circus_demo:/home/dbot2/ros2_ws/install/tf2_dbot:/home/dbot2/ros2_ws/install/odom_motion_model:/home/dbot2/ros2_ws/install/motor_driver:/home/dbot2/ros2_ws/install/joycontrol:/home/dbot2/ros2_ws/install/gesturecontrol:/home/dbot2/ros2_ws/install/dbot_bridge:/home/dbot2/ros2_ws/install/dbot:/home/dbot2/ros2_ws/install/ament_xmllint:/home/dbot2/ros2_ws/install/ament_uncrustify:/home/dbot2/ros2_ws/install/ament_pyflakes:/home/dbot2/ros2_ws/install/ament_pycodestyle:/home/dbot2/ros2_ws/install/ament_pep257:/home/dbot2/ros2_ws/install/ament_pclint:/home/dbot2/ros2_ws/install/ament_mypy:/home/dbot2/ros2_ws/install/ament_lint_cmake:/home/dbot2/ros2_ws/install/ament_flake8:/home/dbot2/ros2_ws/install/ament_copyright:/home/dbot2/ros2_ws/install/ament_lint:/home/dbot2/ros2_ws/install/ament_cpplint:/home/dbot2/ros2_ws/install/ament_cppcheck:/home/dbot2/ros2_ws/install/ament_clang_tidy:/home/dbot2/ros2_ws/install/ament_clang_format:/opt/ros/humble /usr/bin/cmake --install /home/dbot2/dbot_vda5050_ilmatar/build/vda5050_msgs
[2.350s] Level 1:colcon.colcon_core.environment:checking '/home/dbot2/dbot_vda5050_ilmatar/install/vda5050_msgs' for CMake config files
[2.354s] Level 1:colcon.colcon_core.shell:create_environment_hook('vda5050_msgs', 'cmake_prefix_path')
[2.354s] INFO:colcon.colcon_core.shell:Creating environment hook '/home/dbot2/dbot_vda5050_ilmatar/install/vda5050_msgs/share/vda5050_msgs/hook/cmake_prefix_path.ps1'
[2.354s] INFO:colcon.colcon_core.shell:Creating environment descriptor '/home/dbot2/dbot_vda5050_ilmatar/install/vda5050_msgs/share/vda5050_msgs/hook/cmake_prefix_path.dsv'
[2.355s] INFO:colcon.colcon_core.shell:Creating environment hook '/home/dbot2/dbot_vda5050_ilmatar/install/vda5050_msgs/share/vda5050_msgs/hook/cmake_prefix_path.sh'
[2.355s] Level 1:colcon.colcon_core.environment:checking '/home/dbot2/dbot_vda5050_ilmatar/install/vda5050_msgs/lib'
[2.355s] Level 1:colcon.colcon_core.shell:create_environment_hook('vda5050_msgs', 'ld_library_path_lib')
[2.356s] INFO:colcon.colcon_core.shell:Creating environment hook '/home/dbot2/dbot_vda5050_ilmatar/install/vda5050_msgs/share/vda5050_msgs/hook/ld_library_path_lib.ps1'
[2.356s] INFO:colcon.colcon_core.shell:Creating environment descriptor '/home/dbot2/dbot_vda5050_ilmatar/install/vda5050_msgs/share/vda5050_msgs/hook/ld_library_path_lib.dsv'
[2.356s] INFO:colcon.colcon_core.shell:Creating environment hook '/home/dbot2/dbot_vda5050_ilmatar/install/vda5050_msgs/share/vda5050_msgs/hook/ld_library_path_lib.sh'
[2.357s] Level 1:colcon.colcon_core.environment:checking '/home/dbot2/dbot_vda5050_ilmatar/install/vda5050_msgs/bin'
[2.357s] Level 1:colcon.colcon_core.environment:checking '/home/dbot2/dbot_vda5050_ilmatar/install/vda5050_msgs/lib/pkgconfig/vda5050_msgs.pc'
[2.357s] Level 1:colcon.colcon_core.environment:checking '/home/dbot2/dbot_vda5050_ilmatar/install/vda5050_msgs/lib/python3.10/site-packages'
[2.357s] Level 1:colcon.colcon_core.environment:checking '/home/dbot2/dbot_vda5050_ilmatar/install/vda5050_msgs/bin'
[2.358s] INFO:colcon.colcon_core.shell:Creating package script '/home/dbot2/dbot_vda5050_ilmatar/install/vda5050_msgs/share/vda5050_msgs/package.ps1'
[2.358s] INFO:colcon.colcon_core.shell:Creating package descriptor '/home/dbot2/dbot_vda5050_ilmatar/install/vda5050_msgs/share/vda5050_msgs/package.dsv'
[2.359s] INFO:colcon.colcon_core.shell:Creating package script '/home/dbot2/dbot_vda5050_ilmatar/install/vda5050_msgs/share/vda5050_msgs/package.sh'
[2.359s] INFO:colcon.colcon_core.shell:Creating package script '/home/dbot2/dbot_vda5050_ilmatar/install/vda5050_msgs/share/vda5050_msgs/package.bash'
[2.359s] INFO:colcon.colcon_core.shell:Creating package script '/home/dbot2/dbot_vda5050_ilmatar/install/vda5050_msgs/share/vda5050_msgs/package.zsh'
[2.360s] Level 1:colcon.colcon_core.environment:create_file_with_runtime_dependencies(/home/dbot2/dbot_vda5050_ilmatar/install/vda5050_msgs/share/colcon-core/packages/vda5050_msgs)
[2.360s] Level 1:colcon.colcon_core.environment:create_environment_scripts_only(vda5050_msgs)
[2.361s] Level 1:colcon.colcon_core.environment:checking '/home/dbot2/dbot_vda5050_ilmatar/install/vda5050_msgs' for CMake module files
[2.361s] Level 1:colcon.colcon_core.environment:checking '/home/dbot2/dbot_vda5050_ilmatar/install/vda5050_msgs' for CMake config files
[2.365s] Level 1:colcon.colcon_core.shell:create_environment_hook('vda5050_msgs', 'cmake_prefix_path')
[2.366s] INFO:colcon.colcon_core.shell:Creating environment hook '/home/dbot2/dbot_vda5050_ilmatar/install/vda5050_msgs/share/vda5050_msgs/hook/cmake_prefix_path.ps1'
[2.366s] INFO:colcon.colcon_core.shell:Creating environment descriptor '/home/dbot2/dbot_vda5050_ilmatar/install/vda5050_msgs/share/vda5050_msgs/hook/cmake_prefix_path.dsv'
[2.367s] INFO:colcon.colcon_core.shell:Creating environment hook '/home/dbot2/dbot_vda5050_ilmatar/install/vda5050_msgs/share/vda5050_msgs/hook/cmake_prefix_path.sh'
[2.367s] Level 1:colcon.colcon_core.environment:checking '/home/dbot2/dbot_vda5050_ilmatar/install/vda5050_msgs/lib'
[2.367s] Level 1:colcon.colcon_core.shell:create_environment_hook('vda5050_msgs', 'ld_library_path_lib')
[2.367s] INFO:colcon.colcon_core.shell:Creating environment hook '/home/dbot2/dbot_vda5050_ilmatar/install/vda5050_msgs/share/vda5050_msgs/hook/ld_library_path_lib.ps1'
[2.368s] INFO:colcon.colcon_core.shell:Creating environment descriptor '/home/dbot2/dbot_vda5050_ilmatar/install/vda5050_msgs/share/vda5050_msgs/hook/ld_library_path_lib.dsv'
[2.368s] INFO:colcon.colcon_core.shell:Creating environment hook '/home/dbot2/dbot_vda5050_ilmatar/install/vda5050_msgs/share/vda5050_msgs/hook/ld_library_path_lib.sh'
[2.368s] Level 1:colcon.colcon_core.environment:checking '/home/dbot2/dbot_vda5050_ilmatar/install/vda5050_msgs/bin'
[2.369s] Level 1:colcon.colcon_core.environment:checking '/home/dbot2/dbot_vda5050_ilmatar/install/vda5050_msgs/lib/pkgconfig/vda5050_msgs.pc'
[2.369s] Level 1:colcon.colcon_core.environment:checking '/home/dbot2/dbot_vda5050_ilmatar/install/vda5050_msgs/lib/python3.10/site-packages'
[2.369s] Level 1:colcon.colcon_core.environment:checking '/home/dbot2/dbot_vda5050_ilmatar/install/vda5050_msgs/bin'
[2.369s] INFO:colcon.colcon_core.shell:Creating package script '/home/dbot2/dbot_vda5050_ilmatar/install/vda5050_msgs/share/vda5050_msgs/package.ps1'
[2.370s] INFO:colcon.colcon_core.shell:Creating package descriptor '/home/dbot2/dbot_vda5050_ilmatar/install/vda5050_msgs/share/vda5050_msgs/package.dsv'
[2.370s] INFO:colcon.colcon_core.shell:Creating package script '/home/dbot2/dbot_vda5050_ilmatar/install/vda5050_msgs/share/vda5050_msgs/package.sh'
[2.371s] INFO:colcon.colcon_core.shell:Creating package script '/home/dbot2/dbot_vda5050_ilmatar/install/vda5050_msgs/share/vda5050_msgs/package.bash'
[2.371s] INFO:colcon.colcon_core.shell:Creating package script '/home/dbot2/dbot_vda5050_ilmatar/install/vda5050_msgs/share/vda5050_msgs/package.zsh'
[2.372s] Level 1:colcon.colcon_core.environment:create_file_with_runtime_dependencies(/home/dbot2/dbot_vda5050_ilmatar/install/vda5050_msgs/share/colcon-core/packages/vda5050_msgs)
[2.372s] INFO:colcon.colcon_ros.task.ament_cmake.build:Building ROS package in '/home/dbot2/dbot_vda5050_ilmatar/src/vda5050_connector' with build type 'ament_cmake'
[2.372s] INFO:colcon.colcon_cmake.task.cmake.build:Building CMake package in '/home/dbot2/dbot_vda5050_ilmatar/src/vda5050_connector'
[2.372s] INFO:colcon.colcon_core.shell:Skip shell extension 'powershell' for command environment: Not usable outside of PowerShell
[2.372s] DEBUG:colcon.colcon_core.shell:Skip shell extension 'dsv' for command environment
[2.387s] DEBUG:colcon.colcon_core.event_handler.log_command:Invoked command in '/home/dbot2/dbot_vda5050_ilmatar/build/odometry_estimator' returned '0': CMAKE_PREFIX_PATH=/home/dbot2/dbot_vda5050_ilmatar/install/dbot_custom_msgs:/home/dbot2/dbot_vda5050_ilmatar/install/vda_dbot_nav_slam:/home/dbot2/dbot_vda5050_ilmatar/install/vda5050_connector:/home/dbot2/dbot_vda5050_ilmatar/install/vda5050_msgs:/home/dbot2/dbot_vda5050_ilmatar/install/odometry_estimator:/home/dbot2/dbot_vda5050_ilmatar/install/dbot_nav_slam:/home/dbot2/dbot_src/install/odometry_estimator:/home/dbot2/dbot_src/install/dbot_custom_msgs:/home/dbot2/dbot_remote/install/pointcloud_saver:/home/dbot2/circus_demo/install/pcl_localization_ros2:/home/dbot2/circus_demo/install/ndt_omp_ros2:/home/dbot2/ros2_ws/install/odometry_estimator:/home/dbot2/ros2_ws/install/dbot_nav_slam:/home/dbot2/ros2_ws/install/dbot_custom_msgs:/home/dbot2/ros2_ws/install/ament_lint_common:/home/dbot2/ros2_ws/install/ament_cmake_xmllint:/home/dbot2/ros2_ws/install/ament_cmake_uncrustify:/home/dbot2/ros2_ws/install/ament_cmake_pyflakes:/home/dbot2/ros2_ws/install/ament_cmake_pycodestyle:/home/dbot2/ros2_ws/install/ament_cmake_pep257:/home/dbot2/ros2_ws/install/ament_cmake_pclint:/home/dbot2/ros2_ws/install/ament_cmake_mypy:/home/dbot2/ros2_ws/install/ament_cmake_lint_cmake:/home/dbot2/ros2_ws/install/ament_lint_auto:/home/dbot2/ros2_ws/install/ament_cmake_flake8:/home/dbot2/ros2_ws/install/ament_cmake_copyright:/home/dbot2/ros2_ws/install/ament_cmake_cpplint:/home/dbot2/ros2_ws/install/ament_cmake_cppcheck:/home/dbot2/ros2_ws/install/ament_cmake_clang_tidy:/home/dbot2/ros2_ws/install/ament_cmake_clang_format:/home/dbot2/dbot_vda5050_ilmatar/install/vda5050_tb3_adapter:/home/dbot2/dbot_vda5050_ilmatar/install/tf2_dbot:/home/dbot2/dbot_vda5050_ilmatar/install/odom_motion_model:/home/dbot2/dbot_vda5050_ilmatar/install/motor_driver:/home/dbot2/dbot_vda5050_ilmatar/install/joycontrol:/home/dbot2/dbot_vda5050_ilmatar/install/gesturecontrol:/home/dbot2/dbot_vda5050_ilmatar/install/dbot_bridge:/home/dbot2/dbot_vda5050_ilmatar/install/dbot:/home/dbot2/dbot_src/install/tf2_dbot:/home/dbot2/dbot_src/install/odom_motion_model:/home/dbot2/dbot_src/install/motor_driver:/home/dbot2/dbot_src/install/joycontrol:/home/dbot2/dbot_src/install/dbot:/home/dbot2/dbot_remote/install/pcd_joy_trigger:/home/dbot2/circus_demo/install/circus_demo:/home/dbot2/ros2_ws/install/tf2_dbot:/home/dbot2/ros2_ws/install/odom_motion_model:/home/dbot2/ros2_ws/install/motor_driver:/home/dbot2/ros2_ws/install/joycontrol:/home/dbot2/ros2_ws/install/gesturecontrol:/home/dbot2/ros2_ws/install/dbot_bridge:/home/dbot2/ros2_ws/install/dbot:/home/dbot2/ros2_ws/install/ament_xmllint:/home/dbot2/ros2_ws/install/ament_uncrustify:/home/dbot2/ros2_ws/install/ament_pyflakes:/home/dbot2/ros2_ws/install/ament_pycodestyle:/home/dbot2/ros2_ws/install/ament_pep257:/home/dbot2/ros2_ws/install/ament_pclint:/home/dbot2/ros2_ws/install/ament_mypy:/home/dbot2/ros2_ws/install/ament_lint_cmake:/home/dbot2/ros2_ws/install/ament_flake8:/home/dbot2/ros2_ws/install/ament_copyright:/home/dbot2/ros2_ws/install/ament_lint:/home/dbot2/ros2_ws/install/ament_cpplint:/home/dbot2/ros2_ws/install/ament_cppcheck:/home/dbot2/ros2_ws/install/ament_clang_tidy:/home/dbot2/ros2_ws/install/ament_clang_format:/opt/ros/humble LD_LIBRARY_PATH=/home/dbot2/dbot_vda5050_ilmatar/install/dbot_custom_msgs/lib:/home/dbot2/dbot_vda5050_ilmatar/install/vda5050_connector/lib:/home/dbot2/dbot_vda5050_ilmatar/install/vda5050_msgs/lib:/home/dbot2/dbot_src/install/dbot_custom_msgs/lib:/home/dbot2/circus_demo/install/pcl_localization_ros2/lib:/home/dbot2/ros2_ws/install/dbot_custom_msgs/lib:/opt/ros/humble/opt/rviz_ogre_vendor/lib:/opt/ros/humble/lib/x86_64-linux-gnu:/opt/ros/humble/lib /usr/bin/cmake --build /home/dbot2/dbot_vda5050_ilmatar/build/odometry_estimator -- -j8 -l8
[2.388s] DEBUG:colcon.colcon_core.event_handler.log_command:Invoking command in '/home/dbot2/dbot_vda5050_ilmatar/build/odometry_estimator': CMAKE_PREFIX_PATH=/home/dbot2/dbot_vda5050_ilmatar/install/dbot_custom_msgs:/home/dbot2/dbot_vda5050_ilmatar/install/vda_dbot_nav_slam:/home/dbot2/dbot_vda5050_ilmatar/install/vda5050_connector:/home/dbot2/dbot_vda5050_ilmatar/install/vda5050_msgs:/home/dbot2/dbot_vda5050_ilmatar/install/odometry_estimator:/home/dbot2/dbot_vda5050_ilmatar/install/dbot_nav_slam:/home/dbot2/dbot_src/install/odometry_estimator:/home/dbot2/dbot_src/install/dbot_custom_msgs:/home/dbot2/dbot_remote/install/pointcloud_saver:/home/dbot2/circus_demo/install/pcl_localization_ros2:/home/dbot2/circus_demo/install/ndt_omp_ros2:/home/dbot2/ros2_ws/install/odometry_estimator:/home/dbot2/ros2_ws/install/dbot_nav_slam:/home/dbot2/ros2_ws/install/dbot_custom_msgs:/home/dbot2/ros2_ws/install/ament_lint_common:/home/dbot2/ros2_ws/install/ament_cmake_xmllint:/home/dbot2/ros2_ws/install/ament_cmake_uncrustify:/home/dbot2/ros2_ws/install/ament_cmake_pyflakes:/home/dbot2/ros2_ws/install/ament_cmake_pycodestyle:/home/dbot2/ros2_ws/install/ament_cmake_pep257:/home/dbot2/ros2_ws/install/ament_cmake_pclint:/home/dbot2/ros2_ws/install/ament_cmake_mypy:/home/dbot2/ros2_ws/install/ament_cmake_lint_cmake:/home/dbot2/ros2_ws/install/ament_lint_auto:/home/dbot2/ros2_ws/install/ament_cmake_flake8:/home/dbot2/ros2_ws/install/ament_cmake_copyright:/home/dbot2/ros2_ws/install/ament_cmake_cpplint:/home/dbot2/ros2_ws/install/ament_cmake_cppcheck:/home/dbot2/ros2_ws/install/ament_cmake_clang_tidy:/home/dbot2/ros2_ws/install/ament_cmake_clang_format:/home/dbot2/dbot_vda5050_ilmatar/install/vda5050_tb3_adapter:/home/dbot2/dbot_vda5050_ilmatar/install/tf2_dbot:/home/dbot2/dbot_vda5050_ilmatar/install/odom_motion_model:/home/dbot2/dbot_vda5050_ilmatar/install/motor_driver:/home/dbot2/dbot_vda5050_ilmatar/install/joycontrol:/home/dbot2/dbot_vda5050_ilmatar/install/gesturecontrol:/home/dbot2/dbot_vda5050_ilmatar/install/dbot_bridge:/home/dbot2/dbot_vda5050_ilmatar/install/dbot:/home/dbot2/dbot_src/install/tf2_dbot:/home/dbot2/dbot_src/install/odom_motion_model:/home/dbot2/dbot_src/install/motor_driver:/home/dbot2/dbot_src/install/joycontrol:/home/dbot2/dbot_src/install/dbot:/home/dbot2/dbot_remote/install/pcd_joy_trigger:/home/dbot2/circus_demo/install/circus_demo:/home/dbot2/ros2_ws/install/tf2_dbot:/home/dbot2/ros2_ws/install/odom_motion_model:/home/dbot2/ros2_ws/install/motor_driver:/home/dbot2/ros2_ws/install/joycontrol:/home/dbot2/ros2_ws/install/gesturecontrol:/home/dbot2/ros2_ws/install/dbot_bridge:/home/dbot2/ros2_ws/install/dbot:/home/dbot2/ros2_ws/install/ament_xmllint:/home/dbot2/ros2_ws/install/ament_uncrustify:/home/dbot2/ros2_ws/install/ament_pyflakes:/home/dbot2/ros2_ws/install/ament_pycodestyle:/home/dbot2/ros2_ws/install/ament_pep257:/home/dbot2/ros2_ws/install/ament_pclint:/home/dbot2/ros2_ws/install/ament_mypy:/home/dbot2/ros2_ws/install/ament_lint_cmake:/home/dbot2/ros2_ws/install/ament_flake8:/home/dbot2/ros2_ws/install/ament_copyright:/home/dbot2/ros2_ws/install/ament_lint:/home/dbot2/ros2_ws/install/ament_cpplint:/home/dbot2/ros2_ws/install/ament_cppcheck:/home/dbot2/ros2_ws/install/ament_clang_tidy:/home/dbot2/ros2_ws/install/ament_clang_format:/opt/ros/humble LD_LIBRARY_PATH=/home/dbot2/dbot_vda5050_ilmatar/install/dbot_custom_msgs/lib:/home/dbot2/dbot_vda5050_ilmatar/install/vda5050_connector/lib:/home/dbot2/dbot_vda5050_ilmatar/install/vda5050_msgs/lib:/home/dbot2/dbot_src/install/dbot_custom_msgs/lib:/home/dbot2/circus_demo/install/pcl_localization_ros2/lib:/home/dbot2/ros2_ws/install/dbot_custom_msgs/lib:/opt/ros/humble/opt/rviz_ogre_vendor/lib:/opt/ros/humble/lib/x86_64-linux-gnu:/opt/ros/humble/lib /usr/bin/cmake --install /home/dbot2/dbot_vda5050_ilmatar/build/odometry_estimator
[2.398s] DEBUG:colcon.colcon_core.event_handler.log_command:Invoking command in '/home/dbot2/dbot_vda5050_ilmatar/build/vda5050_connector': CMAKE_PREFIX_PATH=/home/dbot2/dbot_vda5050_ilmatar/install/vda5050_msgs:/home/dbot2/dbot_vda5050_ilmatar/install/vda_dbot_nav_slam:/home/dbot2/dbot_vda5050_ilmatar/install/vda5050_connector:/home/dbot2/dbot_vda5050_ilmatar/install/odometry_estimator:/home/dbot2/dbot_vda5050_ilmatar/install/dbot_nav_slam:/home/dbot2/dbot_vda5050_ilmatar/install/dbot_custom_msgs:/home/dbot2/dbot_src/install/odometry_estimator:/home/dbot2/dbot_src/install/dbot_custom_msgs:/home/dbot2/dbot_remote/install/pointcloud_saver:/home/dbot2/circus_demo/install/pcl_localization_ros2:/home/dbot2/circus_demo/install/ndt_omp_ros2:/home/dbot2/ros2_ws/install/odometry_estimator:/home/dbot2/ros2_ws/install/dbot_nav_slam:/home/dbot2/ros2_ws/install/dbot_custom_msgs:/home/dbot2/ros2_ws/install/ament_lint_common:/home/dbot2/ros2_ws/install/ament_cmake_xmllint:/home/dbot2/ros2_ws/install/ament_cmake_uncrustify:/home/dbot2/ros2_ws/install/ament_cmake_pyflakes:/home/dbot2/ros2_ws/install/ament_cmake_pycodestyle:/home/dbot2/ros2_ws/install/ament_cmake_pep257:/home/dbot2/ros2_ws/install/ament_cmake_pclint:/home/dbot2/ros2_ws/install/ament_cmake_mypy:/home/dbot2/ros2_ws/install/ament_cmake_lint_cmake:/home/dbot2/ros2_ws/install/ament_lint_auto:/home/dbot2/ros2_ws/install/ament_cmake_flake8:/home/dbot2/ros2_ws/install/ament_cmake_copyright:/home/dbot2/ros2_ws/install/ament_cmake_cpplint:/home/dbot2/ros2_ws/install/ament_cmake_cppcheck:/home/dbot2/ros2_ws/install/ament_cmake_clang_tidy:/home/dbot2/ros2_ws/install/ament_cmake_clang_format:/home/dbot2/dbot_vda5050_ilmatar/install/vda5050_tb3_adapter:/home/dbot2/dbot_vda5050_ilmatar/install/tf2_dbot:/home/dbot2/dbot_vda5050_ilmatar/install/odom_motion_model:/home/dbot2/dbot_vda5050_ilmatar/install/motor_driver:/home/dbot2/dbot_vda5050_ilmatar/install/joycontrol:/home/dbot2/dbot_vda5050_ilmatar/install/gesturecontrol:/home/dbot2/dbot_vda5050_ilmatar/install/dbot_bridge:/home/dbot2/dbot_vda5050_ilmatar/install/dbot:/home/dbot2/dbot_src/install/tf2_dbot:/home/dbot2/dbot_src/install/odom_motion_model:/home/dbot2/dbot_src/install/motor_driver:/home/dbot2/dbot_src/install/joycontrol:/home/dbot2/dbot_src/install/dbot:/home/dbot2/dbot_remote/install/pcd_joy_trigger:/home/dbot2/circus_demo/install/circus_demo:/home/dbot2/ros2_ws/install/tf2_dbot:/home/dbot2/ros2_ws/install/odom_motion_model:/home/dbot2/ros2_ws/install/motor_driver:/home/dbot2/ros2_ws/install/joycontrol:/home/dbot2/ros2_ws/install/gesturecontrol:/home/dbot2/ros2_ws/install/dbot_bridge:/home/dbot2/ros2_ws/install/dbot:/home/dbot2/ros2_ws/install/ament_xmllint:/home/dbot2/ros2_ws/install/ament_uncrustify:/home/dbot2/ros2_ws/install/ament_pyflakes:/home/dbot2/ros2_ws/install/ament_pycodestyle:/home/dbot2/ros2_ws/install/ament_pep257:/home/dbot2/ros2_ws/install/ament_pclint:/home/dbot2/ros2_ws/install/ament_mypy:/home/dbot2/ros2_ws/install/ament_lint_cmake:/home/dbot2/ros2_ws/install/ament_flake8:/home/dbot2/ros2_ws/install/ament_copyright:/home/dbot2/ros2_ws/install/ament_lint:/home/dbot2/ros2_ws/install/ament_cpplint:/home/dbot2/ros2_ws/install/ament_cppcheck:/home/dbot2/ros2_ws/install/ament_clang_tidy:/home/dbot2/ros2_ws/install/ament_clang_format:/opt/ros/humble LD_LIBRARY_PATH=/home/dbot2/dbot_vda5050_ilmatar/install/vda5050_msgs/lib:/home/dbot2/dbot_vda5050_ilmatar/install/vda5050_connector/lib:/home/dbot2/dbot_vda5050_ilmatar/install/dbot_custom_msgs/lib:/home/dbot2/dbot_src/install/dbot_custom_msgs/lib:/home/dbot2/circus_demo/install/pcl_localization_ros2/lib:/home/dbot2/ros2_ws/install/dbot_custom_msgs/lib:/opt/ros/humble/opt/rviz_ogre_vendor/lib:/opt/ros/humble/lib/x86_64-linux-gnu:/opt/ros/humble/lib /usr/bin/cmake --build /home/dbot2/dbot_vda5050_ilmatar/build/vda5050_connector -- -j8 -l8
[2.422s] Level 1:colcon.colcon_core.environment:create_environment_scripts_only(odometry_estimator)
[2.423s] Level 1:colcon.colcon_core.environment:checking '/home/dbot2/dbot_vda5050_ilmatar/install/odometry_estimator' for CMake module files
[2.423s] Level 1:colcon.colcon_core.environment:checking '/home/dbot2/dbot_vda5050_ilmatar/install/odometry_estimator' for CMake config files
[2.424s] Level 1:colcon.colcon_core.shell:create_environment_hook('odometry_estimator', 'cmake_prefix_path')
[2.424s] INFO:colcon.colcon_core.shell:Creating environment hook '/home/dbot2/dbot_vda5050_ilmatar/install/odometry_estimator/share/odometry_estimator/hook/cmake_prefix_path.ps1'
[2.424s] DEBUG:colcon.colcon_core.event_handler.log_command:Invoked command in '/home/dbot2/dbot_vda5050_ilmatar/build/odometry_estimator' returned '0': CMAKE_PREFIX_PATH=/home/dbot2/dbot_vda5050_ilmatar/install/dbot_custom_msgs:/home/dbot2/dbot_vda5050_ilmatar/install/vda_dbot_nav_slam:/home/dbot2/dbot_vda5050_ilmatar/install/vda5050_connector:/home/dbot2/dbot_vda5050_ilmatar/install/vda5050_msgs:/home/dbot2/dbot_vda5050_ilmatar/install/odometry_estimator:/home/dbot2/dbot_vda5050_ilmatar/install/dbot_nav_slam:/home/dbot2/dbot_src/install/odometry_estimator:/home/dbot2/dbot_src/install/dbot_custom_msgs:/home/dbot2/dbot_remote/install/pointcloud_saver:/home/dbot2/circus_demo/install/pcl_localization_ros2:/home/dbot2/circus_demo/install/ndt_omp_ros2:/home/dbot2/ros2_ws/install/odometry_estimator:/home/dbot2/ros2_ws/install/dbot_nav_slam:/home/dbot2/ros2_ws/install/dbot_custom_msgs:/home/dbot2/ros2_ws/install/ament_lint_common:/home/dbot2/ros2_ws/install/ament_cmake_xmllint:/home/dbot2/ros2_ws/install/ament_cmake_uncrustify:/home/dbot2/ros2_ws/install/ament_cmake_pyflakes:/home/dbot2/ros2_ws/install/ament_cmake_pycodestyle:/home/dbot2/ros2_ws/install/ament_cmake_pep257:/home/dbot2/ros2_ws/install/ament_cmake_pclint:/home/dbot2/ros2_ws/install/ament_cmake_mypy:/home/dbot2/ros2_ws/install/ament_cmake_lint_cmake:/home/dbot2/ros2_ws/install/ament_lint_auto:/home/dbot2/ros2_ws/install/ament_cmake_flake8:/home/dbot2/ros2_ws/install/ament_cmake_copyright:/home/dbot2/ros2_ws/install/ament_cmake_cpplint:/home/dbot2/ros2_ws/install/ament_cmake_cppcheck:/home/dbot2/ros2_ws/install/ament_cmake_clang_tidy:/home/dbot2/ros2_ws/install/ament_cmake_clang_format:/home/dbot2/dbot_vda5050_ilmatar/install/vda5050_tb3_adapter:/home/dbot2/dbot_vda5050_ilmatar/install/tf2_dbot:/home/dbot2/dbot_vda5050_ilmatar/install/odom_motion_model:/home/dbot2/dbot_vda5050_ilmatar/install/motor_driver:/home/dbot2/dbot_vda5050_ilmatar/install/joycontrol:/home/dbot2/dbot_vda5050_ilmatar/install/gesturecontrol:/home/dbot2/dbot_vda5050_ilmatar/install/dbot_bridge:/home/dbot2/dbot_vda5050_ilmatar/install/dbot:/home/dbot2/dbot_src/install/tf2_dbot:/home/dbot2/dbot_src/install/odom_motion_model:/home/dbot2/dbot_src/install/motor_driver:/home/dbot2/dbot_src/install/joycontrol:/home/dbot2/dbot_src/install/dbot:/home/dbot2/dbot_remote/install/pcd_joy_trigger:/home/dbot2/circus_demo/install/circus_demo:/home/dbot2/ros2_ws/install/tf2_dbot:/home/dbot2/ros2_ws/install/odom_motion_model:/home/dbot2/ros2_ws/install/motor_driver:/home/dbot2/ros2_ws/install/joycontrol:/home/dbot2/ros2_ws/install/gesturecontrol:/home/dbot2/ros2_ws/install/dbot_bridge:/home/dbot2/ros2_ws/install/dbot:/home/dbot2/ros2_ws/install/ament_xmllint:/home/dbot2/ros2_ws/install/ament_uncrustify:/home/dbot2/ros2_ws/install/ament_pyflakes:/home/dbot2/ros2_ws/install/ament_pycodestyle:/home/dbot2/ros2_ws/install/ament_pep257:/home/dbot2/ros2_ws/install/ament_pclint:/home/dbot2/ros2_ws/install/ament_mypy:/home/dbot2/ros2_ws/install/ament_lint_cmake:/home/dbot2/ros2_ws/install/ament_flake8:/home/dbot2/ros2_ws/install/ament_copyright:/home/dbot2/ros2_ws/install/ament_lint:/home/dbot2/ros2_ws/install/ament_cpplint:/home/dbot2/ros2_ws/install/ament_cppcheck:/home/dbot2/ros2_ws/install/ament_clang_tidy:/home/dbot2/ros2_ws/install/ament_clang_format:/opt/ros/humble LD_LIBRARY_PATH=/home/dbot2/dbot_vda5050_ilmatar/install/dbot_custom_msgs/lib:/home/dbot2/dbot_vda5050_ilmatar/install/vda5050_connector/lib:/home/dbot2/dbot_vda5050_ilmatar/install/vda5050_msgs/lib:/home/dbot2/dbot_src/install/dbot_custom_msgs/lib:/home/dbot2/circus_demo/install/pcl_localization_ros2/lib:/home/dbot2/ros2_ws/install/dbot_custom_msgs/lib:/opt/ros/humble/opt/rviz_ogre_vendor/lib:/opt/ros/humble/lib/x86_64-linux-gnu:/opt/ros/humble/lib /usr/bin/cmake --install /home/dbot2/dbot_vda5050_ilmatar/build/odometry_estimator
[2.425s] INFO:colcon.colcon_core.shell:Creating environment descriptor '/home/dbot2/dbot_vda5050_ilmatar/install/odometry_estimator/share/odometry_estimator/hook/cmake_prefix_path.dsv'
[2.426s] INFO:colcon.colcon_core.shell:Creating environment hook '/home/dbot2/dbot_vda5050_ilmatar/install/odometry_estimator/share/odometry_estimator/hook/cmake_prefix_path.sh'
[2.426s] Level 1:colcon.colcon_core.environment:checking '/home/dbot2/dbot_vda5050_ilmatar/install/odometry_estimator/lib'
[2.426s] Level 1:colcon.colcon_core.environment:checking '/home/dbot2/dbot_vda5050_ilmatar/install/odometry_estimator/bin'
[2.426s] Level 1:colcon.colcon_core.environment:checking '/home/dbot2/dbot_vda5050_ilmatar/install/odometry_estimator/lib/pkgconfig/odometry_estimator.pc'
[2.427s] Level 1:colcon.colcon_core.environment:checking '/home/dbot2/dbot_vda5050_ilmatar/install/odometry_estimator/lib/python3.10/site-packages'
[2.427s] Level 1:colcon.colcon_core.environment:checking '/home/dbot2/dbot_vda5050_ilmatar/install/odometry_estimator/bin'
[2.427s] INFO:colcon.colcon_core.shell:Creating package script '/home/dbot2/dbot_vda5050_ilmatar/install/odometry_estimator/share/odometry_estimator/package.ps1'
[2.428s] INFO:colcon.colcon_core.shell:Creating package descriptor '/home/dbot2/dbot_vda5050_ilmatar/install/odometry_estimator/share/odometry_estimator/package.dsv'
[2.428s] INFO:colcon.colcon_core.shell:Creating package script '/home/dbot2/dbot_vda5050_ilmatar/install/odometry_estimator/share/odometry_estimator/package.sh'
[2.429s] INFO:colcon.colcon_core.shell:Creating package script '/home/dbot2/dbot_vda5050_ilmatar/install/odometry_estimator/share/odometry_estimator/package.bash'
[2.429s] INFO:colcon.colcon_core.shell:Creating package script '/home/dbot2/dbot_vda5050_ilmatar/install/odometry_estimator/share/odometry_estimator/package.zsh'
[2.429s] Level 1:colcon.colcon_core.environment:create_file_with_runtime_dependencies(/home/dbot2/dbot_vda5050_ilmatar/install/odometry_estimator/share/colcon-core/packages/odometry_estimator)
[2.430s] Level 1:colcon.colcon_core.environment:create_environment_scripts_only(odometry_estimator)
[2.430s] Level 1:colcon.colcon_core.environment:checking '/home/dbot2/dbot_vda5050_ilmatar/install/odometry_estimator' for CMake module files
[2.431s] Level 1:colcon.colcon_core.environment:checking '/home/dbot2/dbot_vda5050_ilmatar/install/odometry_estimator' for CMake config files
[2.431s] Level 1:colcon.colcon_core.shell:create_environment_hook('odometry_estimator', 'cmake_prefix_path')
[2.431s] INFO:colcon.colcon_core.shell:Creating environment hook '/home/dbot2/dbot_vda5050_ilmatar/install/odometry_estimator/share/odometry_estimator/hook/cmake_prefix_path.ps1'
[2.431s] INFO:colcon.colcon_core.shell:Creating environment descriptor '/home/dbot2/dbot_vda5050_ilmatar/install/odometry_estimator/share/odometry_estimator/hook/cmake_prefix_path.dsv'
[2.432s] INFO:colcon.colcon_core.shell:Creating environment hook '/home/dbot2/dbot_vda5050_ilmatar/install/odometry_estimator/share/odometry_estimator/hook/cmake_prefix_path.sh'
[2.432s] Level 1:colcon.colcon_core.environment:checking '/home/dbot2/dbot_vda5050_ilmatar/install/odometry_estimator/lib'
[2.432s] Level 1:colcon.colcon_core.environment:checking '/home/dbot2/dbot_vda5050_ilmatar/install/odometry_estimator/bin'
[2.432s] Level 1:colcon.colcon_core.environment:checking '/home/dbot2/dbot_vda5050_ilmatar/install/odometry_estimator/lib/pkgconfig/odometry_estimator.pc'
[2.432s] Level 1:colcon.colcon_core.environment:checking '/home/dbot2/dbot_vda5050_ilmatar/install/odometry_estimator/lib/python3.10/site-packages'
[2.433s] Level 1:colcon.colcon_core.environment:checking '/home/dbot2/dbot_vda5050_ilmatar/install/odometry_estimator/bin'
[2.433s] INFO:colcon.colcon_core.shell:Creating package script '/home/dbot2/dbot_vda5050_ilmatar/install/odometry_estimator/share/odometry_estimator/package.ps1'
[2.433s] INFO:colcon.colcon_core.shell:Creating package descriptor '/home/dbot2/dbot_vda5050_ilmatar/install/odometry_estimator/share/odometry_estimator/package.dsv'
[2.434s] INFO:colcon.colcon_core.shell:Creating package script '/home/dbot2/dbot_vda5050_ilmatar/install/odometry_estimator/share/odometry_estimator/package.sh'
[2.434s] INFO:colcon.colcon_core.shell:Creating package script '/home/dbot2/dbot_vda5050_ilmatar/install/odometry_estimator/share/odometry_estimator/package.bash'
[2.434s] INFO:colcon.colcon_core.shell:Creating package script '/home/dbot2/dbot_vda5050_ilmatar/install/odometry_estimator/share/odometry_estimator/package.zsh'
[2.435s] Level 1:colcon.colcon_core.environment:create_file_with_runtime_dependencies(/home/dbot2/dbot_vda5050_ilmatar/install/odometry_estimator/share/colcon-core/packages/odometry_estimator)
[2.435s] INFO:colcon.colcon_ros.task.ament_python.build:Building ROS package in '/home/dbot2/dbot_vda5050_ilmatar/src/motor_driver' with build type 'ament_python'
[2.435s] Level 1:colcon.colcon_core.shell:create_environment_hook('motor_driver', 'ament_prefix_path')
[2.436s] INFO:colcon.colcon_core.shell:Creating environment hook '/home/dbot2/dbot_vda5050_ilmatar/install/motor_driver/share/motor_driver/hook/ament_prefix_path.ps1'
[2.436s] INFO:colcon.colcon_core.shell:Creating environment descriptor '/home/dbot2/dbot_vda5050_ilmatar/install/motor_driver/share/motor_driver/hook/ament_prefix_path.dsv'
[2.437s] INFO:colcon.colcon_core.shell:Creating environment hook '/home/dbot2/dbot_vda5050_ilmatar/install/motor_driver/share/motor_driver/hook/ament_prefix_path.sh'
[2.438s] INFO:colcon.colcon_core.shell:Skip shell extension 'powershell' for command environment: Not usable outside of PowerShell
[2.438s] DEBUG:colcon.colcon_core.shell:Skip shell extension 'dsv' for command environment
[2.889s] INFO:colcon.colcon_core.task.python.build:Building Python package in '/home/dbot2/dbot_vda5050_ilmatar/src/motor_driver'
[2.889s] INFO:colcon.colcon_core.shell:Skip shell extension 'powershell' for command environment: Not usable outside of PowerShell
[2.889s] DEBUG:colcon.colcon_core.shell:Skip shell extension 'dsv' for command environment
[2.901s] DEBUG:colcon.colcon_core.event_handler.log_command:Invoking command in '/home/dbot2/dbot_vda5050_ilmatar/build/dbot_bridge': PYTHONPATH=/home/dbot2/dbot_vda5050_ilmatar/build/dbot_bridge/prefix_override:/usr/lib/python3/dist-packages/colcon_core/task/python/colcon_distutils_commands:/home/dbot2/dbot_vda5050_ilmatar/install/dbot_bridge/lib/python3.10/site-packages:${PYTHONPATH} /usr/bin/python3 -W ignore:setup.py install is deprecated -W ignore:easy_install command is deprecated setup.py develop --editable --build-directory /home/dbot2/dbot_vda5050_ilmatar/build/dbot_bridge/build --no-deps symlink_data
[2.902s] DEBUG:colcon.colcon_core.event_handler.log_command:Invoking command in '/home/dbot2/dbot_vda5050_ilmatar/build/joycontrol': PYTHONPATH=/home/dbot2/dbot_vda5050_ilmatar/build/joycontrol/prefix_override:/usr/lib/python3/dist-packages/colcon_core/task/python/colcon_distutils_commands:/home/dbot2/dbot_vda5050_ilmatar/install/joycontrol/lib/python3.10/site-packages:${PYTHONPATH} /usr/bin/python3 -W ignore:setup.py install is deprecated -W ignore:easy_install command is deprecated setup.py develop --editable --build-directory /home/dbot2/dbot_vda5050_ilmatar/build/joycontrol/build --no-deps symlink_data
[2.904s] DEBUG:colcon.colcon_core.event_handler.log_command:Invoking command in '/home/dbot2/dbot_vda5050_ilmatar/build/gesturecontrol': PYTHONPATH=/home/dbot2/dbot_vda5050_ilmatar/build/gesturecontrol/prefix_override:/usr/lib/python3/dist-packages/colcon_core/task/python/colcon_distutils_commands:/home/dbot2/dbot_vda5050_ilmatar/install/gesturecontrol/lib/python3.10/site-packages:${PYTHONPATH} /usr/bin/python3 -W ignore:setup.py install is deprecated -W ignore:easy_install command is deprecated setup.py develop --editable --build-directory /home/dbot2/dbot_vda5050_ilmatar/build/gesturecontrol/build --no-deps symlink_data
[2.907s] DEBUG:colcon.colcon_core.event_handler.log_command:Invoking command in '/home/dbot2/dbot_vda5050_ilmatar/build/tf2_dbot': PYTHONPATH=/home/dbot2/dbot_vda5050_ilmatar/build/tf2_dbot/prefix_override:/usr/lib/python3/dist-packages/colcon_core/task/python/colcon_distutils_commands:/home/dbot2/dbot_vda5050_ilmatar/install/tf2_dbot/lib/python3.10/site-packages:${PYTHONPATH} /usr/bin/python3 -W ignore:setup.py install is deprecated -W ignore:easy_install command is deprecated setup.py develop --editable --build-directory /home/dbot2/dbot_vda5050_ilmatar/build/tf2_dbot/build --no-deps symlink_data
[2.908s] DEBUG:colcon.colcon_core.event_handler.log_command:Invoking command in '/home/dbot2/dbot_vda5050_ilmatar/build/dbot': PYTHONPATH=/home/dbot2/dbot_vda5050_ilmatar/build/dbot/prefix_override:/usr/lib/python3/dist-packages/colcon_core/task/python/colcon_distutils_commands:/home/dbot2/dbot_vda5050_ilmatar/install/dbot/lib/python3.10/site-packages:${PYTHONPATH} /usr/bin/python3 -W ignore:setup.py install is deprecated -W ignore:easy_install command is deprecated setup.py develop --editable --build-directory /home/dbot2/dbot_vda5050_ilmatar/build/dbot/build --no-deps symlink_data
[2.909s] DEBUG:colcon.colcon_core.event_handler.log_command:Invoked command in '/home/dbot2/dbot_vda5050_ilmatar/build/vda_dbot_nav_slam' returned '0': CMAKE_PREFIX_PATH=${CMAKE_PREFIX_PATH}:/home/dbot2/dbot_vda5050_ilmatar/install/vda5050_tb3_adapter:/home/dbot2/dbot_vda5050_ilmatar/install/tf2_dbot:/home/dbot2/dbot_vda5050_ilmatar/install/odom_motion_model:/home/dbot2/dbot_vda5050_ilmatar/install/motor_driver:/home/dbot2/dbot_vda5050_ilmatar/install/joycontrol:/home/dbot2/dbot_vda5050_ilmatar/install/gesturecontrol:/home/dbot2/dbot_vda5050_ilmatar/install/dbot_bridge:/home/dbot2/dbot_vda5050_ilmatar/install/dbot:/home/dbot2/dbot_src/install/tf2_dbot:/home/dbot2/dbot_src/install/odom_motion_model:/home/dbot2/dbot_src/install/motor_driver:/home/dbot2/dbot_src/install/joycontrol:/home/dbot2/dbot_src/install/dbot:/home/dbot2/dbot_remote/install/pcd_joy_trigger:/home/dbot2/circus_demo/install/circus_demo:/home/dbot2/ros2_ws/install/tf2_dbot:/home/dbot2/ros2_ws/install/odom_motion_model:/home/dbot2/ros2_ws/install/motor_driver:/home/dbot2/ros2_ws/install/joycontrol:/home/dbot2/ros2_ws/install/gesturecontrol:/home/dbot2/ros2_ws/install/dbot_bridge:/home/dbot2/ros2_ws/install/dbot:/home/dbot2/ros2_ws/install/ament_xmllint:/home/dbot2/ros2_ws/install/ament_uncrustify:/home/dbot2/ros2_ws/install/ament_pyflakes:/home/dbot2/ros2_ws/install/ament_pycodestyle:/home/dbot2/ros2_ws/install/ament_pep257:/home/dbot2/ros2_ws/install/ament_pclint:/home/dbot2/ros2_ws/install/ament_mypy:/home/dbot2/ros2_ws/install/ament_lint_cmake:/home/dbot2/ros2_ws/install/ament_flake8:/home/dbot2/ros2_ws/install/ament_copyright:/home/dbot2/ros2_ws/install/ament_lint:/home/dbot2/ros2_ws/install/ament_cpplint:/home/dbot2/ros2_ws/install/ament_cppcheck:/home/dbot2/ros2_ws/install/ament_clang_tidy:/home/dbot2/ros2_ws/install/ament_clang_format:/opt/ros/humble /usr/bin/cmake --build /home/dbot2/dbot_vda5050_ilmatar/build/vda_dbot_nav_slam -- -j8 -l8
[2.911s] DEBUG:colcon.colcon_core.event_handler.log_command:Invoking command in '/home/dbot2/dbot_vda5050_ilmatar/build/vda_dbot_nav_slam': CMAKE_PREFIX_PATH=${CMAKE_PREFIX_PATH}:/home/dbot2/dbot_vda5050_ilmatar/install/vda5050_tb3_adapter:/home/dbot2/dbot_vda5050_ilmatar/install/tf2_dbot:/home/dbot2/dbot_vda5050_ilmatar/install/odom_motion_model:/home/dbot2/dbot_vda5050_ilmatar/install/motor_driver:/home/dbot2/dbot_vda5050_ilmatar/install/joycontrol:/home/dbot2/dbot_vda5050_ilmatar/install/gesturecontrol:/home/dbot2/dbot_vda5050_ilmatar/install/dbot_bridge:/home/dbot2/dbot_vda5050_ilmatar/install/dbot:/home/dbot2/dbot_src/install/tf2_dbot:/home/dbot2/dbot_src/install/odom_motion_model:/home/dbot2/dbot_src/install/motor_driver:/home/dbot2/dbot_src/install/joycontrol:/home/dbot2/dbot_src/install/dbot:/home/dbot2/dbot_remote/install/pcd_joy_trigger:/home/dbot2/circus_demo/install/circus_demo:/home/dbot2/ros2_ws/install/tf2_dbot:/home/dbot2/ros2_ws/install/odom_motion_model:/home/dbot2/ros2_ws/install/motor_driver:/home/dbot2/ros2_ws/install/joycontrol:/home/dbot2/ros2_ws/install/gesturecontrol:/home/dbot2/ros2_ws/install/dbot_bridge:/home/dbot2/ros2_ws/install/dbot:/home/dbot2/ros2_ws/install/ament_xmllint:/home/dbot2/ros2_ws/install/ament_uncrustify:/home/dbot2/ros2_ws/install/ament_pyflakes:/home/dbot2/ros2_ws/install/ament_pycodestyle:/home/dbot2/ros2_ws/install/ament_pep257:/home/dbot2/ros2_ws/install/ament_pclint:/home/dbot2/ros2_ws/install/ament_mypy:/home/dbot2/ros2_ws/install/ament_lint_cmake:/home/dbot2/ros2_ws/install/ament_flake8:/home/dbot2/ros2_ws/install/ament_copyright:/home/dbot2/ros2_ws/install/ament_lint:/home/dbot2/ros2_ws/install/ament_cpplint:/home/dbot2/ros2_ws/install/ament_cppcheck:/home/dbot2/ros2_ws/install/ament_clang_tidy:/home/dbot2/ros2_ws/install/ament_clang_format:/opt/ros/humble /usr/bin/cmake --install /home/dbot2/dbot_vda5050_ilmatar/build/vda_dbot_nav_slam
[2.947s] DEBUG:colcon.colcon_core.event_handler.log_command:Invoked command in '/home/dbot2/dbot_vda5050_ilmatar/build/vda5050_connector' returned '0': CMAKE_PREFIX_PATH=/home/dbot2/dbot_vda5050_ilmatar/install/vda5050_msgs:/home/dbot2/dbot_vda5050_ilmatar/install/vda_dbot_nav_slam:/home/dbot2/dbot_vda5050_ilmatar/install/vda5050_connector:/home/dbot2/dbot_vda5050_ilmatar/install/odometry_estimator:/home/dbot2/dbot_vda5050_ilmatar/install/dbot_nav_slam:/home/dbot2/dbot_vda5050_ilmatar/install/dbot_custom_msgs:/home/dbot2/dbot_src/install/odometry_estimator:/home/dbot2/dbot_src/install/dbot_custom_msgs:/home/dbot2/dbot_remote/install/pointcloud_saver:/home/dbot2/circus_demo/install/pcl_localization_ros2:/home/dbot2/circus_demo/install/ndt_omp_ros2:/home/dbot2/ros2_ws/install/odometry_estimator:/home/dbot2/ros2_ws/install/dbot_nav_slam:/home/dbot2/ros2_ws/install/dbot_custom_msgs:/home/dbot2/ros2_ws/install/ament_lint_common:/home/dbot2/ros2_ws/install/ament_cmake_xmllint:/home/dbot2/ros2_ws/install/ament_cmake_uncrustify:/home/dbot2/ros2_ws/install/ament_cmake_pyflakes:/home/dbot2/ros2_ws/install/ament_cmake_pycodestyle:/home/dbot2/ros2_ws/install/ament_cmake_pep257:/home/dbot2/ros2_ws/install/ament_cmake_pclint:/home/dbot2/ros2_ws/install/ament_cmake_mypy:/home/dbot2/ros2_ws/install/ament_cmake_lint_cmake:/home/dbot2/ros2_ws/install/ament_lint_auto:/home/dbot2/ros2_ws/install/ament_cmake_flake8:/home/dbot2/ros2_ws/install/ament_cmake_copyright:/home/dbot2/ros2_ws/install/ament_cmake_cpplint:/home/dbot2/ros2_ws/install/ament_cmake_cppcheck:/home/dbot2/ros2_ws/install/ament_cmake_clang_tidy:/home/dbot2/ros2_ws/install/ament_cmake_clang_format:/home/dbot2/dbot_vda5050_ilmatar/install/vda5050_tb3_adapter:/home/dbot2/dbot_vda5050_ilmatar/install/tf2_dbot:/home/dbot2/dbot_vda5050_ilmatar/install/odom_motion_model:/home/dbot2/dbot_vda5050_ilmatar/install/motor_driver:/home/dbot2/dbot_vda5050_ilmatar/install/joycontrol:/home/dbot2/dbot_vda5050_ilmatar/install/gesturecontrol:/home/dbot2/dbot_vda5050_ilmatar/install/dbot_bridge:/home/dbot2/dbot_vda5050_ilmatar/install/dbot:/home/dbot2/dbot_src/install/tf2_dbot:/home/dbot2/dbot_src/install/odom_motion_model:/home/dbot2/dbot_src/install/motor_driver:/home/dbot2/dbot_src/install/joycontrol:/home/dbot2/dbot_src/install/dbot:/home/dbot2/dbot_remote/install/pcd_joy_trigger:/home/dbot2/circus_demo/install/circus_demo:/home/dbot2/ros2_ws/install/tf2_dbot:/home/dbot2/ros2_ws/install/odom_motion_model:/home/dbot2/ros2_ws/install/motor_driver:/home/dbot2/ros2_ws/install/joycontrol:/home/dbot2/ros2_ws/install/gesturecontrol:/home/dbot2/ros2_ws/install/dbot_bridge:/home/dbot2/ros2_ws/install/dbot:/home/dbot2/ros2_ws/install/ament_xmllint:/home/dbot2/ros2_ws/install/ament_uncrustify:/home/dbot2/ros2_ws/install/ament_pyflakes:/home/dbot2/ros2_ws/install/ament_pycodestyle:/home/dbot2/ros2_ws/install/ament_pep257:/home/dbot2/ros2_ws/install/ament_pclint:/home/dbot2/ros2_ws/install/ament_mypy:/home/dbot2/ros2_ws/install/ament_lint_cmake:/home/dbot2/ros2_ws/install/ament_flake8:/home/dbot2/ros2_ws/install/ament_copyright:/home/dbot2/ros2_ws/install/ament_lint:/home/dbot2/ros2_ws/install/ament_cpplint:/home/dbot2/ros2_ws/install/ament_cppcheck:/home/dbot2/ros2_ws/install/ament_clang_tidy:/home/dbot2/ros2_ws/install/ament_clang_format:/opt/ros/humble LD_LIBRARY_PATH=/home/dbot2/dbot_vda5050_ilmatar/install/vda5050_msgs/lib:/home/dbot2/dbot_vda5050_ilmatar/install/vda5050_connector/lib:/home/dbot2/dbot_vda5050_ilmatar/install/dbot_custom_msgs/lib:/home/dbot2/dbot_src/install/dbot_custom_msgs/lib:/home/dbot2/circus_demo/install/pcl_localization_ros2/lib:/home/dbot2/ros2_ws/install/dbot_custom_msgs/lib:/opt/ros/humble/opt/rviz_ogre_vendor/lib:/opt/ros/humble/lib/x86_64-linux-gnu:/opt/ros/humble/lib /usr/bin/cmake --build /home/dbot2/dbot_vda5050_ilmatar/build/vda5050_connector -- -j8 -l8
[2.956s] DEBUG:colcon.colcon_core.event_handler.log_command:Invoking command in '/home/dbot2/dbot_vda5050_ilmatar/build/vda5050_connector': CMAKE_PREFIX_PATH=/home/dbot2/dbot_vda5050_ilmatar/install/vda5050_msgs:/home/dbot2/dbot_vda5050_ilmatar/install/vda_dbot_nav_slam:/home/dbot2/dbot_vda5050_ilmatar/install/vda5050_connector:/home/dbot2/dbot_vda5050_ilmatar/install/odometry_estimator:/home/dbot2/dbot_vda5050_ilmatar/install/dbot_nav_slam:/home/dbot2/dbot_vda5050_ilmatar/install/dbot_custom_msgs:/home/dbot2/dbot_src/install/odometry_estimator:/home/dbot2/dbot_src/install/dbot_custom_msgs:/home/dbot2/dbot_remote/install/pointcloud_saver:/home/dbot2/circus_demo/install/pcl_localization_ros2:/home/dbot2/circus_demo/install/ndt_omp_ros2:/home/dbot2/ros2_ws/install/odometry_estimator:/home/dbot2/ros2_ws/install/dbot_nav_slam:/home/dbot2/ros2_ws/install/dbot_custom_msgs:/home/dbot2/ros2_ws/install/ament_lint_common:/home/dbot2/ros2_ws/install/ament_cmake_xmllint:/home/dbot2/ros2_ws/install/ament_cmake_uncrustify:/home/dbot2/ros2_ws/install/ament_cmake_pyflakes:/home/dbot2/ros2_ws/install/ament_cmake_pycodestyle:/home/dbot2/ros2_ws/install/ament_cmake_pep257:/home/dbot2/ros2_ws/install/ament_cmake_pclint:/home/dbot2/ros2_ws/install/ament_cmake_mypy:/home/dbot2/ros2_ws/install/ament_cmake_lint_cmake:/home/dbot2/ros2_ws/install/ament_lint_auto:/home/dbot2/ros2_ws/install/ament_cmake_flake8:/home/dbot2/ros2_ws/install/ament_cmake_copyright:/home/dbot2/ros2_ws/install/ament_cmake_cpplint:/home/dbot2/ros2_ws/install/ament_cmake_cppcheck:/home/dbot2/ros2_ws/install/ament_cmake_clang_tidy:/home/dbot2/ros2_ws/install/ament_cmake_clang_format:/home/dbot2/dbot_vda5050_ilmatar/install/vda5050_tb3_adapter:/home/dbot2/dbot_vda5050_ilmatar/install/tf2_dbot:/home/dbot2/dbot_vda5050_ilmatar/install/odom_motion_model:/home/dbot2/dbot_vda5050_ilmatar/install/motor_driver:/home/dbot2/dbot_vda5050_ilmatar/install/joycontrol:/home/dbot2/dbot_vda5050_ilmatar/install/gesturecontrol:/home/dbot2/dbot_vda5050_ilmatar/install/dbot_bridge:/home/dbot2/dbot_vda5050_ilmatar/install/dbot:/home/dbot2/dbot_src/install/tf2_dbot:/home/dbot2/dbot_src/install/odom_motion_model:/home/dbot2/dbot_src/install/motor_driver:/home/dbot2/dbot_src/install/joycontrol:/home/dbot2/dbot_src/install/dbot:/home/dbot2/dbot_remote/install/pcd_joy_trigger:/home/dbot2/circus_demo/install/circus_demo:/home/dbot2/ros2_ws/install/tf2_dbot:/home/dbot2/ros2_ws/install/odom_motion_model:/home/dbot2/ros2_ws/install/motor_driver:/home/dbot2/ros2_ws/install/joycontrol:/home/dbot2/ros2_ws/install/gesturecontrol:/home/dbot2/ros2_ws/install/dbot_bridge:/home/dbot2/ros2_ws/install/dbot:/home/dbot2/ros2_ws/install/ament_xmllint:/home/dbot2/ros2_ws/install/ament_uncrustify:/home/dbot2/ros2_ws/install/ament_pyflakes:/home/dbot2/ros2_ws/install/ament_pycodestyle:/home/dbot2/ros2_ws/install/ament_pep257:/home/dbot2/ros2_ws/install/ament_pclint:/home/dbot2/ros2_ws/install/ament_mypy:/home/dbot2/ros2_ws/install/ament_lint_cmake:/home/dbot2/ros2_ws/install/ament_flake8:/home/dbot2/ros2_ws/install/ament_copyright:/home/dbot2/ros2_ws/install/ament_lint:/home/dbot2/ros2_ws/install/ament_cpplint:/home/dbot2/ros2_ws/install/ament_cppcheck:/home/dbot2/ros2_ws/install/ament_clang_tidy:/home/dbot2/ros2_ws/install/ament_clang_format:/opt/ros/humble LD_LIBRARY_PATH=/home/dbot2/dbot_vda5050_ilmatar/install/vda5050_msgs/lib:/home/dbot2/dbot_vda5050_ilmatar/install/vda5050_connector/lib:/home/dbot2/dbot_vda5050_ilmatar/install/dbot_custom_msgs/lib:/home/dbot2/dbot_src/install/dbot_custom_msgs/lib:/home/dbot2/circus_demo/install/pcl_localization_ros2/lib:/home/dbot2/ros2_ws/install/dbot_custom_msgs/lib:/opt/ros/humble/opt/rviz_ogre_vendor/lib:/opt/ros/humble/lib/x86_64-linux-gnu:/opt/ros/humble/lib /usr/bin/cmake --install /home/dbot2/dbot_vda5050_ilmatar/build/vda5050_connector
[3.069s] Level 1:colcon.colcon_core.environment:create_environment_scripts_only(vda_dbot_nav_slam)
[3.070s] Level 1:colcon.colcon_core.environment:checking '/home/dbot2/dbot_vda5050_ilmatar/install/vda_dbot_nav_slam' for CMake module files
[3.070s] Level 1:colcon.colcon_core.environment:checking '/home/dbot2/dbot_vda5050_ilmatar/install/vda_dbot_nav_slam' for CMake config files
[3.073s] DEBUG:colcon.colcon_core.event_handler.log_command:Invoked command in '/home/dbot2/dbot_vda5050_ilmatar/build/vda_dbot_nav_slam' returned '0': CMAKE_PREFIX_PATH=${CMAKE_PREFIX_PATH}:/home/dbot2/dbot_vda5050_ilmatar/install/vda5050_tb3_adapter:/home/dbot2/dbot_vda5050_ilmatar/install/tf2_dbot:/home/dbot2/dbot_vda5050_ilmatar/install/odom_motion_model:/home/dbot2/dbot_vda5050_ilmatar/install/motor_driver:/home/dbot2/dbot_vda5050_ilmatar/install/joycontrol:/home/dbot2/dbot_vda5050_ilmatar/install/gesturecontrol:/home/dbot2/dbot_vda5050_ilmatar/install/dbot_bridge:/home/dbot2/dbot_vda5050_ilmatar/install/dbot:/home/dbot2/dbot_src/install/tf2_dbot:/home/dbot2/dbot_src/install/odom_motion_model:/home/dbot2/dbot_src/install/motor_driver:/home/dbot2/dbot_src/install/joycontrol:/home/dbot2/dbot_src/install/dbot:/home/dbot2/dbot_remote/install/pcd_joy_trigger:/home/dbot2/circus_demo/install/circus_demo:/home/dbot2/ros2_ws/install/tf2_dbot:/home/dbot2/ros2_ws/install/odom_motion_model:/home/dbot2/ros2_ws/install/motor_driver:/home/dbot2/ros2_ws/install/joycontrol:/home/dbot2/ros2_ws/install/gesturecontrol:/home/dbot2/ros2_ws/install/dbot_bridge:/home/dbot2/ros2_ws/install/dbot:/home/dbot2/ros2_ws/install/ament_xmllint:/home/dbot2/ros2_ws/install/ament_uncrustify:/home/dbot2/ros2_ws/install/ament_pyflakes:/home/dbot2/ros2_ws/install/ament_pycodestyle:/home/dbot2/ros2_ws/install/ament_pep257:/home/dbot2/ros2_ws/install/ament_pclint:/home/dbot2/ros2_ws/install/ament_mypy:/home/dbot2/ros2_ws/install/ament_lint_cmake:/home/dbot2/ros2_ws/install/ament_flake8:/home/dbot2/ros2_ws/install/ament_copyright:/home/dbot2/ros2_ws/install/ament_lint:/home/dbot2/ros2_ws/install/ament_cpplint:/home/dbot2/ros2_ws/install/ament_cppcheck:/home/dbot2/ros2_ws/install/ament_clang_tidy:/home/dbot2/ros2_ws/install/ament_clang_format:/opt/ros/humble /usr/bin/cmake --install /home/dbot2/dbot_vda5050_ilmatar/build/vda_dbot_nav_slam
[3.073s] Level 1:colcon.colcon_core.shell:create_environment_hook('vda_dbot_nav_slam', 'cmake_prefix_path')
[3.073s] INFO:colcon.colcon_core.shell:Creating environment hook '/home/dbot2/dbot_vda5050_ilmatar/install/vda_dbot_nav_slam/share/vda_dbot_nav_slam/hook/cmake_prefix_path.ps1'
[3.074s] INFO:colcon.colcon_core.shell:Creating environment descriptor '/home/dbot2/dbot_vda5050_ilmatar/install/vda_dbot_nav_slam/share/vda_dbot_nav_slam/hook/cmake_prefix_path.dsv'
[3.074s] INFO:colcon.colcon_core.shell:Creating environment hook '/home/dbot2/dbot_vda5050_ilmatar/install/vda_dbot_nav_slam/share/vda_dbot_nav_slam/hook/cmake_prefix_path.sh'
[3.075s] Level 1:colcon.colcon_core.environment:checking '/home/dbot2/dbot_vda5050_ilmatar/install/vda_dbot_nav_slam/lib'
[3.075s] Level 1:colcon.colcon_core.environment:checking '/home/dbot2/dbot_vda5050_ilmatar/install/vda_dbot_nav_slam/bin'
[3.075s] Level 1:colcon.colcon_core.environment:checking '/home/dbot2/dbot_vda5050_ilmatar/install/vda_dbot_nav_slam/lib/pkgconfig/vda_dbot_nav_slam.pc'
[3.075s] Level 1:colcon.colcon_core.environment:checking '/home/dbot2/dbot_vda5050_ilmatar/install/vda_dbot_nav_slam/lib/python3.10/site-packages'
[3.075s] Level 1:colcon.colcon_core.environment:checking '/home/dbot2/dbot_vda5050_ilmatar/install/vda_dbot_nav_slam/bin'
[3.076s] INFO:colcon.colcon_core.shell:Creating package script '/home/dbot2/dbot_vda5050_ilmatar/install/vda_dbot_nav_slam/share/vda_dbot_nav_slam/package.ps1'
[3.076s] INFO:colcon.colcon_core.shell:Creating package descriptor '/home/dbot2/dbot_vda5050_ilmatar/install/vda_dbot_nav_slam/share/vda_dbot_nav_slam/package.dsv'
[3.077s] INFO:colcon.colcon_core.shell:Creating package script '/home/dbot2/dbot_vda5050_ilmatar/install/vda_dbot_nav_slam/share/vda_dbot_nav_slam/package.sh'
[3.077s] INFO:colcon.colcon_core.shell:Creating package script '/home/dbot2/dbot_vda5050_ilmatar/install/vda_dbot_nav_slam/share/vda_dbot_nav_slam/package.bash'
[3.077s] INFO:colcon.colcon_core.shell:Creating package script '/home/dbot2/dbot_vda5050_ilmatar/install/vda_dbot_nav_slam/share/vda_dbot_nav_slam/package.zsh'
[3.078s] Level 1:colcon.colcon_core.environment:create_file_with_runtime_dependencies(/home/dbot2/dbot_vda5050_ilmatar/install/vda_dbot_nav_slam/share/colcon-core/packages/vda_dbot_nav_slam)
[3.078s] Level 1:colcon.colcon_core.environment:create_environment_scripts_only(vda_dbot_nav_slam)
[3.078s] Level 1:colcon.colcon_core.environment:checking '/home/dbot2/dbot_vda5050_ilmatar/install/vda_dbot_nav_slam' for CMake module files
[3.079s] Level 1:colcon.colcon_core.environment:checking '/home/dbot2/dbot_vda5050_ilmatar/install/vda_dbot_nav_slam' for CMake config files
[3.080s] Level 1:colcon.colcon_core.shell:create_environment_hook('vda_dbot_nav_slam', 'cmake_prefix_path')
[3.080s] INFO:colcon.colcon_core.shell:Creating environment hook '/home/dbot2/dbot_vda5050_ilmatar/install/vda_dbot_nav_slam/share/vda_dbot_nav_slam/hook/cmake_prefix_path.ps1'
[3.080s] INFO:colcon.colcon_core.shell:Creating environment descriptor '/home/dbot2/dbot_vda5050_ilmatar/install/vda_dbot_nav_slam/share/vda_dbot_nav_slam/hook/cmake_prefix_path.dsv'
[3.081s] INFO:colcon.colcon_core.shell:Creating environment hook '/home/dbot2/dbot_vda5050_ilmatar/install/vda_dbot_nav_slam/share/vda_dbot_nav_slam/hook/cmake_prefix_path.sh'
[3.081s] Level 1:colcon.colcon_core.environment:checking '/home/dbot2/dbot_vda5050_ilmatar/install/vda_dbot_nav_slam/lib'
[3.081s] Level 1:colcon.colcon_core.environment:checking '/home/dbot2/dbot_vda5050_ilmatar/install/vda_dbot_nav_slam/bin'
[3.081s] Level 1:colcon.colcon_core.environment:checking '/home/dbot2/dbot_vda5050_ilmatar/install/vda_dbot_nav_slam/lib/pkgconfig/vda_dbot_nav_slam.pc'
[3.082s] Level 1:colcon.colcon_core.environment:checking '/home/dbot2/dbot_vda5050_ilmatar/install/vda_dbot_nav_slam/lib/python3.10/site-packages'
[3.082s] Level 1:colcon.colcon_core.environment:checking '/home/dbot2/dbot_vda5050_ilmatar/install/vda_dbot_nav_slam/bin'
[3.082s] INFO:colcon.colcon_core.shell:Creating package script '/home/dbot2/dbot_vda5050_ilmatar/install/vda_dbot_nav_slam/share/vda_dbot_nav_slam/package.ps1'
[3.083s] INFO:colcon.colcon_core.shell:Creating package descriptor '/home/dbot2/dbot_vda5050_ilmatar/install/vda_dbot_nav_slam/share/vda_dbot_nav_slam/package.dsv'
[3.084s] INFO:colcon.colcon_core.shell:Creating package script '/home/dbot2/dbot_vda5050_ilmatar/install/vda_dbot_nav_slam/share/vda_dbot_nav_slam/package.sh'
[3.085s] INFO:colcon.colcon_core.shell:Creating package script '/home/dbot2/dbot_vda5050_ilmatar/install/vda_dbot_nav_slam/share/vda_dbot_nav_slam/package.bash'
[3.085s] INFO:colcon.colcon_core.shell:Creating package script '/home/dbot2/dbot_vda5050_ilmatar/install/vda_dbot_nav_slam/share/vda_dbot_nav_slam/package.zsh'
[3.086s] Level 1:colcon.colcon_core.environment:create_file_with_runtime_dependencies(/home/dbot2/dbot_vda5050_ilmatar/install/vda_dbot_nav_slam/share/colcon-core/packages/vda_dbot_nav_slam)
[3.087s] INFO:colcon.colcon_ros.task.ament_python.build:Building ROS package in '/home/dbot2/dbot_vda5050_ilmatar/src/odom_motion_model' with build type 'ament_python'
[3.087s] Level 1:colcon.colcon_core.shell:create_environment_hook('odom_motion_model', 'ament_prefix_path')
[3.087s] INFO:colcon.colcon_core.shell:Creating environment hook '/home/dbot2/dbot_vda5050_ilmatar/install/odom_motion_model/share/odom_motion_model/hook/ament_prefix_path.ps1'
[3.087s] INFO:colcon.colcon_core.shell:Creating environment descriptor '/home/dbot2/dbot_vda5050_ilmatar/install/odom_motion_model/share/odom_motion_model/hook/ament_prefix_path.dsv'
[3.088s] INFO:colcon.colcon_core.shell:Creating environment hook '/home/dbot2/dbot_vda5050_ilmatar/install/odom_motion_model/share/odom_motion_model/hook/ament_prefix_path.sh'
[3.088s] INFO:colcon.colcon_core.shell:Skip shell extension 'powershell' for command environment: Not usable outside of PowerShell
[3.088s] DEBUG:colcon.colcon_core.shell:Skip shell extension 'dsv' for command environment
[3.598s] INFO:colcon.colcon_core.task.python.build:Building Python package in '/home/dbot2/dbot_vda5050_ilmatar/src/odom_motion_model'
[3.598s] INFO:colcon.colcon_core.shell:Skip shell extension 'powershell' for command environment: Not usable outside of PowerShell
[3.598s] DEBUG:colcon.colcon_core.shell:Skip shell extension 'dsv' for command environment
[3.607s] Level 1:colcon.colcon_core.environment:create_environment_scripts_only(vda5050_connector)
[3.607s] Level 1:colcon.colcon_core.environment:checking '/home/dbot2/dbot_vda5050_ilmatar/install/vda5050_connector' for CMake module files
[3.608s] DEBUG:colcon.colcon_core.event_handler.log_command:Invoked command in '/home/dbot2/dbot_vda5050_ilmatar/build/vda5050_connector' returned '0': CMAKE_PREFIX_PATH=/home/dbot2/dbot_vda5050_ilmatar/install/vda5050_msgs:/home/dbot2/dbot_vda5050_ilmatar/install/vda_dbot_nav_slam:/home/dbot2/dbot_vda5050_ilmatar/install/vda5050_connector:/home/dbot2/dbot_vda5050_ilmatar/install/odometry_estimator:/home/dbot2/dbot_vda5050_ilmatar/install/dbot_nav_slam:/home/dbot2/dbot_vda5050_ilmatar/install/dbot_custom_msgs:/home/dbot2/dbot_src/install/odometry_estimator:/home/dbot2/dbot_src/install/dbot_custom_msgs:/home/dbot2/dbot_remote/install/pointcloud_saver:/home/dbot2/circus_demo/install/pcl_localization_ros2:/home/dbot2/circus_demo/install/ndt_omp_ros2:/home/dbot2/ros2_ws/install/odometry_estimator:/home/dbot2/ros2_ws/install/dbot_nav_slam:/home/dbot2/ros2_ws/install/dbot_custom_msgs:/home/dbot2/ros2_ws/install/ament_lint_common:/home/dbot2/ros2_ws/install/ament_cmake_xmllint:/home/dbot2/ros2_ws/install/ament_cmake_uncrustify:/home/dbot2/ros2_ws/install/ament_cmake_pyflakes:/home/dbot2/ros2_ws/install/ament_cmake_pycodestyle:/home/dbot2/ros2_ws/install/ament_cmake_pep257:/home/dbot2/ros2_ws/install/ament_cmake_pclint:/home/dbot2/ros2_ws/install/ament_cmake_mypy:/home/dbot2/ros2_ws/install/ament_cmake_lint_cmake:/home/dbot2/ros2_ws/install/ament_lint_auto:/home/dbot2/ros2_ws/install/ament_cmake_flake8:/home/dbot2/ros2_ws/install/ament_cmake_copyright:/home/dbot2/ros2_ws/install/ament_cmake_cpplint:/home/dbot2/ros2_ws/install/ament_cmake_cppcheck:/home/dbot2/ros2_ws/install/ament_cmake_clang_tidy:/home/dbot2/ros2_ws/install/ament_cmake_clang_format:/home/dbot2/dbot_vda5050_ilmatar/install/vda5050_tb3_adapter:/home/dbot2/dbot_vda5050_ilmatar/install/tf2_dbot:/home/dbot2/dbot_vda5050_ilmatar/install/odom_motion_model:/home/dbot2/dbot_vda5050_ilmatar/install/motor_driver:/home/dbot2/dbot_vda5050_ilmatar/install/joycontrol:/home/dbot2/dbot_vda5050_ilmatar/install/gesturecontrol:/home/dbot2/dbot_vda5050_ilmatar/install/dbot_bridge:/home/dbot2/dbot_vda5050_ilmatar/install/dbot:/home/dbot2/dbot_src/install/tf2_dbot:/home/dbot2/dbot_src/install/odom_motion_model:/home/dbot2/dbot_src/install/motor_driver:/home/dbot2/dbot_src/install/joycontrol:/home/dbot2/dbot_src/install/dbot:/home/dbot2/dbot_remote/install/pcd_joy_trigger:/home/dbot2/circus_demo/install/circus_demo:/home/dbot2/ros2_ws/install/tf2_dbot:/home/dbot2/ros2_ws/install/odom_motion_model:/home/dbot2/ros2_ws/install/motor_driver:/home/dbot2/ros2_ws/install/joycontrol:/home/dbot2/ros2_ws/install/gesturecontrol:/home/dbot2/ros2_ws/install/dbot_bridge:/home/dbot2/ros2_ws/install/dbot:/home/dbot2/ros2_ws/install/ament_xmllint:/home/dbot2/ros2_ws/install/ament_uncrustify:/home/dbot2/ros2_ws/install/ament_pyflakes:/home/dbot2/ros2_ws/install/ament_pycodestyle:/home/dbot2/ros2_ws/install/ament_pep257:/home/dbot2/ros2_ws/install/ament_pclint:/home/dbot2/ros2_ws/install/ament_mypy:/home/dbot2/ros2_ws/install/ament_lint_cmake:/home/dbot2/ros2_ws/install/ament_flake8:/home/dbot2/ros2_ws/install/ament_copyright:/home/dbot2/ros2_ws/install/ament_lint:/home/dbot2/ros2_ws/install/ament_cpplint:/home/dbot2/ros2_ws/install/ament_cppcheck:/home/dbot2/ros2_ws/install/ament_clang_tidy:/home/dbot2/ros2_ws/install/ament_clang_format:/opt/ros/humble LD_LIBRARY_PATH=/home/dbot2/dbot_vda5050_ilmatar/install/vda5050_msgs/lib:/home/dbot2/dbot_vda5050_ilmatar/install/vda5050_connector/lib:/home/dbot2/dbot_vda5050_ilmatar/install/dbot_custom_msgs/lib:/home/dbot2/dbot_src/install/dbot_custom_msgs/lib:/home/dbot2/circus_demo/install/pcl_localization_ros2/lib:/home/dbot2/ros2_ws/install/dbot_custom_msgs/lib:/opt/ros/humble/opt/rviz_ogre_vendor/lib:/opt/ros/humble/lib/x86_64-linux-gnu:/opt/ros/humble/lib /usr/bin/cmake --install /home/dbot2/dbot_vda5050_ilmatar/build/vda5050_connector
[3.608s] Level 1:colcon.colcon_core.environment:checking '/home/dbot2/dbot_vda5050_ilmatar/install/vda5050_connector' for CMake config files
[3.609s] Level 1:colcon.colcon_core.shell:create_environment_hook('vda5050_connector', 'cmake_prefix_path')
[3.610s] INFO:colcon.colcon_core.shell:Creating environment hook '/home/dbot2/dbot_vda5050_ilmatar/install/vda5050_connector/share/vda5050_connector/hook/cmake_prefix_path.ps1'
[3.610s] INFO:colcon.colcon_core.shell:Creating environment descriptor '/home/dbot2/dbot_vda5050_ilmatar/install/vda5050_connector/share/vda5050_connector/hook/cmake_prefix_path.dsv'
[3.611s] INFO:colcon.colcon_core.shell:Creating environment hook '/home/dbot2/dbot_vda5050_ilmatar/install/vda5050_connector/share/vda5050_connector/hook/cmake_prefix_path.sh'
[3.611s] Level 1:colcon.colcon_core.environment:checking '/home/dbot2/dbot_vda5050_ilmatar/install/vda5050_connector/lib'
[3.611s] Level 1:colcon.colcon_core.shell:create_environment_hook('vda5050_connector', 'ld_library_path_lib')
[3.612s] INFO:colcon.colcon_core.shell:Creating environment hook '/home/dbot2/dbot_vda5050_ilmatar/install/vda5050_connector/share/vda5050_connector/hook/ld_library_path_lib.ps1'
[3.612s] INFO:colcon.colcon_core.shell:Creating environment descriptor '/home/dbot2/dbot_vda5050_ilmatar/install/vda5050_connector/share/vda5050_connector/hook/ld_library_path_lib.dsv'
[3.612s] INFO:colcon.colcon_core.shell:Creating environment hook '/home/dbot2/dbot_vda5050_ilmatar/install/vda5050_connector/share/vda5050_connector/hook/ld_library_path_lib.sh'
[3.613s] Level 1:colcon.colcon_core.environment:checking '/home/dbot2/dbot_vda5050_ilmatar/install/vda5050_connector/bin'
[3.613s] Level 1:colcon.colcon_core.environment:checking '/home/dbot2/dbot_vda5050_ilmatar/install/vda5050_connector/lib/pkgconfig/vda5050_connector.pc'
[3.613s] Level 1:colcon.colcon_core.environment:checking '/home/dbot2/dbot_vda5050_ilmatar/install/vda5050_connector/lib/python3.10/site-packages'
[3.613s] Level 1:colcon.colcon_core.environment:checking '/home/dbot2/dbot_vda5050_ilmatar/install/vda5050_connector/bin'
[3.614s] INFO:colcon.colcon_core.shell:Creating package script '/home/dbot2/dbot_vda5050_ilmatar/install/vda5050_connector/share/vda5050_connector/package.ps1'
[3.614s] INFO:colcon.colcon_core.shell:Creating package descriptor '/home/dbot2/dbot_vda5050_ilmatar/install/vda5050_connector/share/vda5050_connector/package.dsv'
[3.614s] INFO:colcon.colcon_core.shell:Creating package script '/home/dbot2/dbot_vda5050_ilmatar/install/vda5050_connector/share/vda5050_connector/package.sh'
[3.615s] INFO:colcon.colcon_core.shell:Creating package script '/home/dbot2/dbot_vda5050_ilmatar/install/vda5050_connector/share/vda5050_connector/package.bash'
[3.615s] INFO:colcon.colcon_core.shell:Creating package script '/home/dbot2/dbot_vda5050_ilmatar/install/vda5050_connector/share/vda5050_connector/package.zsh'
[3.615s] Level 1:colcon.colcon_core.environment:create_file_with_runtime_dependencies(/home/dbot2/dbot_vda5050_ilmatar/install/vda5050_connector/share/colcon-core/packages/vda5050_connector)
[3.615s] Level 1:colcon.colcon_core.environment:create_environment_scripts_only(vda5050_connector)
[3.616s] Level 1:colcon.colcon_core.environment:checking '/home/dbot2/dbot_vda5050_ilmatar/install/vda5050_connector' for CMake module files
[3.616s] Level 1:colcon.colcon_core.environment:checking '/home/dbot2/dbot_vda5050_ilmatar/install/vda5050_connector' for CMake config files
[3.617s] Level 1:colcon.colcon_core.shell:create_environment_hook('vda5050_connector', 'cmake_prefix_path')
[3.617s] INFO:colcon.colcon_core.shell:Creating environment hook '/home/dbot2/dbot_vda5050_ilmatar/install/vda5050_connector/share/vda5050_connector/hook/cmake_prefix_path.ps1'
[3.617s] INFO:colcon.colcon_core.shell:Creating environment descriptor '/home/dbot2/dbot_vda5050_ilmatar/install/vda5050_connector/share/vda5050_connector/hook/cmake_prefix_path.dsv'
[3.617s] INFO:colcon.colcon_core.shell:Creating environment hook '/home/dbot2/dbot_vda5050_ilmatar/install/vda5050_connector/share/vda5050_connector/hook/cmake_prefix_path.sh'
[3.618s] Level 1:colcon.colcon_core.environment:checking '/home/dbot2/dbot_vda5050_ilmatar/install/vda5050_connector/lib'
[3.618s] Level 1:colcon.colcon_core.shell:create_environment_hook('vda5050_connector', 'ld_library_path_lib')
[3.618s] INFO:colcon.colcon_core.shell:Creating environment hook '/home/dbot2/dbot_vda5050_ilmatar/install/vda5050_connector/share/vda5050_connector/hook/ld_library_path_lib.ps1'
[3.618s] INFO:colcon.colcon_core.shell:Creating environment descriptor '/home/dbot2/dbot_vda5050_ilmatar/install/vda5050_connector/share/vda5050_connector/hook/ld_library_path_lib.dsv'
[3.618s] INFO:colcon.colcon_core.shell:Creating environment hook '/home/dbot2/dbot_vda5050_ilmatar/install/vda5050_connector/share/vda5050_connector/hook/ld_library_path_lib.sh'
[3.619s] Level 1:colcon.colcon_core.environment:checking '/home/dbot2/dbot_vda5050_ilmatar/install/vda5050_connector/bin'
[3.619s] Level 1:colcon.colcon_core.environment:checking '/home/dbot2/dbot_vda5050_ilmatar/install/vda5050_connector/lib/pkgconfig/vda5050_connector.pc'
[3.619s] Level 1:colcon.colcon_core.environment:checking '/home/dbot2/dbot_vda5050_ilmatar/install/vda5050_connector/lib/python3.10/site-packages'
[3.619s] Level 1:colcon.colcon_core.environment:checking '/home/dbot2/dbot_vda5050_ilmatar/install/vda5050_connector/bin'
[3.619s] INFO:colcon.colcon_core.shell:Creating package script '/home/dbot2/dbot_vda5050_ilmatar/install/vda5050_connector/share/vda5050_connector/package.ps1'
[3.619s] INFO:colcon.colcon_core.shell:Creating package descriptor '/home/dbot2/dbot_vda5050_ilmatar/install/vda5050_connector/share/vda5050_connector/package.dsv'
[3.620s] INFO:colcon.colcon_core.shell:Creating package script '/home/dbot2/dbot_vda5050_ilmatar/install/vda5050_connector/share/vda5050_connector/package.sh'
[3.620s] INFO:colcon.colcon_core.shell:Creating package script '/home/dbot2/dbot_vda5050_ilmatar/install/vda5050_connector/share/vda5050_connector/package.bash'
[3.620s] INFO:colcon.colcon_core.shell:Creating package script '/home/dbot2/dbot_vda5050_ilmatar/install/vda5050_connector/share/vda5050_connector/package.zsh'
[3.620s] Level 1:colcon.colcon_core.environment:create_file_with_runtime_dependencies(/home/dbot2/dbot_vda5050_ilmatar/install/vda5050_connector/share/colcon-core/packages/vda5050_connector)
[3.622s] Level 1:colcon.colcon_core.shell:create_environment_hook('tf2_dbot', 'pythonpath_develop')
[3.622s] INFO:colcon.colcon_core.shell:Creating environment hook '/home/dbot2/dbot_vda5050_ilmatar/build/tf2_dbot/share/tf2_dbot/hook/pythonpath_develop.ps1'
[3.623s] DEBUG:colcon.colcon_core.event_handler.log_command:Invoking command in '/home/dbot2/dbot_vda5050_ilmatar/build/motor_driver': CMAKE_PREFIX_PATH=/home/dbot2/dbot_vda5050_ilmatar/install/dbot_custom_msgs:/home/dbot2/dbot_vda5050_ilmatar/install/vda_dbot_nav_slam:/home/dbot2/dbot_vda5050_ilmatar/install/vda5050_connector:/home/dbot2/dbot_vda5050_ilmatar/install/vda5050_msgs:/home/dbot2/dbot_vda5050_ilmatar/install/odometry_estimator:/home/dbot2/dbot_vda5050_ilmatar/install/dbot_nav_slam:/home/dbot2/dbot_src/install/odometry_estimator:/home/dbot2/dbot_src/install/dbot_custom_msgs:/home/dbot2/dbot_remote/install/pointcloud_saver:/home/dbot2/circus_demo/install/pcl_localization_ros2:/home/dbot2/circus_demo/install/ndt_omp_ros2:/home/dbot2/ros2_ws/install/odometry_estimator:/home/dbot2/ros2_ws/install/dbot_nav_slam:/home/dbot2/ros2_ws/install/dbot_custom_msgs:/home/dbot2/ros2_ws/install/ament_lint_common:/home/dbot2/ros2_ws/install/ament_cmake_xmllint:/home/dbot2/ros2_ws/install/ament_cmake_uncrustify:/home/dbot2/ros2_ws/install/ament_cmake_pyflakes:/home/dbot2/ros2_ws/install/ament_cmake_pycodestyle:/home/dbot2/ros2_ws/install/ament_cmake_pep257:/home/dbot2/ros2_ws/install/ament_cmake_pclint:/home/dbot2/ros2_ws/install/ament_cmake_mypy:/home/dbot2/ros2_ws/install/ament_cmake_lint_cmake:/home/dbot2/ros2_ws/install/ament_lint_auto:/home/dbot2/ros2_ws/install/ament_cmake_flake8:/home/dbot2/ros2_ws/install/ament_cmake_copyright:/home/dbot2/ros2_ws/install/ament_cmake_cpplint:/home/dbot2/ros2_ws/install/ament_cmake_cppcheck:/home/dbot2/ros2_ws/install/ament_cmake_clang_tidy:/home/dbot2/ros2_ws/install/ament_cmake_clang_format LD_LIBRARY_PATH=/home/dbot2/dbot_vda5050_ilmatar/install/dbot_custom_msgs/lib:/home/dbot2/dbot_vda5050_ilmatar/install/vda5050_connector/lib:/home/dbot2/dbot_vda5050_ilmatar/install/vda5050_msgs/lib:/home/dbot2/dbot_src/install/dbot_custom_msgs/lib:/home/dbot2/circus_demo/install/pcl_localization_ros2/lib:/home/dbot2/ros2_ws/install/dbot_custom_msgs/lib:/opt/ros/humble/opt/rviz_ogre_vendor/lib:/opt/ros/humble/lib/x86_64-linux-gnu:/opt/ros/humble/lib PYTHONPATH=/home/dbot2/dbot_vda5050_ilmatar/build/motor_driver/prefix_override:/usr/lib/python3/dist-packages/colcon_core/task/python/colcon_distutils_commands:/home/dbot2/dbot_vda5050_ilmatar/install/motor_driver/lib/python3.10/site-packages:${PYTHONPATH} /usr/bin/python3 -W ignore:setup.py install is deprecated -W ignore:easy_install command is deprecated setup.py develop --editable --build-directory /home/dbot2/dbot_vda5050_ilmatar/build/motor_driver/build --no-deps symlink_data
[3.623s] DEBUG:colcon.colcon_core.event_handler.log_command:Invoked command in '/home/dbot2/dbot_vda5050_ilmatar/build/tf2_dbot' returned '0': PYTHONPATH=/home/dbot2/dbot_vda5050_ilmatar/build/tf2_dbot/prefix_override:/usr/lib/python3/dist-packages/colcon_core/task/python/colcon_distutils_commands:/home/dbot2/dbot_vda5050_ilmatar/install/tf2_dbot/lib/python3.10/site-packages:${PYTHONPATH} /usr/bin/python3 -W ignore:setup.py install is deprecated -W ignore:easy_install command is deprecated setup.py develop --editable --build-directory /home/dbot2/dbot_vda5050_ilmatar/build/tf2_dbot/build --no-deps symlink_data
[3.624s] INFO:colcon.colcon_core.shell:Creating environment descriptor '/home/dbot2/dbot_vda5050_ilmatar/build/tf2_dbot/share/tf2_dbot/hook/pythonpath_develop.dsv'
[3.624s] INFO:colcon.colcon_core.shell:Creating environment hook '/home/dbot2/dbot_vda5050_ilmatar/build/tf2_dbot/share/tf2_dbot/hook/pythonpath_develop.sh'
[3.625s] Level 1:colcon.colcon_core.environment:checking '/home/dbot2/dbot_vda5050_ilmatar/install/tf2_dbot' for CMake module files
[3.625s] Level 1:colcon.colcon_core.environment:checking '/home/dbot2/dbot_vda5050_ilmatar/install/tf2_dbot' for CMake config files
[3.626s] Level 1:colcon.colcon_core.environment:checking '/home/dbot2/dbot_vda5050_ilmatar/install/tf2_dbot/lib'
[3.626s] Level 1:colcon.colcon_core.environment:checking '/home/dbot2/dbot_vda5050_ilmatar/install/tf2_dbot/bin'
[3.626s] Level 1:colcon.colcon_core.environment:checking '/home/dbot2/dbot_vda5050_ilmatar/install/tf2_dbot/lib/pkgconfig/tf2_dbot.pc'
[3.626s] Level 1:colcon.colcon_core.environment:checking '/home/dbot2/dbot_vda5050_ilmatar/install/tf2_dbot/lib/python3.10/site-packages'
[3.626s] Level 1:colcon.colcon_core.shell:create_environment_hook('tf2_dbot', 'pythonpath')
[3.626s] INFO:colcon.colcon_core.shell:Creating environment hook '/home/dbot2/dbot_vda5050_ilmatar/install/tf2_dbot/share/tf2_dbot/hook/pythonpath.ps1'
[3.627s] INFO:colcon.colcon_core.shell:Creating environment descriptor '/home/dbot2/dbot_vda5050_ilmatar/install/tf2_dbot/share/tf2_dbot/hook/pythonpath.dsv'
[3.627s] INFO:colcon.colcon_core.shell:Creating environment hook '/home/dbot2/dbot_vda5050_ilmatar/install/tf2_dbot/share/tf2_dbot/hook/pythonpath.sh'
[3.628s] Level 1:colcon.colcon_core.environment:checking '/home/dbot2/dbot_vda5050_ilmatar/install/tf2_dbot/bin'
[3.628s] Level 1:colcon.colcon_core.environment:create_environment_scripts_only(tf2_dbot)
[3.628s] INFO:colcon.colcon_core.shell:Creating package script '/home/dbot2/dbot_vda5050_ilmatar/install/tf2_dbot/share/tf2_dbot/package.ps1'
[3.629s] INFO:colcon.colcon_core.shell:Creating package descriptor '/home/dbot2/dbot_vda5050_ilmatar/install/tf2_dbot/share/tf2_dbot/package.dsv'
[3.629s] INFO:colcon.colcon_core.shell:Creating package script '/home/dbot2/dbot_vda5050_ilmatar/install/tf2_dbot/share/tf2_dbot/package.sh'
[3.629s] INFO:colcon.colcon_core.shell:Creating package script '/home/dbot2/dbot_vda5050_ilmatar/install/tf2_dbot/share/tf2_dbot/package.bash'
[3.630s] INFO:colcon.colcon_core.shell:Creating package script '/home/dbot2/dbot_vda5050_ilmatar/install/tf2_dbot/share/tf2_dbot/package.zsh'
[3.630s] Level 1:colcon.colcon_core.environment:create_file_with_runtime_dependencies(/home/dbot2/dbot_vda5050_ilmatar/install/tf2_dbot/share/colcon-core/packages/tf2_dbot)
[3.630s] INFO:colcon.colcon_ros.task.ament_python.build:Building ROS package in '/home/dbot2/dbot_vda5050_ilmatar/src/vda5050_tb3_adapter' with build type 'ament_python'
[3.631s] Level 1:colcon.colcon_core.shell:create_environment_hook('vda5050_tb3_adapter', 'ament_prefix_path')
[3.631s] INFO:colcon.colcon_core.shell:Creating environment hook '/home/dbot2/dbot_vda5050_ilmatar/install/vda5050_tb3_adapter/share/vda5050_tb3_adapter/hook/ament_prefix_path.ps1'
[3.631s] INFO:colcon.colcon_core.shell:Creating environment descriptor '/home/dbot2/dbot_vda5050_ilmatar/install/vda5050_tb3_adapter/share/vda5050_tb3_adapter/hook/ament_prefix_path.dsv'
[3.631s] INFO:colcon.colcon_core.shell:Creating environment hook '/home/dbot2/dbot_vda5050_ilmatar/install/vda5050_tb3_adapter/share/vda5050_tb3_adapter/hook/ament_prefix_path.sh'
[3.632s] INFO:colcon.colcon_core.shell:Skip shell extension 'powershell' for command environment: Not usable outside of PowerShell
[3.632s] DEBUG:colcon.colcon_core.shell:Skip shell extension 'dsv' for command environment
[3.639s] Level 1:colcon.colcon_core.shell:create_environment_hook('dbot_bridge', 'pythonpath_develop')
[3.639s] INFO:colcon.colcon_core.shell:Creating environment hook '/home/dbot2/dbot_vda5050_ilmatar/build/dbot_bridge/share/dbot_bridge/hook/pythonpath_develop.ps1'
[3.639s] DEBUG:colcon.colcon_core.event_handler.log_command:Invoked command in '/home/dbot2/dbot_vda5050_ilmatar/build/dbot_bridge' returned '0': PYTHONPATH=/home/dbot2/dbot_vda5050_ilmatar/build/dbot_bridge/prefix_override:/usr/lib/python3/dist-packages/colcon_core/task/python/colcon_distutils_commands:/home/dbot2/dbot_vda5050_ilmatar/install/dbot_bridge/lib/python3.10/site-packages:${PYTHONPATH} /usr/bin/python3 -W ignore:setup.py install is deprecated -W ignore:easy_install command is deprecated setup.py develop --editable --build-directory /home/dbot2/dbot_vda5050_ilmatar/build/dbot_bridge/build --no-deps symlink_data
[3.640s] INFO:colcon.colcon_core.shell:Creating environment descriptor '/home/dbot2/dbot_vda5050_ilmatar/build/dbot_bridge/share/dbot_bridge/hook/pythonpath_develop.dsv'
[3.640s] INFO:colcon.colcon_core.shell:Creating environment hook '/home/dbot2/dbot_vda5050_ilmatar/build/dbot_bridge/share/dbot_bridge/hook/pythonpath_develop.sh'
[3.641s] Level 1:colcon.colcon_core.environment:checking '/home/dbot2/dbot_vda5050_ilmatar/install/dbot_bridge' for CMake module files
[3.641s] Level 1:colcon.colcon_core.environment:checking '/home/dbot2/dbot_vda5050_ilmatar/install/dbot_bridge' for CMake config files
[3.642s] Level 1:colcon.colcon_core.environment:checking '/home/dbot2/dbot_vda5050_ilmatar/install/dbot_bridge/lib'
[3.642s] Level 1:colcon.colcon_core.environment:checking '/home/dbot2/dbot_vda5050_ilmatar/install/dbot_bridge/bin'
[3.642s] Level 1:colcon.colcon_core.environment:checking '/home/dbot2/dbot_vda5050_ilmatar/install/dbot_bridge/lib/pkgconfig/dbot_bridge.pc'
[3.642s] Level 1:colcon.colcon_core.environment:checking '/home/dbot2/dbot_vda5050_ilmatar/install/dbot_bridge/lib/python3.10/site-packages'
[3.642s] Level 1:colcon.colcon_core.shell:create_environment_hook('dbot_bridge', 'pythonpath')
[3.642s] INFO:colcon.colcon_core.shell:Creating environment hook '/home/dbot2/dbot_vda5050_ilmatar/install/dbot_bridge/share/dbot_bridge/hook/pythonpath.ps1'
[3.643s] INFO:colcon.colcon_core.shell:Creating environment descriptor '/home/dbot2/dbot_vda5050_ilmatar/install/dbot_bridge/share/dbot_bridge/hook/pythonpath.dsv'
[3.643s] INFO:colcon.colcon_core.shell:Creating environment hook '/home/dbot2/dbot_vda5050_ilmatar/install/dbot_bridge/share/dbot_bridge/hook/pythonpath.sh'
[3.644s] Level 1:colcon.colcon_core.environment:checking '/home/dbot2/dbot_vda5050_ilmatar/install/dbot_bridge/bin'
[3.644s] Level 1:colcon.colcon_core.environment:create_environment_scripts_only(dbot_bridge)
[3.644s] INFO:colcon.colcon_core.shell:Creating package script '/home/dbot2/dbot_vda5050_ilmatar/install/dbot_bridge/share/dbot_bridge/package.ps1'
[3.645s] INFO:colcon.colcon_core.shell:Creating package descriptor '/home/dbot2/dbot_vda5050_ilmatar/install/dbot_bridge/share/dbot_bridge/package.dsv'
[3.645s] INFO:colcon.colcon_core.shell:Creating package script '/home/dbot2/dbot_vda5050_ilmatar/install/dbot_bridge/share/dbot_bridge/package.sh'
[3.645s] INFO:colcon.colcon_core.shell:Creating package script '/home/dbot2/dbot_vda5050_ilmatar/install/dbot_bridge/share/dbot_bridge/package.bash'
[3.646s] INFO:colcon.colcon_core.shell:Creating package script '/home/dbot2/dbot_vda5050_ilmatar/install/dbot_bridge/share/dbot_bridge/package.zsh'
[3.646s] Level 1:colcon.colcon_core.environment:create_file_with_runtime_dependencies(/home/dbot2/dbot_vda5050_ilmatar/install/dbot_bridge/share/colcon-core/packages/dbot_bridge)
[3.646s] Level 1:colcon.colcon_core.shell:create_environment_hook('gesturecontrol', 'pythonpath_develop')
[3.646s] INFO:colcon.colcon_core.shell:Creating environment hook '/home/dbot2/dbot_vda5050_ilmatar/build/gesturecontrol/share/gesturecontrol/hook/pythonpath_develop.ps1'
[3.647s] INFO:colcon.colcon_core.shell:Creating environment descriptor '/home/dbot2/dbot_vda5050_ilmatar/build/gesturecontrol/share/gesturecontrol/hook/pythonpath_develop.dsv'
[3.647s] DEBUG:colcon.colcon_core.event_handler.log_command:Invoked command in '/home/dbot2/dbot_vda5050_ilmatar/build/gesturecontrol' returned '0': PYTHONPATH=/home/dbot2/dbot_vda5050_ilmatar/build/gesturecontrol/prefix_override:/usr/lib/python3/dist-packages/colcon_core/task/python/colcon_distutils_commands:/home/dbot2/dbot_vda5050_ilmatar/install/gesturecontrol/lib/python3.10/site-packages:${PYTHONPATH} /usr/bin/python3 -W ignore:setup.py install is deprecated -W ignore:easy_install command is deprecated setup.py develop --editable --build-directory /home/dbot2/dbot_vda5050_ilmatar/build/gesturecontrol/build --no-deps symlink_data
[3.648s] INFO:colcon.colcon_core.shell:Creating environment hook '/home/dbot2/dbot_vda5050_ilmatar/build/gesturecontrol/share/gesturecontrol/hook/pythonpath_develop.sh'
[3.648s] Level 1:colcon.colcon_core.environment:checking '/home/dbot2/dbot_vda5050_ilmatar/install/gesturecontrol' for CMake module files
[3.649s] Level 1:colcon.colcon_core.environment:checking '/home/dbot2/dbot_vda5050_ilmatar/install/gesturecontrol' for CMake config files
[3.649s] Level 1:colcon.colcon_core.environment:checking '/home/dbot2/dbot_vda5050_ilmatar/install/gesturecontrol/lib'
[3.649s] Level 1:colcon.colcon_core.environment:checking '/home/dbot2/dbot_vda5050_ilmatar/install/gesturecontrol/bin'
[3.649s] Level 1:colcon.colcon_core.environment:checking '/home/dbot2/dbot_vda5050_ilmatar/install/gesturecontrol/lib/pkgconfig/gesturecontrol.pc'
[3.650s] Level 1:colcon.colcon_core.environment:checking '/home/dbot2/dbot_vda5050_ilmatar/install/gesturecontrol/lib/python3.10/site-packages'
[3.650s] Level 1:colcon.colcon_core.shell:create_environment_hook('gesturecontrol', 'pythonpath')
[3.650s] INFO:colcon.colcon_core.shell:Creating environment hook '/home/dbot2/dbot_vda5050_ilmatar/install/gesturecontrol/share/gesturecontrol/hook/pythonpath.ps1'
[3.650s] INFO:colcon.colcon_core.shell:Creating environment descriptor '/home/dbot2/dbot_vda5050_ilmatar/install/gesturecontrol/share/gesturecontrol/hook/pythonpath.dsv'
[3.651s] INFO:colcon.colcon_core.shell:Creating environment hook '/home/dbot2/dbot_vda5050_ilmatar/install/gesturecontrol/share/gesturecontrol/hook/pythonpath.sh'
[3.651s] Level 1:colcon.colcon_core.environment:checking '/home/dbot2/dbot_vda5050_ilmatar/install/gesturecontrol/bin'
[3.651s] Level 1:colcon.colcon_core.environment:create_environment_scripts_only(gesturecontrol)
[3.652s] INFO:colcon.colcon_core.shell:Creating package script '/home/dbot2/dbot_vda5050_ilmatar/install/gesturecontrol/share/gesturecontrol/package.ps1'
[3.653s] INFO:colcon.colcon_core.shell:Creating package descriptor '/home/dbot2/dbot_vda5050_ilmatar/install/gesturecontrol/share/gesturecontrol/package.dsv'
[3.654s] INFO:colcon.colcon_core.shell:Creating package script '/home/dbot2/dbot_vda5050_ilmatar/install/gesturecontrol/share/gesturecontrol/package.sh'
[3.654s] INFO:colcon.colcon_core.shell:Creating package script '/home/dbot2/dbot_vda5050_ilmatar/install/gesturecontrol/share/gesturecontrol/package.bash'
[3.654s] INFO:colcon.colcon_core.shell:Creating package script '/home/dbot2/dbot_vda5050_ilmatar/install/gesturecontrol/share/gesturecontrol/package.zsh'
[3.655s] Level 1:colcon.colcon_core.environment:create_file_with_runtime_dependencies(/home/dbot2/dbot_vda5050_ilmatar/install/gesturecontrol/share/colcon-core/packages/gesturecontrol)
[3.920s] INFO:colcon.colcon_core.task.python.build:Building Python package in '/home/dbot2/dbot_vda5050_ilmatar/src/vda5050_tb3_adapter'
[3.921s] INFO:colcon.colcon_core.shell:Skip shell extension 'powershell' for command environment: Not usable outside of PowerShell
[3.921s] DEBUG:colcon.colcon_core.shell:Skip shell extension 'dsv' for command environment
[3.931s] Level 1:colcon.colcon_core.shell:create_environment_hook('joycontrol', 'pythonpath_develop')
[3.931s] INFO:colcon.colcon_core.shell:Creating environment hook '/home/dbot2/dbot_vda5050_ilmatar/build/joycontrol/share/joycontrol/hook/pythonpath_develop.ps1'
[3.931s] DEBUG:colcon.colcon_core.event_handler.log_command:Invoked command in '/home/dbot2/dbot_vda5050_ilmatar/build/joycontrol' returned '0': PYTHONPATH=/home/dbot2/dbot_vda5050_ilmatar/build/joycontrol/prefix_override:/usr/lib/python3/dist-packages/colcon_core/task/python/colcon_distutils_commands:/home/dbot2/dbot_vda5050_ilmatar/install/joycontrol/lib/python3.10/site-packages:${PYTHONPATH} /usr/bin/python3 -W ignore:setup.py install is deprecated -W ignore:easy_install command is deprecated setup.py develop --editable --build-directory /home/dbot2/dbot_vda5050_ilmatar/build/joycontrol/build --no-deps symlink_data
[3.932s] INFO:colcon.colcon_core.shell:Creating environment descriptor '/home/dbot2/dbot_vda5050_ilmatar/build/joycontrol/share/joycontrol/hook/pythonpath_develop.dsv'
[3.932s] INFO:colcon.colcon_core.shell:Creating environment hook '/home/dbot2/dbot_vda5050_ilmatar/build/joycontrol/share/joycontrol/hook/pythonpath_develop.sh'
[3.933s] Level 1:colcon.colcon_core.environment:checking '/home/dbot2/dbot_vda5050_ilmatar/install/joycontrol' for CMake module files
[3.933s] Level 1:colcon.colcon_core.environment:checking '/home/dbot2/dbot_vda5050_ilmatar/install/joycontrol' for CMake config files
[3.934s] Level 1:colcon.colcon_core.environment:checking '/home/dbot2/dbot_vda5050_ilmatar/install/joycontrol/lib'
[3.934s] Level 1:colcon.colcon_core.environment:checking '/home/dbot2/dbot_vda5050_ilmatar/install/joycontrol/bin'
[3.934s] Level 1:colcon.colcon_core.environment:checking '/home/dbot2/dbot_vda5050_ilmatar/install/joycontrol/lib/pkgconfig/joycontrol.pc'
[3.934s] Level 1:colcon.colcon_core.environment:checking '/home/dbot2/dbot_vda5050_ilmatar/install/joycontrol/lib/python3.10/site-packages'
[3.934s] Level 1:colcon.colcon_core.shell:create_environment_hook('joycontrol', 'pythonpath')
[3.934s] INFO:colcon.colcon_core.shell:Creating environment hook '/home/dbot2/dbot_vda5050_ilmatar/install/joycontrol/share/joycontrol/hook/pythonpath.ps1'
[3.935s] INFO:colcon.colcon_core.shell:Creating environment descriptor '/home/dbot2/dbot_vda5050_ilmatar/install/joycontrol/share/joycontrol/hook/pythonpath.dsv'
[3.935s] INFO:colcon.colcon_core.shell:Creating environment hook '/home/dbot2/dbot_vda5050_ilmatar/install/joycontrol/share/joycontrol/hook/pythonpath.sh'
[3.935s] Level 1:colcon.colcon_core.environment:checking '/home/dbot2/dbot_vda5050_ilmatar/install/joycontrol/bin'
[3.936s] Level 1:colcon.colcon_core.environment:create_environment_scripts_only(joycontrol)
[3.936s] INFO:colcon.colcon_core.shell:Creating package script '/home/dbot2/dbot_vda5050_ilmatar/install/joycontrol/share/joycontrol/package.ps1'
[3.936s] INFO:colcon.colcon_core.shell:Creating package descriptor '/home/dbot2/dbot_vda5050_ilmatar/install/joycontrol/share/joycontrol/package.dsv'
[3.937s] INFO:colcon.colcon_core.shell:Creating package script '/home/dbot2/dbot_vda5050_ilmatar/install/joycontrol/share/joycontrol/package.sh'
[3.937s] INFO:colcon.colcon_core.shell:Creating package script '/home/dbot2/dbot_vda5050_ilmatar/install/joycontrol/share/joycontrol/package.bash'
[3.938s] INFO:colcon.colcon_core.shell:Creating package script '/home/dbot2/dbot_vda5050_ilmatar/install/joycontrol/share/joycontrol/package.zsh'
[3.938s] Level 1:colcon.colcon_core.environment:create_file_with_runtime_dependencies(/home/dbot2/dbot_vda5050_ilmatar/install/joycontrol/share/colcon-core/packages/joycontrol)
[3.938s] Level 1:colcon.colcon_core.shell:create_environment_hook('dbot', 'pythonpath_develop')
[3.939s] INFO:colcon.colcon_core.shell:Creating environment hook '/home/dbot2/dbot_vda5050_ilmatar/build/dbot/share/dbot/hook/pythonpath_develop.ps1'
[3.939s] DEBUG:colcon.colcon_core.event_handler.log_command:Invoked command in '/home/dbot2/dbot_vda5050_ilmatar/build/dbot' returned '0': PYTHONPATH=/home/dbot2/dbot_vda5050_ilmatar/build/dbot/prefix_override:/usr/lib/python3/dist-packages/colcon_core/task/python/colcon_distutils_commands:/home/dbot2/dbot_vda5050_ilmatar/install/dbot/lib/python3.10/site-packages:${PYTHONPATH} /usr/bin/python3 -W ignore:setup.py install is deprecated -W ignore:easy_install command is deprecated setup.py develop --editable --build-directory /home/dbot2/dbot_vda5050_ilmatar/build/dbot/build --no-deps symlink_data
[3.939s] INFO:colcon.colcon_core.shell:Creating environment descriptor '/home/dbot2/dbot_vda5050_ilmatar/build/dbot/share/dbot/hook/pythonpath_develop.dsv'
[3.940s] INFO:colcon.colcon_core.shell:Creating environment hook '/home/dbot2/dbot_vda5050_ilmatar/build/dbot/share/dbot/hook/pythonpath_develop.sh'
[3.940s] Level 1:colcon.colcon_core.environment:checking '/home/dbot2/dbot_vda5050_ilmatar/install/dbot' for CMake module files
[3.940s] Level 1:colcon.colcon_core.environment:checking '/home/dbot2/dbot_vda5050_ilmatar/install/dbot' for CMake config files
[3.941s] Level 1:colcon.colcon_core.environment:checking '/home/dbot2/dbot_vda5050_ilmatar/install/dbot/lib'
[3.941s] Level 1:colcon.colcon_core.environment:checking '/home/dbot2/dbot_vda5050_ilmatar/install/dbot/bin'
[3.941s] Level 1:colcon.colcon_core.environment:checking '/home/dbot2/dbot_vda5050_ilmatar/install/dbot/lib/pkgconfig/dbot.pc'
[3.941s] Level 1:colcon.colcon_core.environment:checking '/home/dbot2/dbot_vda5050_ilmatar/install/dbot/lib/python3.10/site-packages'
[3.941s] Level 1:colcon.colcon_core.shell:create_environment_hook('dbot', 'pythonpath')
[3.942s] INFO:colcon.colcon_core.shell:Creating environment hook '/home/dbot2/dbot_vda5050_ilmatar/install/dbot/share/dbot/hook/pythonpath.ps1'
[3.942s] INFO:colcon.colcon_core.shell:Creating environment descriptor '/home/dbot2/dbot_vda5050_ilmatar/install/dbot/share/dbot/hook/pythonpath.dsv'
[3.942s] INFO:colcon.colcon_core.shell:Creating environment hook '/home/dbot2/dbot_vda5050_ilmatar/install/dbot/share/dbot/hook/pythonpath.sh'
[3.943s] Level 1:colcon.colcon_core.environment:checking '/home/dbot2/dbot_vda5050_ilmatar/install/dbot/bin'
[3.943s] Level 1:colcon.colcon_core.environment:create_environment_scripts_only(dbot)
[3.943s] INFO:colcon.colcon_core.shell:Creating package script '/home/dbot2/dbot_vda5050_ilmatar/install/dbot/share/dbot/package.ps1'
[3.944s] INFO:colcon.colcon_core.shell:Creating package descriptor '/home/dbot2/dbot_vda5050_ilmatar/install/dbot/share/dbot/package.dsv'
[3.944s] INFO:colcon.colcon_core.shell:Creating package script '/home/dbot2/dbot_vda5050_ilmatar/install/dbot/share/dbot/package.sh'
[3.945s] INFO:colcon.colcon_core.shell:Creating package script '/home/dbot2/dbot_vda5050_ilmatar/install/dbot/share/dbot/package.bash'
[3.945s] INFO:colcon.colcon_core.shell:Creating package script '/home/dbot2/dbot_vda5050_ilmatar/install/dbot/share/dbot/package.zsh'
[3.945s] Level 1:colcon.colcon_core.environment:create_file_with_runtime_dependencies(/home/dbot2/dbot_vda5050_ilmatar/install/dbot/share/colcon-core/packages/dbot)
[4.002s] DEBUG:colcon.colcon_core.event_handler.log_command:Invoking command in '/home/dbot2/dbot_vda5050_ilmatar/build/odom_motion_model': CMAKE_PREFIX_PATH=/home/dbot2/dbot_vda5050_ilmatar/install/odometry_estimator:/home/dbot2/dbot_vda5050_ilmatar/install/dbot_custom_msgs:/home/dbot2/dbot_vda5050_ilmatar/install/vda_dbot_nav_slam:/home/dbot2/dbot_vda5050_ilmatar/install/vda5050_connector:/home/dbot2/dbot_vda5050_ilmatar/install/vda5050_msgs:/home/dbot2/dbot_vda5050_ilmatar/install/dbot_nav_slam:/home/dbot2/dbot_src/install/odometry_estimator:/home/dbot2/dbot_src/install/dbot_custom_msgs:/home/dbot2/dbot_remote/install/pointcloud_saver:/home/dbot2/circus_demo/install/pcl_localization_ros2:/home/dbot2/circus_demo/install/ndt_omp_ros2:/home/dbot2/ros2_ws/install/odometry_estimator:/home/dbot2/ros2_ws/install/dbot_nav_slam:/home/dbot2/ros2_ws/install/dbot_custom_msgs:/home/dbot2/ros2_ws/install/ament_lint_common:/home/dbot2/ros2_ws/install/ament_cmake_xmllint:/home/dbot2/ros2_ws/install/ament_cmake_uncrustify:/home/dbot2/ros2_ws/install/ament_cmake_pyflakes:/home/dbot2/ros2_ws/install/ament_cmake_pycodestyle:/home/dbot2/ros2_ws/install/ament_cmake_pep257:/home/dbot2/ros2_ws/install/ament_cmake_pclint:/home/dbot2/ros2_ws/install/ament_cmake_mypy:/home/dbot2/ros2_ws/install/ament_cmake_lint_cmake:/home/dbot2/ros2_ws/install/ament_lint_auto:/home/dbot2/ros2_ws/install/ament_cmake_flake8:/home/dbot2/ros2_ws/install/ament_cmake_copyright:/home/dbot2/ros2_ws/install/ament_cmake_cpplint:/home/dbot2/ros2_ws/install/ament_cmake_cppcheck:/home/dbot2/ros2_ws/install/ament_cmake_clang_tidy:/home/dbot2/ros2_ws/install/ament_cmake_clang_format LD_LIBRARY_PATH=/home/dbot2/dbot_vda5050_ilmatar/install/dbot_custom_msgs/lib:/home/dbot2/dbot_vda5050_ilmatar/install/vda5050_connector/lib:/home/dbot2/dbot_vda5050_ilmatar/install/vda5050_msgs/lib:/home/dbot2/dbot_src/install/dbot_custom_msgs/lib:/home/dbot2/circus_demo/install/pcl_localization_ros2/lib:/home/dbot2/ros2_ws/install/dbot_custom_msgs/lib:/opt/ros/humble/opt/rviz_ogre_vendor/lib:/opt/ros/humble/lib/x86_64-linux-gnu:/opt/ros/humble/lib PYTHONPATH=/home/dbot2/dbot_vda5050_ilmatar/build/odom_motion_model/prefix_override:/usr/lib/python3/dist-packages/colcon_core/task/python/colcon_distutils_commands:/home/dbot2/dbot_vda5050_ilmatar/install/odom_motion_model/lib/python3.10/site-packages:${PYTHONPATH} /usr/bin/python3 -W ignore:setup.py install is deprecated -W ignore:easy_install command is deprecated setup.py develop --editable --build-directory /home/dbot2/dbot_vda5050_ilmatar/build/odom_motion_model/build --no-deps symlink_data
[4.119s] Level 1:colcon.colcon_core.shell:create_environment_hook('motor_driver', 'pythonpath_develop')
[4.119s] INFO:colcon.colcon_core.shell:Creating environment hook '/home/dbot2/dbot_vda5050_ilmatar/build/motor_driver/share/motor_driver/hook/pythonpath_develop.ps1'
[4.120s] DEBUG:colcon.colcon_core.event_handler.log_command:Invoked command in '/home/dbot2/dbot_vda5050_ilmatar/build/motor_driver' returned '0': CMAKE_PREFIX_PATH=/home/dbot2/dbot_vda5050_ilmatar/install/dbot_custom_msgs:/home/dbot2/dbot_vda5050_ilmatar/install/vda_dbot_nav_slam:/home/dbot2/dbot_vda5050_ilmatar/install/vda5050_connector:/home/dbot2/dbot_vda5050_ilmatar/install/vda5050_msgs:/home/dbot2/dbot_vda5050_ilmatar/install/odometry_estimator:/home/dbot2/dbot_vda5050_ilmatar/install/dbot_nav_slam:/home/dbot2/dbot_src/install/odometry_estimator:/home/dbot2/dbot_src/install/dbot_custom_msgs:/home/dbot2/dbot_remote/install/pointcloud_saver:/home/dbot2/circus_demo/install/pcl_localization_ros2:/home/dbot2/circus_demo/install/ndt_omp_ros2:/home/dbot2/ros2_ws/install/odometry_estimator:/home/dbot2/ros2_ws/install/dbot_nav_slam:/home/dbot2/ros2_ws/install/dbot_custom_msgs:/home/dbot2/ros2_ws/install/ament_lint_common:/home/dbot2/ros2_ws/install/ament_cmake_xmllint:/home/dbot2/ros2_ws/install/ament_cmake_uncrustify:/home/dbot2/ros2_ws/install/ament_cmake_pyflakes:/home/dbot2/ros2_ws/install/ament_cmake_pycodestyle:/home/dbot2/ros2_ws/install/ament_cmake_pep257:/home/dbot2/ros2_ws/install/ament_cmake_pclint:/home/dbot2/ros2_ws/install/ament_cmake_mypy:/home/dbot2/ros2_ws/install/ament_cmake_lint_cmake:/home/dbot2/ros2_ws/install/ament_lint_auto:/home/dbot2/ros2_ws/install/ament_cmake_flake8:/home/dbot2/ros2_ws/install/ament_cmake_copyright:/home/dbot2/ros2_ws/install/ament_cmake_cpplint:/home/dbot2/ros2_ws/install/ament_cmake_cppcheck:/home/dbot2/ros2_ws/install/ament_cmake_clang_tidy:/home/dbot2/ros2_ws/install/ament_cmake_clang_format LD_LIBRARY_PATH=/home/dbot2/dbot_vda5050_ilmatar/install/dbot_custom_msgs/lib:/home/dbot2/dbot_vda5050_ilmatar/install/vda5050_connector/lib:/home/dbot2/dbot_vda5050_ilmatar/install/vda5050_msgs/lib:/home/dbot2/dbot_src/install/dbot_custom_msgs/lib:/home/dbot2/circus_demo/install/pcl_localization_ros2/lib:/home/dbot2/ros2_ws/install/dbot_custom_msgs/lib:/opt/ros/humble/opt/rviz_ogre_vendor/lib:/opt/ros/humble/lib/x86_64-linux-gnu:/opt/ros/humble/lib PYTHONPATH=/home/dbot2/dbot_vda5050_ilmatar/build/motor_driver/prefix_override:/usr/lib/python3/dist-packages/colcon_core/task/python/colcon_distutils_commands:/home/dbot2/dbot_vda5050_ilmatar/install/motor_driver/lib/python3.10/site-packages:${PYTHONPATH} /usr/bin/python3 -W ignore:setup.py install is deprecated -W ignore:easy_install command is deprecated setup.py develop --editable --build-directory /home/dbot2/dbot_vda5050_ilmatar/build/motor_driver/build --no-deps symlink_data
[4.120s] INFO:colcon.colcon_core.shell:Creating environment descriptor '/home/dbot2/dbot_vda5050_ilmatar/build/motor_driver/share/motor_driver/hook/pythonpath_develop.dsv'
[4.120s] INFO:colcon.colcon_core.shell:Creating environment hook '/home/dbot2/dbot_vda5050_ilmatar/build/motor_driver/share/motor_driver/hook/pythonpath_develop.sh'
[4.121s] Level 1:colcon.colcon_core.environment:checking '/home/dbot2/dbot_vda5050_ilmatar/install/motor_driver' for CMake module files
[4.121s] Level 1:colcon.colcon_core.environment:checking '/home/dbot2/dbot_vda5050_ilmatar/install/motor_driver' for CMake config files
[4.121s] Level 1:colcon.colcon_core.environment:checking '/home/dbot2/dbot_vda5050_ilmatar/install/motor_driver/lib'
[4.121s] Level 1:colcon.colcon_core.environment:checking '/home/dbot2/dbot_vda5050_ilmatar/install/motor_driver/bin'
[4.121s] Level 1:colcon.colcon_core.environment:checking '/home/dbot2/dbot_vda5050_ilmatar/install/motor_driver/lib/pkgconfig/motor_driver.pc'
[4.122s] Level 1:colcon.colcon_core.environment:checking '/home/dbot2/dbot_vda5050_ilmatar/install/motor_driver/lib/python3.10/site-packages'
[4.122s] Level 1:colcon.colcon_core.shell:create_environment_hook('motor_driver', 'pythonpath')
[4.122s] INFO:colcon.colcon_core.shell:Creating environment hook '/home/dbot2/dbot_vda5050_ilmatar/install/motor_driver/share/motor_driver/hook/pythonpath.ps1'
[4.122s] INFO:colcon.colcon_core.shell:Creating environment descriptor '/home/dbot2/dbot_vda5050_ilmatar/install/motor_driver/share/motor_driver/hook/pythonpath.dsv'
[4.122s] INFO:colcon.colcon_core.shell:Creating environment hook '/home/dbot2/dbot_vda5050_ilmatar/install/motor_driver/share/motor_driver/hook/pythonpath.sh'
[4.122s] Level 1:colcon.colcon_core.environment:checking '/home/dbot2/dbot_vda5050_ilmatar/install/motor_driver/bin'
[4.123s] Level 1:colcon.colcon_core.environment:create_environment_scripts_only(motor_driver)
[4.123s] INFO:colcon.colcon_core.shell:Creating package script '/home/dbot2/dbot_vda5050_ilmatar/install/motor_driver/share/motor_driver/package.ps1'
[4.123s] INFO:colcon.colcon_core.shell:Creating package descriptor '/home/dbot2/dbot_vda5050_ilmatar/install/motor_driver/share/motor_driver/package.dsv'
[4.123s] INFO:colcon.colcon_core.shell:Creating package script '/home/dbot2/dbot_vda5050_ilmatar/install/motor_driver/share/motor_driver/package.sh'
[4.124s] INFO:colcon.colcon_core.shell:Creating package script '/home/dbot2/dbot_vda5050_ilmatar/install/motor_driver/share/motor_driver/package.bash'
[4.124s] INFO:colcon.colcon_core.shell:Creating package script '/home/dbot2/dbot_vda5050_ilmatar/install/motor_driver/share/motor_driver/package.zsh'
[4.124s] Level 1:colcon.colcon_core.environment:create_file_with_runtime_dependencies(/home/dbot2/dbot_vda5050_ilmatar/install/motor_driver/share/colcon-core/packages/motor_driver)
[4.283s] DEBUG:colcon.colcon_core.event_handler.log_command:Invoking command in '/home/dbot2/dbot_vda5050_ilmatar/build/vda5050_tb3_adapter': CMAKE_PREFIX_PATH=/home/dbot2/dbot_vda5050_ilmatar/install/vda5050_connector:/home/dbot2/dbot_vda5050_ilmatar/install/vda5050_msgs:/home/dbot2/dbot_vda5050_ilmatar/install/vda_dbot_nav_slam:/home/dbot2/dbot_vda5050_ilmatar/install/odometry_estimator:/home/dbot2/dbot_vda5050_ilmatar/install/dbot_nav_slam:/home/dbot2/dbot_vda5050_ilmatar/install/dbot_custom_msgs:/home/dbot2/dbot_src/install/odometry_estimator:/home/dbot2/dbot_src/install/dbot_custom_msgs:/home/dbot2/dbot_remote/install/pointcloud_saver:/home/dbot2/circus_demo/install/pcl_localization_ros2:/home/dbot2/circus_demo/install/ndt_omp_ros2:/home/dbot2/ros2_ws/install/odometry_estimator:/home/dbot2/ros2_ws/install/dbot_nav_slam:/home/dbot2/ros2_ws/install/dbot_custom_msgs:/home/dbot2/ros2_ws/install/ament_lint_common:/home/dbot2/ros2_ws/install/ament_cmake_xmllint:/home/dbot2/ros2_ws/install/ament_cmake_uncrustify:/home/dbot2/ros2_ws/install/ament_cmake_pyflakes:/home/dbot2/ros2_ws/install/ament_cmake_pycodestyle:/home/dbot2/ros2_ws/install/ament_cmake_pep257:/home/dbot2/ros2_ws/install/ament_cmake_pclint:/home/dbot2/ros2_ws/install/ament_cmake_mypy:/home/dbot2/ros2_ws/install/ament_cmake_lint_cmake:/home/dbot2/ros2_ws/install/ament_lint_auto:/home/dbot2/ros2_ws/install/ament_cmake_flake8:/home/dbot2/ros2_ws/install/ament_cmake_copyright:/home/dbot2/ros2_ws/install/ament_cmake_cpplint:/home/dbot2/ros2_ws/install/ament_cmake_cppcheck:/home/dbot2/ros2_ws/install/ament_cmake_clang_tidy:/home/dbot2/ros2_ws/install/ament_cmake_clang_format PYTHONPATH=/home/dbot2/dbot_vda5050_ilmatar/build/vda5050_tb3_adapter/prefix_override:/usr/lib/python3/dist-packages/colcon_core/task/python/colcon_distutils_commands:/home/dbot2/dbot_vda5050_ilmatar/install/vda5050_tb3_adapter/lib/python3.10/site-packages:${PYTHONPATH} /usr/bin/python3 -W ignore:setup.py install is deprecated -W ignore:easy_install command is deprecated setup.py develop --editable --build-directory /home/dbot2/dbot_vda5050_ilmatar/build/vda5050_tb3_adapter/build --no-deps symlink_data
[4.486s] Level 1:colcon.colcon_core.shell:create_environment_hook('odom_motion_model', 'pythonpath_develop')
[4.487s] INFO:colcon.colcon_core.shell:Creating environment hook '/home/dbot2/dbot_vda5050_ilmatar/build/odom_motion_model/share/odom_motion_model/hook/pythonpath_develop.ps1'
[4.487s] DEBUG:colcon.colcon_core.event_handler.log_command:Invoked command in '/home/dbot2/dbot_vda5050_ilmatar/build/odom_motion_model' returned '0': CMAKE_PREFIX_PATH=/home/dbot2/dbot_vda5050_ilmatar/install/odometry_estimator:/home/dbot2/dbot_vda5050_ilmatar/install/dbot_custom_msgs:/home/dbot2/dbot_vda5050_ilmatar/install/vda_dbot_nav_slam:/home/dbot2/dbot_vda5050_ilmatar/install/vda5050_connector:/home/dbot2/dbot_vda5050_ilmatar/install/vda5050_msgs:/home/dbot2/dbot_vda5050_ilmatar/install/dbot_nav_slam:/home/dbot2/dbot_src/install/odometry_estimator:/home/dbot2/dbot_src/install/dbot_custom_msgs:/home/dbot2/dbot_remote/install/pointcloud_saver:/home/dbot2/circus_demo/install/pcl_localization_ros2:/home/dbot2/circus_demo/install/ndt_omp_ros2:/home/dbot2/ros2_ws/install/odometry_estimator:/home/dbot2/ros2_ws/install/dbot_nav_slam:/home/dbot2/ros2_ws/install/dbot_custom_msgs:/home/dbot2/ros2_ws/install/ament_lint_common:/home/dbot2/ros2_ws/install/ament_cmake_xmllint:/home/dbot2/ros2_ws/install/ament_cmake_uncrustify:/home/dbot2/ros2_ws/install/ament_cmake_pyflakes:/home/dbot2/ros2_ws/install/ament_cmake_pycodestyle:/home/dbot2/ros2_ws/install/ament_cmake_pep257:/home/dbot2/ros2_ws/install/ament_cmake_pclint:/home/dbot2/ros2_ws/install/ament_cmake_mypy:/home/dbot2/ros2_ws/install/ament_cmake_lint_cmake:/home/dbot2/ros2_ws/install/ament_lint_auto:/home/dbot2/ros2_ws/install/ament_cmake_flake8:/home/dbot2/ros2_ws/install/ament_cmake_copyright:/home/dbot2/ros2_ws/install/ament_cmake_cpplint:/home/dbot2/ros2_ws/install/ament_cmake_cppcheck:/home/dbot2/ros2_ws/install/ament_cmake_clang_tidy:/home/dbot2/ros2_ws/install/ament_cmake_clang_format LD_LIBRARY_PATH=/home/dbot2/dbot_vda5050_ilmatar/install/dbot_custom_msgs/lib:/home/dbot2/dbot_vda5050_ilmatar/install/vda5050_connector/lib:/home/dbot2/dbot_vda5050_ilmatar/install/vda5050_msgs/lib:/home/dbot2/dbot_src/install/dbot_custom_msgs/lib:/home/dbot2/circus_demo/install/pcl_localization_ros2/lib:/home/dbot2/ros2_ws/install/dbot_custom_msgs/lib:/opt/ros/humble/opt/rviz_ogre_vendor/lib:/opt/ros/humble/lib/x86_64-linux-gnu:/opt/ros/humble/lib PYTHONPATH=/home/dbot2/dbot_vda5050_ilmatar/build/odom_motion_model/prefix_override:/usr/lib/python3/dist-packages/colcon_core/task/python/colcon_distutils_commands:/home/dbot2/dbot_vda5050_ilmatar/install/odom_motion_model/lib/python3.10/site-packages:${PYTHONPATH} /usr/bin/python3 -W ignore:setup.py install is deprecated -W ignore:easy_install command is deprecated setup.py develop --editable --build-directory /home/dbot2/dbot_vda5050_ilmatar/build/odom_motion_model/build --no-deps symlink_data
[4.487s] INFO:colcon.colcon_core.shell:Creating environment descriptor '/home/dbot2/dbot_vda5050_ilmatar/build/odom_motion_model/share/odom_motion_model/hook/pythonpath_develop.dsv'
[4.488s] INFO:colcon.colcon_core.shell:Creating environment hook '/home/dbot2/dbot_vda5050_ilmatar/build/odom_motion_model/share/odom_motion_model/hook/pythonpath_develop.sh'
[4.488s] Level 1:colcon.colcon_core.environment:checking '/home/dbot2/dbot_vda5050_ilmatar/install/odom_motion_model' for CMake module files
[4.489s] Level 1:colcon.colcon_core.environment:checking '/home/dbot2/dbot_vda5050_ilmatar/install/odom_motion_model' for CMake config files
[4.489s] Level 1:colcon.colcon_core.environment:checking '/home/dbot2/dbot_vda5050_ilmatar/install/odom_motion_model/lib'
[4.489s] Level 1:colcon.colcon_core.environment:checking '/home/dbot2/dbot_vda5050_ilmatar/install/odom_motion_model/bin'
[4.489s] Level 1:colcon.colcon_core.environment:checking '/home/dbot2/dbot_vda5050_ilmatar/install/odom_motion_model/lib/pkgconfig/odom_motion_model.pc'
[4.490s] Level 1:colcon.colcon_core.environment:checking '/home/dbot2/dbot_vda5050_ilmatar/install/odom_motion_model/lib/python3.10/site-packages'
[4.490s] Level 1:colcon.colcon_core.shell:create_environment_hook('odom_motion_model', 'pythonpath')
[4.490s] INFO:colcon.colcon_core.shell:Creating environment hook '/home/dbot2/dbot_vda5050_ilmatar/install/odom_motion_model/share/odom_motion_model/hook/pythonpath.ps1'
[4.490s] INFO:colcon.colcon_core.shell:Creating environment descriptor '/home/dbot2/dbot_vda5050_ilmatar/install/odom_motion_model/share/odom_motion_model/hook/pythonpath.dsv'
[4.491s] INFO:colcon.colcon_core.shell:Creating environment hook '/home/dbot2/dbot_vda5050_ilmatar/install/odom_motion_model/share/odom_motion_model/hook/pythonpath.sh'
[4.491s] Level 1:colcon.colcon_core.environment:checking '/home/dbot2/dbot_vda5050_ilmatar/install/odom_motion_model/bin'
[4.491s] Level 1:colcon.colcon_core.environment:create_environment_scripts_only(odom_motion_model)
[4.492s] INFO:colcon.colcon_core.shell:Creating package script '/home/dbot2/dbot_vda5050_ilmatar/install/odom_motion_model/share/odom_motion_model/package.ps1'
[4.492s] INFO:colcon.colcon_core.shell:Creating package descriptor '/home/dbot2/dbot_vda5050_ilmatar/install/odom_motion_model/share/odom_motion_model/package.dsv'
[4.492s] INFO:colcon.colcon_core.shell:Creating package script '/home/dbot2/dbot_vda5050_ilmatar/install/odom_motion_model/share/odom_motion_model/package.sh'
[4.493s] INFO:colcon.colcon_core.shell:Creating package script '/home/dbot2/dbot_vda5050_ilmatar/install/odom_motion_model/share/odom_motion_model/package.bash'
[4.493s] INFO:colcon.colcon_core.shell:Creating package script '/home/dbot2/dbot_vda5050_ilmatar/install/odom_motion_model/share/odom_motion_model/package.zsh'
[4.494s] Level 1:colcon.colcon_core.environment:create_file_with_runtime_dependencies(/home/dbot2/dbot_vda5050_ilmatar/install/odom_motion_model/share/colcon-core/packages/odom_motion_model)
[4.738s] Level 1:colcon.colcon_core.shell:create_environment_hook('vda5050_tb3_adapter', 'pythonpath_develop')
[4.739s] INFO:colcon.colcon_core.shell:Creating environment hook '/home/dbot2/dbot_vda5050_ilmatar/build/vda5050_tb3_adapter/share/vda5050_tb3_adapter/hook/pythonpath_develop.ps1'
[4.739s] DEBUG:colcon.colcon_core.event_handler.log_command:Invoked command in '/home/dbot2/dbot_vda5050_ilmatar/build/vda5050_tb3_adapter' returned '0': CMAKE_PREFIX_PATH=/home/dbot2/dbot_vda5050_ilmatar/install/vda5050_connector:/home/dbot2/dbot_vda5050_ilmatar/install/vda5050_msgs:/home/dbot2/dbot_vda5050_ilmatar/install/vda_dbot_nav_slam:/home/dbot2/dbot_vda5050_ilmatar/install/odometry_estimator:/home/dbot2/dbot_vda5050_ilmatar/install/dbot_nav_slam:/home/dbot2/dbot_vda5050_ilmatar/install/dbot_custom_msgs:/home/dbot2/dbot_src/install/odometry_estimator:/home/dbot2/dbot_src/install/dbot_custom_msgs:/home/dbot2/dbot_remote/install/pointcloud_saver:/home/dbot2/circus_demo/install/pcl_localization_ros2:/home/dbot2/circus_demo/install/ndt_omp_ros2:/home/dbot2/ros2_ws/install/odometry_estimator:/home/dbot2/ros2_ws/install/dbot_nav_slam:/home/dbot2/ros2_ws/install/dbot_custom_msgs:/home/dbot2/ros2_ws/install/ament_lint_common:/home/dbot2/ros2_ws/install/ament_cmake_xmllint:/home/dbot2/ros2_ws/install/ament_cmake_uncrustify:/home/dbot2/ros2_ws/install/ament_cmake_pyflakes:/home/dbot2/ros2_ws/install/ament_cmake_pycodestyle:/home/dbot2/ros2_ws/install/ament_cmake_pep257:/home/dbot2/ros2_ws/install/ament_cmake_pclint:/home/dbot2/ros2_ws/install/ament_cmake_mypy:/home/dbot2/ros2_ws/install/ament_cmake_lint_cmake:/home/dbot2/ros2_ws/install/ament_lint_auto:/home/dbot2/ros2_ws/install/ament_cmake_flake8:/home/dbot2/ros2_ws/install/ament_cmake_copyright:/home/dbot2/ros2_ws/install/ament_cmake_cpplint:/home/dbot2/ros2_ws/install/ament_cmake_cppcheck:/home/dbot2/ros2_ws/install/ament_cmake_clang_tidy:/home/dbot2/ros2_ws/install/ament_cmake_clang_format PYTHONPATH=/home/dbot2/dbot_vda5050_ilmatar/build/vda5050_tb3_adapter/prefix_override:/usr/lib/python3/dist-packages/colcon_core/task/python/colcon_distutils_commands:/home/dbot2/dbot_vda5050_ilmatar/install/vda5050_tb3_adapter/lib/python3.10/site-packages:${PYTHONPATH} /usr/bin/python3 -W ignore:setup.py install is deprecated -W ignore:easy_install command is deprecated setup.py develop --editable --build-directory /home/dbot2/dbot_vda5050_ilmatar/build/vda5050_tb3_adapter/build --no-deps symlink_data
[4.739s] INFO:colcon.colcon_core.shell:Creating environment descriptor '/home/dbot2/dbot_vda5050_ilmatar/build/vda5050_tb3_adapter/share/vda5050_tb3_adapter/hook/pythonpath_develop.dsv'
[4.740s] INFO:colcon.colcon_core.shell:Creating environment hook '/home/dbot2/dbot_vda5050_ilmatar/build/vda5050_tb3_adapter/share/vda5050_tb3_adapter/hook/pythonpath_develop.sh'
[4.740s] Level 1:colcon.colcon_core.environment:checking '/home/dbot2/dbot_vda5050_ilmatar/install/vda5050_tb3_adapter' for CMake module files
[4.740s] Level 1:colcon.colcon_core.environment:checking '/home/dbot2/dbot_vda5050_ilmatar/install/vda5050_tb3_adapter' for CMake config files
[4.741s] Level 1:colcon.colcon_core.environment:checking '/home/dbot2/dbot_vda5050_ilmatar/install/vda5050_tb3_adapter/lib'
[4.741s] Level 1:colcon.colcon_core.environment:checking '/home/dbot2/dbot_vda5050_ilmatar/install/vda5050_tb3_adapter/bin'
[4.741s] Level 1:colcon.colcon_core.environment:checking '/home/dbot2/dbot_vda5050_ilmatar/install/vda5050_tb3_adapter/lib/pkgconfig/vda5050_tb3_adapter.pc'
[4.741s] Level 1:colcon.colcon_core.environment:checking '/home/dbot2/dbot_vda5050_ilmatar/install/vda5050_tb3_adapter/lib/python3.10/site-packages'
[4.741s] Level 1:colcon.colcon_core.shell:create_environment_hook('vda5050_tb3_adapter', 'pythonpath')
[4.741s] INFO:colcon.colcon_core.shell:Creating environment hook '/home/dbot2/dbot_vda5050_ilmatar/install/vda5050_tb3_adapter/share/vda5050_tb3_adapter/hook/pythonpath.ps1'
[4.741s] INFO:colcon.colcon_core.shell:Creating environment descriptor '/home/dbot2/dbot_vda5050_ilmatar/install/vda5050_tb3_adapter/share/vda5050_tb3_adapter/hook/pythonpath.dsv'
[4.741s] INFO:colcon.colcon_core.shell:Creating environment hook '/home/dbot2/dbot_vda5050_ilmatar/install/vda5050_tb3_adapter/share/vda5050_tb3_adapter/hook/pythonpath.sh'
[4.742s] Level 1:colcon.colcon_core.environment:checking '/home/dbot2/dbot_vda5050_ilmatar/install/vda5050_tb3_adapter/bin'
[4.742s] Level 1:colcon.colcon_core.environment:create_environment_scripts_only(vda5050_tb3_adapter)
[4.742s] INFO:colcon.colcon_core.shell:Creating package script '/home/dbot2/dbot_vda5050_ilmatar/install/vda5050_tb3_adapter/share/vda5050_tb3_adapter/package.ps1'
[4.742s] INFO:colcon.colcon_core.shell:Creating package descriptor '/home/dbot2/dbot_vda5050_ilmatar/install/vda5050_tb3_adapter/share/vda5050_tb3_adapter/package.dsv'
[4.743s] INFO:colcon.colcon_core.shell:Creating package script '/home/dbot2/dbot_vda5050_ilmatar/install/vda5050_tb3_adapter/share/vda5050_tb3_adapter/package.sh'
[4.743s] INFO:colcon.colcon_core.shell:Creating package script '/home/dbot2/dbot_vda5050_ilmatar/install/vda5050_tb3_adapter/share/vda5050_tb3_adapter/package.bash'
[4.743s] INFO:colcon.colcon_core.shell:Creating package script '/home/dbot2/dbot_vda5050_ilmatar/install/vda5050_tb3_adapter/share/vda5050_tb3_adapter/package.zsh'
[4.743s] Level 1:colcon.colcon_core.environment:create_file_with_runtime_dependencies(/home/dbot2/dbot_vda5050_ilmatar/install/vda5050_tb3_adapter/share/colcon-core/packages/vda5050_tb3_adapter)
[4.743s] DEBUG:colcon.colcon_parallel_executor.executor.parallel:closing loop
[4.744s] DEBUG:colcon.colcon_parallel_executor.executor.parallel:loop closed
[4.744s] DEBUG:colcon.colcon_parallel_executor.executor.parallel:run_until_complete finished with '0'
[4.744s] DEBUG:colcon.colcon_core.event_reactor:joining thread
[4.749s] INFO:colcon.colcon_core.plugin_system:Skipping extension 'colcon_notification.desktop_notification.terminal_notifier': Not used on non-Darwin systems
[4.749s] INFO:colcon.colcon_core.plugin_system:Skipping extension 'colcon_notification.desktop_notification.win32': Not used on non-Windows systems
[4.749s] INFO:colcon.colcon_notification.desktop_notification:Sending desktop notification using 'notify2'
[4.759s] DEBUG:colcon.colcon_core.event_reactor:joined thread
[4.760s] INFO:colcon.colcon_core.shell:Creating prefix script '/home/dbot2/dbot_vda5050_ilmatar/install/local_setup.ps1'
[4.761s] INFO:colcon.colcon_core.shell:Creating prefix util module '/home/dbot2/dbot_vda5050_ilmatar/install/_local_setup_util_ps1.py'
[4.762s] INFO:colcon.colcon_core.shell:Creating prefix chain script '/home/dbot2/dbot_vda5050_ilmatar/install/setup.ps1'
[4.764s] INFO:colcon.colcon_core.shell:Creating prefix script '/home/dbot2/dbot_vda5050_ilmatar/install/local_setup.sh'
[4.764s] INFO:colcon.colcon_core.shell:Creating prefix util module '/home/dbot2/dbot_vda5050_ilmatar/install/_local_setup_util_sh.py'
[4.764s] INFO:colcon.colcon_core.shell:Creating prefix chain script '/home/dbot2/dbot_vda5050_ilmatar/install/setup.sh'
[4.766s] INFO:colcon.colcon_core.shell:Creating prefix script '/home/dbot2/dbot_vda5050_ilmatar/install/local_setup.bash'
[4.767s] INFO:colcon.colcon_core.shell:Creating prefix chain script '/home/dbot2/dbot_vda5050_ilmatar/install/setup.bash'
[4.768s] INFO:colcon.colcon_core.shell:Creating prefix script '/home/dbot2/dbot_vda5050_ilmatar/install/local_setup.zsh'
[4.769s] INFO:colcon.colcon_core.shell:Creating prefix chain script '/home/dbot2/dbot_vda5050_ilmatar/install/setup.zsh'
